  0
SECTION
  2
HEADER
  9
$ACADVER
  1
AC1018
  9
$ACADMAINTVER
 70
     0
  9
$DWGCODEPAGE
  3
ISO8859-1
  9
$INSBASE
 10
0.0
 20
0.0
 30
0.0
  9
$EXTMIN
 10
3317373.97287
 20
5809445.802196
 30
0.0
  9
$EXTMAX
 10
3320333.220563
 20
5810752.3492
 30
0.0
  9
$LIMMIN
 10
3317373.97287
 20
5809445.802196
  9
$LIMMAX
 10
3320333.220563
 20
5810752.3492
  9
$ORTHOMODE
 70
     0
  9
$REGENMODE
 70
     1
  9
$FILLMODE
 70
     1
  9
$QTEXTMODE
 70
     0
  9
$MIRRTEXT
 70
     1
  9
$LTSCALE
 40
1.0
  9
$ATTMODE
 70
     1
  9
$TEXTSIZE
 40
1.0
  9
$TRACEWID
 40
0.05
  9
$TEXTSTYLE
  7
SIMPLEX
  9
$CLAYER
  8
0
  9
$CELTYPE
  6
BYBLOCK
  9
$CECOLOR
 62
   256
  9
$CELTSCALE
 40
1.0
  9
$DISPSILH
 70
     0
  9
$DIMSCALE
 40
1.0
  9
$DIMASZ
 40
0.18
  9
$DIMEXO
 40
0.0625
  9
$DIMDLI
 40
0.38
  9
$DIMRND
 40
0.0
  9
$DIMDLE
 40
0.0
  9
$DIMEXE
 40
0.18
  9
$DIMTP
 40
0.0
  9
$DIMTM
 40
0.0
  9
$DIMTXT
 40
0.18
  9
$DIMCEN
 40
0.09
  9
$DIMTSZ
 40
0.0
  9
$DIMTOL
 70
     0
  9
$DIMLIM
 70
     0
  9
$DIMTIH
 70
     1
  9
$DIMTOH
 70
     1
  9
$DIMSE1
 70
     0
  9
$DIMSE2
 70
     0
  9
$DIMTAD
 70
     0
  9
$DIMZIN
 70
     0
  9
$DIMBLK
  1

  9
$DIMASO
 70
     1
  9
$DIMSHO
 70
     1
  9
$DIMPOST
  1

  9
$DIMAPOST
  1

  9
$DIMALT
 70
     0
  9
$DIMALTD
 70
     2
  9
$DIMALTF
 40
25.4
  9
$DIMLFAC
 40
1.0
  9
$DIMTOFL
 70
     0
  9
$DIMTVP
 40
0.0
  9
$DIMTIX
 70
     0
  9
$DIMSOXD
 70
     0
  9
$DIMSAH
 70
     0
  9
$DIMBLK1
  1

  9
$DIMBLK2
  1

  9
$DIMSTYLE
  2
STANDARD
  9
$DIMCLRD
 70
     0
  9
$DIMCLRE
 70
     0
  9
$DIMCLRT
 70
     0
  9
$DIMTFAC
 40
1.0
  9
$DIMGAP
 40
0.09
  9
$DIMJUST
 70
     0
  9
$DIMSD1
 70
     0
  9
$DIMSD2
 70
     0
  9
$DIMTOLJ
 70
     1
  9
$DIMTZIN
 70
     0
  9
$DIMALTZ
 70
     0
  9
$DIMALTTZ
 70
     0
  9
$DIMUPT
 70
     0
  9
$DIMDEC
 70
     4
  9
$DIMTDEC
 70
     4
  9
$DIMALTU
 70
     2
  9
$DIMALTTD
 70
     2
  9
$DIMTXSTY
  7
Standard
  9
$DIMAUNIT
 70
     0
  9
$DIMADEC
 70
     0
  9
$DIMALTRND
 40
0.0
  9
$DIMAZIN
 70
     0
  9
$DIMDSEP
 70
    46
  9
$DIMATFIT
 70
     3
  9
$DIMFRAC
 70
     0
  9
$DIMLDRBLK
  1

  9
$DIMLUNIT
 70
     2
  9
$DIMLWD
 70
    -2
  9
$DIMLWE
 70
    -2
  9
$DIMTMOVE
 70
     0
  9
$LUNITS
 70
     2
  9
$LUPREC
 70
     4
  9
$SKETCHINC
 40
0.1
  9
$FILLETRAD
 40
0.5
  9
$AUNITS
 70
     0
  9
$AUPREC
 70
     0
  9
$MENU
  1
.
  9
$ELEVATION
 40
0.0
  9
$PELEVATION
 40
0.0
  9
$THICKNESS
 40
0.0
  9
$LIMCHECK
 70
     0
  9
$CHAMFERA
 40
0.5
  9
$CHAMFERB
 40
0.5
  9
$CHAMFERC
 40
1.0
  9
$CHAMFERD
 40
0.0
  9
$SKPOLY
 70
     0
  9
$TDCREATE
 40
2461068.599340278
  9
$TDUCREATE
 40
2461068.557673611
  9
$TDUPDATE
 40
2461068.641030637
  9
$TDUUPDATE
 40
2461068.59936397
  9
$TDINDWG
 40
0.0
  9
$TDUSRTIMER
 40
0.0
  9
$USRTIMER
 70
     1
  9
$ANGBASE
 50
0.0
  9
$ANGDIR
 70
     0
  9
$PDMODE
 70
     0
  9
$PDSIZE
 40
0.0
  9
$PLINEWID
 40
0.0
  9
$SPLFRAME
 70
     0
  9
$SPLINETYPE
 70
     6
  9
$SPLINESEGS
 70
     8
  9
$HANDSEED
  5
B6D
  9
$SURFTAB1
 70
     6
  9
$SURFTAB2
 70
     6
  9
$SURFTYPE
 70
     6
  9
$SURFU
 70
     6
  9
$SURFV
 70
     6
  9
$UCSBASE
  2

  9
$UCSNAME
  2

  9
$UCSORG
 10
0.0
 20
0.0
 30
0.0
  9
$UCSXDIR
 10
1.0
 20
0.0
 30
0.0
  9
$UCSYDIR
 10
0.0
 20
1.0
 30
0.0
  9
$UCSORTHOREF
  2

  9
$UCSORTHOVIEW
 70
     0
  9
$UCSORGTOP
 10
0.0
 20
0.0
 30
0.0
  9
$UCSORGBOTTOM
 10
0.0
 20
0.0
 30
0.0
  9
$UCSORGLEFT
 10
0.0
 20
0.0
 30
0.0
  9
$UCSORGRIGHT
 10
0.0
 20
0.0
 30
0.0
  9
$UCSORGFRONT
 10
0.0
 20
0.0
 30
0.0
  9
$UCSORGBACK
 10
0.0
 20
0.0
 30
0.0
  9
$PUCSBASE
  2

  9
$PUCSNAME
  2

  9
$PUCSORG
 10
0.0
 20
0.0
 30
0.0
  9
$PUCSXDIR
 10
1.0
 20
0.0
 30
0.0
  9
$PUCSYDIR
 10
0.0
 20
1.0
 30
0.0
  9
$PUCSORTHOREF
  2

  9
$PUCSORTHOVIEW
 70
     0
  9
$PUCSORGTOP
 10
0.0
 20
0.0
 30
0.0
  9
$PUCSORGBOTTOM
 10
0.0
 20
0.0
 30
0.0
  9
$PUCSORGLEFT
 10
0.0
 20
0.0
 30
0.0
  9
$PUCSORGRIGHT
 10
0.0
 20
0.0
 30
0.0
  9
$PUCSORGFRONT
 10
0.0
 20
0.0
 30
0.0
  9
$PUCSORGBACK
 10
0.0
 20
0.0
 30
0.0
  9
$USERI1
 70
     0
  9
$USERI2
 70
     0
  9
$USERI3
 70
     0
  9
$USERI4
 70
     0
  9
$USERI5
 70
     0
  9
$USERR1
 40
0.0
  9
$USERR2
 40
0.0
  9
$USERR3
 40
0.0
  9
$USERR4
 40
0.0
  9
$USERR5
 40
0.0
  9
$WORLDVIEW
 70
     1
  9
$SHADEDGE
 70
     3
  9
$SHADEDIF
 70
    70
  9
$TILEMODE
 70
     1
  9
$MAXACTVP
 70
    64
  9
$PINSBASE
 10
0.0
 20
0.0
 30
0.0
  9
$PLIMCHECK
 70
     0
  9
$PEXTMIN
 10
1.000000000000000E+20
 20
1.000000000000000E+20
 30
1.000000000000000E+20
  9
$PEXTMAX
 10
-1.000000000000000E+20
 20
-1.000000000000000E+20
 30
-1.000000000000000E+20
  9
$PLIMMIN
 10
0.0
 20
0.0
  9
$PLIMMAX
 10
12.0
 20
9.0
  9
$UNITMODE
 70
     0
  9
$VISRETAIN
 70
     1
  9
$PLINEGEN
 70
     0
  9
$PSLTSCALE
 70
     1
  9
$TREEDEPTH
 70
  3020
  9
$CMLSTYLE
  2

  9
$CMLJUST
 70
     0
  9
$CMLSCALE
 40
1.0
  9
$PROXYGRAPHICS
 70
     1
  9
$MEASUREMENT
 70
     1
  9
$CELWEIGHT
370
    -1
  9
$ENDCAPS
280
     0
  9
$JOINSTYLE
280
     0
  9
$LWDISPLAY
290
     0
  9
$INSUNITS
 70
     6
  9
$HYPERLINKBASE
  1

  9
$STYLESHEET
  1

  9
$XEDIT
290
     1
  9
$CEPSNTYPE
380
     0
  9
$PSTYLEMODE
290
     1
  9
$FINGERPRINTGUID
  2
{DB78D933-BAE9-48FF-B1FD-7FCE5497B6B4}
  9
$VERSIONGUID
  2
{FAEB1C32-E019-11D5-929B-00C0DF256EC4}
  9
$EXTNAMES
290
     1
  9
$PSVPSCALE
 40
0.0
  9
$OLESTARTUP
290
     0
  9
$SORTENTS
280
   127
  9
$INDEXCTL
280
     0
  9
$HIDETEXT
280
     1
  9
$XCLIPFRAME
290
     0
  9
$HALOGAP
280
     0
  9
$OBSCOLOR
 70
   257
  9
$OBSLTYPE
280
     0
  9
$INTERSECTIONDISPLAY
280
     0
  9
$INTERSECTIONCOLOR
 70
   257
  9
$DIMASSOC
280
     2
  9
$PROJECTNAME
  1

  0
ENDSEC
  0
SECTION
  2
CLASSES
  0
CLASS
  1
IMAGEDEF
  2
AcDbRasterImageDef
  3
ISM
 90
        0
 91
        4
280
     0
281
     0
  0
CLASS
  1
IMAGEDEF_REACTOR
  2
AcDbRasterImageDefReactor
  3
ISM
 90
        1
 91
        4
280
     0
281
     0
  0
CLASS
  1
IMAGE
  2
AcDbRasterImage
  3
ISM
 90
      127
 91
        5
280
     0
281
     1
  0
CLASS
  1
SCALE
  2
AcDbScale
  3
ObjectDBX Classes
 90
     1153
 91
        4
280
     0
281
     0
  0
CLASS
  1
MATERIAL
  2
AcDbMaterial
  3
ObjectDBX Classes
 90
     1153
 91
        4
280
     0
281
     0
  0
CLASS
  1
VISUALSTYLE
  2
AcDbVisualStyle
  3
ObjectDBX Classes
 90
     4095
 91
        4
280
     0
281
     0
  0
CLASS
  1
DICTIONARYVAR
  2
AcDbDictionaryVar
  3
ObjectDBX Classes
 90
        0
 91
        4
280
     0
281
     0
  0
ENDSEC
  0
SECTION
  2
TABLES
  0
TABLE
  2
VPORT
  5
AFA
330
0
100
AcDbSymbolTable
 70
     2
  0
VPORT
  5
1
330
AFA
100
AcDbSymbolTableRecord
100
AcDbViewportTableRecord
  2
*ACTIVE
 70
     0
 10
0.0
 20
0.0
 11
1.0
 21
1.0
 12
3318853.596717
 22
5810099.075698
 13
0.0
 23
0.0
 14
1.0
 24
1.0
 15
0.0
 25
0.0
 16
0.0
 26
0.0
 36
1.0
 17
0.0
 27
0.0
 37
0.0
 40
1306.547004
 41
2.264938
 42
50.0
 43
0.0
 44
0.0
 50
0.0
 51
0.0
 71
     0
 72
   100
 73
     1
 74
     3
 75
     0
 76
     0
 77
     0
 78
     0
281
     0
 65
     1
110
0.0
120
0.0
130
0.0
111
1.0
121
0.0
131
0.0
112
0.0
122
1.0
132
0.0
 79
     0
146
0.0
  0
VPORT
  5
11
330
AFA
100
AcDbSymbolTableRecord
100
AcDbViewportTableRecord
  2
DEMO
 70
     0
 10
0.0
 20
0.0
 11
1.0
 21
1.0
 12
0.0
 22
0.0
 13
0.0
 23
0.0
 14
1.0
 24
1.0
 15
0.0
 25
0.0
 16
0.0
 26
0.0
 36
1.0
 17
3318853.596717
 27
5810099.075698
 37
0.0
 40
119.834246
 41
2.433764
 42
50.0
 43
0.0
 44
0.0
 50
0.0
 51
2.142693
 71
     0
 72
   100
 73
     1
 74
     3
 75
     0
 76
     0
 77
     0
 78
     0
281
     0
 65
     1
110
0.0
120
0.0
130
0.0
111
1.0
121
0.0
131
0.0
112
0.0
122
1.0
132
0.0
 79
     0
146
0.0
  0
ENDTAB
  0
TABLE
  2
LTYPE
  5
AFB
330
0
100
AcDbSymbolTable
 70
    14
  0
LTYPE
  5
A
330
AFB
100
AcDbSymbolTableRecord
100
AcDbLinetypeTableRecord
  2
BYBLOCK
 70
     0
  3

 72
    65
 73
     0
 40
0.0
  0
LTYPE
  5
B
330
AFB
100
AcDbSymbolTableRecord
100
AcDbLinetypeTableRecord
  2
BYLAYER
 70
     0
  3

 72
    65
 73
     0
 40
0.0
  0
LTYPE
  5
C
330
AFB
100
AcDbSymbolTableRecord
100
AcDbLinetypeTableRecord
  2
CONTINUOUS
 70
     0
  3
solid line
 72
    65
 73
     0
 40
0.0
  0
LTYPE
  5
12
330
AFB
100
AcDbSymbolTableRecord
100
AcDbLinetypeTableRecord
  2
502
 70
     0
  3
solid line
 72
    65
 73
     0
 40
0.0
  0
LTYPE
  5
8A6
330
AFB
100
AcDbSymbolTableRecord
100
AcDbLinetypeTableRecord
  2
9020
 70
     0
  3
solid line
 72
    65
 73
     0
 40
0.0
  0
LTYPE
  5
8A8
330
AFB
100
AcDbSymbolTableRecord
100
AcDbLinetypeTableRecord
  2
4
 70
     0
  3
solid line
 72
    65
 73
     0
 40
0.0
  0
LTYPE
  5
8AA
330
AFB
100
AcDbSymbolTableRecord
100
AcDbLinetypeTableRecord
  2
9023
 70
     0
  3
solid line
 72
    65
 73
     0
 40
0.0
  0
LTYPE
  5
8AC
330
AFB
100
AcDbSymbolTableRecord
100
AcDbLinetypeTableRecord
  2
60
 70
     0
  3
solid line
 72
    65
 73
     0
 40
0.0
  0
LTYPE
  5
8BD
330
AFB
100
AcDbSymbolTableRecord
100
AcDbLinetypeTableRecord
  2
14
 70
     0
  3
___ 
 72
    65
 73
     2
 40
0.8
 49
0.6
 74
     0
 49
-0.2
 74
     0
  0
LTYPE
  5
8C4
330
AFB
100
AcDbSymbolTableRecord
100
AcDbLinetypeTableRecord
  2
9003
 70
     0
  3
solid line
 72
    65
 73
     0
 40
0.0
  0
LTYPE
  5
8CE
330
AFB
100
AcDbSymbolTableRecord
100
AcDbLinetypeTableRecord
  2
49
 70
     0
  3
______  
 72
    65
 73
     2
 40
1.6
 49
1.2
 74
     0
 49
-0.4
 74
     0
  0
LTYPE
  5
8D2
330
AFB
100
AcDbSymbolTableRecord
100
AcDbLinetypeTableRecord
  2
7
 70
     0
  3
solid line
 72
    65
 73
     0
 40
0.0
  0
LTYPE
  5
920
330
AFB
100
AcDbSymbolTableRecord
100
AcDbLinetypeTableRecord
  2
37
 70
     0
  3
______.
 72
    65
 73
     4
 40
1.2
 49
1.2
 74
     0
 49
0.0
 74
     0
 49
0.0
 74
     0
 49
0.0
 74
     0
  0
LTYPE
  5
92D
330
AFB
100
AcDbSymbolTableRecord
100
AcDbLinetypeTableRecord
  2
10
 70
     0
  3
solid line
 72
    65
 73
     0
 40
0.0
  0
LTYPE
  5
9A7
330
AFB
100
AcDbSymbolTableRecord
100
AcDbLinetypeTableRecord
  2
36
 70
     0
  3
_ 
 72
    65
 73
     2
 40
0.4
 49
0.2
 74
     0
 49
-0.2
 74
     0
  0
LTYPE
  5
9CA
330
AFB
100
AcDbSymbolTableRecord
100
AcDbLinetypeTableRecord
  2
1
 70
     0
  3
solid line
 72
    65
 73
     0
 40
0.0
  0
ENDTAB
  0
TABLE
  2
LAYER
  5
AFC
330
0
100
AcDbSymbolTable
 70
     8
  0
LAYER
  5
10
330
AFC
100
AcDbSymbolTableRecord
100
AcDbLayerTableRecord
  2
0
 70
     0
 62
     1
  6
CONTINUOUS
370
    -3
390
0
  0
LAYER
  5
79
330
AFC
100
AcDbSymbolTableRecord
100
AcDbLayerTableRecord
  2
Häuser
 70
     0
 62
     7
  6
CONTINUOUS
370
    18
390
0
  0
LAYER
  5
2A3
330
AFC
100
AcDbSymbolTableRecord
100
AcDbLayerTableRecord
  2
Kataster AMT+Grunddiestbarkeit
 70
     0
 62
     3
  6
CONTINUOUS
370
    50
390
0
  0
LAYER
  5
2B4
330
AFC
100
AcDbSymbolTableRecord
100
AcDbLayerTableRecord
  2
Lageplan sonstiges
 70
     0
 62
    52
  6
CONTINUOUS
370
    50
390
0
  0
LAYER
  5
2D0
330
AFC
100
AcDbSymbolTableRecord
100
AcDbLayerTableRecord
  2
Fernwärmeleitung
 70
     0
 62
     7
  6
CONTINUOUS
370
    18
390
0
  0
LAYER
  5
302
330
AFC
100
AcDbSymbolTableRecord
100
AcDbLayerTableRecord
  2
sonstige Leitungen TW_SW_RW_El
 70
     0
 62
   255
  6
CONTINUOUS
370
    70
390
0
  0
LAYER
  5
360
330
AFC
100
AcDbSymbolTableRecord
100
AcDbLayerTableRecord
  2
Beschriftumg +Trassierung
 70
     0
 62
    52
  6
CONTINUOUS
370
    35
390
0
  0
LAYER
  5
55F
330
AFC
100
AcDbSymbolTableRecord
100
AcDbLayerTableRecord
  2
Rohroberkante
 70
     0
 62
    52
  6
CONTINUOUS
370
    25
390
0
  0
ENDTAB
  0
TABLE
  2
STYLE
  5
AFD
330
0
100
AcDbSymbolTable
 70
    12
  0
STYLE
  5
D
330
AFD
100
AcDbSymbolTableRecord
100
AcDbTextStyleTableRecord
  2
Standard
 70
     0
 40
0.0
 41
1.0
 50
0.0
 71
     0
 42
1.0
  3
txt
  4

  0
STYLE
  5
E
330
AFD
100
AcDbSymbolTableRecord
100
AcDbTextStyleTableRecord
  2
SIMPLEX
 70
     0
 40
0.0
 41
1.0
 50
0.0
 71
     0
 42
1.0
  3
SIMPLEX
  4

  0
STYLE
  5
53E
330
AFD
100
AcDbSymbolTableRecord
100
AcDbTextStyleTableRecord
  2
1.8mm gerade
 70
     0
 40
0.0
 41
1.0
 50
0.0
 71
     0
 42
0.36
  3
SIMPLEX
  4

  0
STYLE
  5
541
330
AFD
100
AcDbSymbolTableRecord
100
AcDbTextStyleTableRecord
  2
2.5mm gerade
 70
     0
 40
0.0
 41
1.0
 50
0.0
 71
     0
 42
0.5
  3
SIMPLEX
  4

  0
STYLE
  5
548
330
AFD
100
AcDbSymbolTableRecord
100
AcDbTextStyleTableRecord
  2
3.5mm gerade
 70
     0
 40
0.0
 41
1.0
 50
0.0
 71
     0
 42
0.7
  3
SIMPLEX
  4

  0
STYLE
  5
54F
330
AFD
100
AcDbSymbolTableRecord
100
AcDbTextStyleTableRecord
  2
3.5 mm rechts rot
 70
     0
 40
0.0
 41
1.0
 50
0.0
 71
     0
 42
0.7
  3
SIMPLEX
  4

  0
STYLE
  5
552
330
AFD
100
AcDbSymbolTableRecord
100
AcDbTextStyleTableRecord
  2
5 mm gerade
 70
     0
 40
0.0
 41
1.0
 50
0.0
 71
     0
 42
1.0
  3
SIMPLEX
  4

  0
STYLE
  5
559
330
AFD
100
AcDbSymbolTableRecord
100
AcDbTextStyleTableRecord
  2
2.6 mm rechts
 70
     0
 40
0.0
 41
1.0
 50
0.0
 71
     0
 42
0.52
  3
SIMPLEX
  4

  0
STYLE
  5
560
330
AFD
100
AcDbSymbolTableRecord
100
AcDbTextStyleTableRecord
  2
2.0 mm rechts lila
 70
     0
 40
0.0
 41
1.0
 50
0.0
 71
     0
 42
0.4
  3
SIMPLEX
  4

  0
STYLE
  5
57A
330
AFD
100
AcDbSymbolTableRecord
100
AcDbTextStyleTableRecord
  2
Flurst}cksnummer
 70
     0
 40
0.0
 41
1.0
 50
0.0
 71
     0
 42
0.9
  3
SIMPLEX
  4

  0
STYLE
  5
5CD
330
AFD
100
AcDbSymbolTableRecord
100
AcDbTextStyleTableRecord
  2
3.5 mm links
 70
     0
 40
0.0
 41
1.0
 50
0.0
 71
     0
 42
0.7
  3
SIMPLEX
  4

  0
STYLE
  5
5DA
330
AFD
100
AcDbSymbolTableRecord
100
AcDbTextStyleTableRecord
  2
4 mm gerade
 70
     0
 40
0.0
 41
1.0
 50
0.0
 71
     0
 42
0.8
  3
SIMPLEX
  4

  0
ENDTAB
  0
TABLE
  2
VIEW
  5
AFE
330
0
100
AcDbSymbolTable
 70
     0
  0
ENDTAB
  0
TABLE
  2
UCS
  5
AFF
330
0
100
AcDbSymbolTable
 70
     0
  0
ENDTAB
  0
TABLE
  2
APPID
  5
B00
330
0
100
AcDbSymbolTable
 70
     1
  0
APPID
  5
2
330
B00
100
AcDbSymbolTableRecord
100
AcDbRegAppTableRecord
  2
ACAD
 70
     0
  0
ENDTAB
  0
TABLE
  2
DIMSTYLE
  5
B01
330
0
100
AcDbSymbolTable
 70
     1
100
AcDbDimStyleTable
  0
DIMSTYLE
105
3
330
B01
100
AcDbSymbolTableRecord
100
AcDbDimStyleTableRecord
  2
STANDARD
 70
     0
178
     0
340
D
  0
ENDTAB
  0
TABLE
  2
BLOCK_RECORD
  5
B02
330
0
100
AcDbSymbolTable
 70
    23
  0
BLOCK_RECORD
  5
4
330
B02
100
AcDbSymbolTableRecord
100
AcDbBlockTableRecord
  2
*MODEL_SPACE
340
B0A
  0
BLOCK_RECORD
  5
7
330
B02
100
AcDbSymbolTableRecord
100
AcDbBlockTableRecord
  2
*PAPER_SPACE
340
B0B
  0
BLOCK_RECORD
  5
13
330
B02
100
AcDbSymbolTableRecord
100
AcDbBlockTableRecord
  2
*X0
340
0
102
{BLKREFS
331
78
102
}
  0
BLOCK_RECORD
  5
7A
330
B02
100
AcDbSymbolTableRecord
100
AcDbBlockTableRecord
  2
*X1
340
0
102
{BLKREFS
331
ED
102
}
  0
BLOCK_RECORD
  5
EE
330
B02
100
AcDbSymbolTableRecord
100
AcDbBlockTableRecord
  2
*X2
340
0
102
{BLKREFS
331
155
102
}
  0
BLOCK_RECORD
  5
156
330
B02
100
AcDbSymbolTableRecord
100
AcDbBlockTableRecord
  2
*X3
340
0
102
{BLKREFS
331
1C1
102
}
  0
BLOCK_RECORD
  5
1C2
330
B02
100
AcDbSymbolTableRecord
100
AcDbBlockTableRecord
  2
*X4
340
0
102
{BLKREFS
331
235
102
}
  0
BLOCK_RECORD
  5
236
330
B02
100
AcDbSymbolTableRecord
100
AcDbBlockTableRecord
  2
*X5
340
0
102
{BLKREFS
331
2A1
102
}
  0
BLOCK_RECORD
  5
2A4
330
B02
100
AcDbSymbolTableRecord
100
AcDbBlockTableRecord
  2
S4
340
0
102
{BLKREFS
331
2A8
331
2A9
331
2AA
331
2AB
331
2AC
331
2AD
331
2AE
331
2AF
331
2B0
331
2B1
331
2B2
331
365
331
366
331
372
331
373
331
37A
331
37B
331
3AC
331
3AF
331
3DD
331
3DE
331
3E9
331
3F0
331
43C
331
441
331
448
331
44A
331
46A
331
46B
331
48F
331
494
331
4C0
331
4C1
331
4D4
331
4D5
331
4F9
331
4FA
102
}
  0
BLOCK_RECORD
  5
2BE
330
B02
100
AcDbSymbolTableRecord
100
AcDbBlockTableRecord
  2
S67
340
0
102
{BLKREFS
331
2CF
331
2D1
331
3E7
331
3E8
331
45E
331
45F
331
4C6
331
4C7
331
4FB
102
}
  0
BLOCK_RECORD
  5
2D2
330
B02
100
AcDbSymbolTableRecord
100
AcDbBlockTableRecord
  2
S180
340
0
102
{BLKREFS
331
2D8
331
2D9
331
2DA
331
408
331
409
331
4B9
331
4BF
102
}
  0
BLOCK_RECORD
  5
2DB
330
B02
100
AcDbSymbolTableRecord
100
AcDbBlockTableRecord
  2
S240
340
0
102
{BLKREFS
331
2E4
331
36B
331
36C
331
39C
331
39D
331
3B3
331
3B4
331
3D1
331
3D2
331
3D7
331
3D8
102
}
  0
BLOCK_RECORD
  5
2E5
330
B02
100
AcDbSymbolTableRecord
100
AcDbBlockTableRecord
  2
S120
340
0
102
{BLKREFS
331
2EC
331
350
331
363
331
364
331
367
331
368
331
369
331
36A
331
36D
331
36E
331
36F
331
370
331
371
331
374
331
375
331
376
331
377
331
378
331
379
331
37C
331
37D
331
37E
331
37F
331
380
331
381
331
382
331
383
331
384
331
385
331
386
331
387
331
392
331
393
331
394
331
395
331
396
331
397
331
398
331
399
331
39A
331
39B
331
39E
331
39F
331
3A0
331
3A1
331
3A2
331
3A3
331
3A4
331
3A5
331
3A6
331
3A7
331
3A8
331
3A9
331
3AA
331
3AB
331
3AD
331
3AE
331
3B0
331
3B1
331
3B2
331
3B5
331
3B6
331
3B7
331
3B8
331
3CE
331
3CF
331
3D0
331
3D3
331
3D4
331
3D5
331
3D6
331
3D9
331
3DA
331
3DB
331
3DC
331
3DF
331
3E0
331
3E1
331
3E2
331
3E3
331
3E4
331
3E5
331
3E6
331
3EA
331
3EB
331
3EC
331
3ED
331
3EE
331
3EF
331
3F1
331
3F2
331
430
331
431
331
432
331
433
331
434
331
435
331
436
331
437
331
438
331
439
331
43A
331
43B
331
43D
331
43E
331
43F
331
440
331
444
331
445
331
446
331
447
331
449
331
44B
331
44C
331
44D
331
44E
331
44F
331
460
331
461
331
463
331
464
331
465
331
466
331
468
331
469
331
46C
331
46D
331
47D
331
47E
331
47F
331
480
331
481
331
482
331
483
331
484
331
485
331
486
331
487
331
488
331
489
331
48A
331
48B
331
48C
331
48D
331
48E
331
490
331
491
331
492
331
493
331
495
331
496
331
4AD
331
4AE
331
4AF
331
4B0
331
4B1
331
4B2
331
4B3
331
4B4
331
4C2
331
4C3
331
4C4
331
4C5
331
4C8
331
4C9
331
4CA
331
4CB
331
4CC
331
4CD
331
4E5
331
4E6
331
4E7
331
4E8
331
4E9
331
4EA
331
4EB
331
4EC
331
4ED
331
4EE
331
4EF
331
4F0
331
4F1
331
4F2
331
4F3
331
4F4
331
4F5
331
4F6
331
4F7
331
4F8
331
4FD
331
4FE
331
4FF
331
500
331
501
331
502
331
503
331
504
331
505
331
506
102
}
  0
BLOCK_RECORD
  5
2ED
330
B02
100
AcDbSymbolTableRecord
100
AcDbBlockTableRecord
  2
S93
340
0
102
{BLKREFS
331
301
102
}
  0
BLOCK_RECORD
  5
303
330
B02
100
AcDbSymbolTableRecord
100
AcDbBlockTableRecord
  2
S152
340
0
102
{BLKREFS
331
317
331
318
331
319
331
336
331
388
331
389
331
38A
331
38B
331
390
331
391
102
}
  0
BLOCK_RECORD
  5
31A
330
B02
100
AcDbSymbolTableRecord
100
AcDbBlockTableRecord
  2
S5
340
0
102
{BLKREFS
331
31F
331
337
331
509
102
}
  0
BLOCK_RECORD
  5
320
330
B02
100
AcDbSymbolTableRecord
100
AcDbBlockTableRecord
  2
S143
340
0
102
{BLKREFS
331
329
331
338
331
35F
331
361
331
3F3
331
3F4
331
3F5
331
451
331
4A3
331
4A4
331
4A5
102
}
  0
BLOCK_RECORD
  5
32A
330
B02
100
AcDbSymbolTableRecord
100
AcDbBlockTableRecord
  2
S209
340
0
102
{BLKREFS
331
335
102
}
  0
BLOCK_RECORD
  5
339
330
B02
100
AcDbSymbolTableRecord
100
AcDbBlockTableRecord
  2
S94
340
0
102
{BLKREFS
331
34F
102
}
  0
BLOCK_RECORD
  5
351
330
B02
100
AcDbSymbolTableRecord
100
AcDbBlockTableRecord
  2
S125
340
0
102
{BLKREFS
331
357
331
358
331
359
331
35A
331
35B
331
35C
331
35D
331
35E
331
38C
331
38D
331
38E
331
38F
331
3B9
331
3BA
331
3BB
331
3BC
331
3BD
331
3CA
331
3CB
331
3CC
331
3CD
331
3F6
331
3F7
331
456
331
457
331
458
331
471
331
499
331
49A
331
4A6
331
4A7
331
4A8
331
4B5
331
4B6
331
4D6
331
4D7
331
4D8
331
4D9
331
4DA
331
4DE
331
4DF
331
507
331
508
102
}
  0
BLOCK_RECORD
  5
3C0
330
B02
100
AcDbSymbolTableRecord
100
AcDbBlockTableRecord
  2
S10
340
0
102
{BLKREFS
331
3C9
102
}
  0
BLOCK_RECORD
  5
3FA
330
B02
100
AcDbSymbolTableRecord
100
AcDbBlockTableRecord
  2
S181
340
0
102
{BLKREFS
331
400
102
}
  0
BLOCK_RECORD
  5
401
330
B02
100
AcDbSymbolTableRecord
100
AcDbBlockTableRecord
  2
S96
340
0
102
{BLKREFS
331
406
331
407
331
40A
331
47C
331
4B7
331
4B8
331
4BA
331
4BB
331
4BC
331
4BD
331
4BE
102
}
  0
BLOCK_RECORD
  5
40B
330
B02
100
AcDbSymbolTableRecord
100
AcDbBlockTableRecord
  2
S33
340
0
102
{BLKREFS
331
42E
331
42F
331
45C
331
45D
331
46E
331
46F
331
470
331
479
331
47A
331
47B
331
4A1
331
4A2
331
4DB
331
4DC
331
4DD
102
}
  0
BLOCK_RECORD
  5
50A
330
B02
100
AcDbSymbolTableRecord
100
AcDbBlockTableRecord
  2
S183
340
0
102
{BLKREFS
331
53C
102
}
  0
ENDTAB
  0
ENDSEC
  0
SECTION
  2
BLOCKS
  0
BLOCK
  5
5
330
4
100
AcDbEntity
  8
0
 62
     0
100
AcDbBlockBegin
  2
*MODEL_SPACE
 70
     0
 10
0.0
 20
0.0
 30
0.0
  3
*MODEL_SPACE
  1

  0
ENDBLK
  5
6
330
4
100
AcDbEntity
  8
0
 62
     0
100
AcDbBlockEnd
  0
BLOCK
  5
8
330
7
100
AcDbEntity
 67
     1
  8
0
 62
     0
100
AcDbBlockBegin
  2
*PAPER_SPACE
 70
     0
 10
0.0
 20
0.0
 30
0.0
  3
*PAPER_SPACE
  1

  0
ENDBLK
  5
9
330
7
100
AcDbEntity
 67
     1
  8
0
 62
     0
100
AcDbBlockEnd
  0
BLOCK
  5
14
330
13
100
AcDbEntity
  8
0
 62
     0
100
AcDbBlockBegin
  2
*X0
 70
     1
 10
0.0
 20
0.0
 30
0.0
  3
*X0
  1

  0
LINE
  5
15
330
13
100
AcDbEntity
  8
0
  6
502
 62
   253
420
 11645361
370
    18
100
AcDbLine
 10
3318810.500795
 20
5810133.535261
 30
0.0
 11
3318811.107065
 21
5810134.093634
 31
0.0
  0
LINE
  5
16
330
13
100
AcDbEntity
  8
0
  6
502
 62
   253
420
 11645361
370
    18
100
AcDbLine
 10
3318809.652984
 20
5810133.570129
 30
0.0
 11
3318811.141932
 21
5810134.941445
 31
0.0
  0
LINE
  5
17
330
13
100
AcDbEntity
  8
0
  6
502
 62
   253
420
 11645361
370
    18
100
AcDbLine
 10
3318808.805172
 20
5810133.604996
 30
0.0
 11
3318811.176799
 21
5810135.789257
 31
0.0
  0
LINE
  5
18
330
13
100
AcDbEntity
  8
0
  6
502
 62
   253
420
 11645361
370
    18
100
AcDbLine
 10
3318807.957361
 20
5810133.639863
 30
0.0
 11
3318811.211666
 21
5810136.637068
 31
0.0
  0
LINE
  5
19
330
13
100
AcDbEntity
  8
0
  6
502
 62
   253
420
 11645361
370
    18
100
AcDbLine
 10
3318807.109549
 20
5810133.67473
 30
0.0
 11
3318811.246533
 21
5810137.48488
 31
0.0
  0
LINE
  5
1A
330
13
100
AcDbEntity
  8
0
  6
502
 62
   253
420
 11645361
370
    18
100
AcDbLine
 10
3318806.261738
 20
5810133.709597
 30
0.0
 11
3318811.281401
 21
5810138.332691
 31
0.0
  0
LINE
  5
1B
330
13
100
AcDbEntity
  8
0
  6
502
 62
   253
420
 11645361
370
    18
100
AcDbLine
 10
3318805.413926
 20
5810133.744464
 30
0.0
 11
3318811.316268
 21
5810139.180503
 31
0.0
  0
LINE
  5
1C
330
13
100
AcDbEntity
  8
0
  6
502
 62
   253
420
 11645361
370
    18
100
AcDbLine
 10
3318804.566115
 20
5810133.779332
 30
0.0
 11
3318811.351135
 21
5810140.028314
 31
0.0
  0
LINE
  5
1D
330
13
100
AcDbEntity
  8
0
  6
502
 62
   253
420
 11645361
370
    18
100
AcDbLine
 10
3318803.718303
 20
5810133.814199
 30
0.0
 11
3318811.386002
 21
5810140.876125
 31
0.0
  0
LINE
  5
1E
330
13
100
AcDbEntity
  8
0
  6
502
 62
   253
420
 11645361
370
    18
100
AcDbLine
 10
3318802.870492
 20
5810133.849066
 30
0.0
 11
3318811.420869
 21
5810141.723937
 31
0.0
  0
LINE
  5
1F
330
13
100
AcDbEntity
  8
0
  6
502
 62
   253
420
 11645361
370
    18
100
AcDbLine
 10
3318802.022681
 20
5810133.883933
 30
0.0
 11
3318811.455736
 21
5810142.571748
 31
0.0
  0
LINE
  5
20
330
13
100
AcDbEntity
  8
0
  6
502
 62
   253
420
 11645361
370
    18
100
AcDbLine
 10
3318801.174869
 20
5810133.9188
 30
0.0
 11
3318811.490603
 21
5810143.41956
 31
0.0
  0
LINE
  5
21
330
13
100
AcDbEntity
  8
0
  6
502
 62
   253
420
 11645361
370
    18
100
AcDbLine
 10
3318800.327058
 20
5810133.953667
 30
0.0
 11
3318811.525471
 21
5810144.267371
 31
0.0
  0
LINE
  5
22
330
13
100
AcDbEntity
  8
0
  6
502
 62
   253
420
 11645361
370
    18
100
AcDbLine
 10
3318799.479246
 20
5810133.988535
 30
0.0
 11
3318811.560338
 21
5810145.115183
 31
0.0
  0
LINE
  5
23
330
13
100
AcDbEntity
  8
0
  6
502
 62
   253
420
 11645361
370
    18
100
AcDbLine
 10
3318798.631435
 20
5810134.023402
 30
0.0
 11
3318811.595205
 21
5810145.962994
 31
0.0
  0
LINE
  5
24
330
13
100
AcDbEntity
  8
0
  6
502
 62
   253
420
 11645361
370
    18
100
AcDbLine
 10
3318797.783623
 20
5810134.058269
 30
0.0
 11
3318811.630072
 21
5810146.810806
 31
0.0
  0
LINE
  5
25
330
13
100
AcDbEntity
  8
0
  6
502
 62
   253
420
 11645361
370
    18
100
AcDbLine
 10
3318796.935812
 20
5810134.093136
 30
0.0
 11
3318811.664939
 21
5810147.658617
 31
0.0
  0
LINE
  5
26
330
13
100
AcDbEntity
  8
0
  6
502
 62
   253
420
 11645361
370
    18
100
AcDbLine
 10
3318796.088
 20
5810134.128003
 30
0.0
 11
3318811.699806
 21
5810148.506429
 31
0.0
  0
LINE
  5
27
330
13
100
AcDbEntity
  8
0
  6
502
 62
   253
420
 11645361
370
    18
100
AcDbLine
 10
3318795.240189
 20
5810134.16287
 30
0.0
 11
3318811.734674
 21
5810149.35424
 31
0.0
  0
LINE
  5
28
330
13
100
AcDbEntity
  8
0
  6
502
 62
   253
420
 11645361
370
    18
100
AcDbLine
 10
3318794.392377
 20
5810134.197738
 30
0.0
 11
3318811.769541
 21
5810150.202052
 31
0.0
  0
LINE
  5
29
330
13
100
AcDbEntity
  8
0
  6
502
 62
   253
420
 11645361
370
    18
100
AcDbLine
 10
3318793.544566
 20
5810134.232605
 30
0.0
 11
3318811.804408
 21
5810151.049863
 31
0.0
  0
LINE
  5
2A
330
13
100
AcDbEntity
  8
0
  6
502
 62
   253
420
 11645361
370
    18
100
AcDbLine
 10
3318792.758933
 20
5810134.324738
 30
0.0
 11
3318811.018775
 21
5810151.141996
 31
0.0
  0
LINE
  5
2B
330
13
100
AcDbEntity
  8
0
  6
502
 62
   253
420
 11645361
370
    18
100
AcDbLine
 10
3318811.018775
 20
5810151.141996
 30
0.0
 11
3318811.018775
 21
5810151.141996
 31
0.0
  0
LINE
  5
2C
330
13
100
AcDbEntity
  8
0
  6
502
 62
   253
420
 11645361
370
    18
100
AcDbLine
 10
3318792.7938
 20
5810135.172549
 30
0.0
 11
3318810.170963
 21
5810151.176863
 31
0.0
  0
LINE
  5
2D
330
13
100
AcDbEntity
  8
0
  6
502
 62
   253
420
 11645361
370
    18
100
AcDbLine
 10
3318810.170963
 20
5810151.176863
 30
0.0
 11
3318810.170963
 21
5810151.176863
 31
0.0
  0
LINE
  5
2E
330
13
100
AcDbEntity
  8
0
  6
502
 62
   253
420
 11645361
370
    18
100
AcDbLine
 10
3318792.828667
 20
5810136.020361
 30
0.0
 11
3318809.323152
 21
5810151.21173
 31
0.0
  0
LINE
  5
2F
330
13
100
AcDbEntity
  8
0
  6
502
 62
   253
420
 11645361
370
    18
100
AcDbLine
 10
3318809.323152
 20
5810151.21173
 30
0.0
 11
3318809.323152
 21
5810151.21173
 31
0.0
  0
LINE
  5
30
330
13
100
AcDbEntity
  8
0
  6
502
 62
   253
420
 11645361
370
    18
100
AcDbLine
 10
3318792.863534
 20
5810136.868172
 30
0.0
 11
3318808.47534
 21
5810151.246598
 31
0.0
  0
LINE
  5
31
330
13
100
AcDbEntity
  8
0
  6
502
 62
   253
420
 11645361
370
    18
100
AcDbLine
 10
3318808.47534
 20
5810151.246598
 30
0.0
 11
3318808.47534
 21
5810151.246598
 31
0.0
  0
LINE
  5
32
330
13
100
AcDbEntity
  8
0
  6
502
 62
   253
420
 11645361
370
    18
100
AcDbLine
 10
3318792.898401
 20
5810137.715984
 30
0.0
 11
3318807.627529
 21
5810151.281465
 31
0.0
  0
LINE
  5
33
330
13
100
AcDbEntity
  8
0
  6
502
 62
   253
420
 11645361
370
    18
100
AcDbLine
 10
3318807.627529
 20
5810151.281465
 30
0.0
 11
3318807.627529
 21
5810151.281465
 31
0.0
  0
LINE
  5
34
330
13
100
AcDbEntity
  8
0
  6
502
 62
   253
420
 11645361
370
    18
100
AcDbLine
 10
3318792.933269
 20
5810138.563795
 30
0.0
 11
3318806.779717
 21
5810151.316332
 31
0.0
  0
LINE
  5
35
330
13
100
AcDbEntity
  8
0
  6
502
 62
   253
420
 11645361
370
    18
100
AcDbLine
 10
3318792.968136
 20
5810139.411607
 30
0.0
 11
3318805.931906
 21
5810151.351199
 31
0.0
  0
LINE
  5
36
330
13
100
AcDbEntity
  8
0
  6
502
 62
   253
420
 11645361
370
    18
100
AcDbLine
 10
3318793.003003
 20
5810140.259418
 30
0.0
 11
3318805.084095
 21
5810151.386066
 31
0.0
  0
LINE
  5
37
330
13
100
AcDbEntity
  8
0
  6
502
 62
   253
420
 11645361
370
    18
100
AcDbLine
 10
3318793.03787
 20
5810141.10723
 30
0.0
 11
3318804.236283
 21
5810151.420933
 31
0.0
  0
LINE
  5
38
330
13
100
AcDbEntity
  8
0
  6
502
 62
   253
420
 11645361
370
    18
100
AcDbLine
 10
3318793.072737
 20
5810141.955041
 30
0.0
 11
3318803.388472
 21
5810151.455801
 31
0.0
  0
LINE
  5
39
330
13
100
AcDbEntity
  8
0
  6
502
 62
   253
420
 11645361
370
    18
100
AcDbLine
 10
3318793.107604
 20
5810142.802853
 30
0.0
 11
3318802.54066
 21
5810151.490668
 31
0.0
  0
LINE
  5
3A
330
13
100
AcDbEntity
  8
0
  6
502
 62
   253
420
 11645361
370
    18
100
AcDbLine
 10
3318793.142471
 20
5810143.650664
 30
0.0
 11
3318801.692849
 21
5810151.525535
 31
0.0
  0
LINE
  5
3B
330
13
100
AcDbEntity
  8
0
  6
502
 62
   253
420
 11645361
370
    18
100
AcDbLine
 10
3318793.177339
 20
5810144.498475
 30
0.0
 11
3318800.845037
 21
5810151.560402
 31
0.0
  0
LINE
  5
3C
330
13
100
AcDbEntity
  8
0
  6
502
 62
   253
420
 11645361
370
    18
100
AcDbLine
 10
3318793.212206
 20
5810145.346287
 30
0.0
 11
3318799.997226
 21
5810151.595269
 31
0.0
  0
LINE
  5
3D
330
13
100
AcDbEntity
  8
0
  6
502
 62
   253
420
 11645361
370
    18
100
AcDbLine
 10
3318793.247073
 20
5810146.194098
 30
0.0
 11
3318799.149414
 21
5810151.630136
 31
0.0
  0
LINE
  5
3E
330
13
100
AcDbEntity
  8
0
  6
502
 62
   253
420
 11645361
370
    18
100
AcDbLine
 10
3318793.28194
 20
5810147.04191
 30
0.0
 11
3318798.301603
 21
5810151.665004
 31
0.0
  0
LINE
  5
3F
330
13
100
AcDbEntity
  8
0
  6
502
 62
   253
420
 11645361
370
    18
100
AcDbLine
 10
3318793.316807
 20
5810147.889721
 30
0.0
 11
3318797.453791
 21
5810151.699871
 31
0.0
  0
LINE
  5
40
330
13
100
AcDbEntity
  8
0
  6
502
 62
   253
420
 11645361
370
    18
100
AcDbLine
 10
3318793.351674
 20
5810148.737533
 30
0.0
 11
3318796.60598
 21
5810151.734738
 31
0.0
  0
LINE
  5
41
330
13
100
AcDbEntity
  8
0
  6
502
 62
   253
420
 11645361
370
    18
100
AcDbLine
 10
3318793.386542
 20
5810149.585344
 30
0.0
 11
3318795.758168
 21
5810151.769605
 31
0.0
  0
LINE
  5
42
330
13
100
AcDbEntity
  8
0
  6
502
 62
   253
420
 11645361
370
    18
100
AcDbLine
 10
3318793.421409
 20
5810150.433156
 30
0.0
 11
3318794.910357
 21
5810151.804472
 31
0.0
  0
LINE
  5
43
330
13
100
AcDbEntity
  8
0
  6
502
 62
   253
420
 11645361
370
    18
100
AcDbLine
 10
3318794.910357
 20
5810151.804472
 30
0.0
 11
3318794.910357
 21
5810151.804472
 31
0.0
  0
LINE
  5
44
330
13
100
AcDbEntity
  8
0
  6
502
 62
   253
420
 11645361
370
    18
100
AcDbLine
 10
3318793.456276
 20
5810151.280967
 30
0.0
 11
3318794.062545
 21
5810151.839339
 31
0.0
  0
LINE
  5
45
330
13
100
AcDbEntity
  8
0
  6
502
 62
   253
420
 11645361
370
    18
100
AcDbLine
 10
3318794.062545
 20
5810151.839339
 30
0.0
 11
3318794.062545
 21
5810151.839339
 31
0.0
  0
LINE
  5
46
330
13
100
AcDbEntity
  8
0
  6
502
 62
   253
420
 11645361
370
    18
100
AcDbLine
 10
3318811.782916
 20
5810150.527264
 30
0.0
 11
3318811.224543
 21
5810151.133534
 31
0.0
  0
LINE
  5
47
330
13
100
AcDbEntity
  8
0
  6
502
 62
   253
420
 11645361
370
    18
100
AcDbLine
 10
3318811.224543
 20
5810151.133534
 30
0.0
 11
3318811.224543
 21
5810151.133534
 31
0.0
  0
LINE
  5
48
330
13
100
AcDbEntity
  8
0
  6
502
 62
   253
420
 11645361
370
    18
100
AcDbLine
 10
3318811.748048
 20
5810149.679453
 30
0.0
 11
3318810.376732
 21
5810151.168401
 31
0.0
  0
LINE
  5
49
330
13
100
AcDbEntity
  8
0
  6
502
 62
   253
420
 11645361
370
    18
100
AcDbLine
 10
3318810.376732
 20
5810151.168401
 30
0.0
 11
3318810.376732
 21
5810151.168401
 31
0.0
  0
LINE
  5
4A
330
13
100
AcDbEntity
  8
0
  6
502
 62
   253
420
 11645361
370
    18
100
AcDbLine
 10
3318811.713181
 20
5810148.831641
 30
0.0
 11
3318809.52892
 21
5810151.203268
 31
0.0
  0
LINE
  5
4B
330
13
100
AcDbEntity
  8
0
  6
502
 62
   253
420
 11645361
370
    18
100
AcDbLine
 10
3318809.52892
 20
5810151.203268
 30
0.0
 11
3318809.52892
 21
5810151.203268
 31
0.0
  0
LINE
  5
4C
330
13
100
AcDbEntity
  8
0
  6
502
 62
   253
420
 11645361
370
    18
100
AcDbLine
 10
3318811.678314
 20
5810147.98383
 30
0.0
 11
3318808.681109
 21
5810151.238135
 31
0.0
  0
LINE
  5
4D
330
13
100
AcDbEntity
  8
0
  6
502
 62
   253
420
 11645361
370
    18
100
AcDbLine
 10
3318808.681109
 20
5810151.238135
 30
0.0
 11
3318808.681109
 21
5810151.238135
 31
0.0
  0
LINE
  5
4E
330
13
100
AcDbEntity
  8
0
  6
502
 62
   253
420
 11645361
370
    18
100
AcDbLine
 10
3318811.643447
 20
5810147.136018
 30
0.0
 11
3318807.833297
 21
5810151.273002
 31
0.0
  0
LINE
  5
4F
330
13
100
AcDbEntity
  8
0
  6
502
 62
   253
420
 11645361
370
    18
100
AcDbLine
 10
3318807.833297
 20
5810151.273002
 30
0.0
 11
3318807.833297
 21
5810151.273002
 31
0.0
  0
LINE
  5
50
330
13
100
AcDbEntity
  8
0
  6
502
 62
   253
420
 11645361
370
    18
100
AcDbLine
 10
3318811.60858
 20
5810146.288207
 30
0.0
 11
3318806.985486
 21
5810151.30787
 31
0.0
  0
LINE
  5
51
330
13
100
AcDbEntity
  8
0
  6
502
 62
   253
420
 11645361
370
    18
100
AcDbLine
 10
3318811.573713
 20
5810145.440395
 30
0.0
 11
3318806.137674
 21
5810151.342737
 31
0.0
  0
LINE
  5
52
330
13
100
AcDbEntity
  8
0
  6
502
 62
   253
420
 11645361
370
    18
100
AcDbLine
 10
3318811.538845
 20
5810144.592584
 30
0.0
 11
3318805.289863
 21
5810151.377604
 31
0.0
  0
LINE
  5
53
330
13
100
AcDbEntity
  8
0
  6
502
 62
   253
420
 11645361
370
    18
100
AcDbLine
 10
3318811.503978
 20
5810143.744773
 30
0.0
 11
3318804.442052
 21
5810151.412471
 31
0.0
  0
LINE
  5
54
330
13
100
AcDbEntity
  8
0
  6
502
 62
   253
420
 11645361
370
    18
100
AcDbLine
 10
3318811.469111
 20
5810142.896961
 30
0.0
 11
3318803.59424
 21
5810151.447338
 31
0.0
  0
LINE
  5
55
330
13
100
AcDbEntity
  8
0
  6
502
 62
   253
420
 11645361
370
    18
100
AcDbLine
 10
3318811.434244
 20
5810142.04915
 30
0.0
 11
3318802.746429
 21
5810151.482205
 31
0.0
  0
LINE
  5
56
330
13
100
AcDbEntity
  8
0
  6
502
 62
   253
420
 11645361
370
    18
100
AcDbLine
 10
3318811.399377
 20
5810141.201338
 30
0.0
 11
3318801.898617
 21
5810151.517073
 31
0.0
  0
LINE
  5
57
330
13
100
AcDbEntity
  8
0
  6
502
 62
   253
420
 11645361
370
    18
100
AcDbLine
 10
3318811.36451
 20
5810140.353527
 30
0.0
 11
3318801.050806
 21
5810151.55194
 31
0.0
  0
LINE
  5
58
330
13
100
AcDbEntity
  8
0
  6
502
 62
   253
420
 11645361
370
    18
100
AcDbLine
 10
3318811.329642
 20
5810139.505715
 30
0.0
 11
3318800.202994
 21
5810151.586807
 31
0.0
  0
LINE
  5
59
330
13
100
AcDbEntity
  8
0
  6
502
 62
   253
420
 11645361
370
    18
100
AcDbLine
 10
3318811.294775
 20
5810138.657904
 30
0.0
 11
3318799.355183
 21
5810151.621674
 31
0.0
  0
LINE
  5
5A
330
13
100
AcDbEntity
  8
0
  6
502
 62
   253
420
 11645361
370
    18
100
AcDbLine
 10
3318811.259908
 20
5810137.810092
 30
0.0
 11
3318798.507371
 21
5810151.656541
 31
0.0
  0
LINE
  5
5B
330
13
100
AcDbEntity
  8
0
  6
502
 62
   253
420
 11645361
370
    18
100
AcDbLine
 10
3318811.225041
 20
5810136.962281
 30
0.0
 11
3318797.65956
 21
5810151.691408
 31
0.0
  0
LINE
  5
5C
330
13
100
AcDbEntity
  8
0
  6
502
 62
   253
420
 11645361
370
    18
100
AcDbLine
 10
3318811.190174
 20
5810136.114469
 30
0.0
 11
3318796.811748
 21
5810151.726276
 31
0.0
  0
LINE
  5
5D
330
13
100
AcDbEntity
  8
0
  6
502
 62
   253
420
 11645361
370
    18
100
AcDbLine
 10
3318811.155307
 20
5810135.266658
 30
0.0
 11
3318795.963937
 21
5810151.761143
 31
0.0
  0
LINE
  5
5E
330
13
100
AcDbEntity
  8
0
  6
502
 62
   253
420
 11645361
370
    18
100
AcDbLine
 10
3318811.120439
 20
5810134.418846
 30
0.0
 11
3318795.116125
 21
5810151.79601
 31
0.0
  0
LINE
  5
5F
330
13
100
AcDbEntity
  8
0
  6
502
 62
   253
420
 11645361
370
    18
100
AcDbLine
 10
3318795.116125
 20
5810151.79601
 30
0.0
 11
3318795.116125
 21
5810151.79601
 31
0.0
  0
LINE
  5
60
330
13
100
AcDbEntity
  8
0
  6
502
 62
   253
420
 11645361
370
    18
100
AcDbLine
 10
3318811.085572
 20
5810133.571035
 30
0.0
 11
3318794.268314
 21
5810151.830877
 31
0.0
  0
LINE
  5
61
330
13
100
AcDbEntity
  8
0
  6
502
 62
   253
420
 11645361
370
    18
100
AcDbLine
 10
3318794.268314
 20
5810151.830877
 30
0.0
 11
3318794.268314
 21
5810151.830877
 31
0.0
  0
LINE
  5
62
330
13
100
AcDbEntity
  8
0
  6
502
 62
   253
420
 11645361
370
    18
100
AcDbLine
 10
3318810.295027
 20
5810133.543724
 30
0.0
 11
3318793.477768
 21
5810151.803566
 31
0.0
  0
LINE
  5
63
330
13
100
AcDbEntity
  8
0
  6
502
 62
   253
420
 11645361
370
    18
100
AcDbLine
 10
3318809.447215
 20
5810133.578591
 30
0.0
 11
3318793.442901
 21
5810150.955755
 31
0.0
  0
LINE
  5
64
330
13
100
AcDbEntity
  8
0
  6
502
 62
   253
420
 11645361
370
    18
100
AcDbLine
 10
3318808.599404
 20
5810133.613458
 30
0.0
 11
3318793.408034
 21
5810150.107943
 31
0.0
  0
LINE
  5
65
330
13
100
AcDbEntity
  8
0
  6
502
 62
   253
420
 11645361
370
    18
100
AcDbLine
 10
3318807.751592
 20
5810133.648325
 30
0.0
 11
3318793.373167
 21
5810149.260132
 31
0.0
  0
LINE
  5
66
330
13
100
AcDbEntity
  8
0
  6
502
 62
   253
420
 11645361
370
    18
100
AcDbLine
 10
3318806.903781
 20
5810133.683193
 30
0.0
 11
3318793.3383
 21
5810148.41232
 31
0.0
  0
LINE
  5
67
330
13
100
AcDbEntity
  8
0
  6
502
 62
   253
420
 11645361
370
    18
100
AcDbLine
 10
3318806.055969
 20
5810133.71806
 30
0.0
 11
3318793.303433
 21
5810147.564509
 31
0.0
  0
LINE
  5
68
330
13
100
AcDbEntity
  8
0
  6
502
 62
   253
420
 11645361
370
    18
100
AcDbLine
 10
3318805.208158
 20
5810133.752927
 30
0.0
 11
3318793.268565
 21
5810146.716697
 31
0.0
  0
LINE
  5
69
330
13
100
AcDbEntity
  8
0
  6
502
 62
   253
420
 11645361
370
    18
100
AcDbLine
 10
3318804.360346
 20
5810133.787794
 30
0.0
 11
3318793.233698
 21
5810145.868886
 31
0.0
  0
LINE
  5
6A
330
13
100
AcDbEntity
  8
0
  6
502
 62
   253
420
 11645361
370
    18
100
AcDbLine
 10
3318803.512535
 20
5810133.822661
 30
0.0
 11
3318793.198831
 21
5810145.021074
 31
0.0
  0
LINE
  5
6B
330
13
100
AcDbEntity
  8
0
  6
502
 62
   253
420
 11645361
370
    18
100
AcDbLine
 10
3318802.664724
 20
5810133.857528
 30
0.0
 11
3318793.163964
 21
5810144.173263
 31
0.0
  0
LINE
  5
6C
330
13
100
AcDbEntity
  8
0
  6
502
 62
   253
420
 11645361
370
    18
100
AcDbLine
 10
3318801.816912
 20
5810133.892396
 30
0.0
 11
3318793.129097
 21
5810143.325451
 31
0.0
  0
LINE
  5
6D
330
13
100
AcDbEntity
  8
0
  6
502
 62
   253
420
 11645361
370
    18
100
AcDbLine
 10
3318800.969101
 20
5810133.927263
 30
0.0
 11
3318793.09423
 21
5810142.47764
 31
0.0
  0
LINE
  5
6E
330
13
100
AcDbEntity
  8
0
  6
502
 62
   253
420
 11645361
370
    18
100
AcDbLine
 10
3318800.121289
 20
5810133.96213
 30
0.0
 11
3318793.059362
 21
5810141.629828
 31
0.0
  0
LINE
  5
6F
330
13
100
AcDbEntity
  8
0
  6
502
 62
   253
420
 11645361
370
    18
100
AcDbLine
 10
3318799.273478
 20
5810133.996997
 30
0.0
 11
3318793.024495
 21
5810140.782017
 31
0.0
  0
LINE
  5
70
330
13
100
AcDbEntity
  8
0
  6
502
 62
   253
420
 11645361
370
    18
100
AcDbLine
 10
3318798.425666
 20
5810134.031864
 30
0.0
 11
3318792.989628
 21
5810139.934205
 31
0.0
  0
LINE
  5
71
330
13
100
AcDbEntity
  8
0
  6
502
 62
   253
420
 11645361
370
    18
100
AcDbLine
 10
3318797.577855
 20
5810134.066731
 30
0.0
 11
3318792.954761
 21
5810139.086394
 31
0.0
  0
LINE
  5
72
330
13
100
AcDbEntity
  8
0
  6
502
 62
   253
420
 11645361
370
    18
100
AcDbLine
 10
3318796.730043
 20
5810134.101599
 30
0.0
 11
3318792.919894
 21
5810138.238583
 31
0.0
  0
LINE
  5
73
330
13
100
AcDbEntity
  8
0
  6
502
 62
   253
420
 11645361
370
    18
100
AcDbLine
 10
3318795.882232
 20
5810134.136466
 30
0.0
 11
3318792.885027
 21
5810137.390771
 31
0.0
  0
LINE
  5
74
330
13
100
AcDbEntity
  8
0
  6
502
 62
   253
420
 11645361
370
    18
100
AcDbLine
 10
3318795.03442
 20
5810134.171333
 30
0.0
 11
3318792.850159
 21
5810136.54296
 31
0.0
  0
LINE
  5
75
330
13
100
AcDbEntity
  8
0
  6
502
 62
   253
420
 11645361
370
    18
100
AcDbLine
 10
3318794.186609
 20
5810134.2062
 30
0.0
 11
3318792.815292
 21
5810135.695148
 31
0.0
  0
LINE
  5
76
330
13
100
AcDbEntity
  8
0
  6
502
 62
   253
420
 11645361
370
    18
100
AcDbLine
 10
3318793.338797
 20
5810134.241067
 30
0.0
 11
3318792.780425
 21
5810134.847337
 31
0.0
  0
ENDBLK
  5
77
330
13
100
AcDbEntity
  8
0
 62
     0
100
AcDbBlockEnd
  0
BLOCK
  5
7B
330
7A
100
AcDbEntity
  8
0
 62
     0
100
AcDbBlockBegin
  2
*X1
 70
     1
 10
0.0
 20
0.0
 30
0.0
  3
*X1
  1

  0
LINE
  5
7C
330
7A
100
AcDbEntity
  8
0
  6
502
 62
   253
420
 11645361
370
    18
100
AcDbLine
 10
3318881.592746
 20
5810083.120694
 30
0.0
 11
3318882.265839
 21
5810083.739255
 31
0.0
  0
LINE
  5
7D
330
7A
100
AcDbEntity
  8
0
  6
502
 62
   253
420
 11645361
370
    18
100
AcDbLine
 10
3318880.884946
 20
5810083.149305
 30
0.0
 11
3318882.294348
 21
5810084.444521
 31
0.0
  0
LINE
  5
7E
330
7A
100
AcDbEntity
  8
0
  6
502
 62
   253
420
 11645361
370
    18
100
AcDbLine
 10
3318877.600222
 20
5810080.809767
 30
0.0
 11
3318877.800583
 21
5810080.993896
 31
0.0
  0
LINE
  5
7F
330
7A
100
AcDbEntity
  8
0
  6
502
 62
   253
420
 11645361
370
    18
100
AcDbLine
 10
3318880.177146
 20
5810083.177917
 30
0.0
 11
3318882.322857
 21
5810085.149788
 31
0.0
  0
LINE
  5
80
330
7A
100
AcDbEntity
  8
0
  6
502
 62
   253
420
 11645361
370
    18
100
AcDbLine
 10
3318876.893744
 20
5810080.839594
 30
0.0
 11
3318877.829092
 21
5810081.699163
 31
0.0
  0
LINE
  5
81
330
7A
100
AcDbEntity
  8
0
  6
502
 62
   253
420
 11645361
370
    18
100
AcDbLine
 10
3318879.469346
 20
5810083.206528
 30
0.0
 11
3318882.351366
 21
5810085.855054
 31
0.0
  0
LINE
  5
82
330
7A
100
AcDbEntity
  8
0
  6
502
 62
   253
420
 11645361
370
    18
100
AcDbLine
 10
3318876.187267
 20
5810080.869421
 30
0.0
 11
3318877.857601
 21
5810082.404429
 31
0.0
  0
LINE
  5
83
330
7A
100
AcDbEntity
  8
0
  6
502
 62
   253
420
 11645361
370
    18
100
AcDbLine
 10
3318878.761546
 20
5810083.23514
 30
0.0
 11
3318882.379875
 21
5810086.560321
 31
0.0
  0
LINE
  5
84
330
7A
100
AcDbEntity
  8
0
  6
502
 62
   253
420
 11645361
370
    18
100
AcDbLine
 10
3318875.480789
 20
5810080.899247
 30
0.0
 11
3318877.88611
 21
5810083.109696
 31
0.0
  0
LINE
  5
85
330
7A
100
AcDbEntity
  8
0
  6
502
 62
   253
420
 11645361
370
    18
100
AcDbLine
 10
3318878.053747
 20
5810083.263751
 30
0.0
 11
3318882.408384
 21
5810087.265588
 31
0.0
  0
LINE
  5
86
330
7A
100
AcDbEntity
  8
0
  6
502
 62
   253
420
 11645361
370
    18
100
AcDbLine
 10
3318874.774312
 20
5810080.929074
 30
0.0
 11
3318882.436893
 21
5810087.970854
 31
0.0
  0
LINE
  5
87
330
7A
100
AcDbEntity
  8
0
  6
502
 62
   253
420
 11645361
370
    18
100
AcDbLine
 10
3318874.067834
 20
5810080.958901
 30
0.0
 11
3318882.465402
 21
5810088.676121
 31
0.0
  0
LINE
  5
88
330
7A
100
AcDbEntity
  8
0
  6
502
 62
   253
420
 11645361
370
    18
100
AcDbLine
 10
3318873.361357
 20
5810080.988727
 30
0.0
 11
3318882.493911
 21
5810089.381387
 31
0.0
  0
LINE
  5
89
330
7A
100
AcDbEntity
  8
0
  6
502
 62
   253
420
 11645361
370
    18
100
AcDbLine
 10
3318872.654879
 20
5810081.018554
 30
0.0
 11
3318882.522421
 21
5810090.086654
 31
0.0
  0
LINE
  5
8A
330
7A
100
AcDbEntity
  8
0
  6
502
 62
   253
420
 11645361
370
    18
100
AcDbLine
 10
3318871.948402
 20
5810081.048381
 30
0.0
 11
3318882.55093
 21
5810090.791921
 31
0.0
  0
LINE
  5
8B
330
7A
100
AcDbEntity
  8
0
  6
502
 62
   253
420
 11645361
370
    18
100
AcDbLine
 10
3318871.241925
 20
5810081.078207
 30
0.0
 11
3318882.579439
 21
5810091.497187
 31
0.0
  0
LINE
  5
8C
330
7A
100
AcDbEntity
  8
0
  6
502
 62
   253
420
 11645361
370
    18
100
AcDbLine
 10
3318870.535447
 20
5810081.108034
 30
0.0
 11
3318882.607948
 21
5810092.202454
 31
0.0
  0
LINE
  5
8D
330
7A
100
AcDbEntity
  8
0
  6
502
 62
   253
420
 11645361
370
    18
100
AcDbLine
 10
3318869.82897
 20
5810081.137861
 30
0.0
 11
3318882.636457
 21
5810092.90772
 31
0.0
  0
LINE
  5
8E
330
7A
100
AcDbEntity
  8
0
  6
502
 62
   253
420
 11645361
370
    18
100
AcDbLine
 10
3318869.122492
 20
5810081.167688
 30
0.0
 11
3318882.664966
 21
5810093.612987
 31
0.0
  0
LINE
  5
8F
330
7A
100
AcDbEntity
  8
0
  6
502
 62
   253
420
 11645361
370
    18
100
AcDbLine
 10
3318868.416015
 20
5810081.197514
 30
0.0
 11
3318882.693475
 21
5810094.318253
 31
0.0
  0
LINE
  5
90
330
7A
100
AcDbEntity
  8
0
  6
502
 62
   253
420
 11645361
370
    18
100
AcDbLine
 10
3318867.709537
 20
5810081.227341
 30
0.0
 11
3318882.721984
 21
5810095.02352
 31
0.0
  0
LINE
  5
91
330
7A
100
AcDbEntity
  8
0
  6
502
 62
   253
420
 11645361
370
    18
100
AcDbLine
 10
3318867.00306
 20
5810081.257168
 30
0.0
 11
3318882.573078
 21
5810095.565745
 31
0.0
  0
LINE
  5
92
330
7A
100
AcDbEntity
  8
0
  6
502
 62
   253
420
 11645361
370
    18
100
AcDbLine
 10
3318866.296582
 20
5810081.286994
 30
0.0
 11
3318881.865286
 21
5810095.594364
 31
0.0
  0
LINE
  5
93
330
7A
100
AcDbEntity
  8
0
  6
502
 62
   253
420
 11645361
370
    18
100
AcDbLine
 10
3318865.590105
 20
5810081.316821
 30
0.0
 11
3318881.157495
 21
5810095.622983
 31
0.0
  0
LINE
  5
94
330
7A
100
AcDbEntity
  8
0
  6
502
 62
   253
420
 11645361
370
    18
100
AcDbLine
 10
3318864.883628
 20
5810081.346648
 30
0.0
 11
3318880.449703
 21
5810095.651602
 31
0.0
  0
LINE
  5
95
330
7A
100
AcDbEntity
  8
0
  6
502
 62
   253
420
 11645361
370
    18
100
AcDbLine
 10
3318864.17715
 20
5810081.376474
 30
0.0
 11
3318879.741911
 21
5810095.680221
 31
0.0
  0
LINE
  5
96
330
7A
100
AcDbEntity
  8
0
  6
502
 62
   253
420
 11645361
370
    18
100
AcDbLine
 10
3318863.470673
 20
5810081.406301
 30
0.0
 11
3318879.03412
 21
5810095.70884
 31
0.0
  0
LINE
  5
97
330
7A
100
AcDbEntity
  8
0
  6
502
 62
   253
420
 11645361
370
    18
100
AcDbLine
 10
3318862.764195
 20
5810081.436128
 30
0.0
 11
3318878.326328
 21
5810095.737459
 31
0.0
  0
LINE
  5
98
330
7A
100
AcDbEntity
  8
0
  6
502
 62
   253
420
 11645361
370
    18
100
AcDbLine
 10
3318862.057718
 20
5810081.465954
 30
0.0
 11
3318877.618536
 21
5810095.766078
 31
0.0
  0
LINE
  5
99
330
7A
100
AcDbEntity
  8
0
  6
502
 62
   253
420
 11645361
370
    18
100
AcDbLine
 10
3318861.565346
 20
5810081.69254
 30
0.0
 11
3318876.910745
 21
5810095.794697
 31
0.0
  0
LINE
  5
9A
330
7A
100
AcDbEntity
  8
0
  6
502
 62
   253
420
 11645361
370
    18
100
AcDbLine
 10
3318861.599251
 20
5810082.402766
 30
0.0
 11
3318876.202953
 21
5810095.823316
 31
0.0
  0
LINE
  5
9B
330
7A
100
AcDbEntity
  8
0
  6
502
 62
   253
420
 11645361
370
    18
100
AcDbLine
 10
3318861.633156
 20
5810083.112991
 30
0.0
 11
3318875.495162
 21
5810095.851935
 31
0.0
  0
LINE
  5
9C
330
7A
100
AcDbEntity
  8
0
  6
502
 62
   253
420
 11645361
370
    18
100
AcDbLine
 10
3318861.667061
 20
5810083.823216
 30
0.0
 11
3318874.78737
 21
5810095.880554
 31
0.0
  0
LINE
  5
9D
330
7A
100
AcDbEntity
  8
0
  6
502
 62
   253
420
 11645361
370
    18
100
AcDbLine
 10
3318861.067482
 20
5810083.951281
 30
0.0
 11
3318874.079578
 21
5810095.909173
 31
0.0
  0
LINE
  5
9E
330
7A
100
AcDbEntity
  8
0
  6
502
 62
   253
420
 11645361
370
    18
100
AcDbLine
 10
3318860.360769
 20
5810083.980891
 30
0.0
 11
3318873.747705
 21
5810096.283254
 31
0.0
  0
LINE
  5
9F
330
7A
100
AcDbEntity
  8
0
  6
502
 62
   253
420
 11645361
370
    18
100
AcDbLine
 10
3318859.654056
 20
5810084.010502
 30
0.0
 11
3318873.038847
 21
5810096.310893
 31
0.0
  0
LINE
  5
A0
330
7A
100
AcDbEntity
  8
0
  6
502
 62
   253
420
 11645361
370
    18
100
AcDbLine
 10
3318858.947344
 20
5810084.040112
 30
0.0
 11
3318872.329989
 21
5810096.338532
 31
0.0
  0
LINE
  5
A1
330
7A
100
AcDbEntity
  8
0
  6
502
 62
   253
420
 11645361
370
    18
100
AcDbLine
 10
3318858.240631
 20
5810084.069722
 30
0.0
 11
3318871.621131
 21
5810096.36617
 31
0.0
  0
LINE
  5
A2
330
7A
100
AcDbEntity
  8
0
  6
502
 62
   253
420
 11645361
370
    18
100
AcDbLine
 10
3318857.533918
 20
5810084.099333
 30
0.0
 11
3318870.912272
 21
5810096.393809
 31
0.0
  0
LINE
  5
A3
330
7A
100
AcDbEntity
  8
0
  6
502
 62
   253
420
 11645361
370
    18
100
AcDbLine
 10
3318857.364629
 20
5810084.622826
 30
0.0
 11
3318870.203414
 21
5810096.421448
 31
0.0
  0
LINE
  5
A4
330
7A
100
AcDbEntity
  8
0
  6
502
 62
   253
420
 11645361
370
    18
100
AcDbLine
 10
3318857.393967
 20
5810085.328854
 30
0.0
 11
3318869.494556
 21
5810096.449087
 31
0.0
  0
LINE
  5
A5
330
7A
100
AcDbEntity
  8
0
  6
502
 62
   253
420
 11645361
370
    18
100
AcDbLine
 10
3318857.423304
 20
5810086.034882
 30
0.0
 11
3318868.785698
 21
5810096.476726
 31
0.0
  0
LINE
  5
A6
330
7A
100
AcDbEntity
  8
0
  6
502
 62
   253
420
 11645361
370
    18
100
AcDbLine
 10
3318857.452642
 20
5810086.74091
 30
0.0
 11
3318868.07684
 21
5810096.504365
 31
0.0
  0
LINE
  5
A7
330
7A
100
AcDbEntity
  8
0
  6
502
 62
   253
420
 11645361
370
    18
100
AcDbLine
 10
3318857.48198
 20
5810087.446939
 30
0.0
 11
3318867.367982
 21
5810096.532004
 31
0.0
  0
LINE
  5
A8
330
7A
100
AcDbEntity
  8
0
  6
502
 62
   253
420
 11645361
370
    18
100
AcDbLine
 10
3318857.511318
 20
5810088.152967
 30
0.0
 11
3318866.298524
 21
5810096.228258
 31
0.0
  0
LINE
  5
A9
330
7A
100
AcDbEntity
  8
0
  6
502
 62
   253
420
 11645361
370
    18
100
AcDbLine
 10
3318857.540655
 20
5810088.858995
 30
0.0
 11
3318865.590318
 21
5810096.256496
 31
0.0
  0
LINE
  5
AA
330
7A
100
AcDbEntity
  8
0
  6
502
 62
   253
420
 11645361
370
    18
100
AcDbLine
 10
3318857.569993
 20
5810089.565023
 30
0.0
 11
3318864.882112
 21
5810096.284734
 31
0.0
  0
LINE
  5
AB
330
7A
100
AcDbEntity
  8
0
  6
502
 62
   253
420
 11645361
370
    18
100
AcDbLine
 10
3318857.599331
 20
5810090.271051
 30
0.0
 11
3318864.173905
 21
5810096.312972
 31
0.0
  0
LINE
  5
AC
330
7A
100
AcDbEntity
  8
0
  6
502
 62
   253
420
 11645361
370
    18
100
AcDbLine
 10
3318857.628669
 20
5810090.977079
 30
0.0
 11
3318863.465699
 21
5810096.341209
 31
0.0
  0
LINE
  5
AD
330
7A
100
AcDbEntity
  8
0
  6
502
 62
   253
420
 11645361
370
    18
100
AcDbLine
 10
3318857.658006
 20
5810091.683107
 30
0.0
 11
3318862.757493
 21
5810096.369447
 31
0.0
  0
LINE
  5
AE
330
7A
100
AcDbEntity
  8
0
  6
502
 62
   253
420
 11645361
370
    18
100
AcDbLine
 10
3318857.687344
 20
5810092.389136
 30
0.0
 11
3318862.049287
 21
5810096.397685
 31
0.0
  0
LINE
  5
AF
330
7A
100
AcDbEntity
  8
0
  6
502
 62
   253
420
 11645361
370
    18
100
AcDbLine
 10
3318857.716682
 20
5810093.095164
 30
0.0
 11
3318861.34108
 21
5810096.425923
 31
0.0
  0
LINE
  5
B0
330
7A
100
AcDbEntity
  8
0
  6
502
 62
   253
420
 11645361
370
    18
100
AcDbLine
 10
3318857.74602
 20
5810093.801192
 30
0.0
 11
3318860.632874
 21
5810096.454161
 31
0.0
  0
LINE
  5
B1
330
7A
100
AcDbEntity
  8
0
  6
502
 62
   253
420
 11645361
370
    18
100
AcDbLine
 10
3318857.775357
 20
5810094.50722
 30
0.0
 11
3318859.924668
 21
5810096.482399
 31
0.0
  0
LINE
  5
B2
330
7A
100
AcDbEntity
  8
0
  6
502
 62
   253
420
 11645361
370
    18
100
AcDbLine
 10
3318857.804695
 20
5810095.213248
 30
0.0
 11
3318859.216462
 21
5810096.510637
 31
0.0
  0
LINE
  5
B3
330
7A
100
AcDbEntity
  8
0
  6
502
 62
   253
420
 11645361
370
    18
100
AcDbLine
 10
3318857.834033
 20
5810095.919276
 30
0.0
 11
3318858.508255
 21
5810096.538875
 31
0.0
  0
LINE
  5
B4
330
7A
100
AcDbEntity
  8
0
  6
502
 62
   253
420
 11645361
370
    18
100
AcDbLine
 10
3318882.716411
 20
5810094.885651
 30
0.0
 11
3318882.072828
 21
5810095.585972
 31
0.0
  0
LINE
  5
B5
330
7A
100
AcDbEntity
  8
0
  6
502
 62
   253
420
 11645361
370
    18
100
AcDbLine
 10
3318882.687799
 20
5810094.177851
 30
0.0
 11
3318881.367554
 21
5810095.614489
 31
0.0
  0
LINE
  5
B6
330
7A
100
AcDbEntity
  8
0
  6
502
 62
   253
420
 11645361
370
    18
100
AcDbLine
 10
3318882.659188
 20
5810093.470051
 30
0.0
 11
3318880.66228
 21
5810095.643007
 31
0.0
  0
LINE
  5
B7
330
7A
100
AcDbEntity
  8
0
  6
502
 62
   253
420
 11645361
370
    18
100
AcDbLine
 10
3318882.630577
 20
5810092.762251
 30
0.0
 11
3318879.957006
 21
5810095.671524
 31
0.0
  0
LINE
  5
B8
330
7A
100
AcDbEntity
  8
0
  6
502
 62
   253
420
 11645361
370
    18
100
AcDbLine
 10
3318882.601965
 20
5810092.054452
 30
0.0
 11
3318879.251731
 21
5810095.700041
 31
0.0
  0
LINE
  5
B9
330
7A
100
AcDbEntity
  8
0
  6
502
 62
   253
420
 11645361
370
    18
100
AcDbLine
 10
3318882.573354
 20
5810091.346652
 30
0.0
 11
3318878.546457
 21
5810095.728558
 31
0.0
  0
LINE
  5
BA
330
7A
100
AcDbEntity
  8
0
  6
502
 62
   253
420
 11645361
370
    18
100
AcDbLine
 10
3318882.544742
 20
5810090.638852
 30
0.0
 11
3318877.841183
 21
5810095.757075
 31
0.0
  0
LINE
  5
BB
330
7A
100
AcDbEntity
  8
0
  6
502
 62
   253
420
 11645361
370
    18
100
AcDbLine
 10
3318882.516131
 20
5810089.931052
 30
0.0
 11
3318877.135909
 21
5810095.785592
 31
0.0
  0
LINE
  5
BC
330
7A
100
AcDbEntity
  8
0
  6
502
 62
   253
420
 11645361
370
    18
100
AcDbLine
 10
3318882.487519
 20
5810089.223253
 30
0.0
 11
3318876.430635
 21
5810095.81411
 31
0.0
  0
LINE
  5
BD
330
7A
100
AcDbEntity
  8
0
  6
502
 62
   253
420
 11645361
370
    18
100
AcDbLine
 10
3318882.458908
 20
5810088.515453
 30
0.0
 11
3318875.725361
 21
5810095.842627
 31
0.0
  0
LINE
  5
BE
330
7A
100
AcDbEntity
  8
0
  6
502
 62
   253
420
 11645361
370
    18
100
AcDbLine
 10
3318882.430296
 20
5810087.807653
 30
0.0
 11
3318875.020087
 21
5810095.871144
 31
0.0
  0
LINE
  5
BF
330
7A
100
AcDbEntity
  8
0
  6
502
 62
   253
420
 11645361
370
    18
100
AcDbLine
 10
3318882.401685
 20
5810087.099853
 30
0.0
 11
3318874.314813
 21
5810095.899661
 31
0.0
  0
LINE
  5
C0
330
7A
100
AcDbEntity
  8
0
  6
502
 62
   253
420
 11645361
370
    18
100
AcDbLine
 10
3318882.373073
 20
5810086.392054
 30
0.0
 11
3318873.26597
 21
5810096.302037
 31
0.0
  0
LINE
  5
C1
330
7A
100
AcDbEntity
  8
0
  6
502
 62
   253
420
 11645361
370
    18
100
AcDbLine
 10
3318882.344462
 20
5810085.684254
 30
0.0
 11
3318872.561666
 21
5810096.329498
 31
0.0
  0
LINE
  5
C2
330
7A
100
AcDbEntity
  8
0
  6
502
 62
   253
420
 11645361
370
    18
100
AcDbLine
 10
3318882.31585
 20
5810084.976454
 30
0.0
 11
3318871.857362
 21
5810096.35696
 31
0.0
  0
LINE
  5
C3
330
7A
100
AcDbEntity
  8
0
  6
502
 62
   253
420
 11645361
370
    18
100
AcDbLine
 10
3318882.287239
 20
5810084.268654
 30
0.0
 11
3318871.153058
 21
5810096.384421
 31
0.0
  0
LINE
  5
C4
330
7A
100
AcDbEntity
  8
0
  6
502
 62
   253
420
 11645361
370
    18
100
AcDbLine
 10
3318882.258627
 20
5810083.560854
 30
0.0
 11
3318870.448755
 21
5810096.411882
 31
0.0
  0
LINE
  5
C5
330
7A
100
AcDbEntity
  8
0
  6
502
 62
   253
420
 11645361
370
    18
100
AcDbLine
 10
3318881.999158
 20
5810083.104265
 30
0.0
 11
3318869.744451
 21
5810096.439344
 31
0.0
  0
LINE
  5
C6
330
7A
100
AcDbEntity
  8
0
  6
502
 62
   253
420
 11645361
370
    18
100
AcDbLine
 10
3318881.293891
 20
5810083.132774
 30
0.0
 11
3318869.040147
 21
5810096.466805
 31
0.0
  0
LINE
  5
C7
330
7A
100
AcDbEntity
  8
0
  6
502
 62
   253
420
 11645361
370
    18
100
AcDbLine
 10
3318880.588625
 20
5810083.161283
 30
0.0
 11
3318868.335844
 21
5810096.494266
 31
0.0
  0
LINE
  5
C8
330
7A
100
AcDbEntity
  8
0
  6
502
 62
   253
420
 11645361
370
    18
100
AcDbLine
 10
3318879.883358
 20
5810083.189792
 30
0.0
 11
3318867.63154
 21
5810096.521728
 31
0.0
  0
LINE
  5
C9
330
7A
100
AcDbEntity
  8
0
  6
502
 62
   253
420
 11645361
370
    18
100
AcDbLine
 10
3318879.178091
 20
5810083.218301
 30
0.0
 11
3318866.927236
 21
5810096.549189
 31
0.0
  0
LINE
  5
CA
330
7A
100
AcDbEntity
  8
0
  6
502
 62
   253
420
 11645361
370
    18
100
AcDbLine
 10
3318878.472825
 20
5810083.246811
 30
0.0
 11
3318866.552402
 21
5810096.218135
 31
0.0
  0
LINE
  5
CB
330
7A
100
AcDbEntity
  8
0
  6
502
 62
   253
420
 11645361
370
    18
100
AcDbLine
 10
3318877.887528
 20
5810083.144773
 30
0.0
 11
3318865.847506
 21
5810096.246241
 31
0.0
  0
LINE
  5
CC
330
7A
100
AcDbEntity
  8
0
  6
502
 62
   253
420
 11645361
370
    18
100
AcDbLine
 10
3318877.858916
 20
5810082.436974
 30
0.0
 11
3318865.142609
 21
5810096.274347
 31
0.0
  0
LINE
  5
CD
330
7A
100
AcDbEntity
  8
0
  6
502
 62
   253
420
 11645361
370
    18
100
AcDbLine
 10
3318877.830305
 20
5810081.729174
 30
0.0
 11
3318864.437713
 21
5810096.302453
 31
0.0
  0
LINE
  5
CE
330
7A
100
AcDbEntity
  8
0
  6
502
 62
   253
420
 11645361
370
    18
100
AcDbLine
 10
3318877.801694
 20
5810081.021374
 30
0.0
 11
3318863.732817
 21
5810096.330559
 31
0.0
  0
LINE
  5
CF
330
7A
100
AcDbEntity
  8
0
  6
502
 62
   253
420
 11645361
370
    18
100
AcDbLine
 10
3318877.305661
 20
5810080.822204
 30
0.0
 11
3318863.027921
 21
5810096.358665
 31
0.0
  0
LINE
  5
D0
330
7A
100
AcDbEntity
  8
0
  6
502
 62
   253
420
 11645361
370
    18
100
AcDbLine
 10
3318876.599183
 20
5810080.85203
 30
0.0
 11
3318862.323025
 21
5810096.386771
 31
0.0
  0
LINE
  5
D1
330
7A
100
AcDbEntity
  8
0
  6
502
 62
   253
420
 11645361
370
    18
100
AcDbLine
 10
3318875.892706
 20
5810080.881857
 30
0.0
 11
3318861.618129
 21
5810096.414877
 31
0.0
  0
LINE
  5
D2
330
7A
100
AcDbEntity
  8
0
  6
502
 62
   253
420
 11645361
370
    18
100
AcDbLine
 10
3318875.186228
 20
5810080.911684
 30
0.0
 11
3318860.913233
 21
5810096.442983
 31
0.0
  0
LINE
  5
D3
330
7A
100
AcDbEntity
  8
0
  6
502
 62
   253
420
 11645361
370
    18
100
AcDbLine
 10
3318874.479751
 20
5810080.94151
 30
0.0
 11
3318860.208337
 21
5810096.471089
 31
0.0
  0
LINE
  5
D4
330
7A
100
AcDbEntity
  8
0
  6
502
 62
   253
420
 11645361
370
    18
100
AcDbLine
 10
3318873.773273
 20
5810080.971337
 30
0.0
 11
3318859.503441
 21
5810096.499194
 31
0.0
  0
LINE
  5
D5
330
7A
100
AcDbEntity
  8
0
  6
502
 62
   253
420
 11645361
370
    18
100
AcDbLine
 10
3318873.066796
 20
5810081.001164
 30
0.0
 11
3318858.798544
 21
5810096.5273
 31
0.0
  0
LINE
  5
D6
330
7A
100
AcDbEntity
  8
0
  6
502
 62
   253
420
 11645361
370
    18
100
AcDbLine
 10
3318872.360319
 20
5810081.03099
 30
0.0
 11
3318858.093648
 21
5810096.555406
 31
0.0
  0
LINE
  5
D7
330
7A
100
AcDbEntity
  8
0
  6
502
 62
   253
420
 11645361
370
    18
100
AcDbLine
 10
3318871.653841
 20
5810081.060817
 30
0.0
 11
3318857.841177
 21
5810096.091202
 31
0.0
  0
LINE
  5
D8
330
7A
100
AcDbEntity
  8
0
  6
502
 62
   253
420
 11645361
370
    18
100
AcDbLine
 10
3318870.947364
 20
5810081.090644
 30
0.0
 11
3318857.8118
 21
5810095.384235
 31
0.0
  0
LINE
  5
D9
330
7A
100
AcDbEntity
  8
0
  6
502
 62
   253
420
 11645361
370
    18
100
AcDbLine
 10
3318870.240886
 20
5810081.12047
 30
0.0
 11
3318857.782423
 21
5810094.677268
 31
0.0
  0
LINE
  5
DA
330
7A
100
AcDbEntity
  8
0
  6
502
 62
   253
420
 11645361
370
    18
100
AcDbLine
 10
3318869.534409
 20
5810081.150297
 30
0.0
 11
3318857.753047
 21
5810093.970301
 31
0.0
  0
LINE
  5
DB
330
7A
100
AcDbEntity
  8
0
  6
502
 62
   253
420
 11645361
370
    18
100
AcDbLine
 10
3318868.827931
 20
5810081.180124
 30
0.0
 11
3318857.72367
 21
5810093.263334
 31
0.0
  0
LINE
  5
DC
330
7A
100
AcDbEntity
  8
0
  6
502
 62
   253
420
 11645361
370
    18
100
AcDbLine
 10
3318868.121454
 20
5810081.20995
 30
0.0
 11
3318857.694293
 21
5810092.556367
 31
0.0
  0
LINE
  5
DD
330
7A
100
AcDbEntity
  8
0
  6
502
 62
   253
420
 11645361
370
    18
100
AcDbLine
 10
3318867.414977
 20
5810081.239777
 30
0.0
 11
3318857.664916
 21
5810091.8494
 31
0.0
  0
LINE
  5
DE
330
7A
100
AcDbEntity
  8
0
  6
502
 62
   253
420
 11645361
370
    18
100
AcDbLine
 10
3318866.708499
 20
5810081.269604
 30
0.0
 11
3318857.63554
 21
5810091.142433
 31
0.0
  0
LINE
  5
DF
330
7A
100
AcDbEntity
  8
0
  6
502
 62
   253
420
 11645361
370
    18
100
AcDbLine
 10
3318866.002022
 20
5810081.29943
 30
0.0
 11
3318857.606163
 21
5810090.435466
 31
0.0
  0
LINE
  5
E0
330
7A
100
AcDbEntity
  8
0
  6
502
 62
   253
420
 11645361
370
    18
100
AcDbLine
 10
3318865.295544
 20
5810081.329257
 30
0.0
 11
3318857.576786
 21
5810089.728499
 31
0.0
  0
LINE
  5
E1
330
7A
100
AcDbEntity
  8
0
  6
502
 62
   253
420
 11645361
370
    18
100
AcDbLine
 10
3318864.589067
 20
5810081.359084
 30
0.0
 11
3318857.547409
 21
5810089.021532
 31
0.0
  0
LINE
  5
E2
330
7A
100
AcDbEntity
  8
0
  6
502
 62
   253
420
 11645361
370
    18
100
AcDbLine
 10
3318863.882589
 20
5810081.38891
 30
0.0
 11
3318861.665996
 21
5810083.800918
 31
0.0
  0
LINE
  5
E3
330
7A
100
AcDbEntity
  8
0
  6
502
 62
   253
420
 11645361
370
    18
100
AcDbLine
 10
3318861.54625
 20
5810083.931221
 30
0.0
 11
3318857.518033
 21
5810088.314565
 31
0.0
  0
LINE
  5
E4
330
7A
100
AcDbEntity
  8
0
  6
502
 62
   253
420
 11645361
370
    18
100
AcDbLine
 10
3318863.176112
 20
5810081.418737
 30
0.0
 11
3318861.632463
 21
5810083.098474
 31
0.0
  0
LINE
  5
E5
330
7A
100
AcDbEntity
  8
0
  6
502
 62
   253
420
 11645361
370
    18
100
AcDbLine
 10
3318860.839988
 20
5810083.960813
 30
0.0
 11
3318857.488656
 21
5810087.607598
 31
0.0
  0
LINE
  5
E6
330
7A
100
AcDbEntity
  8
0
  6
502
 62
   253
420
 11645361
370
    18
100
AcDbLine
 10
3318862.469635
 20
5810081.448564
 30
0.0
 11
3318861.59893
 21
5810082.39603
 31
0.0
  0
LINE
  5
E7
330
7A
100
AcDbEntity
  8
0
  6
502
 62
   253
420
 11645361
370
    18
100
AcDbLine
 10
3318860.133727
 20
5810083.990404
 30
0.0
 11
3318857.459279
 21
5810086.900631
 31
0.0
  0
LINE
  5
E8
330
7A
100
AcDbEntity
  8
0
  6
502
 62
   253
420
 11645361
370
    18
100
AcDbLine
 10
3318861.763157
 20
5810081.47839
 30
0.0
 11
3318861.565396
 21
5810081.693586
 31
0.0
  0
LINE
  5
E9
330
7A
100
AcDbEntity
  8
0
  6
502
 62
   253
420
 11645361
370
    18
100
AcDbLine
 10
3318859.427466
 20
5810084.019996
 30
0.0
 11
3318857.429902
 21
5810086.193664
 31
0.0
  0
LINE
  5
EA
330
7A
100
AcDbEntity
  8
0
  6
502
 62
   253
420
 11645361
370
    18
100
AcDbLine
 10
3318858.721204
 20
5810084.049587
 30
0.0
 11
3318857.400525
 21
5810085.486697
 31
0.0
  0
LINE
  5
EB
330
7A
100
AcDbEntity
  8
0
  6
502
 62
   253
420
 11645361
370
    18
100
AcDbLine
 10
3318858.014943
 20
5810084.079179
 30
0.0
 11
3318857.371149
 21
5810084.77973
 31
0.0
  0
ENDBLK
  5
EC
330
7A
100
AcDbEntity
  8
0
 62
     0
100
AcDbBlockEnd
  0
BLOCK
  5
EF
330
EE
100
AcDbEntity
  8
0
 62
     0
100
AcDbBlockBegin
  2
*X2
 70
     1
 10
0.0
 20
0.0
 30
0.0
  3
*X2
  1

  0
LINE
  5
F0
330
EE
100
AcDbEntity
  8
0
  6
502
 62
   253
420
 11645361
370
    18
100
AcDbLine
 10
3318884.314199
 20
5810130.520868
 30
0.0
 11
3318884.917503
 21
5810131.075071
 31
0.0
  0
LINE
  5
F1
330
EE
100
AcDbEntity
  8
0
  6
502
 62
   253
420
 11645361
370
    18
100
AcDbLine
 10
3318883.466433
 20
5810130.55683
 30
0.0
 11
3318884.953465
 21
5810131.922837
 31
0.0
  0
LINE
  5
F2
330
EE
100
AcDbEntity
  8
0
  6
502
 62
   253
420
 11645361
370
    18
100
AcDbLine
 10
3318882.618667
 20
5810130.592793
 30
0.0
 11
3318884.989428
 21
5810132.770602
 31
0.0
  0
LINE
  5
F3
330
EE
100
AcDbEntity
  8
0
  6
502
 62
   253
420
 11645361
370
    18
100
AcDbLine
 10
3318881.770902
 20
5810130.628755
 30
0.0
 11
3318885.02539
 21
5810133.618368
 31
0.0
  0
LINE
  5
F4
330
EE
100
AcDbEntity
  8
0
  6
502
 62
   253
420
 11645361
370
    18
100
AcDbLine
 10
3318880.923136
 20
5810130.664717
 30
0.0
 11
3318885.061353
 21
5810134.466134
 31
0.0
  0
LINE
  5
F5
330
EE
100
AcDbEntity
  8
0
  6
502
 62
   253
420
 11645361
370
    18
100
AcDbLine
 10
3318880.07537
 20
5810130.70068
 30
0.0
 11
3318885.097315
 21
5810135.313899
 31
0.0
  0
LINE
  5
F6
330
EE
100
AcDbEntity
  8
0
  6
502
 62
   253
420
 11645361
370
    18
100
AcDbLine
 10
3318879.227604
 20
5810130.736642
 30
0.0
 11
3318885.133277
 21
5810136.161665
 31
0.0
  0
LINE
  5
F7
330
EE
100
AcDbEntity
  8
0
  6
502
 62
   253
420
 11645361
370
    18
100
AcDbLine
 10
3318878.379839
 20
5810130.772605
 30
0.0
 11
3318885.16924
 21
5810137.009431
 31
0.0
  0
LINE
  5
F8
330
EE
100
AcDbEntity
  8
0
  6
502
 62
   253
420
 11645361
370
    18
100
AcDbLine
 10
3318877.532073
 20
5810130.808567
 30
0.0
 11
3318885.205202
 21
5810137.857197
 31
0.0
  0
LINE
  5
F9
330
EE
100
AcDbEntity
  8
0
  6
502
 62
   253
420
 11645361
370
    18
100
AcDbLine
 10
3318876.684307
 20
5810130.844529
 30
0.0
 11
3318885.241164
 21
5810138.704962
 31
0.0
  0
LINE
  5
FA
330
EE
100
AcDbEntity
  8
0
  6
502
 62
   253
420
 11645361
370
    18
100
AcDbLine
 10
3318875.836542
 20
5810130.880492
 30
0.0
 11
3318885.277127
 21
5810139.552728
 31
0.0
  0
LINE
  5
FB
330
EE
100
AcDbEntity
  8
0
  6
502
 62
   253
420
 11645361
370
    18
100
AcDbLine
 10
3318874.988776
 20
5810130.916454
 30
0.0
 11
3318885.313089
 21
5810140.400494
 31
0.0
  0
LINE
  5
FC
330
EE
100
AcDbEntity
  8
0
  6
502
 62
   253
420
 11645361
370
    18
100
AcDbLine
 10
3318874.14101
 20
5810130.952416
 30
0.0
 11
3318885.349051
 21
5810141.24826
 31
0.0
  0
LINE
  5
FD
330
EE
100
AcDbEntity
  8
0
  6
502
 62
   253
420
 11645361
370
    18
100
AcDbLine
 10
3318873.293244
 20
5810130.988379
 30
0.0
 11
3318885.385014
 21
5810142.096025
 31
0.0
  0
LINE
  5
FE
330
EE
100
AcDbEntity
  8
0
  6
502
 62
   253
420
 11645361
370
    18
100
AcDbLine
 10
3318872.445479
 20
5810131.024341
 30
0.0
 11
3318885.420976
 21
5810142.943791
 31
0.0
  0
LINE
  5
FF
330
EE
100
AcDbEntity
  8
0
  6
502
 62
   253
420
 11645361
370
    18
100
AcDbLine
 10
3318871.597713
 20
5810131.060303
 30
0.0
 11
3318885.456939
 21
5810143.791557
 31
0.0
  0
LINE
  5
100
330
EE
100
AcDbEntity
  8
0
  6
502
 62
   253
420
 11645361
370
    18
100
AcDbLine
 10
3318870.749947
 20
5810131.096266
 30
0.0
 11
3318885.492901
 21
5810144.639323
 31
0.0
  0
LINE
  5
101
330
EE
100
AcDbEntity
  8
0
  6
502
 62
   253
420
 11645361
370
    18
100
AcDbLine
 10
3318869.902182
 20
5810131.132228
 30
0.0
 11
3318885.528863
 21
5810145.487088
 31
0.0
  0
LINE
  5
102
330
EE
100
AcDbEntity
  8
0
  6
502
 62
   253
420
 11645361
370
    18
100
AcDbLine
 10
3318869.054416
 20
5810131.168191
 30
0.0
 11
3318885.564826
 21
5810146.334854
 31
0.0
  0
LINE
  5
103
330
EE
100
AcDbEntity
  8
0
  6
502
 62
   253
420
 11645361
370
    18
100
AcDbLine
 10
3318868.20665
 20
5810131.204153
 30
0.0
 11
3318885.600788
 21
5810147.18262
 31
0.0
  0
LINE
  5
104
330
EE
100
AcDbEntity
  8
0
  6
502
 62
   253
420
 11645361
370
    18
100
AcDbLine
 10
3318867.358885
 20
5810131.240115
 30
0.0
 11
3318885.63675
 21
5810148.030385
 31
0.0
  0
LINE
  5
105
330
EE
100
AcDbEntity
  8
0
  6
502
 62
   253
420
 11645361
370
    18
100
AcDbLine
 10
3318866.575763
 20
5810131.335461
 30
0.0
 11
3318884.808863
 21
5810148.084608
 31
0.0
  0
LINE
  5
106
330
EE
100
AcDbEntity
  8
0
  6
502
 62
   253
420
 11645361
370
    18
100
AcDbLine
 10
3318884.808863
 20
5810148.084608
 30
0.0
 11
3318884.808863
 21
5810148.084608
 31
0.0
  0
LINE
  5
107
330
EE
100
AcDbEntity
  8
0
  6
502
 62
   253
420
 11645361
370
    18
100
AcDbLine
 10
3318866.609561
 20
5810132.181238
 30
0.0
 11
3318883.961097
 21
5810148.120571
 31
0.0
  0
LINE
  5
108
330
EE
100
AcDbEntity
  8
0
  6
502
 62
   253
420
 11645361
370
    18
100
AcDbLine
 10
3318883.961097
 20
5810148.120571
 30
0.0
 11
3318883.961097
 21
5810148.120571
 31
0.0
  0
LINE
  5
109
330
EE
100
AcDbEntity
  8
0
  6
502
 62
   253
420
 11645361
370
    18
100
AcDbLine
 10
3318866.643359
 20
5810133.027016
 30
0.0
 11
3318883.113332
 21
5810148.156533
 31
0.0
  0
LINE
  5
10A
330
EE
100
AcDbEntity
  8
0
  6
502
 62
   253
420
 11645361
370
    18
100
AcDbLine
 10
3318883.113332
 20
5810148.156533
 30
0.0
 11
3318883.113332
 21
5810148.156533
 31
0.0
  0
LINE
  5
10B
330
EE
100
AcDbEntity
  8
0
  6
502
 62
   253
420
 11645361
370
    18
100
AcDbLine
 10
3318866.677157
 20
5810133.872793
 30
0.0
 11
3318882.265566
 21
5810148.192495
 31
0.0
  0
LINE
  5
10C
330
EE
100
AcDbEntity
  8
0
  6
502
 62
   253
420
 11645361
370
    18
100
AcDbLine
 10
3318882.265566
 20
5810148.192495
 30
0.0
 11
3318882.265566
 21
5810148.192495
 31
0.0
  0
LINE
  5
10D
330
EE
100
AcDbEntity
  8
0
  6
502
 62
   253
420
 11645361
370
    18
100
AcDbLine
 10
3318866.710955
 20
5810134.718571
 30
0.0
 11
3318881.4178
 21
5810148.228458
 31
0.0
  0
LINE
  5
10E
330
EE
100
AcDbEntity
  8
0
  6
502
 62
   253
420
 11645361
370
    18
100
AcDbLine
 10
3318881.4178
 20
5810148.228458
 30
0.0
 11
3318881.4178
 21
5810148.228458
 31
0.0
  0
LINE
  5
10F
330
EE
100
AcDbEntity
  8
0
  6
502
 62
   253
420
 11645361
370
    18
100
AcDbLine
 10
3318866.744753
 20
5810135.564348
 30
0.0
 11
3318880.570034
 21
5810148.26442
 31
0.0
  0
LINE
  5
110
330
EE
100
AcDbEntity
  8
0
  6
502
 62
   253
420
 11645361
370
    18
100
AcDbLine
 10
3318866.778551
 20
5810136.410126
 30
0.0
 11
3318879.722269
 21
5810148.300382
 31
0.0
  0
LINE
  5
111
330
EE
100
AcDbEntity
  8
0
  6
502
 62
   253
420
 11645361
370
    18
100
AcDbLine
 10
3318866.812349
 20
5810137.255903
 30
0.0
 11
3318878.874503
 21
5810148.336345
 31
0.0
  0
LINE
  5
112
330
EE
100
AcDbEntity
  8
0
  6
502
 62
   253
420
 11645361
370
    18
100
AcDbLine
 10
3318866.846147
 20
5810138.10168
 30
0.0
 11
3318878.026737
 21
5810148.372307
 31
0.0
  0
LINE
  5
113
330
EE
100
AcDbEntity
  8
0
  6
502
 62
   253
420
 11645361
370
    18
100
AcDbLine
 10
3318866.879945
 20
5810138.947458
 30
0.0
 11
3318877.178972
 21
5810148.408269
 31
0.0
  0
LINE
  5
114
330
EE
100
AcDbEntity
  8
0
  6
502
 62
   253
420
 11645361
370
    18
100
AcDbLine
 10
3318866.913743
 20
5810139.793235
 30
0.0
 11
3318876.331206
 21
5810148.444232
 31
0.0
  0
LINE
  5
115
330
EE
100
AcDbEntity
  8
0
  6
502
 62
   253
420
 11645361
370
    18
100
AcDbLine
 10
3318866.947541
 20
5810140.639013
 30
0.0
 11
3318875.48344
 21
5810148.480194
 31
0.0
  0
LINE
  5
116
330
EE
100
AcDbEntity
  8
0
  6
502
 62
   253
420
 11645361
370
    18
100
AcDbLine
 10
3318866.981339
 20
5810141.48479
 30
0.0
 11
3318874.635675
 21
5810148.516157
 31
0.0
  0
LINE
  5
117
330
EE
100
AcDbEntity
  8
0
  6
502
 62
   253
420
 11645361
370
    18
100
AcDbLine
 10
3318867.015136
 20
5810142.330568
 30
0.0
 11
3318873.787909
 21
5810148.552119
 31
0.0
  0
LINE
  5
118
330
EE
100
AcDbEntity
  8
0
  6
502
 62
   253
420
 11645361
370
    18
100
AcDbLine
 10
3318867.048934
 20
5810143.176345
 30
0.0
 11
3318872.940143
 21
5810148.588081
 31
0.0
  0
LINE
  5
119
330
EE
100
AcDbEntity
  8
0
  6
502
 62
   253
420
 11645361
370
    18
100
AcDbLine
 10
3318867.082732
 20
5810144.022123
 30
0.0
 11
3318872.092377
 21
5810148.624044
 31
0.0
  0
LINE
  5
11A
330
EE
100
AcDbEntity
  8
0
  6
502
 62
   253
420
 11645361
370
    18
100
AcDbLine
 10
3318867.11653
 20
5810144.8679
 30
0.0
 11
3318871.244612
 21
5810148.660006
 31
0.0
  0
LINE
  5
11B
330
EE
100
AcDbEntity
  8
0
  6
502
 62
   253
420
 11645361
370
    18
100
AcDbLine
 10
3318867.150328
 20
5810145.713678
 30
0.0
 11
3318870.396846
 21
5810148.695968
 31
0.0
  0
LINE
  5
11C
330
EE
100
AcDbEntity
  8
0
  6
502
 62
   253
420
 11645361
370
    18
100
AcDbLine
 10
3318867.184126
 20
5810146.559455
 30
0.0
 11
3318869.54908
 21
5810148.731931
 31
0.0
  0
LINE
  5
11D
330
EE
100
AcDbEntity
  8
0
  6
502
 62
   253
420
 11645361
370
    18
100
AcDbLine
 10
3318869.54908
 20
5810148.731931
 30
0.0
 11
3318869.54908
 21
5810148.731931
 31
0.0
  0
LINE
  5
11E
330
EE
100
AcDbEntity
  8
0
  6
502
 62
   253
420
 11645361
370
    18
100
AcDbLine
 10
3318867.217924
 20
5810147.405233
 30
0.0
 11
3318868.701315
 21
5810148.767893
 31
0.0
  0
LINE
  5
11F
330
EE
100
AcDbEntity
  8
0
  6
502
 62
   253
420
 11645361
370
    18
100
AcDbLine
 10
3318868.701315
 20
5810148.767893
 30
0.0
 11
3318868.701315
 21
5810148.767893
 31
0.0
  0
LINE
  5
120
330
EE
100
AcDbEntity
  8
0
  6
502
 62
   253
420
 11645361
370
    18
100
AcDbLine
 10
3318867.251722
 20
5810148.25101
 30
0.0
 11
3318867.853549
 21
5810148.803855
 31
0.0
  0
LINE
  5
121
330
EE
100
AcDbEntity
  8
0
  6
502
 62
   253
420
 11645361
370
    18
100
AcDbLine
 10
3318867.853549
 20
5810148.803855
 30
0.0
 11
3318867.853549
 21
5810148.803855
 31
0.0
  0
LINE
  5
122
330
EE
100
AcDbEntity
  8
0
  6
502
 62
   253
420
 11645361
370
    18
100
AcDbLine
 10
3318885.613923
 20
5810147.492249
 30
0.0
 11
3318885.080354
 21
5810148.073092
 31
0.0
  0
LINE
  5
123
330
EE
100
AcDbEntity
  8
0
  6
502
 62
   253
420
 11645361
370
    18
100
AcDbLine
 10
3318885.080354
 20
5810148.073092
 30
0.0
 11
3318885.080354
 21
5810148.073092
 31
0.0
  0
LINE
  5
124
330
EE
100
AcDbEntity
  8
0
  6
502
 62
   253
420
 11645361
370
    18
100
AcDbLine
 10
3318885.57796
 20
5810146.644484
 30
0.0
 11
3318884.232588
 21
5810148.109054
 31
0.0
  0
LINE
  5
125
330
EE
100
AcDbEntity
  8
0
  6
502
 62
   253
420
 11645361
370
    18
100
AcDbLine
 10
3318884.232588
 20
5810148.109054
 30
0.0
 11
3318884.232588
 21
5810148.109054
 31
0.0
  0
LINE
  5
126
330
EE
100
AcDbEntity
  8
0
  6
502
 62
   253
420
 11645361
370
    18
100
AcDbLine
 10
3318885.541998
 20
5810145.796718
 30
0.0
 11
3318883.384823
 21
5810148.145016
 31
0.0
  0
LINE
  5
127
330
EE
100
AcDbEntity
  8
0
  6
502
 62
   253
420
 11645361
370
    18
100
AcDbLine
 10
3318883.384823
 20
5810148.145016
 30
0.0
 11
3318883.384823
 21
5810148.145016
 31
0.0
  0
LINE
  5
128
330
EE
100
AcDbEntity
  8
0
  6
502
 62
   253
420
 11645361
370
    18
100
AcDbLine
 10
3318885.506035
 20
5810144.948952
 30
0.0
 11
3318882.537057
 21
5810148.180979
 31
0.0
  0
LINE
  5
129
330
EE
100
AcDbEntity
  8
0
  6
502
 62
   253
420
 11645361
370
    18
100
AcDbLine
 10
3318882.537057
 20
5810148.180979
 30
0.0
 11
3318882.537057
 21
5810148.180979
 31
0.0
  0
LINE
  5
12A
330
EE
100
AcDbEntity
  8
0
  6
502
 62
   253
420
 11645361
370
    18
100
AcDbLine
 10
3318885.470073
 20
5810144.101187
 30
0.0
 11
3318881.689291
 21
5810148.216941
 31
0.0
  0
LINE
  5
12B
330
EE
100
AcDbEntity
  8
0
  6
502
 62
   253
420
 11645361
370
    18
100
AcDbLine
 10
3318881.689291
 20
5810148.216941
 30
0.0
 11
3318881.689291
 21
5810148.216941
 31
0.0
  0
LINE
  5
12C
330
EE
100
AcDbEntity
  8
0
  6
502
 62
   253
420
 11645361
370
    18
100
AcDbLine
 10
3318885.434111
 20
5810143.253421
 30
0.0
 11
3318880.841525
 21
5810148.252903
 31
0.0
  0
LINE
  5
12D
330
EE
100
AcDbEntity
  8
0
  6
502
 62
   253
420
 11645361
370
    18
100
AcDbLine
 10
3318885.398148
 20
5810142.405655
 30
0.0
 11
3318879.99376
 21
5810148.288866
 31
0.0
  0
LINE
  5
12E
330
EE
100
AcDbEntity
  8
0
  6
502
 62
   253
420
 11645361
370
    18
100
AcDbLine
 10
3318885.362186
 20
5810141.55789
 30
0.0
 11
3318879.145994
 21
5810148.324828
 31
0.0
  0
LINE
  5
12F
330
EE
100
AcDbEntity
  8
0
  6
502
 62
   253
420
 11645361
370
    18
100
AcDbLine
 10
3318885.326224
 20
5810140.710124
 30
0.0
 11
3318878.298228
 21
5810148.36079
 31
0.0
  0
LINE
  5
130
330
EE
100
AcDbEntity
  8
0
  6
502
 62
   253
420
 11645361
370
    18
100
AcDbLine
 10
3318885.290261
 20
5810139.862358
 30
0.0
 11
3318877.450462
 21
5810148.396753
 31
0.0
  0
LINE
  5
131
330
EE
100
AcDbEntity
  8
0
  6
502
 62
   253
420
 11645361
370
    18
100
AcDbLine
 10
3318885.254299
 20
5810139.014592
 30
0.0
 11
3318876.602697
 21
5810148.432715
 31
0.0
  0
LINE
  5
132
330
EE
100
AcDbEntity
  8
0
  6
502
 62
   253
420
 11645361
370
    18
100
AcDbLine
 10
3318885.218337
 20
5810138.166827
 30
0.0
 11
3318875.754931
 21
5810148.468678
 31
0.0
  0
LINE
  5
133
330
EE
100
AcDbEntity
  8
0
  6
502
 62
   253
420
 11645361
370
    18
100
AcDbLine
 10
3318885.182374
 20
5810137.319061
 30
0.0
 11
3318874.907165
 21
5810148.50464
 31
0.0
  0
LINE
  5
134
330
EE
100
AcDbEntity
  8
0
  6
502
 62
   253
420
 11645361
370
    18
100
AcDbLine
 10
3318885.146412
 20
5810136.471295
 30
0.0
 11
3318874.0594
 21
5810148.540602
 31
0.0
  0
LINE
  5
135
330
EE
100
AcDbEntity
  8
0
  6
502
 62
   253
420
 11645361
370
    18
100
AcDbLine
 10
3318885.110449
 20
5810135.62353
 30
0.0
 11
3318873.211634
 21
5810148.576565
 31
0.0
  0
LINE
  5
136
330
EE
100
AcDbEntity
  8
0
  6
502
 62
   253
420
 11645361
370
    18
100
AcDbLine
 10
3318885.074487
 20
5810134.775764
 30
0.0
 11
3318872.363868
 21
5810148.612527
 31
0.0
  0
LINE
  5
137
330
EE
100
AcDbEntity
  8
0
  6
502
 62
   253
420
 11645361
370
    18
100
AcDbLine
 10
3318885.038525
 20
5810133.927998
 30
0.0
 11
3318871.516102
 21
5810148.648489
 31
0.0
  0
LINE
  5
138
330
EE
100
AcDbEntity
  8
0
  6
502
 62
   253
420
 11645361
370
    18
100
AcDbLine
 10
3318885.002562
 20
5810133.080233
 30
0.0
 11
3318870.668337
 21
5810148.684452
 31
0.0
  0
LINE
  5
139
330
EE
100
AcDbEntity
  8
0
  6
502
 62
   253
420
 11645361
370
    18
100
AcDbLine
 10
3318884.9666
 20
5810132.232467
 30
0.0
 11
3318869.820571
 21
5810148.720414
 31
0.0
  0
LINE
  5
13A
330
EE
100
AcDbEntity
  8
0
  6
502
 62
   253
420
 11645361
370
    18
100
AcDbLine
 10
3318884.930638
 20
5810131.384701
 30
0.0
 11
3318868.972805
 21
5810148.756376
 31
0.0
  0
LINE
  5
13B
330
EE
100
AcDbEntity
  8
0
  6
502
 62
   253
420
 11645361
370
    18
100
AcDbLine
 10
3318868.972805
 20
5810148.756376
 30
0.0
 11
3318868.972805
 21
5810148.756376
 31
0.0
  0
LINE
  5
13C
330
EE
100
AcDbEntity
  8
0
  6
502
 62
   253
420
 11645361
370
    18
100
AcDbLine
 10
3318884.894675
 20
5810130.536935
 30
0.0
 11
3318868.125039
 21
5810148.792339
 31
0.0
  0
LINE
  5
13D
330
EE
100
AcDbEntity
  8
0
  6
502
 62
   253
420
 11645361
370
    18
100
AcDbLine
 10
3318868.125039
 20
5810148.792339
 30
0.0
 11
3318868.125039
 21
5810148.792339
 31
0.0
  0
LINE
  5
13E
330
EE
100
AcDbEntity
  8
0
  6
502
 62
   253
420
 11645361
370
    18
100
AcDbLine
 10
3318884.085805
 20
5810130.530557
 30
0.0
 11
3318867.277274
 21
5810148.828301
 31
0.0
  0
LINE
  5
13F
330
EE
100
AcDbEntity
  8
0
  6
502
 62
   253
420
 11645361
370
    18
100
AcDbLine
 10
3318867.277274
 20
5810148.828301
 30
0.0
 11
3318867.277274
 21
5810148.828301
 31
0.0
  0
LINE
  5
140
330
EE
100
AcDbEntity
  8
0
  6
502
 62
   253
420
 11645361
370
    18
100
AcDbLine
 10
3318883.238039
 20
5810130.566519
 30
0.0
 11
3318867.24093
 21
5810147.98095
 31
0.0
  0
LINE
  5
141
330
EE
100
AcDbEntity
  8
0
  6
502
 62
   253
420
 11645361
370
    18
100
AcDbLine
 10
3318882.390273
 20
5810130.602481
 30
0.0
 11
3318867.206966
 21
5810147.13101
 31
0.0
  0
LINE
  5
142
330
EE
100
AcDbEntity
  8
0
  6
502
 62
   253
420
 11645361
370
    18
100
AcDbLine
 10
3318881.542508
 20
5810130.638444
 30
0.0
 11
3318867.173002
 21
5810146.281069
 31
0.0
  0
LINE
  5
143
330
EE
100
AcDbEntity
  8
0
  6
502
 62
   253
420
 11645361
370
    18
100
AcDbLine
 10
3318880.694742
 20
5810130.674406
 30
0.0
 11
3318867.139037
 21
5810145.431128
 31
0.0
  0
LINE
  5
144
330
EE
100
AcDbEntity
  8
0
  6
502
 62
   253
420
 11645361
370
    18
100
AcDbLine
 10
3318879.846976
 20
5810130.710368
 30
0.0
 11
3318867.105073
 21
5810144.581187
 31
0.0
  0
LINE
  5
145
330
EE
100
AcDbEntity
  8
0
  6
502
 62
   253
420
 11645361
370
    18
100
AcDbLine
 10
3318878.99921
 20
5810130.746331
 30
0.0
 11
3318867.071109
 21
5810143.731246
 31
0.0
  0
LINE
  5
146
330
EE
100
AcDbEntity
  8
0
  6
502
 62
   253
420
 11645361
370
    18
100
AcDbLine
 10
3318878.151445
 20
5810130.782293
 30
0.0
 11
3318867.037144
 21
5810142.881306
 31
0.0
  0
LINE
  5
147
330
EE
100
AcDbEntity
  8
0
  6
502
 62
   253
420
 11645361
370
    18
100
AcDbLine
 10
3318877.303679
 20
5810130.818255
 30
0.0
 11
3318867.00318
 21
5810142.031365
 31
0.0
  0
LINE
  5
148
330
EE
100
AcDbEntity
  8
0
  6
502
 62
   253
420
 11645361
370
    18
100
AcDbLine
 10
3318876.455913
 20
5810130.854218
 30
0.0
 11
3318866.969216
 21
5810141.181424
 31
0.0
  0
LINE
  5
149
330
EE
100
AcDbEntity
  8
0
  6
502
 62
   253
420
 11645361
370
    18
100
AcDbLine
 10
3318875.608147
 20
5810130.89018
 30
0.0
 11
3318866.935251
 21
5810140.331483
 31
0.0
  0
LINE
  5
14A
330
EE
100
AcDbEntity
  8
0
  6
502
 62
   253
420
 11645361
370
    18
100
AcDbLine
 10
3318874.760382
 20
5810130.926143
 30
0.0
 11
3318866.901287
 21
5810139.481543
 31
0.0
  0
LINE
  5
14B
330
EE
100
AcDbEntity
  8
0
  6
502
 62
   253
420
 11645361
370
    18
100
AcDbLine
 10
3318873.912616
 20
5810130.962105
 30
0.0
 11
3318866.867323
 21
5810138.631602
 31
0.0
  0
LINE
  5
14C
330
EE
100
AcDbEntity
  8
0
  6
502
 62
   253
420
 11645361
370
    18
100
AcDbLine
 10
3318873.06485
 20
5810130.998067
 30
0.0
 11
3318866.833359
 21
5810137.781661
 31
0.0
  0
LINE
  5
14D
330
EE
100
AcDbEntity
  8
0
  6
502
 62
   253
420
 11645361
370
    18
100
AcDbLine
 10
3318872.217085
 20
5810131.03403
 30
0.0
 11
3318866.799394
 21
5810136.93172
 31
0.0
  0
LINE
  5
14E
330
EE
100
AcDbEntity
  8
0
  6
502
 62
   253
420
 11645361
370
    18
100
AcDbLine
 10
3318871.369319
 20
5810131.069992
 30
0.0
 11
3318866.76543
 21
5810136.081779
 31
0.0
  0
LINE
  5
14F
330
EE
100
AcDbEntity
  8
0
  6
502
 62
   253
420
 11645361
370
    18
100
AcDbLine
 10
3318870.521553
 20
5810131.105954
 30
0.0
 11
3318866.731466
 21
5810135.231839
 31
0.0
  0
LINE
  5
150
330
EE
100
AcDbEntity
  8
0
  6
502
 62
   253
420
 11645361
370
    18
100
AcDbLine
 10
3318869.673787
 20
5810131.141917
 30
0.0
 11
3318866.697501
 21
5810134.381898
 31
0.0
  0
LINE
  5
151
330
EE
100
AcDbEntity
  8
0
  6
502
 62
   253
420
 11645361
370
    18
100
AcDbLine
 10
3318868.826022
 20
5810131.177879
 30
0.0
 11
3318866.663537
 21
5810133.531957
 31
0.0
  0
LINE
  5
152
330
EE
100
AcDbEntity
  8
0
  6
502
 62
   253
420
 11645361
370
    18
100
AcDbLine
 10
3318867.978256
 20
5810131.213841
 30
0.0
 11
3318866.629573
 21
5810132.682016
 31
0.0
  0
LINE
  5
153
330
EE
100
AcDbEntity
  8
0
  6
502
 62
   253
420
 11645361
370
    18
100
AcDbLine
 10
3318867.13049
 20
5810131.249804
 30
0.0
 11
3318866.595608
 21
5810131.832075
 31
0.0
  0
ENDBLK
  5
154
330
EE
100
AcDbEntity
  8
0
 62
     0
100
AcDbBlockEnd
  0
BLOCK
  5
157
330
156
100
AcDbEntity
  8
0
 62
     0
100
AcDbBlockBegin
  2
*X3
 70
     1
 10
0.0
 20
0.0
 30
0.0
  3
*X3
  1

  0
LINE
  5
158
330
156
100
AcDbEntity
  8
0
  6
502
 62
   253
420
 11645361
370
    18
100
AcDbLine
 10
3318864.741222
 20
5810106.114346
 30
0.0
 11
3318865.408051
 21
5810106.72884
 31
0.0
  0
LINE
  5
159
330
156
100
AcDbEntity
  8
0
  6
502
 62
   253
420
 11645361
370
    18
100
AcDbLine
 10
3318864.034783
 20
5810106.143276
 30
0.0
 11
3318865.437671
 21
5810107.43606
 31
0.0
  0
LINE
  5
15A
330
156
100
AcDbEntity
  8
0
  6
502
 62
   253
420
 11645361
370
    18
100
AcDbLine
 10
3318863.328344
 20
5810106.172206
 30
0.0
 11
3318865.467291
 21
5810108.14328
 31
0.0
  0
LINE
  5
15B
330
156
100
AcDbEntity
  8
0
  6
502
 62
   253
420
 11645361
370
    18
100
AcDbLine
 10
3318862.621905
 20
5810106.201136
 30
0.0
 11
3318865.496912
 21
5810108.850501
 31
0.0
  0
LINE
  5
15C
330
156
100
AcDbEntity
  8
0
  6
502
 62
   253
420
 11645361
370
    18
100
AcDbLine
 10
3318861.915466
 20
5810106.230065
 30
0.0
 11
3318865.526532
 21
5810109.557721
 31
0.0
  0
LINE
  5
15D
330
156
100
AcDbEntity
  8
0
  6
502
 62
   253
420
 11645361
370
    18
100
AcDbLine
 10
3318861.209027
 20
5810106.258995
 30
0.0
 11
3318865.556152
 21
5810110.264942
 31
0.0
  0
LINE
  5
15E
330
156
100
AcDbEntity
  8
0
  6
502
 62
   253
420
 11645361
370
    18
100
AcDbLine
 10
3318860.502588
 20
5810106.287925
 30
0.0
 11
3318865.585772
 21
5810110.972162
 31
0.0
  0
LINE
  5
15F
330
156
100
AcDbEntity
  8
0
  6
502
 62
   253
420
 11645361
370
    18
100
AcDbLine
 10
3318859.796148
 20
5810106.316855
 30
0.0
 11
3318865.615392
 21
5810111.679383
 31
0.0
  0
LINE
  5
160
330
156
100
AcDbEntity
  8
0
  6
502
 62
   253
420
 11645361
370
    18
100
AcDbLine
 10
3318859.089709
 20
5810106.345785
 30
0.0
 11
3318865.645012
 21
5810112.386603
 31
0.0
  0
LINE
  5
161
330
156
100
AcDbEntity
  8
0
  6
502
 62
   253
420
 11645361
370
    18
100
AcDbLine
 10
3318858.38327
 20
5810106.374715
 30
0.0
 11
3318865.674632
 21
5810113.093824
 31
0.0
  0
LINE
  5
162
330
156
100
AcDbEntity
  8
0
  6
502
 62
   253
420
 11645361
370
    18
100
AcDbLine
 10
3318857.676831
 20
5810106.403645
 30
0.0
 11
3318865.704252
 21
5810113.801044
 31
0.0
  0
LINE
  5
163
330
156
100
AcDbEntity
  8
0
  6
502
 62
   253
420
 11645361
370
    18
100
AcDbLine
 10
3318856.970392
 20
5810106.432575
 30
0.0
 11
3318865.733872
 21
5810114.508264
 31
0.0
  0
LINE
  5
164
330
156
100
AcDbEntity
  8
0
  6
502
 62
   253
420
 11645361
370
    18
100
AcDbLine
 10
3318856.263953
 20
5810106.461505
 30
0.0
 11
3318865.763493
 21
5810115.215485
 31
0.0
  0
LINE
  5
165
330
156
100
AcDbEntity
  8
0
  6
502
 62
   253
420
 11645361
370
    18
100
AcDbLine
 10
3318855.557514
 20
5810106.490435
 30
0.0
 11
3318865.793113
 21
5810115.922705
 31
0.0
  0
LINE
  5
166
330
156
100
AcDbEntity
  8
0
  6
502
 62
   253
420
 11645361
370
    18
100
AcDbLine
 10
3318854.851075
 20
5810106.519364
 30
0.0
 11
3318865.822733
 21
5810116.629926
 31
0.0
  0
LINE
  5
167
330
156
100
AcDbEntity
  8
0
  6
502
 62
   253
420
 11645361
370
    18
100
AcDbLine
 10
3318854.144635
 20
5810106.548294
 30
0.0
 11
3318865.852353
 21
5810117.337146
 31
0.0
  0
LINE
  5
168
330
156
100
AcDbEntity
  8
0
  6
502
 62
   253
420
 11645361
370
    18
100
AcDbLine
 10
3318853.438196
 20
5810106.577224
 30
0.0
 11
3318865.881973
 21
5810118.044367
 31
0.0
  0
LINE
  5
169
330
156
100
AcDbEntity
  8
0
  6
502
 62
   253
420
 11645361
370
    18
100
AcDbLine
 10
3318852.731757
 20
5810106.606154
 30
0.0
 11
3318865.911593
 21
5810118.751587
 31
0.0
  0
LINE
  5
16A
330
156
100
AcDbEntity
  8
0
  6
502
 62
   253
420
 11645361
370
    18
100
AcDbLine
 10
3318852.025318
 20
5810106.635084
 30
0.0
 11
3318865.941213
 21
5810119.458807
 31
0.0
  0
LINE
  5
16B
330
156
100
AcDbEntity
  8
0
  6
502
 62
   253
420
 11645361
370
    18
100
AcDbLine
 10
3318851.318879
 20
5810106.664014
 30
0.0
 11
3318865.970833
 21
5810120.166028
 31
0.0
  0
LINE
  5
16C
330
156
100
AcDbEntity
  8
0
  6
502
 62
   253
420
 11645361
370
    18
100
AcDbLine
 10
3318850.61244
 20
5810106.692944
 30
0.0
 11
3318866.000453
 21
5810120.873248
 31
0.0
  0
LINE
  5
16D
330
156
100
AcDbEntity
  8
0
  6
502
 62
   253
420
 11645361
370
    18
100
AcDbLine
 10
3318849.906001
 20
5810106.721874
 30
0.0
 11
3318866.030073
 21
5810121.580469
 31
0.0
  0
LINE
  5
16E
330
156
100
AcDbEntity
  8
0
  6
502
 62
   253
420
 11645361
370
    18
100
AcDbLine
 10
3318849.199561
 20
5810106.750804
 30
0.0
 11
3318866.059694
 21
5810122.287689
 31
0.0
  0
LINE
  5
16F
330
156
100
AcDbEntity
  8
0
  6
502
 62
   253
420
 11645361
370
    18
100
AcDbLine
 10
3318848.493122
 20
5810106.779733
 30
0.0
 11
3318866.089314
 21
5810122.99491
 31
0.0
  0
LINE
  5
170
330
156
100
AcDbEntity
  8
0
  6
502
 62
   253
420
 11645361
370
    18
100
AcDbLine
 10
3318847.786683
 20
5810106.808663
 30
0.0
 11
3318866.037053
 21
5810123.626676
 31
0.0
  0
LINE
  5
171
330
156
100
AcDbEntity
  8
0
  6
502
 62
   253
420
 11645361
370
    18
100
AcDbLine
 10
3318847.080244
 20
5810106.837593
 30
0.0
 11
3318865.330536
 21
5810123.655533
 31
0.0
  0
LINE
  5
172
330
156
100
AcDbEntity
  8
0
  6
502
 62
   253
420
 11645361
370
    18
100
AcDbLine
 10
3318847.07322
 20
5810107.511046
 30
0.0
 11
3318864.624018
 21
5810123.684391
 31
0.0
  0
LINE
  5
173
330
156
100
AcDbEntity
  8
0
  6
502
 62
   253
420
 11645361
370
    18
100
AcDbLine
 10
3318847.101795
 20
5810108.217302
 30
0.0
 11
3318863.9175
 21
5810123.713248
 31
0.0
  0
LINE
  5
174
330
156
100
AcDbEntity
  8
0
  6
502
 62
   253
420
 11645361
370
    18
100
AcDbLine
 10
3318847.130369
 20
5810108.923559
 30
0.0
 11
3318863.210983
 21
5810123.742106
 31
0.0
  0
LINE
  5
175
330
156
100
AcDbEntity
  8
0
  6
502
 62
   253
420
 11645361
370
    18
100
AcDbLine
 10
3318847.158943
 20
5810109.629816
 30
0.0
 11
3318862.504465
 21
5810123.770963
 31
0.0
  0
LINE
  5
176
330
156
100
AcDbEntity
  8
0
  6
502
 62
   253
420
 11645361
370
    18
100
AcDbLine
 10
3318847.187517
 20
5810110.336072
 30
0.0
 11
3318861.849189
 21
5810123.847041
 31
0.0
  0
LINE
  5
177
330
156
100
AcDbEntity
  8
0
  6
502
 62
   253
420
 11645361
370
    18
100
AcDbLine
 10
3318847.216091
 20
5810111.042329
 30
0.0
 11
3318861.878046
 21
5810124.553559
 31
0.0
  0
LINE
  5
178
330
156
100
AcDbEntity
  8
0
  6
502
 62
   253
420
 11645361
370
    18
100
AcDbLine
 10
3318847.244665
 20
5810111.748585
 30
0.0
 11
3318861.854058
 21
5810125.211378
 31
0.0
  0
LINE
  5
179
330
156
100
AcDbEntity
  8
0
  6
502
 62
   253
420
 11645361
370
    18
100
AcDbLine
 10
3318847.273239
 20
5810112.454842
 30
0.0
 11
3318861.148711
 21
5810125.241314
 31
0.0
  0
LINE
  5
17A
330
156
100
AcDbEntity
  8
0
  6
502
 62
   253
420
 11645361
370
    18
100
AcDbLine
 10
3318847.301813
 20
5810113.161098
 30
0.0
 11
3318860.443364
 21
5810125.27125
 31
0.0
  0
LINE
  5
17B
330
156
100
AcDbEntity
  8
0
  6
502
 62
   253
420
 11645361
370
    18
100
AcDbLine
 10
3318847.330388
 20
5810113.867355
 30
0.0
 11
3318859.738017
 21
5810125.301187
 31
0.0
  0
LINE
  5
17C
330
156
100
AcDbEntity
  8
0
  6
502
 62
   253
420
 11645361
370
    18
100
AcDbLine
 10
3318847.358962
 20
5810114.573611
 30
0.0
 11
3318859.03267
 21
5810125.331123
 31
0.0
  0
LINE
  5
17D
330
156
100
AcDbEntity
  8
0
  6
502
 62
   253
420
 11645361
370
    18
100
AcDbLine
 10
3318847.387536
 20
5810115.279868
 30
0.0
 11
3318858.327323
 21
5810125.36106
 31
0.0
  0
LINE
  5
17E
330
156
100
AcDbEntity
  8
0
  6
502
 62
   253
420
 11645361
370
    18
100
AcDbLine
 10
3318847.41611
 20
5810115.986125
 30
0.0
 11
3318857.621976
 21
5810125.390996
 31
0.0
  0
LINE
  5
17F
330
156
100
AcDbEntity
  8
0
  6
502
 62
   253
420
 11645361
370
    18
100
AcDbLine
 10
3318847.444684
 20
5810116.692381
 30
0.0
 11
3318856.916629
 21
5810125.420932
 31
0.0
  0
LINE
  5
180
330
156
100
AcDbEntity
  8
0
  6
502
 62
   253
420
 11645361
370
    18
100
AcDbLine
 10
3318847.473258
 20
5810117.398638
 30
0.0
 11
3318856.211282
 21
5810125.450869
 31
0.0
  0
LINE
  5
181
330
156
100
AcDbEntity
  8
0
  6
502
 62
   253
420
 11645361
370
    18
100
AcDbLine
 10
3318847.501832
 20
5810118.104894
 30
0.0
 11
3318855.505935
 21
5810125.480805
 31
0.0
  0
LINE
  5
182
330
156
100
AcDbEntity
  8
0
  6
502
 62
   253
420
 11645361
370
    18
100
AcDbLine
 10
3318847.530406
 20
5810118.811151
 30
0.0
 11
3318854.800588
 21
5810125.510741
 31
0.0
  0
LINE
  5
183
330
156
100
AcDbEntity
  8
0
  6
502
 62
   253
420
 11645361
370
    18
100
AcDbLine
 10
3318847.558981
 20
5810119.517407
 30
0.0
 11
3318854.095241
 21
5810125.540678
 31
0.0
  0
LINE
  5
184
330
156
100
AcDbEntity
  8
0
  6
502
 62
   253
420
 11645361
370
    18
100
AcDbLine
 10
3318847.587555
 20
5810120.223664
 30
0.0
 11
3318853.389894
 21
5810125.570614
 31
0.0
  0
LINE
  5
185
330
156
100
AcDbEntity
  8
0
  6
502
 62
   253
420
 11645361
370
    18
100
AcDbLine
 10
3318847.616129
 20
5810120.92992
 30
0.0
 11
3318852.684547
 21
5810125.60055
 31
0.0
  0
LINE
  5
186
330
156
100
AcDbEntity
  8
0
  6
502
 62
   253
420
 11645361
370
    18
100
AcDbLine
 10
3318847.644703
 20
5810121.636177
 30
0.0
 11
3318851.9792
 21
5810125.630487
 31
0.0
  0
LINE
  5
187
330
156
100
AcDbEntity
  8
0
  6
502
 62
   253
420
 11645361
370
    18
100
AcDbLine
 10
3318847.673277
 20
5810122.342433
 30
0.0
 11
3318851.273853
 21
5810125.660423
 31
0.0
  0
LINE
  5
188
330
156
100
AcDbEntity
  8
0
  6
502
 62
   253
420
 11645361
370
    18
100
AcDbLine
 10
3318847.701851
 20
5810123.04869
 30
0.0
 11
3318850.568506
 21
5810125.690359
 31
0.0
  0
LINE
  5
189
330
156
100
AcDbEntity
  8
0
  6
502
 62
   253
420
 11645361
370
    18
100
AcDbLine
 10
3318847.730425
 20
5810123.754947
 30
0.0
 11
3318849.863159
 21
5810125.720296
 31
0.0
  0
LINE
  5
18A
330
156
100
AcDbEntity
  8
0
  6
502
 62
   253
420
 11645361
370
    18
100
AcDbLine
 10
3318847.758999
 20
5810124.461203
 30
0.0
 11
3318849.157812
 21
5810125.750232
 31
0.0
  0
LINE
  5
18B
330
156
100
AcDbEntity
  8
0
  6
502
 62
   253
420
 11645361
370
    18
100
AcDbLine
 10
3318847.787574
 20
5810125.16746
 30
0.0
 11
3318848.452465
 21
5810125.780168
 31
0.0
  0
LINE
  5
18C
330
156
100
AcDbEntity
  8
0
  6
502
 62
   253
420
 11645361
370
    18
100
AcDbLine
 10
3318866.089111
 20
5810122.99006
 30
0.0
 11
3318865.48155
 21
5810123.649365
 31
0.0
  0
LINE
  5
18D
330
156
100
AcDbEntity
  8
0
  6
502
 62
   253
420
 11645361
370
    18
100
AcDbLine
 10
3318866.059552
 20
5810122.284303
 30
0.0
 11
3318864.775032
 21
5810123.678223
 31
0.0
  0
LINE
  5
18E
330
156
100
AcDbEntity
  8
0
  6
502
 62
   253
420
 11645361
370
    18
100
AcDbLine
 10
3318866.029993
 20
5810121.578546
 30
0.0
 11
3318864.068514
 21
5810123.70708
 31
0.0
  0
LINE
  5
18F
330
156
100
AcDbEntity
  8
0
  6
502
 62
   253
420
 11645361
370
    18
100
AcDbLine
 10
3318866.000434
 20
5810120.87279
 30
0.0
 11
3318863.361997
 21
5810123.735938
 31
0.0
  0
LINE
  5
190
330
156
100
AcDbEntity
  8
0
  6
502
 62
   253
420
 11645361
370
    18
100
AcDbLine
 10
3318865.970875
 20
5810120.167033
 30
0.0
 11
3318862.655479
 21
5810123.764795
 31
0.0
  0
LINE
  5
191
330
156
100
AcDbEntity
  8
0
  6
502
 62
   253
420
 11645361
370
    18
100
AcDbLine
 10
3318861.880193
 20
5810124.606111
 30
0.0
 11
3318861.300791
 21
5810125.23486
 31
0.0
  0
LINE
  5
192
330
156
100
AcDbEntity
  8
0
  6
502
 62
   253
420
 11645361
370
    18
100
AcDbLine
 10
3318865.941317
 20
5810119.461276
 30
0.0
 11
3318861.948961
 21
5810123.793653
 31
0.0
  0
LINE
  5
193
330
156
100
AcDbEntity
  8
0
  6
502
 62
   253
420
 11645361
370
    18
100
AcDbLine
 10
3318861.851335
 20
5810123.899593
 30
0.0
 11
3318860.593191
 21
5810125.264892
 31
0.0
  0
LINE
  5
194
330
156
100
AcDbEntity
  8
0
  6
502
 62
   253
420
 11645361
370
    18
100
AcDbLine
 10
3318865.911758
 20
5810118.75552
 30
0.0
 11
3318859.885591
 21
5810125.294923
 31
0.0
  0
LINE
  5
195
330
156
100
AcDbEntity
  8
0
  6
502
 62
   253
420
 11645361
370
    18
100
AcDbLine
 10
3318865.882199
 20
5810118.049763
 30
0.0
 11
3318859.177991
 21
5810125.324955
 31
0.0
  0
LINE
  5
196
330
156
100
AcDbEntity
  8
0
  6
502
 62
   253
420
 11645361
370
    18
100
AcDbLine
 10
3318865.85264
 20
5810117.344006
 30
0.0
 11
3318858.470391
 21
5810125.354987
 31
0.0
  0
LINE
  5
197
330
156
100
AcDbEntity
  8
0
  6
502
 62
   253
420
 11645361
370
    18
100
AcDbLine
 10
3318865.823081
 20
5810116.63825
 30
0.0
 11
3318857.762791
 21
5810125.385019
 31
0.0
  0
LINE
  5
198
330
156
100
AcDbEntity
  8
0
  6
502
 62
   253
420
 11645361
370
    18
100
AcDbLine
 10
3318865.793523
 20
5810115.932493
 30
0.0
 11
3318857.055191
 21
5810125.415051
 31
0.0
  0
LINE
  5
199
330
156
100
AcDbEntity
  8
0
  6
502
 62
   253
420
 11645361
370
    18
100
AcDbLine
 10
3318865.763964
 20
5810115.226736
 30
0.0
 11
3318856.347591
 21
5810125.445083
 31
0.0
  0
LINE
  5
19A
330
156
100
AcDbEntity
  8
0
  6
502
 62
   253
420
 11645361
370
    18
100
AcDbLine
 10
3318865.734405
 20
5810114.52098
 30
0.0
 11
3318855.639991
 21
5810125.475115
 31
0.0
  0
LINE
  5
19B
330
156
100
AcDbEntity
  8
0
  6
502
 62
   253
420
 11645361
370
    18
100
AcDbLine
 10
3318865.704846
 20
5810113.815223
 30
0.0
 11
3318854.932391
 21
5810125.505147
 31
0.0
  0
LINE
  5
19C
330
156
100
AcDbEntity
  8
0
  6
502
 62
   253
420
 11645361
370
    18
100
AcDbLine
 10
3318865.675287
 20
5810113.109466
 30
0.0
 11
3318854.224791
 21
5810125.535179
 31
0.0
  0
LINE
  5
19D
330
156
100
AcDbEntity
  8
0
  6
502
 62
   253
420
 11645361
370
    18
100
AcDbLine
 10
3318865.645729
 20
5810112.40371
 30
0.0
 11
3318853.517191
 21
5810125.565211
 31
0.0
  0
LINE
  5
19E
330
156
100
AcDbEntity
  8
0
  6
502
 62
   253
420
 11645361
370
    18
100
AcDbLine
 10
3318865.61617
 20
5810111.697953
 30
0.0
 11
3318852.809591
 21
5810125.595243
 31
0.0
  0
LINE
  5
19F
330
156
100
AcDbEntity
  8
0
  6
502
 62
   253
420
 11645361
370
    18
100
AcDbLine
 10
3318865.586611
 20
5810110.992196
 30
0.0
 11
3318852.101991
 21
5810125.625275
 31
0.0
  0
LINE
  5
1A0
330
156
100
AcDbEntity
  8
0
  6
502
 62
   253
420
 11645361
370
    18
100
AcDbLine
 10
3318865.557052
 20
5810110.28644
 30
0.0
 11
3318851.394391
 21
5810125.655307
 31
0.0
  0
LINE
  5
1A1
330
156
100
AcDbEntity
  8
0
  6
502
 62
   253
420
 11645361
370
    18
100
AcDbLine
 10
3318865.527493
 20
5810109.580683
 30
0.0
 11
3318850.686791
 21
5810125.685339
 31
0.0
  0
LINE
  5
1A2
330
156
100
AcDbEntity
  8
0
  6
502
 62
   253
420
 11645361
370
    18
100
AcDbLine
 10
3318865.497935
 20
5810108.874926
 30
0.0
 11
3318849.979191
 21
5810125.715371
 31
0.0
  0
LINE
  5
1A3
330
156
100
AcDbEntity
  8
0
  6
502
 62
   253
420
 11645361
370
    18
100
AcDbLine
 10
3318865.468376
 20
5810108.16917
 30
0.0
 11
3318849.271591
 21
5810125.745403
 31
0.0
  0
LINE
  5
1A4
330
156
100
AcDbEntity
  8
0
  6
502
 62
   253
420
 11645361
370
    18
100
AcDbLine
 10
3318865.438817
 20
5810107.463413
 30
0.0
 11
3318848.563991
 21
5810125.775435
 31
0.0
  0
LINE
  5
1A5
330
156
100
AcDbEntity
  8
0
  6
502
 62
   253
420
 11645361
370
    18
100
AcDbLine
 10
3318865.409258
 20
5810106.757656
 30
0.0
 11
3318847.856391
 21
5810125.805467
 31
0.0
  0
LINE
  5
1A6
330
156
100
AcDbEntity
  8
0
  6
502
 62
   253
420
 11645361
370
    18
100
AcDbLine
 10
3318865.344937
 20
5810106.089623
 30
0.0
 11
3318847.786599
 21
5810125.14337
 31
0.0
  0
LINE
  5
1A7
330
156
100
AcDbEntity
  8
0
  6
502
 62
   253
420
 11645361
370
    18
100
AcDbLine
 10
3318864.638347
 20
5810106.118559
 30
0.0
 11
3318847.758003
 21
5810124.436569
 31
0.0
  0
LINE
  5
1A8
330
156
100
AcDbEntity
  8
0
  6
502
 62
   253
420
 11645361
370
    18
100
AcDbLine
 10
3318863.931757
 20
5810106.147495
 30
0.0
 11
3318847.729407
 21
5810123.729768
 31
0.0
  0
LINE
  5
1A9
330
156
100
AcDbEntity
  8
0
  6
502
 62
   253
420
 11645361
370
    18
100
AcDbLine
 10
3318863.225167
 20
5810106.176431
 30
0.0
 11
3318847.70081
 21
5810123.022967
 31
0.0
  0
LINE
  5
1AA
330
156
100
AcDbEntity
  8
0
  6
502
 62
   253
420
 11645361
370
    18
100
AcDbLine
 10
3318862.518577
 20
5810106.205367
 30
0.0
 11
3318847.672214
 21
5810122.316165
 31
0.0
  0
LINE
  5
1AB
330
156
100
AcDbEntity
  8
0
  6
502
 62
   253
420
 11645361
370
    18
100
AcDbLine
 10
3318861.811987
 20
5810106.234303
 30
0.0
 11
3318847.643618
 21
5810121.609364
 31
0.0
  0
LINE
  5
1AC
330
156
100
AcDbEntity
  8
0
  6
502
 62
   253
420
 11645361
370
    18
100
AcDbLine
 10
3318861.105396
 20
5810106.263239
 30
0.0
 11
3318847.615022
 21
5810120.902563
 31
0.0
  0
LINE
  5
1AD
330
156
100
AcDbEntity
  8
0
  6
502
 62
   253
420
 11645361
370
    18
100
AcDbLine
 10
3318860.398806
 20
5810106.292175
 30
0.0
 11
3318847.586426
 21
5810120.195761
 31
0.0
  0
LINE
  5
1AE
330
156
100
AcDbEntity
  8
0
  6
502
 62
   253
420
 11645361
370
    18
100
AcDbLine
 10
3318859.692216
 20
5810106.321111
 30
0.0
 11
3318847.55783
 21
5810119.48896
 31
0.0
  0
LINE
  5
1AF
330
156
100
AcDbEntity
  8
0
  6
502
 62
   253
420
 11645361
370
    18
100
AcDbLine
 10
3318858.985626
 20
5810106.350047
 30
0.0
 11
3318847.529233
 21
5810118.782159
 31
0.0
  0
LINE
  5
1B0
330
156
100
AcDbEntity
  8
0
  6
502
 62
   253
420
 11645361
370
    18
100
AcDbLine
 10
3318858.279036
 20
5810106.378984
 30
0.0
 11
3318847.500637
 21
5810118.075358
 31
0.0
  0
LINE
  5
1B1
330
156
100
AcDbEntity
  8
0
  6
502
 62
   253
420
 11645361
370
    18
100
AcDbLine
 10
3318857.572446
 20
5810106.40792
 30
0.0
 11
3318847.472041
 21
5810117.368556
 31
0.0
  0
LINE
  5
1B2
330
156
100
AcDbEntity
  8
0
  6
502
 62
   253
420
 11645361
370
    18
100
AcDbLine
 10
3318856.865856
 20
5810106.436856
 30
0.0
 11
3318847.443445
 21
5810116.661755
 31
0.0
  0
LINE
  5
1B3
330
156
100
AcDbEntity
  8
0
  6
502
 62
   253
420
 11645361
370
    18
100
AcDbLine
 10
3318856.159266
 20
5810106.465792
 30
0.0
 11
3318847.414849
 21
5810115.954954
 31
0.0
  0
LINE
  5
1B4
330
156
100
AcDbEntity
  8
0
  6
502
 62
   253
420
 11645361
370
    18
100
AcDbLine
 10
3318855.452676
 20
5810106.494728
 30
0.0
 11
3318847.386253
 21
5810115.248152
 31
0.0
  0
LINE
  5
1B5
330
156
100
AcDbEntity
  8
0
  6
502
 62
   253
420
 11645361
370
    18
100
AcDbLine
 10
3318854.746086
 20
5810106.523664
 30
0.0
 11
3318847.357656
 21
5810114.541351
 31
0.0
  0
LINE
  5
1B6
330
156
100
AcDbEntity
  8
0
  6
502
 62
   253
420
 11645361
370
    18
100
AcDbLine
 10
3318854.039495
 20
5810106.5526
 30
0.0
 11
3318847.32906
 21
5810113.83455
 31
0.0
  0
LINE
  5
1B7
330
156
100
AcDbEntity
  8
0
  6
502
 62
   253
420
 11645361
370
    18
100
AcDbLine
 10
3318853.332905
 20
5810106.581536
 30
0.0
 11
3318847.300464
 21
5810113.127749
 31
0.0
  0
LINE
  5
1B8
330
156
100
AcDbEntity
  8
0
  6
502
 62
   253
420
 11645361
370
    18
100
AcDbLine
 10
3318852.626315
 20
5810106.610472
 30
0.0
 11
3318847.271868
 21
5810112.420947
 31
0.0
  0
LINE
  5
1B9
330
156
100
AcDbEntity
  8
0
  6
502
 62
   253
420
 11645361
370
    18
100
AcDbLine
 10
3318851.919725
 20
5810106.639408
 30
0.0
 11
3318847.243272
 21
5810111.714146
 31
0.0
  0
LINE
  5
1BA
330
156
100
AcDbEntity
  8
0
  6
502
 62
   253
420
 11645361
370
    18
100
AcDbLine
 10
3318851.213135
 20
5810106.668344
 30
0.0
 11
3318847.214676
 21
5810111.007345
 31
0.0
  0
LINE
  5
1BB
330
156
100
AcDbEntity
  8
0
  6
502
 62
   253
420
 11645361
370
    18
100
AcDbLine
 10
3318850.506545
 20
5810106.69728
 30
0.0
 11
3318847.18608
 21
5810110.300543
 31
0.0
  0
LINE
  5
1BC
330
156
100
AcDbEntity
  8
0
  6
502
 62
   253
420
 11645361
370
    18
100
AcDbLine
 10
3318849.799955
 20
5810106.726216
 30
0.0
 11
3318847.157483
 21
5810109.593742
 31
0.0
  0
LINE
  5
1BD
330
156
100
AcDbEntity
  8
0
  6
502
 62
   253
420
 11645361
370
    18
100
AcDbLine
 10
3318849.093365
 20
5810106.755152
 30
0.0
 11
3318847.128887
 21
5810108.886941
 31
0.0
  0
LINE
  5
1BE
330
156
100
AcDbEntity
  8
0
  6
502
 62
   253
420
 11645361
370
    18
100
AcDbLine
 10
3318848.386775
 20
5810106.784089
 30
0.0
 11
3318847.100291
 21
5810108.18014
 31
0.0
  0
LINE
  5
1BF
330
156
100
AcDbEntity
  8
0
  6
502
 62
   253
420
 11645361
370
    18
100
AcDbLine
 10
3318847.680185
 20
5810106.813025
 30
0.0
 11
3318847.071695
 21
5810107.473338
 31
0.0
  0
ENDBLK
  5
1C0
330
156
100
AcDbEntity
  8
0
 62
     0
100
AcDbBlockEnd
  0
BLOCK
  5
1C3
330
1C2
100
AcDbEntity
  8
0
 62
     0
100
AcDbBlockBegin
  2
*X4
 70
     1
 10
0.0
 20
0.0
 30
0.0
  3
*X4
  1

  0
LINE
  5
1C4
330
1C2
100
AcDbEntity
  8
0
  6
502
 62
   253
420
 11645361
370
    18
100
AcDbLine
 10
3318814.998608
 20
5810085.830029
 30
0.0
 11
3318815.703187
 21
5810086.474579
 31
0.0
  0
LINE
  5
1C5
330
1C2
100
AcDbEntity
  8
0
  6
502
 62
   253
420
 11645361
370
    18
100
AcDbLine
 10
3318814.288838
 20
5810085.858385
 30
0.0
 11
3318815.732482
 21
5810087.179033
 31
0.0
  0
LINE
  5
1C6
330
1C2
100
AcDbEntity
  8
0
  6
502
 62
   253
420
 11645361
370
    18
100
AcDbLine
 10
3318811.028238
 20
5810083.553236
 30
0.0
 11
3318811.252738
 21
5810083.758609
 31
0.0
  0
LINE
  5
1C7
330
1C2
100
AcDbEntity
  8
0
  6
502
 62
   253
420
 11645361
370
    18
100
AcDbLine
 10
3318813.579068
 20
5810085.886741
 30
0.0
 11
3318815.761776
 21
5810087.883486
 31
0.0
  0
LINE
  5
1C8
330
1C2
100
AcDbEntity
  8
0
  6
502
 62
   253
420
 11645361
370
    18
100
AcDbLine
 10
3318810.32183
 20
5810083.584668
 30
0.0
 11
3318811.283491
 21
5810084.464397
 31
0.0
  0
LINE
  5
1C9
330
1C2
100
AcDbEntity
  8
0
  6
502
 62
   253
420
 11645361
370
    18
100
AcDbLine
 10
3318812.869299
 20
5810085.915096
 30
0.0
 11
3318815.791071
 21
5810088.587939
 31
0.0
  0
LINE
  5
1CA
330
1C2
100
AcDbEntity
  8
0
  6
502
 62
   253
420
 11645361
370
    18
100
AcDbLine
 10
3318809.615422
 20
5810083.616099
 30
0.0
 11
3318811.314244
 21
5810085.170184
 31
0.0
  0
LINE
  5
1CB
330
1C2
100
AcDbEntity
  8
0
  6
502
 62
   253
420
 11645361
370
    18
100
AcDbLine
 10
3318812.159529
 20
5810085.943452
 30
0.0
 11
3318815.820365
 21
5810089.292392
 31
0.0
  0
LINE
  5
1CC
330
1C2
100
AcDbEntity
  8
0
  6
502
 62
   253
420
 11645361
370
    18
100
AcDbLine
 10
3318808.909014
 20
5810083.64753
 30
0.0
 11
3318811.344998
 21
5810085.875972
 31
0.0
  0
LINE
  5
1CD
330
1C2
100
AcDbEntity
  8
0
  6
502
 62
   253
420
 11645361
370
    18
100
AcDbLine
 10
3318811.449759
 20
5810085.971808
 30
0.0
 11
3318815.849659
 21
5810089.996845
 31
0.0
  0
LINE
  5
1CE
330
1C2
100
AcDbEntity
  8
0
  6
502
 62
   253
420
 11645361
370
    18
100
AcDbLine
 10
3318808.202606
 20
5810083.678962
 30
0.0
 11
3318815.878954
 21
5810090.701298
 31
0.0
  0
LINE
  5
1CF
330
1C2
100
AcDbEntity
  8
0
  6
502
 62
   253
420
 11645361
370
    18
100
AcDbLine
 10
3318807.496199
 20
5810083.710393
 30
0.0
 11
3318815.908248
 21
5810091.405751
 31
0.0
  0
LINE
  5
1D0
330
1C2
100
AcDbEntity
  8
0
  6
502
 62
   253
420
 11645361
370
    18
100
AcDbLine
 10
3318806.789791
 20
5810083.741824
 30
0.0
 11
3318815.937543
 21
5810092.110204
 31
0.0
  0
LINE
  5
1D1
330
1C2
100
AcDbEntity
  8
0
  6
502
 62
   253
420
 11645361
370
    18
100
AcDbLine
 10
3318806.083383
 20
5810083.773255
 30
0.0
 11
3318815.966837
 21
5810092.814657
 31
0.0
  0
LINE
  5
1D2
330
1C2
100
AcDbEntity
  8
0
  6
502
 62
   253
420
 11645361
370
    18
100
AcDbLine
 10
3318805.376975
 20
5810083.804687
 30
0.0
 11
3318815.996131
 21
5810093.51911
 31
0.0
  0
LINE
  5
1D3
330
1C2
100
AcDbEntity
  8
0
  6
502
 62
   253
420
 11645361
370
    18
100
AcDbLine
 10
3318804.670567
 20
5810083.836118
 30
0.0
 11
3318816.025426
 21
5810094.223563
 31
0.0
  0
LINE
  5
1D4
330
1C2
100
AcDbEntity
  8
0
  6
502
 62
   253
420
 11645361
370
    18
100
AcDbLine
 10
3318803.964159
 20
5810083.867549
 30
0.0
 11
3318816.05472
 21
5810094.928016
 31
0.0
  0
LINE
  5
1D5
330
1C2
100
AcDbEntity
  8
0
  6
502
 62
   253
420
 11645361
370
    18
100
AcDbLine
 10
3318803.257751
 20
5810083.898981
 30
0.0
 11
3318816.084015
 21
5810095.632469
 31
0.0
  0
LINE
  5
1D6
330
1C2
100
AcDbEntity
  8
0
  6
502
 62
   253
420
 11645361
370
    18
100
AcDbLine
 10
3318802.551343
 20
5810083.930412
 30
0.0
 11
3318816.113309
 21
5810096.336922
 31
0.0
  0
LINE
  5
1D7
330
1C2
100
AcDbEntity
  8
0
  6
502
 62
   253
420
 11645361
370
    18
100
AcDbLine
 10
3318801.844936
 20
5810083.961843
 30
0.0
 11
3318816.142603
 21
5810097.041375
 31
0.0
  0
LINE
  5
1D8
330
1C2
100
AcDbEntity
  8
0
  6
502
 62
   253
420
 11645361
370
    18
100
AcDbLine
 10
3318801.138528
 20
5810083.993274
 30
0.0
 11
3318816.171898
 21
5810097.745828
 31
0.0
  0
LINE
  5
1D9
330
1C2
100
AcDbEntity
  8
0
  6
502
 62
   253
420
 11645361
370
    18
100
AcDbLine
 10
3318800.43212
 20
5810084.024706
 30
0.0
 11
3318816.03693
 21
5810098.300014
 31
0.0
  0
LINE
  5
1DA
330
1C2
100
AcDbEntity
  8
0
  6
502
 62
   253
420
 11645361
370
    18
100
AcDbLine
 10
3318799.725712
 20
5810084.056137
 30
0.0
 11
3318815.329934
 21
5810098.330907
 31
0.0
  0
LINE
  5
1DB
330
1C2
100
AcDbEntity
  8
0
  6
502
 62
   253
420
 11645361
370
    18
100
AcDbLine
 10
3318799.019304
 20
5810084.087568
 30
0.0
 11
3318814.622938
 21
5810098.3618
 31
0.0
  0
LINE
  5
1DC
330
1C2
100
AcDbEntity
  8
0
  6
502
 62
   253
420
 11645361
370
    18
100
AcDbLine
 10
3318798.312896
 20
5810084.119
 30
0.0
 11
3318813.915942
 21
5810098.392693
 31
0.0
  0
LINE
  5
1DD
330
1C2
100
AcDbEntity
  8
0
  6
502
 62
   253
420
 11645361
370
    18
100
AcDbLine
 10
3318797.606488
 20
5810084.150431
 30
0.0
 11
3318813.208945
 21
5810098.423586
 31
0.0
  0
LINE
  5
1DE
330
1C2
100
AcDbEntity
  8
0
  6
502
 62
   253
420
 11645361
370
    18
100
AcDbLine
 10
3318796.90008
 20
5810084.181862
 30
0.0
 11
3318812.501949
 21
5810098.454479
 31
0.0
  0
LINE
  5
1DF
330
1C2
100
AcDbEntity
  8
0
  6
502
 62
   253
420
 11645361
370
    18
100
AcDbLine
 10
3318796.193672
 20
5810084.213293
 30
0.0
 11
3318811.794953
 21
5810098.485372
 31
0.0
  0
LINE
  5
1E0
330
1C2
100
AcDbEntity
  8
0
  6
502
 62
   253
420
 11645361
370
    18
100
AcDbLine
 10
3318795.487265
 20
5810084.244725
 30
0.0
 11
3318811.087957
 21
5810098.516265
 31
0.0
  0
LINE
  5
1E1
330
1C2
100
AcDbEntity
  8
0
  6
502
 62
   253
420
 11645361
370
    18
100
AcDbLine
 10
3318795.036433
 20
5810084.509957
 30
0.0
 11
3318810.38096
 21
5810098.547158
 31
0.0
  0
LINE
  5
1E2
330
1C2
100
AcDbEntity
  8
0
  6
502
 62
   253
420
 11645361
370
    18
100
AcDbLine
 10
3318795.067277
 20
5810085.215828
 30
0.0
 11
3318809.673964
 21
5810098.578051
 31
0.0
  0
LINE
  5
1E3
330
1C2
100
AcDbEntity
  8
0
  6
502
 62
   253
420
 11645361
370
    18
100
AcDbLine
 10
3318795.09812
 20
5810085.921698
 30
0.0
 11
3318808.966968
 21
5810098.608944
 31
0.0
  0
LINE
  5
1E4
330
1C2
100
AcDbEntity
  8
0
  6
502
 62
   253
420
 11645361
370
    18
100
AcDbLine
 10
3318795.128964
 20
5810086.627569
 30
0.0
 11
3318808.259972
 21
5810098.639837
 31
0.0
  0
LINE
  5
1E5
330
1C2
100
AcDbEntity
  8
0
  6
502
 62
   253
420
 11645361
370
    18
100
AcDbLine
 10
3318794.481456
 20
5810086.712882
 30
0.0
 11
3318807.552975
 21
5810098.67073
 31
0.0
  0
LINE
  5
1E6
330
1C2
100
AcDbEntity
  8
0
  6
502
 62
   253
420
 11645361
370
    18
100
AcDbLine
 10
3318793.77446
 20
5810086.743775
 30
0.0
 11
3318807.238207
 21
5810099.060435
 31
0.0
  0
LINE
  5
1E7
330
1C2
100
AcDbEntity
  8
0
  6
502
 62
   253
420
 11645361
370
    18
100
AcDbLine
 10
3318793.067464
 20
5810086.774668
 30
0.0
 11
3318806.530981
 21
5810099.091117
 31
0.0
  0
LINE
  5
1E8
330
1C2
100
AcDbEntity
  8
0
  6
502
 62
   253
420
 11645361
370
    18
100
AcDbLine
 10
3318792.360468
 20
5810086.805561
 30
0.0
 11
3318805.823754
 21
5810099.1218
 31
0.0
  0
LINE
  5
1E9
330
1C2
100
AcDbEntity
  8
0
  6
502
 62
   253
420
 11645361
370
    18
100
AcDbLine
 10
3318791.653471
 20
5810086.836454
 30
0.0
 11
3318805.116528
 21
5810099.152482
 31
0.0
  0
LINE
  5
1EA
330
1C2
100
AcDbEntity
  8
0
  6
502
 62
   253
420
 11645361
370
    18
100
AcDbLine
 10
3318790.946475
 20
5810086.867347
 30
0.0
 11
3318804.409302
 21
5810099.183165
 31
0.0
  0
LINE
  5
1EB
330
1C2
100
AcDbEntity
  8
0
  6
502
 62
   253
420
 11645361
370
    18
100
AcDbLine
 10
3318790.802144
 20
5810087.412967
 30
0.0
 11
3318803.702075
 21
5810099.213847
 31
0.0
  0
LINE
  5
1EC
330
1C2
100
AcDbEntity
  8
0
  6
502
 62
   253
420
 11645361
370
    18
100
AcDbLine
 10
3318790.832988
 20
5810088.118838
 30
0.0
 11
3318802.994849
 21
5810099.24453
 31
0.0
  0
LINE
  5
1ED
330
1C2
100
AcDbEntity
  8
0
  6
502
 62
   253
420
 11645361
370
    18
100
AcDbLine
 10
3318790.863832
 20
5810088.824708
 30
0.0
 11
3318802.287622
 21
5810099.275212
 31
0.0
  0
LINE
  5
1EE
330
1C2
100
AcDbEntity
  8
0
  6
502
 62
   253
420
 11645361
370
    18
100
AcDbLine
 10
3318790.894676
 20
5810089.530579
 30
0.0
 11
3318801.580396
 21
5810099.305895
 31
0.0
  0
LINE
  5
1EF
330
1C2
100
AcDbEntity
  8
0
  6
502
 62
   253
420
 11645361
370
    18
100
AcDbLine
 10
3318790.92552
 20
5810090.236449
 30
0.0
 11
3318800.87317
 21
5810099.336577
 31
0.0
  0
LINE
  5
1F0
330
1C2
100
AcDbEntity
  8
0
  6
502
 62
   253
420
 11645361
370
    18
100
AcDbLine
 10
3318790.956363
 20
5810090.94232
 30
0.0
 11
3318799.776016
 21
5810099.010554
 31
0.0
  0
LINE
  5
1F1
330
1C2
100
AcDbEntity
  8
0
  6
502
 62
   253
420
 11645361
370
    18
100
AcDbLine
 10
3318790.987207
 20
5810091.64819
 30
0.0
 11
3318799.06902
 21
5810099.041447
 31
0.0
  0
LINE
  5
1F2
330
1C2
100
AcDbEntity
  8
0
  6
502
 62
   253
420
 11645361
370
    18
100
AcDbLine
 10
3318791.018051
 20
5810092.354061
 30
0.0
 11
3318798.362024
 21
5810099.07234
 31
0.0
  0
LINE
  5
1F3
330
1C2
100
AcDbEntity
  8
0
  6
502
 62
   253
420
 11645361
370
    18
100
AcDbLine
 10
3318791.048895
 20
5810093.059931
 30
0.0
 11
3318797.655028
 21
5810099.103233
 31
0.0
  0
LINE
  5
1F4
330
1C2
100
AcDbEntity
  8
0
  6
502
 62
   253
420
 11645361
370
    18
100
AcDbLine
 10
3318791.079739
 20
5810093.765802
 30
0.0
 11
3318796.948031
 21
5810099.134126
 31
0.0
  0
LINE
  5
1F5
330
1C2
100
AcDbEntity
  8
0
  6
502
 62
   253
420
 11645361
370
    18
100
AcDbLine
 10
3318791.110583
 20
5810094.471672
 30
0.0
 11
3318796.241035
 21
5810099.165019
 31
0.0
  0
LINE
  5
1F6
330
1C2
100
AcDbEntity
  8
0
  6
502
 62
   253
420
 11645361
370
    18
100
AcDbLine
 10
3318791.141427
 20
5810095.177542
 30
0.0
 11
3318795.534039
 21
5810099.195912
 31
0.0
  0
LINE
  5
1F7
330
1C2
100
AcDbEntity
  8
0
  6
502
 62
   253
420
 11645361
370
    18
100
AcDbLine
 10
3318791.17227
 20
5810095.883413
 30
0.0
 11
3318794.827043
 21
5810099.226805
 31
0.0
  0
LINE
  5
1F8
330
1C2
100
AcDbEntity
  8
0
  6
502
 62
   253
420
 11645361
370
    18
100
AcDbLine
 10
3318791.203114
 20
5810096.589283
 30
0.0
 11
3318794.120046
 21
5810099.257698
 31
0.0
  0
LINE
  5
1F9
330
1C2
100
AcDbEntity
  8
0
  6
502
 62
   253
420
 11645361
370
    18
100
AcDbLine
 10
3318791.233958
 20
5810097.295154
 30
0.0
 11
3318793.41305
 21
5810099.288591
 31
0.0
  0
LINE
  5
1FA
330
1C2
100
AcDbEntity
  8
0
  6
502
 62
   253
420
 11645361
370
    18
100
AcDbLine
 10
3318791.264802
 20
5810098.001024
 30
0.0
 11
3318792.706054
 21
5810099.319484
 31
0.0
  0
LINE
  5
1FB
330
1C2
100
AcDbEntity
  8
0
  6
502
 62
   253
420
 11645361
370
    18
100
AcDbLine
 10
3318791.295646
 20
5810098.706895
 30
0.0
 11
3318791.999058
 21
5810099.350377
 31
0.0
  0
LINE
  5
1FC
330
1C2
100
AcDbEntity
  8
0
  6
502
 62
   253
420
 11645361
370
    18
100
AcDbLine
 10
3318816.166367
 20
5810097.612818
 30
0.0
 11
3318815.516933
 21
5810098.322736
 31
0.0
  0
LINE
  5
1FD
330
1C2
100
AcDbEntity
  8
0
  6
502
 62
   253
420
 11645361
370
    18
100
AcDbLine
 10
3318816.136902
 20
5810096.904261
 30
0.0
 11
3318814.811063
 21
5810098.35358
 31
0.0
  0
LINE
  5
1FE
330
1C2
100
AcDbEntity
  8
0
  6
502
 62
   253
420
 11645361
370
    18
100
AcDbLine
 10
3318816.107436
 20
5810096.195704
 30
0.0
 11
3318814.105192
 21
5810098.384423
 31
0.0
  0
LINE
  5
1FF
330
1C2
100
AcDbEntity
  8
0
  6
502
 62
   253
420
 11645361
370
    18
100
AcDbLine
 10
3318816.077971
 20
5810095.487147
 30
0.0
 11
3318813.399322
 21
5810098.415267
 31
0.0
  0
LINE
  5
200
330
1C2
100
AcDbEntity
  8
0
  6
502
 62
   253
420
 11645361
370
    18
100
AcDbLine
 10
3318816.048506
 20
5810094.77859
 30
0.0
 11
3318812.693451
 21
5810098.446111
 31
0.0
  0
LINE
  5
201
330
1C2
100
AcDbEntity
  8
0
  6
502
 62
   253
420
 11645361
370
    18
100
AcDbLine
 10
3318816.019041
 20
5810094.070032
 30
0.0
 11
3318811.987581
 21
5810098.476955
 31
0.0
  0
LINE
  5
202
330
1C2
100
AcDbEntity
  8
0
  6
502
 62
   253
420
 11645361
370
    18
100
AcDbLine
 10
3318815.989576
 20
5810093.361475
 30
0.0
 11
3318811.28171
 21
5810098.507799
 31
0.0
  0
LINE
  5
203
330
1C2
100
AcDbEntity
  8
0
  6
502
 62
   253
420
 11645361
370
    18
100
AcDbLine
 10
3318815.960111
 20
5810092.652918
 30
0.0
 11
3318810.57584
 21
5810098.538643
 31
0.0
  0
LINE
  5
204
330
1C2
100
AcDbEntity
  8
0
  6
502
 62
   253
420
 11645361
370
    18
100
AcDbLine
 10
3318815.930646
 20
5810091.944361
 30
0.0
 11
3318809.869969
 21
5810098.569487
 31
0.0
  0
LINE
  5
205
330
1C2
100
AcDbEntity
  8
0
  6
502
 62
   253
420
 11645361
370
    18
100
AcDbLine
 10
3318815.901181
 20
5810091.235804
 30
0.0
 11
3318809.164099
 21
5810098.60033
 31
0.0
  0
LINE
  5
206
330
1C2
100
AcDbEntity
  8
0
  6
502
 62
   253
420
 11645361
370
    18
100
AcDbLine
 10
3318815.871716
 20
5810090.527246
 30
0.0
 11
3318808.458228
 21
5810098.631174
 31
0.0
  0
LINE
  5
207
330
1C2
100
AcDbEntity
  8
0
  6
502
 62
   253
420
 11645361
370
    18
100
AcDbLine
 10
3318815.842251
 20
5810089.818689
 30
0.0
 11
3318807.752358
 21
5810098.662018
 31
0.0
  0
LINE
  5
208
330
1C2
100
AcDbEntity
  8
0
  6
502
 62
   253
420
 11645361
370
    18
100
AcDbLine
 10
3318815.812786
 20
5810089.110132
 30
0.0
 11
3318806.688411
 21
5810099.084287
 31
0.0
  0
LINE
  5
209
330
1C2
100
AcDbEntity
  8
0
  6
502
 62
   253
420
 11645361
370
    18
100
AcDbLine
 10
3318815.783321
 20
5810088.401575
 30
0.0
 11
3318805.98275
 21
5810099.114902
 31
0.0
  0
LINE
  5
20A
330
1C2
100
AcDbEntity
  8
0
  6
502
 62
   253
420
 11645361
370
    18
100
AcDbLine
 10
3318815.753856
 20
5810087.693017
 30
0.0
 11
3318805.27709
 21
5810099.145516
 31
0.0
  0
LINE
  5
20B
330
1C2
100
AcDbEntity
  8
0
  6
502
 62
   253
420
 11645361
370
    18
100
AcDbLine
 10
3318815.724391
 20
5810086.98446
 30
0.0
 11
3318804.571429
 21
5810099.176131
 31
0.0
  0
LINE
  5
20C
330
1C2
100
AcDbEntity
  8
0
  6
502
 62
   253
420
 11645361
370
    18
100
AcDbLine
 10
3318815.694926
 20
5810086.275903
 30
0.0
 11
3318803.865768
 21
5810099.206745
 31
0.0
  0
LINE
  5
20D
330
1C2
100
AcDbEntity
  8
0
  6
502
 62
   253
420
 11645361
370
    18
100
AcDbLine
 10
3318815.441337
 20
5810085.812342
 30
0.0
 11
3318803.160108
 21
5810099.23736
 31
0.0
  0
LINE
  5
20E
330
1C2
100
AcDbEntity
  8
0
  6
502
 62
   253
420
 11645361
370
    18
100
AcDbLine
 10
3318814.737977
 20
5810085.840442
 30
0.0
 11
3318802.454447
 21
5810099.267974
 31
0.0
  0
LINE
  5
20F
330
1C2
100
AcDbEntity
  8
0
  6
502
 62
   253
420
 11645361
370
    18
100
AcDbLine
 10
3318814.034617
 20
5810085.868541
 30
0.0
 11
3318801.748786
 21
5810099.298589
 31
0.0
  0
LINE
  5
210
330
1C2
100
AcDbEntity
  8
0
  6
502
 62
   253
420
 11645361
370
    18
100
AcDbLine
 10
3318813.331257
 20
5810085.896641
 30
0.0
 11
3318801.043125
 21
5810099.329204
 31
0.0
  0
LINE
  5
211
330
1C2
100
AcDbEntity
  8
0
  6
502
 62
   253
420
 11645361
370
    18
100
AcDbLine
 10
3318812.627897
 20
5810085.92474
 30
0.0
 11
3318800.337465
 21
5810099.359818
 31
0.0
  0
LINE
  5
212
330
1C2
100
AcDbEntity
  8
0
  6
502
 62
   253
420
 11645361
370
    18
100
AcDbLine
 10
3318811.924537
 20
5810085.95284
 30
0.0
 11
3318799.987783
 21
5810099.0013
 31
0.0
  0
LINE
  5
213
330
1C2
100
AcDbEntity
  8
0
  6
502
 62
   253
420
 11645361
370
    18
100
AcDbLine
 10
3318811.343734
 20
5810085.846969
 30
0.0
 11
3318799.281912
 21
5810099.032144
 31
0.0
  0
LINE
  5
214
330
1C2
100
AcDbEntity
  8
0
  6
502
 62
   253
420
 11645361
370
    18
100
AcDbLine
 10
3318811.312924
 20
5810085.139882
 30
0.0
 11
3318798.576042
 21
5810099.062988
 31
0.0
  0
LINE
  5
215
330
1C2
100
AcDbEntity
  8
0
  6
502
 62
   253
420
 11645361
370
    18
100
AcDbLine
 10
3318811.282114
 20
5810084.432795
 30
0.0
 11
3318797.870171
 21
5810099.093832
 31
0.0
  0
LINE
  5
216
330
1C2
100
AcDbEntity
  8
0
  6
502
 62
   253
420
 11645361
370
    18
100
AcDbLine
 10
3318811.251304
 20
5810083.725707
 30
0.0
 11
3318797.164301
 21
5810099.124676
 31
0.0
  0
LINE
  5
217
330
1C2
100
AcDbEntity
  8
0
  6
502
 62
   253
420
 11645361
370
    18
100
AcDbLine
 10
3318810.718833
 20
5810083.567003
 30
0.0
 11
3318796.45843
 21
5810099.15552
 31
0.0
  0
LINE
  5
218
330
1C2
100
AcDbEntity
  8
0
  6
502
 62
   253
420
 11645361
370
    18
100
AcDbLine
 10
3318810.012425
 20
5810083.598435
 30
0.0
 11
3318795.75256
 21
5810099.186364
 31
0.0
  0
LINE
  5
219
330
1C2
100
AcDbEntity
  8
0
  6
502
 62
   253
420
 11645361
370
    18
100
AcDbLine
 10
3318809.306017
 20
5810083.629866
 30
0.0
 11
3318795.04669
 21
5810099.217207
 31
0.0
  0
LINE
  5
21A
330
1C2
100
AcDbEntity
  8
0
  6
502
 62
   253
420
 11645361
370
    18
100
AcDbLine
 10
3318808.599609
 20
5810083.661297
 30
0.0
 11
3318794.340819
 21
5810099.248051
 31
0.0
  0
LINE
  5
21B
330
1C2
100
AcDbEntity
  8
0
  6
502
 62
   253
420
 11645361
370
    18
100
AcDbLine
 10
3318807.893201
 20
5810083.692728
 30
0.0
 11
3318793.634949
 21
5810099.278895
 31
0.0
  0
LINE
  5
21C
330
1C2
100
AcDbEntity
  8
0
  6
502
 62
   253
420
 11645361
370
    18
100
AcDbLine
 10
3318807.186793
 20
5810083.72416
 30
0.0
 11
3318792.929078
 21
5810099.309739
 31
0.0
  0
LINE
  5
21D
330
1C2
100
AcDbEntity
  8
0
  6
502
 62
   253
420
 11645361
370
    18
100
AcDbLine
 10
3318806.480386
 20
5810083.755591
 30
0.0
 11
3318792.223208
 21
5810099.340583
 31
0.0
  0
LINE
  5
21E
330
1C2
100
AcDbEntity
  8
0
  6
502
 62
   253
420
 11645361
370
    18
100
AcDbLine
 10
3318805.773978
 20
5810083.787022
 30
0.0
 11
3318791.517337
 21
5810099.371427
 31
0.0
  0
LINE
  5
21F
330
1C2
100
AcDbEntity
  8
0
  6
502
 62
   253
420
 11645361
370
    18
100
AcDbLine
 10
3318805.06757
 20
5810083.818454
 30
0.0
 11
3318791.302573
 21
5810098.865426
 31
0.0
  0
LINE
  5
220
330
1C2
100
AcDbEntity
  8
0
  6
502
 62
   253
420
 11645361
370
    18
100
AcDbLine
 10
3318804.361162
 20
5810083.849885
 30
0.0
 11
3318791.27168
 21
5810098.15843
 31
0.0
  0
LINE
  5
221
330
1C2
100
AcDbEntity
  8
0
  6
502
 62
   253
420
 11645361
370
    18
100
AcDbLine
 10
3318803.654754
 20
5810083.881316
 30
0.0
 11
3318791.240787
 21
5810097.451434
 31
0.0
  0
LINE
  5
222
330
1C2
100
AcDbEntity
  8
0
  6
502
 62
   253
420
 11645361
370
    18
100
AcDbLine
 10
3318802.948346
 20
5810083.912747
 30
0.0
 11
3318791.209894
 21
5810096.744437
 31
0.0
  0
LINE
  5
223
330
1C2
100
AcDbEntity
  8
0
  6
502
 62
   253
420
 11645361
370
    18
100
AcDbLine
 10
3318802.241938
 20
5810083.944179
 30
0.0
 11
3318791.179001
 21
5810096.037441
 31
0.0
  0
LINE
  5
224
330
1C2
100
AcDbEntity
  8
0
  6
502
 62
   253
420
 11645361
370
    18
100
AcDbLine
 10
3318801.535531
 20
5810083.97561
 30
0.0
 11
3318791.148108
 21
5810095.330445
 31
0.0
  0
LINE
  5
225
330
1C2
100
AcDbEntity
  8
0
  6
502
 62
   253
420
 11645361
370
    18
100
AcDbLine
 10
3318800.829123
 20
5810084.007041
 30
0.0
 11
3318791.117215
 21
5810094.623449
 31
0.0
  0
LINE
  5
226
330
1C2
100
AcDbEntity
  8
0
  6
502
 62
   253
420
 11645361
370
    18
100
AcDbLine
 10
3318800.122715
 20
5810084.038473
 30
0.0
 11
3318791.086322
 21
5810093.916452
 31
0.0
  0
LINE
  5
227
330
1C2
100
AcDbEntity
  8
0
  6
502
 62
   253
420
 11645361
370
    18
100
AcDbLine
 10
3318799.416307
 20
5810084.069904
 30
0.0
 11
3318791.055429
 21
5810093.209456
 31
0.0
  0
LINE
  5
228
330
1C2
100
AcDbEntity
  8
0
  6
502
 62
   253
420
 11645361
370
    18
100
AcDbLine
 10
3318798.709899
 20
5810084.101335
 30
0.0
 11
3318791.024536
 21
5810092.50246
 31
0.0
  0
LINE
  5
229
330
1C2
100
AcDbEntity
  8
0
  6
502
 62
   253
420
 11645361
370
    18
100
AcDbLine
 10
3318798.003491
 20
5810084.132766
 30
0.0
 11
3318790.993643
 21
5810091.795464
 31
0.0
  0
LINE
  5
22A
330
1C2
100
AcDbEntity
  8
0
  6
502
 62
   253
420
 11645361
370
    18
100
AcDbLine
 10
3318797.297084
 20
5810084.164198
 30
0.0
 11
3318795.125072
 21
5810086.538495
 31
0.0
  0
LINE
  5
22B
330
1C2
100
AcDbEntity
  8
0
  6
502
 62
   253
420
 11645361
370
    18
100
AcDbLine
 10
3318794.985699
 20
5810086.690848
 30
0.0
 11
3318790.962749
 21
5810091.088467
 31
0.0
  0
LINE
  5
22C
330
1C2
100
AcDbEntity
  8
0
  6
502
 62
   253
420
 11645361
370
    18
100
AcDbLine
 10
3318796.590676
 20
5810084.195629
 30
0.0
 11
3318795.094179
 21
5810085.831499
 31
0.0
  0
LINE
  5
22D
330
1C2
100
AcDbEntity
  8
0
  6
502
 62
   253
420
 11645361
370
    18
100
AcDbLine
 10
3318794.279829
 20
5810086.721692
 30
0.0
 11
3318790.931856
 21
5810090.381471
 31
0.0
  0
LINE
  5
22E
330
1C2
100
AcDbEntity
  8
0
  6
502
 62
   253
420
 11645361
370
    18
100
AcDbLine
 10
3318795.884268
 20
5810084.22706
 30
0.0
 11
3318795.063286
 21
5810085.124503
 31
0.0
  0
LINE
  5
22F
330
1C2
100
AcDbEntity
  8
0
  6
502
 62
   253
420
 11645361
370
    18
100
AcDbLine
 10
3318793.573958
 20
5810086.752536
 30
0.0
 11
3318790.900963
 21
5810089.674475
 31
0.0
  0
LINE
  5
230
330
1C2
100
AcDbEntity
  8
0
  6
502
 62
   253
420
 11645361
370
    18
100
AcDbLine
 10
3318795.17786
 20
5810084.258492
 30
0.0
 11
3318795.032393
 21
5810084.417506
 31
0.0
  0
LINE
  5
231
330
1C2
100
AcDbEntity
  8
0
  6
502
 62
   253
420
 11645361
370
    18
100
AcDbLine
 10
3318792.868088
 20
5810086.78338
 30
0.0
 11
3318790.87007
 21
5810088.967479
 31
0.0
  0
LINE
  5
232
330
1C2
100
AcDbEntity
  8
0
  6
502
 62
   253
420
 11645361
370
    18
100
AcDbLine
 10
3318792.162217
 20
5810086.814224
 30
0.0
 11
3318790.839177
 21
5810088.260482
 31
0.0
  0
LINE
  5
233
330
1C2
100
AcDbEntity
  8
0
  6
502
 62
   253
420
 11645361
370
    18
100
AcDbLine
 10
3318791.456347
 20
5810086.845068
 30
0.0
 11
3318790.808284
 21
5810087.553486
 31
0.0
  0
ENDBLK
  5
234
330
1C2
100
AcDbEntity
  8
0
 62
     0
100
AcDbBlockEnd
  0
BLOCK
  5
237
330
236
100
AcDbEntity
  8
0
 62
     0
100
AcDbBlockBegin
  2
*X5
 70
     1
 10
0.0
 20
0.0
 30
0.0
  3
*X5
  1

  0
LINE
  5
238
330
236
100
AcDbEntity
  8
0
  6
502
 62
   253
420
 11645361
370
    18
100
AcDbLine
 10
3318827.85837
 20
5810107.619971
 30
0.0
 11
3318828.489901
 21
5810108.20033
 31
0.0
  0
LINE
  5
239
330
236
100
AcDbEntity
  8
0
  6
502
 62
   253
420
 11645361
370
    18
100
AcDbLine
 10
3318827.151893
 20
5810107.649801
 30
0.0
 11
3318828.519402
 21
5810108.906503
 31
0.0
  0
LINE
  5
23A
330
236
100
AcDbEntity
  8
0
  6
502
 62
   253
420
 11645361
370
    18
100
AcDbLine
 10
3318826.445416
 20
5810107.679632
 30
0.0
 11
3318828.548903
 21
5810109.612677
 31
0.0
  0
LINE
  5
23B
330
236
100
AcDbEntity
  8
0
  6
502
 62
   253
420
 11645361
370
    18
100
AcDbLine
 10
3318825.738938
 20
5810107.709463
 30
0.0
 11
3318828.578404
 21
5810110.318851
 31
0.0
  0
LINE
  5
23C
330
236
100
AcDbEntity
  8
0
  6
502
 62
   253
420
 11645361
370
    18
100
AcDbLine
 10
3318825.032461
 20
5810107.739294
 30
0.0
 11
3318828.607905
 21
5810111.025025
 31
0.0
  0
LINE
  5
23D
330
236
100
AcDbEntity
  8
0
  6
502
 62
   253
420
 11645361
370
    18
100
AcDbLine
 10
3318824.325984
 20
5810107.769125
 30
0.0
 11
3318828.637405
 21
5810111.731199
 31
0.0
  0
LINE
  5
23E
330
236
100
AcDbEntity
  8
0
  6
502
 62
   253
420
 11645361
370
    18
100
AcDbLine
 10
3318823.619507
 20
5810107.798956
 30
0.0
 11
3318828.666906
 21
5810112.437373
 31
0.0
  0
LINE
  5
23F
330
236
100
AcDbEntity
  8
0
  6
502
 62
   253
420
 11645361
370
    18
100
AcDbLine
 10
3318822.913029
 20
5810107.828787
 30
0.0
 11
3318828.696407
 21
5810113.143547
 31
0.0
  0
LINE
  5
240
330
236
100
AcDbEntity
  8
0
  6
502
 62
   253
420
 11645361
370
    18
100
AcDbLine
 10
3318822.206552
 20
5810107.858618
 30
0.0
 11
3318828.725908
 21
5810113.849721
 31
0.0
  0
LINE
  5
241
330
236
100
AcDbEntity
  8
0
  6
502
 62
   253
420
 11645361
370
    18
100
AcDbLine
 10
3318821.500075
 20
5810107.888449
 30
0.0
 11
3318828.755409
 21
5810114.555895
 31
0.0
  0
LINE
  5
242
330
236
100
AcDbEntity
  8
0
  6
502
 62
   253
420
 11645361
370
    18
100
AcDbLine
 10
3318820.793598
 20
5810107.91828
 30
0.0
 11
3318828.78491
 21
5810115.262068
 31
0.0
  0
LINE
  5
243
330
236
100
AcDbEntity
  8
0
  6
502
 62
   253
420
 11645361
370
    18
100
AcDbLine
 10
3318820.08712
 20
5810107.948111
 30
0.0
 11
3318828.814411
 21
5810115.968242
 31
0.0
  0
LINE
  5
244
330
236
100
AcDbEntity
  8
0
  6
502
 62
   253
420
 11645361
370
    18
100
AcDbLine
 10
3318819.380643
 20
5810107.977942
 30
0.0
 11
3318828.843911
 21
5810116.674416
 31
0.0
  0
LINE
  5
245
330
236
100
AcDbEntity
  8
0
  6
502
 62
   253
420
 11645361
370
    18
100
AcDbLine
 10
3318818.674166
 20
5810108.007773
 30
0.0
 11
3318828.873412
 21
5810117.38059
 31
0.0
  0
LINE
  5
246
330
236
100
AcDbEntity
  8
0
  6
502
 62
   253
420
 11645361
370
    18
100
AcDbLine
 10
3318817.967689
 20
5810108.037604
 30
0.0
 11
3318828.902913
 21
5810118.086764
 31
0.0
  0
LINE
  5
247
330
236
100
AcDbEntity
  8
0
  6
502
 62
   253
420
 11645361
370
    18
100
AcDbLine
 10
3318817.261211
 20
5810108.067435
 30
0.0
 11
3318828.932414
 21
5810118.792938
 31
0.0
  0
LINE
  5
248
330
236
100
AcDbEntity
  8
0
  6
502
 62
   253
420
 11645361
370
    18
100
AcDbLine
 10
3318816.554734
 20
5810108.097266
 30
0.0
 11
3318828.961915
 21
5810119.499112
 31
0.0
  0
LINE
  5
249
330
236
100
AcDbEntity
  8
0
  6
502
 62
   253
420
 11645361
370
    18
100
AcDbLine
 10
3318815.848257
 20
5810108.127097
 30
0.0
 11
3318828.991416
 21
5810120.205286
 31
0.0
  0
LINE
  5
24A
330
236
100
AcDbEntity
  8
0
  6
502
 62
   253
420
 11645361
370
    18
100
AcDbLine
 10
3318815.14178
 20
5810108.156928
 30
0.0
 11
3318829.020916
 21
5810120.911459
 31
0.0
  0
LINE
  5
24B
330
236
100
AcDbEntity
  8
0
  6
502
 62
   253
420
 11645361
370
    18
100
AcDbLine
 10
3318814.435302
 20
5810108.186759
 30
0.0
 11
3318829.050417
 21
5810121.617633
 31
0.0
  0
LINE
  5
24C
330
236
100
AcDbEntity
  8
0
  6
502
 62
   253
420
 11645361
370
    18
100
AcDbLine
 10
3318813.728825
 20
5810108.21659
 30
0.0
 11
3318829.079918
 21
5810122.323807
 31
0.0
  0
LINE
  5
24D
330
236
100
AcDbEntity
  8
0
  6
502
 62
   253
420
 11645361
370
    18
100
AcDbLine
 10
3318813.022348
 20
5810108.246421
 30
0.0
 11
3318829.109419
 21
5810123.029981
 31
0.0
  0
LINE
  5
24E
330
236
100
AcDbEntity
  8
0
  6
502
 62
   253
420
 11645361
370
    18
100
AcDbLine
 10
3318812.315871
 20
5810108.276252
 30
0.0
 11
3318829.13892
 21
5810123.736155
 31
0.0
  0
LINE
  5
24F
330
236
100
AcDbEntity
  8
0
  6
502
 62
   253
420
 11645361
370
    18
100
AcDbLine
 10
3318811.609393
 20
5810108.306083
 30
0.0
 11
3318829.168421
 21
5810124.442329
 31
0.0
  0
LINE
  5
250
330
236
100
AcDbEntity
  8
0
  6
502
 62
   253
420
 11645361
370
    18
100
AcDbLine
 10
3318810.902916
 20
5810108.335914
 30
0.0
 11
3318829.197922
 21
5810125.148503
 31
0.0
  0
LINE
  5
251
330
236
100
AcDbEntity
  8
0
  6
502
 62
   253
420
 11645361
370
    18
100
AcDbLine
 10
3318810.196439
 20
5810108.365745
 30
0.0
 11
3318829.227422
 21
5810125.854677
 31
0.0
  0
LINE
  5
252
330
236
100
AcDbEntity
  8
0
  6
502
 62
   253
420
 11645361
370
    18
100
AcDbLine
 10
3318810.19781
 20
5810109.046069
 30
0.0
 11
3318829.256923
 21
5810126.56085
 31
0.0
  0
LINE
  5
253
330
236
100
AcDbEntity
  8
0
  6
502
 62
   253
420
 11645361
370
    18
100
AcDbLine
 10
3318810.227641
 20
5810109.752546
 30
0.0
 11
3318828.57749
 21
5810126.615534
 31
0.0
  0
LINE
  5
254
330
236
100
AcDbEntity
  8
0
  6
502
 62
   253
420
 11645361
370
    18
100
AcDbLine
 10
3318810.257472
 20
5810110.459023
 30
0.0
 11
3318827.868262
 21
5810126.642838
 31
0.0
  0
LINE
  5
255
330
236
100
AcDbEntity
  8
0
  6
502
 62
   253
420
 11645361
370
    18
100
AcDbLine
 10
3318810.287303
 20
5810111.1655
 30
0.0
 11
3318827.159035
 21
5810126.670141
 31
0.0
  0
LINE
  5
256
330
236
100
AcDbEntity
  8
0
  6
502
 62
   253
420
 11645361
370
    18
100
AcDbLine
 10
3318810.317134
 20
5810111.871978
 30
0.0
 11
3318826.449807
 21
5810126.697444
 31
0.0
  0
LINE
  5
257
330
236
100
AcDbEntity
  8
0
  6
502
 62
   253
420
 11645361
370
    18
100
AcDbLine
 10
3318810.346965
 20
5810112.578455
 30
0.0
 11
3318825.740579
 21
5810126.724748
 31
0.0
  0
LINE
  5
258
330
236
100
AcDbEntity
  8
0
  6
502
 62
   253
420
 11645361
370
    18
100
AcDbLine
 10
3318810.376796
 20
5810113.284932
 30
0.0
 11
3318825.031351
 21
5810126.752051
 31
0.0
  0
LINE
  5
259
330
236
100
AcDbEntity
  8
0
  6
502
 62
   253
420
 11645361
370
    18
100
AcDbLine
 10
3318810.406627
 20
5810113.991409
 30
0.0
 11
3318824.322124
 21
5810126.779354
 31
0.0
  0
LINE
  5
25A
330
236
100
AcDbEntity
  8
0
  6
502
 62
   253
420
 11645361
370
    18
100
AcDbLine
 10
3318810.436458
 20
5810114.697887
 30
0.0
 11
3318823.612896
 21
5810126.806658
 31
0.0
  0
LINE
  5
25B
330
236
100
AcDbEntity
  8
0
  6
502
 62
   253
420
 11645361
370
    18
100
AcDbLine
 10
3318810.466289
 20
5810115.404364
 30
0.0
 11
3318822.903668
 21
5810126.833961
 31
0.0
  0
LINE
  5
25C
330
236
100
AcDbEntity
  8
0
  6
502
 62
   253
420
 11645361
370
    18
100
AcDbLine
 10
3318810.49612
 20
5810116.110841
 30
0.0
 11
3318822.19444
 21
5810126.861264
 31
0.0
  0
LINE
  5
25D
330
236
100
AcDbEntity
  8
0
  6
502
 62
   253
420
 11645361
370
    18
100
AcDbLine
 10
3318810.525951
 20
5810116.817318
 30
0.0
 11
3318821.485212
 21
5810126.888568
 31
0.0
  0
LINE
  5
25E
330
236
100
AcDbEntity
  8
0
  6
502
 62
   253
420
 11645361
370
    18
100
AcDbLine
 10
3318810.555782
 20
5810117.523796
 30
0.0
 11
3318820.775985
 21
5810126.915871
 31
0.0
  0
LINE
  5
25F
330
236
100
AcDbEntity
  8
0
  6
502
 62
   253
420
 11645361
370
    18
100
AcDbLine
 10
3318810.585613
 20
5810118.230273
 30
0.0
 11
3318820.066757
 21
5810126.943174
 31
0.0
  0
LINE
  5
260
330
236
100
AcDbEntity
  8
0
  6
502
 62
   253
420
 11645361
370
    18
100
AcDbLine
 10
3318810.615444
 20
5810118.93675
 30
0.0
 11
3318819.357529
 21
5810126.970478
 31
0.0
  0
LINE
  5
261
330
236
100
AcDbEntity
  8
0
  6
502
 62
   253
420
 11645361
370
    18
100
AcDbLine
 10
3318810.645275
 20
5810119.643227
 30
0.0
 11
3318818.648301
 21
5810126.997781
 31
0.0
  0
LINE
  5
262
330
236
100
AcDbEntity
  8
0
  6
502
 62
   253
420
 11645361
370
    18
100
AcDbLine
 10
3318810.675106
 20
5810120.349705
 30
0.0
 11
3318817.939074
 21
5810127.025084
 31
0.0
  0
LINE
  5
263
330
236
100
AcDbEntity
  8
0
  6
502
 62
   253
420
 11645361
370
    18
100
AcDbLine
 10
3318810.704937
 20
5810121.056182
 30
0.0
 11
3318817.229846
 21
5810127.052388
 31
0.0
  0
LINE
  5
264
330
236
100
AcDbEntity
  8
0
  6
502
 62
   253
420
 11645361
370
    18
100
AcDbLine
 10
3318810.734768
 20
5810121.762659
 30
0.0
 11
3318816.520618
 21
5810127.079691
 31
0.0
  0
LINE
  5
265
330
236
100
AcDbEntity
  8
0
  6
502
 62
   253
420
 11645361
370
    18
100
AcDbLine
 10
3318810.764599
 20
5810122.469137
 30
0.0
 11
3318815.81139
 21
5810127.106994
 31
0.0
  0
LINE
  5
266
330
236
100
AcDbEntity
  8
0
  6
502
 62
   253
420
 11645361
370
    18
100
AcDbLine
 10
3318810.79443
 20
5810123.175614
 30
0.0
 11
3318815.102163
 21
5810127.134298
 31
0.0
  0
LINE
  5
267
330
236
100
AcDbEntity
  8
0
  6
502
 62
   253
420
 11645361
370
    18
100
AcDbLine
 10
3318810.824261
 20
5810123.882091
 30
0.0
 11
3318812.924019
 21
5810125.811709
 31
0.0
  0
LINE
  5
268
330
236
100
AcDbEntity
  8
0
  6
502
 62
   253
420
 11645361
370
    18
100
AcDbLine
 10
3318813.409267
 20
5810126.257638
 30
0.0
 11
3318814.392935
 21
5810127.161601
 31
0.0
  0
LINE
  5
269
330
236
100
AcDbEntity
  8
0
  6
502
 62
   253
420
 11645361
370
    18
100
AcDbLine
 10
3318810.854092
 20
5810124.588568
 30
0.0
 11
3318812.219177
 21
5810125.843042
 31
0.0
  0
LINE
  5
26A
330
236
100
AcDbEntity
  8
0
  6
502
 62
   253
420
 11645361
370
    18
100
AcDbLine
 10
3318813.438922
 20
5810126.963954
 30
0.0
 11
3318813.683707
 21
5810127.188904
 31
0.0
  0
LINE
  5
26B
330
236
100
AcDbEntity
  8
0
  6
502
 62
   253
420
 11645361
370
    18
100
AcDbLine
 10
3318810.883923
 20
5810125.295046
 30
0.0
 11
3318811.514334
 21
5810125.874376
 31
0.0
  0
LINE
  5
26C
330
236
100
AcDbEntity
  8
0
  6
502
 62
   253
420
 11645361
370
    18
100
AcDbLine
 10
3318829.231966
 20
5810125.963443
 30
0.0
 11
3318828.634738
 21
5810126.61333
 31
0.0
  0
LINE
  5
26D
330
236
100
AcDbEntity
  8
0
  6
502
 62
   253
420
 11645361
370
    18
100
AcDbLine
 10
3318829.202439
 20
5810125.256635
 30
0.0
 11
3318827.930769
 21
5810126.640431
 31
0.0
  0
LINE
  5
26E
330
236
100
AcDbEntity
  8
0
  6
502
 62
   253
420
 11645361
370
    18
100
AcDbLine
 10
3318829.172911
 20
5810124.549827
 30
0.0
 11
3318827.226801
 21
5810126.667532
 31
0.0
  0
LINE
  5
26F
330
236
100
AcDbEntity
  8
0
  6
502
 62
   253
420
 11645361
370
    18
100
AcDbLine
 10
3318829.143384
 20
5810123.84302
 30
0.0
 11
3318826.522833
 21
5810126.694633
 31
0.0
  0
LINE
  5
270
330
236
100
AcDbEntity
  8
0
  6
502
 62
   253
420
 11645361
370
    18
100
AcDbLine
 10
3318829.113857
 20
5810123.136212
 30
0.0
 11
3318825.818864
 21
5810126.721734
 31
0.0
  0
LINE
  5
271
330
236
100
AcDbEntity
  8
0
  6
502
 62
   253
420
 11645361
370
    18
100
AcDbLine
 10
3318829.08433
 20
5810122.429404
 30
0.0
 11
3318825.114896
 21
5810126.748835
 31
0.0
  0
LINE
  5
272
330
236
100
AcDbEntity
  8
0
  6
502
 62
   253
420
 11645361
370
    18
100
AcDbLine
 10
3318829.054802
 20
5810121.722597
 30
0.0
 11
3318824.410928
 21
5810126.775936
 31
0.0
  0
LINE
  5
273
330
236
100
AcDbEntity
  8
0
  6
502
 62
   253
420
 11645361
370
    18
100
AcDbLine
 10
3318829.025275
 20
5810121.015789
 30
0.0
 11
3318823.706959
 21
5810126.803036
 31
0.0
  0
LINE
  5
274
330
236
100
AcDbEntity
  8
0
  6
502
 62
   253
420
 11645361
370
    18
100
AcDbLine
 10
3318828.995748
 20
5810120.308981
 30
0.0
 11
3318823.002991
 21
5810126.830137
 31
0.0
  0
LINE
  5
275
330
236
100
AcDbEntity
  8
0
  6
502
 62
   253
420
 11645361
370
    18
100
AcDbLine
 10
3318828.96622
 20
5810119.602174
 30
0.0
 11
3318822.299023
 21
5810126.857238
 31
0.0
  0
LINE
  5
276
330
236
100
AcDbEntity
  8
0
  6
502
 62
   253
420
 11645361
370
    18
100
AcDbLine
 10
3318828.936693
 20
5810118.895366
 30
0.0
 11
3318821.595054
 21
5810126.884339
 31
0.0
  0
LINE
  5
277
330
236
100
AcDbEntity
  8
0
  6
502
 62
   253
420
 11645361
370
    18
100
AcDbLine
 10
3318828.907166
 20
5810118.188558
 30
0.0
 11
3318820.891086
 21
5810126.91144
 31
0.0
  0
LINE
  5
278
330
236
100
AcDbEntity
  8
0
  6
502
 62
   253
420
 11645361
370
    18
100
AcDbLine
 10
3318828.877638
 20
5810117.481751
 30
0.0
 11
3318820.187117
 21
5810126.938541
 31
0.0
  0
LINE
  5
279
330
236
100
AcDbEntity
  8
0
  6
502
 62
   253
420
 11645361
370
    18
100
AcDbLine
 10
3318828.848111
 20
5810116.774943
 30
0.0
 11
3318819.483149
 21
5810126.965642
 31
0.0
  0
LINE
  5
27A
330
236
100
AcDbEntity
  8
0
  6
502
 62
   253
420
 11645361
370
    18
100
AcDbLine
 10
3318828.818584
 20
5810116.068135
 30
0.0
 11
3318818.779181
 21
5810126.992742
 31
0.0
  0
LINE
  5
27B
330
236
100
AcDbEntity
  8
0
  6
502
 62
   253
420
 11645361
370
    18
100
AcDbLine
 10
3318828.789056
 20
5810115.361327
 30
0.0
 11
3318818.075212
 21
5810127.019843
 31
0.0
  0
LINE
  5
27C
330
236
100
AcDbEntity
  8
0
  6
502
 62
   253
420
 11645361
370
    18
100
AcDbLine
 10
3318828.759529
 20
5810114.65452
 30
0.0
 11
3318817.371244
 21
5810127.046944
 31
0.0
  0
LINE
  5
27D
330
236
100
AcDbEntity
  8
0
  6
502
 62
   253
420
 11645361
370
    18
100
AcDbLine
 10
3318828.730002
 20
5810113.947712
 30
0.0
 11
3318816.667276
 21
5810127.074045
 31
0.0
  0
LINE
  5
27E
330
236
100
AcDbEntity
  8
0
  6
502
 62
   253
420
 11645361
370
    18
100
AcDbLine
 10
3318828.700474
 20
5810113.240904
 30
0.0
 11
3318815.963307
 21
5810127.101146
 31
0.0
  0
LINE
  5
27F
330
236
100
AcDbEntity
  8
0
  6
502
 62
   253
420
 11645361
370
    18
100
AcDbLine
 10
3318828.670947
 20
5810112.534097
 30
0.0
 11
3318815.259339
 21
5810127.128247
 31
0.0
  0
LINE
  5
280
330
236
100
AcDbEntity
  8
0
  6
502
 62
   253
420
 11645361
370
    18
100
AcDbLine
 10
3318828.64142
 20
5810111.827289
 30
0.0
 11
3318814.555371
 21
5810127.155348
 31
0.0
  0
LINE
  5
281
330
236
100
AcDbEntity
  8
0
  6
502
 62
   253
420
 11645361
370
    18
100
AcDbLine
 10
3318828.611892
 20
5810111.120481
 30
0.0
 11
3318813.851402
 21
5810127.182448
 31
0.0
  0
LINE
  5
282
330
236
100
AcDbEntity
  8
0
  6
502
 62
   253
420
 11645361
370
    18
100
AcDbLine
 10
3318828.582365
 20
5810110.413674
 30
0.0
 11
3318813.436048
 21
5810126.895487
 31
0.0
  0
LINE
  5
283
330
236
100
AcDbEntity
  8
0
  6
502
 62
   253
420
 11645361
370
    18
100
AcDbLine
 10
3318828.552838
 20
5810109.706866
 30
0.0
 11
3318813.406378
 21
5810126.188834
 31
0.0
  0
LINE
  5
284
330
236
100
AcDbEntity
  8
0
  6
502
 62
   253
420
 11645361
370
    18
100
AcDbLine
 10
3318828.52331
 20
5810109.000058
 30
0.0
 11
3318813.080265
 21
5810125.804763
 31
0.0
  0
LINE
  5
285
330
236
100
AcDbEntity
  8
0
  6
502
 62
   253
420
 11645361
370
    18
100
AcDbLine
 10
3318828.493783
 20
5810108.293251
 30
0.0
 11
3318812.372279
 21
5810125.836236
 31
0.0
  0
LINE
  5
286
330
236
100
AcDbEntity
  8
0
  6
502
 62
   253
420
 11645361
370
    18
100
AcDbLine
 10
3318828.456661
 20
5810107.594708
 30
0.0
 11
3318811.664293
 21
5810125.867709
 31
0.0
  0
LINE
  5
287
330
236
100
AcDbEntity
  8
0
  6
502
 62
   253
420
 11645361
370
    18
100
AcDbLine
 10
3318827.750183
 20
5810107.624539
 30
0.0
 11
3318810.956306
 21
5810125.899183
 31
0.0
  0
LINE
  5
288
330
236
100
AcDbEntity
  8
0
  6
502
 62
   253
420
 11645361
370
    18
100
AcDbLine
 10
3318827.043706
 20
5810107.65437
 30
0.0
 11
3318810.881661
 21
5810125.241472
 31
0.0
  0
LINE
  5
289
330
236
100
AcDbEntity
  8
0
  6
502
 62
   253
420
 11645361
370
    18
100
AcDbLine
 10
3318826.337229
 20
5810107.684201
 30
0.0
 11
3318810.85183
 21
5810124.534994
 31
0.0
  0
LINE
  5
28A
330
236
100
AcDbEntity
  8
0
  6
502
 62
   253
420
 11645361
370
    18
100
AcDbLine
 10
3318825.630752
 20
5810107.714032
 30
0.0
 11
3318810.821999
 21
5810123.828517
 31
0.0
  0
LINE
  5
28B
330
236
100
AcDbEntity
  8
0
  6
502
 62
   253
420
 11645361
370
    18
100
AcDbLine
 10
3318824.924274
 20
5810107.743863
 30
0.0
 11
3318810.792168
 21
5810123.12204
 31
0.0
  0
LINE
  5
28C
330
236
100
AcDbEntity
  8
0
  6
502
 62
   253
420
 11645361
370
    18
100
AcDbLine
 10
3318824.217797
 20
5810107.773694
 30
0.0
 11
3318810.762337
 21
5810122.415563
 31
0.0
  0
LINE
  5
28D
330
236
100
AcDbEntity
  8
0
  6
502
 62
   253
420
 11645361
370
    18
100
AcDbLine
 10
3318823.51132
 20
5810107.803525
 30
0.0
 11
3318810.732506
 21
5810121.709085
 31
0.0
  0
LINE
  5
28E
330
236
100
AcDbEntity
  8
0
  6
502
 62
   253
420
 11645361
370
    18
100
AcDbLine
 10
3318822.804843
 20
5810107.833356
 30
0.0
 11
3318810.702675
 21
5810121.002608
 31
0.0
  0
LINE
  5
28F
330
236
100
AcDbEntity
  8
0
  6
502
 62
   253
420
 11645361
370
    18
100
AcDbLine
 10
3318822.098365
 20
5810107.863186
 30
0.0
 11
3318810.672844
 21
5810120.296131
 31
0.0
  0
LINE
  5
290
330
236
100
AcDbEntity
  8
0
  6
502
 62
   253
420
 11645361
370
    18
100
AcDbLine
 10
3318821.391888
 20
5810107.893017
 30
0.0
 11
3318810.643013
 21
5810119.589654
 31
0.0
  0
LINE
  5
291
330
236
100
AcDbEntity
  8
0
  6
502
 62
   253
420
 11645361
370
    18
100
AcDbLine
 10
3318820.685411
 20
5810107.922848
 30
0.0
 11
3318810.613182
 21
5810118.883176
 31
0.0
  0
LINE
  5
292
330
236
100
AcDbEntity
  8
0
  6
502
 62
   253
420
 11645361
370
    18
100
AcDbLine
 10
3318819.978934
 20
5810107.952679
 30
0.0
 11
3318810.583351
 21
5810118.176699
 31
0.0
  0
LINE
  5
293
330
236
100
AcDbEntity
  8
0
  6
502
 62
   253
420
 11645361
370
    18
100
AcDbLine
 10
3318819.272456
 20
5810107.98251
 30
0.0
 11
3318810.55352
 21
5810117.470222
 31
0.0
  0
LINE
  5
294
330
236
100
AcDbEntity
  8
0
  6
502
 62
   253
420
 11645361
370
    18
100
AcDbLine
 10
3318818.565979
 20
5810108.012341
 30
0.0
 11
3318810.523689
 21
5810116.763745
 31
0.0
  0
LINE
  5
295
330
236
100
AcDbEntity
  8
0
  6
502
 62
   253
420
 11645361
370
    18
100
AcDbLine
 10
3318817.859502
 20
5810108.042172
 30
0.0
 11
3318810.493858
 21
5810116.057267
 31
0.0
  0
LINE
  5
296
330
236
100
AcDbEntity
  8
0
  6
502
 62
   253
420
 11645361
370
    18
100
AcDbLine
 10
3318817.153025
 20
5810108.072003
 30
0.0
 11
3318810.464027
 21
5810115.35079
 31
0.0
  0
LINE
  5
297
330
236
100
AcDbEntity
  8
0
  6
502
 62
   253
420
 11645361
370
    18
100
AcDbLine
 10
3318816.446547
 20
5810108.101834
 30
0.0
 11
3318810.434196
 21
5810114.644313
 31
0.0
  0
LINE
  5
298
330
236
100
AcDbEntity
  8
0
  6
502
 62
   253
420
 11645361
370
    18
100
AcDbLine
 10
3318815.74007
 20
5810108.131665
 30
0.0
 11
3318810.404365
 21
5810113.937836
 31
0.0
  0
LINE
  5
299
330
236
100
AcDbEntity
  8
0
  6
502
 62
   253
420
 11645361
370
    18
100
AcDbLine
 10
3318815.033593
 20
5810108.161496
 30
0.0
 11
3318810.374534
 21
5810113.231358
 31
0.0
  0
LINE
  5
29A
330
236
100
AcDbEntity
  8
0
  6
502
 62
   253
420
 11645361
370
    18
100
AcDbLine
 10
3318814.327116
 20
5810108.191327
 30
0.0
 11
3318810.344703
 21
5810112.524881
 31
0.0
  0
LINE
  5
29B
330
236
100
AcDbEntity
  8
0
  6
502
 62
   253
420
 11645361
370
    18
100
AcDbLine
 10
3318813.620638
 20
5810108.221158
 30
0.0
 11
3318810.314872
 21
5810111.818404
 31
0.0
  0
LINE
  5
29C
330
236
100
AcDbEntity
  8
0
  6
502
 62
   253
420
 11645361
370
    18
100
AcDbLine
 10
3318812.914161
 20
5810108.250989
 30
0.0
 11
3318810.285041
 21
5810111.111927
 31
0.0
  0
LINE
  5
29D
330
236
100
AcDbEntity
  8
0
  6
502
 62
   253
420
 11645361
370
    18
100
AcDbLine
 10
3318812.207684
 20
5810108.28082
 30
0.0
 11
3318810.25521
 21
5810110.405449
 31
0.0
  0
LINE
  5
29E
330
236
100
AcDbEntity
  8
0
  6
502
 62
   253
420
 11645361
370
    18
100
AcDbLine
 10
3318811.501206
 20
5810108.310651
 30
0.0
 11
3318810.225379
 21
5810109.698972
 31
0.0
  0
LINE
  5
29F
330
236
100
AcDbEntity
  8
0
  6
502
 62
   253
420
 11645361
370
    18
100
AcDbLine
 10
3318810.794729
 20
5810108.340482
 30
0.0
 11
3318810.195548
 21
5810108.992495
 31
0.0
  0
ENDBLK
  5
2A0
330
236
100
AcDbEntity
  8
0
 62
     0
100
AcDbBlockEnd
  0
BLOCK
  5
2A5
330
2A4
100
AcDbEntity
  8
0
 62
     0
100
AcDbBlockBegin
  2
S4
 70
     0
 10
0.0
 20
0.0
 30
0.0
  3
S4
  1

  0
CIRCLE
  5
2A6
330
2A4
100
AcDbEntity
  8
0
 62
     0
370
    -2
100
AcDbCircle
 10
0.0
 20
0.0
 30
0.0
 40
0.5
  0
ENDBLK
  5
2A7
330
2A4
100
AcDbEntity
  8
0
 62
     0
100
AcDbBlockEnd
  0
BLOCK
  5
2BF
330
2BE
100
AcDbEntity
  8
0
 62
     0
100
AcDbBlockBegin
  2
S67
 70
     0
 10
0.0
 20
-0.215
 30
0.0
  3
S67
  1

  0
LINE
  5
2C0
330
2BE
100
AcDbEntity
  8
0
 62
     0
370
    -2
100
AcDbLine
 10
0.0
 20
-0.5
 30
0.0
 11
0.0
 21
0.355
 31
0.0
  0
LINE
  5
2C1
330
2BE
100
AcDbEntity
  8
0
 62
     0
370
    -2
100
AcDbLine
 10
0.0
 20
0.355
 30
0.0
 11
0.05
 21
-0.5
 31
0.0
  0
LINE
  5
2C2
330
2BE
100
AcDbEntity
  8
0
 62
     0
370
    -2
100
AcDbLine
 10
0.05
 20
-0.5
 30
0.0
 11
0.0
 21
-0.5
 31
0.0
  0
LINE
  5
2C3
330
2BE
100
AcDbEntity
  8
0
 62
     0
370
    -2
100
AcDbLine
 10
-0.05
 20
-0.5
 30
0.0
 11
0.0
 21
0.355
 31
0.0
  0
LINE
  5
2C4
330
2BE
100
AcDbEntity
  8
0
 62
     0
370
    -2
100
AcDbLine
 10
0.0
 20
0.355
 30
0.0
 11
-0.1
 21
-0.5
 31
0.0
  0
LINE
  5
2C5
330
2BE
100
AcDbEntity
  8
0
 62
     0
370
    -2
100
AcDbLine
 10
-0.1
 20
-0.5
 30
0.0
 11
-0.05
 21
-0.5
 31
0.0
  0
LINE
  5
2C6
330
2BE
100
AcDbEntity
  8
0
 62
     0
370
    -2
100
AcDbLine
 10
-0.15
 20
-0.5
 30
0.0
 11
0.0
 21
0.355
 31
0.0
  0
LINE
  5
2C7
330
2BE
100
AcDbEntity
  8
0
 62
     0
370
    -2
100
AcDbLine
 10
0.0
 20
0.355
 30
0.0
 11
0.15
 21
-0.5
 31
0.0
  0
LINE
  5
2C8
330
2BE
100
AcDbEntity
  8
0
 62
     0
370
    -2
100
AcDbLine
 10
0.15
 20
-0.5
 30
0.0
 11
0.1
 21
-0.5
 31
0.0
  0
LINE
  5
2C9
330
2BE
100
AcDbEntity
  8
0
 62
     0
370
    -2
100
AcDbLine
 10
0.1
 20
-0.5
 30
0.0
 11
0.0
 21
0.355
 31
0.0
  0
LINE
  5
2CA
330
2BE
100
AcDbEntity
  8
0
 62
     0
370
    -2
100
AcDbLine
 10
0.0
 20
0.355
 30
0.0
 11
-0.2
 21
-0.5
 31
0.0
  0
LINE
  5
2CB
330
2BE
100
AcDbEntity
  8
0
 62
     0
370
    -2
100
AcDbLine
 10
-0.2
 20
-0.5
 30
0.0
 11
-0.15
 21
-0.5
 31
0.0
  0
LINE
  5
2CC
330
2BE
100
AcDbEntity
  8
0
 62
     0
370
    -2
100
AcDbLine
 10
-0.2
 20
-0.5
 30
0.0
 11
0.2
 21
-0.5
 31
0.0
  0
LINE
  5
2CD
330
2BE
100
AcDbEntity
  8
0
 62
     0
370
    -2
100
AcDbLine
 10
0.2
 20
-0.5
 30
0.0
 11
0.0
 21
0.355
 31
0.0
  0
ENDBLK
  5
2CE
330
2BE
100
AcDbEntity
  8
0
 62
     0
100
AcDbBlockEnd
  0
BLOCK
  5
2D3
330
2D2
100
AcDbEntity
  8
0
 62
     0
100
AcDbBlockBegin
  2
S180
 70
     0
 10
0.0
 20
0.0
 30
0.0
  3
S180
  1

  0
LINE
  5
2D4
330
2D2
100
AcDbEntity
  8
0
 62
     0
370
    -2
100
AcDbLine
 10
-0.4
 20
-0.1
 30
0.0
 11
-0.5
 21
0.0
 31
0.0
  0
LINE
  5
2D5
330
2D2
100
AcDbEntity
  8
0
 62
     0
370
    -2
100
AcDbLine
 10
-0.5
 20
0.0
 30
0.0
 11
-0.4
 21
0.1
 31
0.0
  0
LINE
  5
2D6
330
2D2
100
AcDbEntity
  8
0
 62
     0
370
    -2
100
AcDbLine
 10
-0.5
 20
0.0
 30
0.0
 11
0.5
 21
0.0
 31
0.0
  0
ENDBLK
  5
2D7
330
2D2
100
AcDbEntity
  8
0
 62
     0
100
AcDbBlockEnd
  0
BLOCK
  5
2DC
330
2DB
100
AcDbEntity
  8
0
 62
     0
100
AcDbBlockBegin
  2
S240
 70
     0
 10
0.0
 20
-0.013034
 30
0.0
  3
S240
  1

  0
LINE
  5
2DD
330
2DB
100
AcDbEntity
  8
0
 62
     0
370
    -2
100
AcDbLine
 10
-0.293053
 20
-0.49085
 30
0.0
 11
0.286946
 21
-0.492248
 31
0.0
  0
LINE
  5
2DE
330
2DB
100
AcDbEntity
  8
0
 62
     0
370
    -2
100
AcDbLine
 10
0.286946
 20
-0.492248
 30
0.0
 11
-0.00191
 21
-0.01655
 31
0.0
  0
LINE
  5
2DF
330
2DB
100
AcDbEntity
  8
0
 62
     0
370
    -2
100
AcDbLine
 10
-0.00191
 20
-0.01655
 30
0.0
 11
-0.293053
 21
-0.49085
 31
0.0
  0
LINE
  5
2E0
330
2DB
100
AcDbEntity
  8
0
 62
     0
370
    -2
100
AcDbLine
 10
-0.290679
 20
0.494147
 30
0.0
 11
0.289319
 21
0.49275
 31
0.0
  0
LINE
  5
2E1
330
2DB
100
AcDbEntity
  8
0
 62
     0
370
    -2
100
AcDbLine
 10
0.289319
 20
0.49275
 30
0.0
 11
-0.00191
 21
-0.007639
 31
0.0
  0
LINE
  5
2E2
330
2DB
100
AcDbEntity
  8
0
 62
     0
370
    -2
100
AcDbLine
 10
-0.00191
 20
-0.007639
 30
0.0
 11
-0.290679
 21
0.494147
 31
0.0
  0
ENDBLK
  5
2E3
330
2DB
100
AcDbEntity
  8
0
 62
     0
100
AcDbBlockEnd
  0
BLOCK
  5
2E6
330
2E5
100
AcDbEntity
  8
0
 62
     0
100
AcDbBlockBegin
  2
S120
 70
     0
 10
0.0
 20
0.0
 30
0.0
  3
S120
  1

  0
LINE
  5
2E7
330
2E5
100
AcDbEntity
  8
0
 62
     0
370
    -2
100
AcDbLine
 10
-0.5
 20
-0.375
 30
0.0
 11
0.5
 21
-0.375
 31
0.0
  0
LINE
  5
2E8
330
2E5
100
AcDbEntity
  8
0
 62
     0
370
    -2
100
AcDbLine
 10
0.5
 20
-0.375
 30
0.0
 11
0.5
 21
0.375
 31
0.0
  0
LINE
  5
2E9
330
2E5
100
AcDbEntity
  8
0
 62
     0
370
    -2
100
AcDbLine
 10
0.5
 20
0.375
 30
0.0
 11
-0.5
 21
0.375
 31
0.0
  0
LINE
  5
2EA
330
2E5
100
AcDbEntity
  8
0
 62
     0
370
    -2
100
AcDbLine
 10
-0.5
 20
0.375
 30
0.0
 11
-0.5
 21
-0.375
 31
0.0
  0
ENDBLK
  5
2EB
330
2E5
100
AcDbEntity
  8
0
 62
     0
100
AcDbBlockEnd
  0
BLOCK
  5
2EE
330
2ED
100
AcDbEntity
  8
0
 62
     0
100
AcDbBlockBegin
  2
S93
 70
     0
 10
-0.165
 20
0.0
 30
0.0
  3
S93
  1

  0
LINE
  5
2EF
330
2ED
100
AcDbEntity
  8
0
 62
     0
370
    -2
100
AcDbLine
 10
-0.155
 20
0.01
 30
0.0
 11
0.145
 21
0.01
 31
0.0
  0
LINE
  5
2F0
330
2ED
100
AcDbEntity
  8
0
 62
     0
370
    -2
100
AcDbLine
 10
0.145
 20
0.01
 30
0.0
 11
0.145
 21
-0.01
 31
0.0
  0
LINE
  5
2F1
330
2ED
100
AcDbEntity
  8
0
 62
     0
370
    -2
100
AcDbLine
 10
0.145
 20
-0.01
 30
0.0
 11
-0.155
 21
-0.01
 31
0.0
  0
LINE
  5
2F2
330
2ED
100
AcDbEntity
  8
0
 62
     0
370
    -2
100
AcDbLine
 10
-0.155
 20
-0.01
 30
0.0
 11
-0.155
 21
-0.35
 31
0.0
  0
LINE
  5
2F3
330
2ED
100
AcDbEntity
  8
0
 62
     0
370
    -2
100
AcDbLine
 10
-0.155
 20
-0.35
 30
0.0
 11
-0.18
 21
-0.35
 31
0.0
  0
LINE
  5
2F4
330
2ED
100
AcDbEntity
  8
0
 62
     0
370
    -2
100
AcDbLine
 10
-0.18
 20
-0.35
 30
0.0
 11
-0.18
 21
-0.01
 31
0.0
  0
LINE
  5
2F5
330
2ED
100
AcDbEntity
  8
0
 62
     0
370
    -2
100
AcDbLine
 10
-0.18
 20
-0.01
 30
0.0
 11
-0.49
 21
-0.01
 31
0.0
  0
LINE
  5
2F6
330
2ED
100
AcDbEntity
  8
0
 62
     0
370
    -2
100
AcDbLine
 10
-0.49
 20
-0.01
 30
0.0
 11
-0.49
 21
0.01
 31
0.0
  0
LINE
  5
2F7
330
2ED
100
AcDbEntity
  8
0
 62
     0
370
    -2
100
AcDbLine
 10
-0.49
 20
0.01
 30
0.0
 11
-0.18
 21
0.01
 31
0.0
  0
LINE
  5
2F8
330
2ED
100
AcDbEntity
  8
0
 62
     0
370
    -2
100
AcDbLine
 10
-0.18
 20
0.01
 30
0.0
 11
-0.18
 21
0.35
 31
0.0
  0
LINE
  5
2F9
330
2ED
100
AcDbEntity
  8
0
 62
     0
370
    -2
100
AcDbLine
 10
-0.18
 20
0.35
 30
0.0
 11
-0.155
 21
0.35
 31
0.0
  0
LINE
  5
2FA
330
2ED
100
AcDbEntity
  8
0
 62
     0
370
    -2
100
AcDbLine
 10
-0.155
 20
0.35
 30
0.0
 11
-0.155
 21
0.01
 31
0.0
  0
LINE
  5
2FB
330
2ED
100
AcDbEntity
  8
0
 62
     0
370
    -2
100
AcDbLine
 10
0.2
 20
0.08
 30
0.0
 11
0.445
 21
-0.49
 31
0.0
  0
LINE
  5
2FC
330
2ED
100
AcDbEntity
  8
0
 62
     0
370
    -2
100
AcDbLine
 10
0.445
 20
-0.49
 30
0.0
 11
0.495
 21
0.48
 31
0.0
  0
LINE
  5
2FD
330
2ED
100
AcDbEntity
  8
0
 62
     0
370
    -2
100
AcDbLine
 10
0.2
 20
0.08
 30
0.0
 11
-0.01
 21
-0.49
 31
0.0
  0
LINE
  5
2FE
330
2ED
100
AcDbEntity
  8
0
 62
     0
370
    -2
100
AcDbLine
 10
-0.01
 20
-0.49
 30
0.0
 11
-0.105
 21
0.48
 31
0.0
  0
POINT
  5
2FF
330
2ED
100
AcDbEntity
  8
0
 62
     0
370
    -2
100
AcDbPoint
 10
-0.165
 20
0.0
 30
0.0
  0
ENDBLK
  5
300
330
2ED
100
AcDbEntity
  8
0
 62
     0
100
AcDbBlockEnd
  0
BLOCK
  5
304
330
303
100
AcDbEntity
  8
0
 62
     0
100
AcDbBlockBegin
  2
S152
 70
     0
 10
0.0
 20
0.0
 30
0.0
  3
S152
  1

  0
LINE
  5
305
330
303
100
AcDbEntity
  8
0
 62
     0
370
    -2
100
AcDbLine
 10
0.115
 20
-0.24
 30
0.0
 11
-0.045
 21
-0.385
 31
0.0
  0
LINE
  5
306
330
303
100
AcDbEntity
  8
0
 62
     0
370
    -2
100
AcDbLine
 10
-0.13
 20
-0.25
 30
0.0
 11
-0.05
 21
-0.245
 31
0.0
  0
LINE
  5
307
330
303
100
AcDbEntity
  8
0
 62
     0
370
    -2
100
AcDbLine
 10
-0.05
 20
-0.245
 30
0.0
 11
0.025
 21
0.01
 31
0.0
  0
LINE
  5
308
330
303
100
AcDbEntity
  8
0
 62
     0
370
    -2
100
AcDbLine
 10
0.025
 20
0.01
 30
0.0
 11
-0.205
 21
-0.055
 31
0.0
  0
LINE
  5
309
330
303
100
AcDbEntity
  8
0
 62
     0
370
    -2
100
AcDbLine
 10
-0.205
 20
-0.055
 30
0.0
 11
-0.105
 21
0.35
 31
0.0
  0
LINE
  5
30A
330
303
100
AcDbEntity
  8
0
 62
     0
370
    -2
100
AcDbLine
 10
-0.105
 20
0.35
 30
0.0
 11
-0.015
 21
0.36
 31
0.0
  0
LINE
  5
30B
330
303
100
AcDbEntity
  8
0
 62
     0
370
    -2
100
AcDbLine
 10
-0.015
 20
0.36
 30
0.0
 11
-0.105
 21
0.035
 31
0.0
  0
LINE
  5
30C
330
303
100
AcDbEntity
  8
0
 62
     0
370
    -2
100
AcDbLine
 10
-0.105
 20
0.035
 30
0.0
 11
0.105
 21
0.095
 31
0.0
  0
LINE
  5
30D
330
303
100
AcDbEntity
  8
0
 62
     0
370
    -2
100
AcDbLine
 10
0.105
 20
0.095
 30
0.0
 11
0.01
 21
-0.25
 31
0.0
  0
LINE
  5
30E
330
303
100
AcDbEntity
  8
0
 62
     0
370
    -2
100
AcDbLine
 10
0.01
 20
-0.25
 30
0.0
 11
0.115
 21
-0.24
 31
0.0
  0
LINE
  5
30F
330
303
100
AcDbEntity
  8
0
 62
     0
370
    -2
100
AcDbLine
 10
0.115
 20
-0.24
 30
0.0
 11
-0.03
 21
-0.3
 31
0.0
  0
LINE
  5
310
330
303
100
AcDbEntity
  8
0
 62
     0
370
    -2
100
AcDbLine
 10
-0.03
 20
-0.3
 30
0.0
 11
0.06
 21
0.045
 31
0.0
  0
LINE
  5
311
330
303
100
AcDbEntity
  8
0
 62
     0
370
    -2
100
AcDbLine
 10
0.06
 20
0.045
 30
0.0
 11
-0.155
 21
-0.01
 31
0.0
  0
LINE
  5
312
330
303
100
AcDbEntity
  8
0
 62
     0
370
    -2
100
AcDbLine
 10
-0.155
 20
-0.01
 30
0.0
 11
-0.065
 21
0.355
 31
0.0
  0
LINE
  5
313
330
303
100
AcDbEntity
  8
0
 62
     0
370
    -2
100
AcDbLine
 10
-0.13
 20
-0.25
 30
0.0
 11
-0.045
 21
-0.385
 31
0.0
  0
LINE
  5
314
330
303
100
AcDbEntity
  8
0
 62
     0
370
    -2
100
AcDbLine
 10
-0.045
 20
-0.385
 30
0.0
 11
-0.03
 21
-0.3
 31
0.0
  0
LINE
  5
315
330
303
100
AcDbEntity
  8
0
 62
     0
370
    -2
100
AcDbLine
 10
-0.03
 20
-0.3
 30
0.0
 11
-0.13
 21
-0.25
 31
0.0
  0
ENDBLK
  5
316
330
303
100
AcDbEntity
  8
0
 62
     0
100
AcDbBlockEnd
  0
BLOCK
  5
31B
330
31A
100
AcDbEntity
  8
0
 62
     0
100
AcDbBlockBegin
  2
S5
 70
     0
 10
0.0
 20
0.0
 30
0.0
  3
S5
  1

  0
CIRCLE
  5
31C
330
31A
100
AcDbEntity
  8
0
 62
     0
370
    -2
100
AcDbCircle
 10
0.0
 20
0.0
 30
0.0
 40
0.5
  0
CIRCLE
  5
31D
330
31A
100
AcDbEntity
  8
0
 62
     0
370
    -2
100
AcDbCircle
 10
0.0
 20
0.0
 30
0.0
 40
0.3
  0
ENDBLK
  5
31E
330
31A
100
AcDbEntity
  8
0
 62
     0
100
AcDbBlockEnd
  0
BLOCK
  5
321
330
320
100
AcDbEntity
  8
0
 62
     0
100
AcDbBlockBegin
  2
S143
 70
     0
 10
0.0
 20
0.0
 30
0.0
  3
S143
  1

  0
CIRCLE
  5
322
330
320
100
AcDbEntity
  8
0
 62
     0
370
    -2
100
AcDbCircle
 10
0.0
 20
0.0
 30
0.0
 40
0.5
  0
CIRCLE
  5
323
330
320
100
AcDbEntity
  8
0
 62
     0
370
    -2
100
AcDbCircle
 10
0.0
 20
0.0
 30
0.0
 40
0.45
  0
CIRCLE
  5
324
330
320
100
AcDbEntity
  8
0
 62
     0
370
    -2
100
AcDbCircle
 10
0.0
 20
0.0
 30
0.0
 40
0.475
  0
CIRCLE
  5
325
330
320
100
AcDbEntity
  8
0
 62
     0
370
    -2
100
AcDbCircle
 10
0.0
 20
0.0
 30
0.0
 40
0.425
  0
CIRCLE
  5
326
330
320
100
AcDbEntity
  8
0
 62
     0
370
    -2
100
AcDbCircle
 10
0.0
 20
0.0
 30
0.0
 40
0.4
  0
CIRCLE
  5
327
330
320
100
AcDbEntity
  8
0
 62
     0
370
    -2
100
AcDbCircle
 10
0.0
 20
0.0
 30
0.0
 40
0.375
  0
ENDBLK
  5
328
330
320
100
AcDbEntity
  8
0
 62
     0
100
AcDbBlockEnd
  0
BLOCK
  5
32B
330
32A
100
AcDbEntity
  8
0
 62
     0
100
AcDbBlockBegin
  2
S209
 70
     0
 10
0.0
 20
-0.3
 30
0.0
  3
S209
  1

  0
CIRCLE
  5
32C
330
32A
100
AcDbEntity
  8
0
 62
     0
370
    -2
100
AcDbCircle
 10
0.0
 20
-0.3
 30
0.0
 40
0.1
  0
LINE
  5
32D
330
32A
100
AcDbEntity
  8
0
 62
     0
370
    -2
100
AcDbLine
 10
0.0
 20
-0.2
 30
0.0
 11
0.0
 21
0.19
 31
0.0
  0
LINE
  5
32E
330
32A
100
AcDbEntity
  8
0
 62
     0
370
    -2
100
AcDbLine
 10
0.0
 20
0.19
 30
0.0
 11
0.245
 21
0.035
 31
0.0
  0
LINE
  5
32F
330
32A
100
AcDbEntity
  8
0
 62
     0
370
    -2
100
AcDbLine
 10
0.3
 20
0.115
 30
0.0
 11
0.19
 21
-0.05
 31
0.0
  0
LINE
  5
330
330
32A
100
AcDbEntity
  8
0
 62
     0
370
    -2
100
AcDbLine
 10
0.0
 20
0.19
 30
0.0
 11
-0.26
 21
0.025
 31
0.0
  0
LINE
  5
331
330
32A
100
AcDbEntity
  8
0
 62
     0
370
    -2
100
AcDbLine
 10
-0.21
 20
-0.045
 30
0.0
 11
-0.315
 21
0.11
 31
0.0
  0
LINE
  5
332
330
32A
100
AcDbEntity
  8
0
 62
     0
370
    -2
100
AcDbLine
 10
0.0
 20
0.19
 30
0.0
 11
0.0
 21
0.35
 31
0.0
  0
LINE
  5
333
330
32A
100
AcDbEntity
  8
0
 62
     0
370
    -2
100
AcDbLine
 10
-0.085
 20
0.35
 30
0.0
 11
0.09
 21
0.35
 31
0.0
  0
ENDBLK
  5
334
330
32A
100
AcDbEntity
  8
0
 62
     0
100
AcDbBlockEnd
  0
BLOCK
  5
33A
330
339
100
AcDbEntity
  8
0
 62
     0
100
AcDbBlockBegin
  2
S94
 70
     0
 10
0.0
 20
0.0
 30
0.0
  3
S94
  1

  0
LINE
  5
33B
330
339
100
AcDbEntity
  8
0
 62
     0
370
    -2
100
AcDbLine
 10
0.01
 20
0.01
 30
0.0
 11
0.35
 21
0.01
 31
0.0
  0
LINE
  5
33C
330
339
100
AcDbEntity
  8
0
 62
     0
370
    -2
100
AcDbLine
 10
0.35
 20
0.01
 30
0.0
 11
0.35
 21
-0.01
 31
0.0
  0
LINE
  5
33D
330
339
100
AcDbEntity
  8
0
 62
     0
370
    -2
100
AcDbLine
 10
0.35
 20
-0.01
 30
0.0
 11
0.01
 21
-0.01
 31
0.0
  0
LINE
  5
33E
330
339
100
AcDbEntity
  8
0
 62
     0
370
    -2
100
AcDbLine
 10
0.01
 20
-0.01
 30
0.0
 11
0.01
 21
-0.35
 31
0.0
  0
LINE
  5
33F
330
339
100
AcDbEntity
  8
0
 62
     0
370
    -2
100
AcDbLine
 10
0.01
 20
-0.35
 30
0.0
 11
-0.01
 21
-0.35
 31
0.0
  0
LINE
  5
340
330
339
100
AcDbEntity
  8
0
 62
     0
370
    -2
100
AcDbLine
 10
-0.01
 20
-0.35
 30
0.0
 11
-0.01
 21
-0.01
 31
0.0
  0
LINE
  5
341
330
339
100
AcDbEntity
  8
0
 62
     0
370
    -2
100
AcDbLine
 10
-0.01
 20
-0.01
 30
0.0
 11
-0.35
 21
-0.01
 31
0.0
  0
LINE
  5
342
330
339
100
AcDbEntity
  8
0
 62
     0
370
    -2
100
AcDbLine
 10
-0.35
 20
-0.01
 30
0.0
 11
-0.35
 21
0.01
 31
0.0
  0
LINE
  5
343
330
339
100
AcDbEntity
  8
0
 62
     0
370
    -2
100
AcDbLine
 10
-0.35
 20
0.01
 30
0.0
 11
-0.01
 21
0.01
 31
0.0
  0
LINE
  5
344
330
339
100
AcDbEntity
  8
0
 62
     0
370
    -2
100
AcDbLine
 10
-0.01
 20
0.01
 30
0.0
 11
-0.01
 21
0.35
 31
0.0
  0
LINE
  5
345
330
339
100
AcDbEntity
  8
0
 62
     0
370
    -2
100
AcDbLine
 10
-0.01
 20
0.35
 30
0.0
 11
0.01
 21
0.35
 31
0.0
  0
LINE
  5
346
330
339
100
AcDbEntity
  8
0
 62
     0
370
    -2
100
AcDbLine
 10
0.01
 20
0.35
 30
0.0
 11
0.01
 21
0.01
 31
0.0
  0
ARC
  5
347
330
339
100
AcDbEntity
  8
0
 62
     0
370
    -2
100
AcDbCircle
 10
0.854997
 20
-0.077963
 30
0.0
 40
0.765
100
AcDbArc
 50
180.152529412507
 51
200.830424612159
  0
ARC
  5
348
330
339
100
AcDbEntity
  8
0
 62
     0
370
    -2
100
AcDbCircle
 10
1.217715
 20
-0.008181
 30
0.0
 40
1.13
100
AcDbArc
 50
166.271102993383
 51
183.643994868276
  0
ARC
  5
349
330
339
100
AcDbEntity
  8
0
 62
     0
370
    -2
100
AcDbCircle
 10
0.330701
 20
0.167776
 30
0.0
 40
0.23
100
AcDbArc
 50
75.059023864612
 51
156.360883697011
  0
LINE
  5
34A
330
339
100
AcDbEntity
  8
0
 62
     0
370
    -2
100
AcDbLine
 10
0.305
 20
-0.07
 30
0.0
 11
0.48
 21
-0.07
 31
0.0
  0
LINE
  5
34B
330
339
100
AcDbEntity
  8
0
 62
     0
370
    -2
100
AcDbLine
 10
0.48
 20
-0.07
 30
0.0
 11
0.5
 21
-0.21
 31
0.0
  0
LINE
  5
34C
330
339
100
AcDbEntity
  8
0
 62
     0
370
    -2
100
AcDbLine
 10
0.5
 20
-0.21
 30
0.0
 11
0.46
 21
-0.365
 31
0.0
  0
ARC
  5
34D
330
339
100
AcDbEntity
  8
0
 62
     0
370
    -2
100
AcDbCircle
 10
0.308369
 20
-0.178968
 30
0.0
 40
0.24
100
AcDbArc
 50
225.449614563326
 51
309.182835117736
  0
ENDBLK
  5
34E
330
339
100
AcDbEntity
  8
0
 62
     0
100
AcDbBlockEnd
  0
BLOCK
  5
352
330
351
100
AcDbEntity
  8
0
 62
     0
100
AcDbBlockBegin
  2
S125
 70
     0
 10
0.0
 20
0.0
 30
0.0
  3
S125
  1

  0
CIRCLE
  5
353
330
351
100
AcDbEntity
  8
0
 62
     0
370
    -2
100
AcDbCircle
 10
0.0
 20
0.0
 30
0.0
 40
0.025
  0
CIRCLE
  5
354
330
351
100
AcDbEntity
  8
0
 62
     0
370
    -2
100
AcDbCircle
 10
0.0
 20
0.0
 30
0.0
 40
0.05
  0
CIRCLE
  5
355
330
351
100
AcDbEntity
  8
0
 62
     0
370
    -2
100
AcDbCircle
 10
0.0
 20
0.0
 30
0.0
 40
0.075
  0
ENDBLK
  5
356
330
351
100
AcDbEntity
  8
0
 62
     0
100
AcDbBlockEnd
  0
BLOCK
  5
3C1
330
3C0
100
AcDbEntity
  8
0
 62
     0
100
AcDbBlockBegin
  2
S10
 70
     0
 10
0.0
 20
0.0
 30
0.0
  3
S10
  1

  0
LINE
  5
3C2
330
3C0
100
AcDbEntity
  8
0
 62
     0
370
    -2
100
AcDbLine
 10
-0.25
 20
0.0
 30
0.0
 11
0.25
 21
0.0
 31
0.0
  0
LINE
  5
3C3
330
3C0
100
AcDbEntity
  8
0
 62
     0
370
    -2
100
AcDbLine
 10
0.25
 20
0.25
 30
0.0
 11
-0.25
 21
0.25
 31
0.0
  0
ARC
  5
3C4
330
3C0
100
AcDbEntity
  8
0
 62
     0
370
    -2
100
AcDbCircle
 10
-0.25
 20
0.0
 30
0.0
 40
0.25
100
AcDbArc
 50
90.0
 51
270.0
  0
ARC
  5
3C5
330
3C0
100
AcDbEntity
  8
0
 62
     0
370
    -2
100
AcDbCircle
 10
0.25
 20
0.0
 30
0.0
 40
0.25
100
AcDbArc
 50
270.0
 51
90.0
  0
LINE
  5
3C6
330
3C0
100
AcDbEntity
  8
0
 62
     0
370
    -2
100
AcDbLine
 10
0.25
 20
-0.25
 30
0.0
 11
-0.25
 21
-0.25
 31
0.0
  0
POINT
  5
3C7
330
3C0
100
AcDbEntity
  8
0
 62
     0
370
    -2
100
AcDbPoint
 10
0.0
 20
0.0
 30
0.0
  0
ENDBLK
  5
3C8
330
3C0
100
AcDbEntity
  8
0
 62
     0
100
AcDbBlockEnd
  0
BLOCK
  5
3FB
330
3FA
100
AcDbEntity
  8
0
 62
     0
100
AcDbBlockBegin
  2
S181
 70
     0
 10
0.0
 20
0.0
 30
0.0
  3
S181
  1

  0
LINE
  5
3FC
330
3FA
100
AcDbEntity
  8
0
 62
     0
370
    -2
100
AcDbLine
 10
0.0
 20
-0.4
 30
0.0
 11
0.35
 21
0.35
 31
0.0
  0
LINE
  5
3FD
330
3FA
100
AcDbEntity
  8
0
 62
     0
370
    -2
100
AcDbLine
 10
0.35
 20
0.35
 30
0.0
 11
-0.35
 21
0.35
 31
0.0
  0
LINE
  5
3FE
330
3FA
100
AcDbEntity
  8
0
 62
     0
370
    -2
100
AcDbLine
 10
-0.35
 20
0.35
 30
0.0
 11
0.0
 21
-0.4
 31
0.0
  0
ENDBLK
  5
3FF
330
3FA
100
AcDbEntity
  8
0
 62
     0
100
AcDbBlockEnd
  0
BLOCK
  5
402
330
401
100
AcDbEntity
  8
0
 62
     0
100
AcDbBlockBegin
  2
S96
 70
     0
 10
0.0
 20
0.0
 30
0.0
  3
S96
  1

  0
LINE
  5
403
330
401
100
AcDbEntity
  8
0
 62
     0
370
    -2
100
AcDbLine
 10
0.0
 20
0.5
 30
0.0
 11
0.0
 21
0.0
 31
0.0
  0
LINE
  5
404
330
401
100
AcDbEntity
  8
0
 62
     0
370
    -2
100
AcDbLine
 10
0.0
 20
0.0
 30
0.0
 11
0.0
 21
-0.5
 31
0.0
  0
ENDBLK
  5
405
330
401
100
AcDbEntity
  8
0
 62
     0
100
AcDbBlockEnd
  0
BLOCK
  5
40C
330
40B
100
AcDbEntity
  8
0
 62
     0
100
AcDbBlockBegin
  2
S33
 70
     0
 10
0.0
 20
0.355
 30
0.0
  3
S33
  1

  0
LINE
  5
40D
330
40B
100
AcDbEntity
  8
0
 62
     0
370
    -2
100
AcDbLine
 10
0.0
 20
0.355
 30
0.0
 11
0.0
 21
-0.5
 31
0.0
  0
LINE
  5
40E
330
40B
100
AcDbEntity
  8
0
 62
     0
370
    -2
100
AcDbLine
 10
0.0
 20
-0.5
 30
0.0
 11
0.05
 21
-0.5
 31
0.0
  0
LINE
  5
40F
330
40B
100
AcDbEntity
  8
0
 62
     0
370
    -2
100
AcDbLine
 10
0.05
 20
-0.5
 30
0.0
 11
0.0
 21
0.355
 31
0.0
  0
LINE
  5
410
330
40B
100
AcDbEntity
  8
0
 62
     0
370
    -2
100
AcDbLine
 10
0.0
 20
0.355
 30
0.0
 11
-0.05
 21
-0.5
 31
0.0
  0
LINE
  5
411
330
40B
100
AcDbEntity
  8
0
 62
     0
370
    -2
100
AcDbLine
 10
-0.05
 20
-0.5
 30
0.0
 11
-0.1
 21
-0.5
 31
0.0
  0
LINE
  5
412
330
40B
100
AcDbEntity
  8
0
 62
     0
370
    -2
100
AcDbLine
 10
-0.1
 20
-0.5
 30
0.0
 11
0.0
 21
0.355
 31
0.0
  0
LINE
  5
413
330
40B
100
AcDbEntity
  8
0
 62
     0
370
    -2
100
AcDbLine
 10
0.0
 20
0.355
 30
0.0
 11
-0.5
 21
-0.5
 31
0.0
  0
LINE
  5
414
330
40B
100
AcDbEntity
  8
0
 62
     0
370
    -2
100
AcDbLine
 10
-0.5
 20
-0.5
 30
0.0
 11
0.5
 21
-0.5
 31
0.0
  0
LINE
  5
415
330
40B
100
AcDbEntity
  8
0
 62
     0
370
    -2
100
AcDbLine
 10
0.5
 20
-0.5
 30
0.0
 11
0.0
 21
0.355
 31
0.0
  0
LINE
  5
416
330
40B
100
AcDbEntity
  8
0
 62
     0
370
    -2
100
AcDbLine
 10
0.0
 20
0.355
 30
0.0
 11
-0.45
 21
-0.5
 31
0.0
  0
LINE
  5
417
330
40B
100
AcDbEntity
  8
0
 62
     0
370
    -2
100
AcDbLine
 10
-0.45
 20
-0.5
 30
0.0
 11
-0.5
 21
-0.5
 31
0.0
  0
LINE
  5
418
330
40B
100
AcDbEntity
  8
0
 62
     0
370
    -2
100
AcDbLine
 10
-0.4
 20
-0.5
 30
0.0
 11
0.0
 21
0.355
 31
0.0
  0
LINE
  5
419
330
40B
100
AcDbEntity
  8
0
 62
     0
370
    -2
100
AcDbLine
 10
0.0
 20
0.355
 30
0.0
 11
-0.35
 21
-0.5
 31
0.0
  0
LINE
  5
41A
330
40B
100
AcDbEntity
  8
0
 62
     0
370
    -2
100
AcDbLine
 10
-0.35
 20
-0.5
 30
0.0
 11
-0.4
 21
-0.5
 31
0.0
  0
LINE
  5
41B
330
40B
100
AcDbEntity
  8
0
 62
     0
370
    -2
100
AcDbLine
 10
-0.3
 20
-0.5
 30
0.0
 11
0.0
 21
0.355
 31
0.0
  0
LINE
  5
41C
330
40B
100
AcDbEntity
  8
0
 62
     0
370
    -2
100
AcDbLine
 10
0.0
 20
0.355
 30
0.0
 11
-0.25
 21
-0.5
 31
0.0
  0
LINE
  5
41D
330
40B
100
AcDbEntity
  8
0
 62
     0
370
    -2
100
AcDbLine
 10
-0.25
 20
-0.5
 30
0.0
 11
-0.3
 21
-0.5
 31
0.0
  0
LINE
  5
41E
330
40B
100
AcDbEntity
  8
0
 62
     0
370
    -2
100
AcDbLine
 10
-0.2
 20
-0.5
 30
0.0
 11
0.0
 21
0.355
 31
0.0
  0
LINE
  5
41F
330
40B
100
AcDbEntity
  8
0
 62
     0
370
    -2
100
AcDbLine
 10
0.0
 20
0.355
 30
0.0
 11
-0.15
 21
-0.5
 31
0.0
  0
LINE
  5
420
330
40B
100
AcDbEntity
  8
0
 62
     0
370
    -2
100
AcDbLine
 10
-0.15
 20
-0.5
 30
0.0
 11
-0.2
 21
-0.5
 31
0.0
  0
LINE
  5
421
330
40B
100
AcDbEntity
  8
0
 62
     0
370
    -2
100
AcDbLine
 10
0.1
 20
-0.5
 30
0.0
 11
0.0
 21
0.355
 31
0.0
  0
LINE
  5
422
330
40B
100
AcDbEntity
  8
0
 62
     0
370
    -2
100
AcDbLine
 10
0.0
 20
0.355
 30
0.0
 11
0.15
 21
-0.5
 31
0.0
  0
LINE
  5
423
330
40B
100
AcDbEntity
  8
0
 62
     0
370
    -2
100
AcDbLine
 10
0.15
 20
-0.5
 30
0.0
 11
0.1
 21
-0.5
 31
0.0
  0
LINE
  5
424
330
40B
100
AcDbEntity
  8
0
 62
     0
370
    -2
100
AcDbLine
 10
0.2
 20
-0.5
 30
0.0
 11
0.0
 21
0.355
 31
0.0
  0
LINE
  5
425
330
40B
100
AcDbEntity
  8
0
 62
     0
370
    -2
100
AcDbLine
 10
0.0
 20
0.355
 30
0.0
 11
0.25
 21
-0.5
 31
0.0
  0
LINE
  5
426
330
40B
100
AcDbEntity
  8
0
 62
     0
370
    -2
100
AcDbLine
 10
0.25
 20
-0.5
 30
0.0
 11
0.2
 21
-0.5
 31
0.0
  0
LINE
  5
427
330
40B
100
AcDbEntity
  8
0
 62
     0
370
    -2
100
AcDbLine
 10
0.3
 20
-0.5
 30
0.0
 11
0.0
 21
0.355
 31
0.0
  0
LINE
  5
428
330
40B
100
AcDbEntity
  8
0
 62
     0
370
    -2
100
AcDbLine
 10
0.0
 20
0.355
 30
0.0
 11
0.35
 21
-0.5
 31
0.0
  0
LINE
  5
429
330
40B
100
AcDbEntity
  8
0
 62
     0
370
    -2
100
AcDbLine
 10
0.35
 20
-0.5
 30
0.0
 11
0.3
 21
-0.5
 31
0.0
  0
LINE
  5
42A
330
40B
100
AcDbEntity
  8
0
 62
     0
370
    -2
100
AcDbLine
 10
0.4
 20
-0.5
 30
0.0
 11
0.0
 21
0.355
 31
0.0
  0
LINE
  5
42B
330
40B
100
AcDbEntity
  8
0
 62
     0
370
    -2
100
AcDbLine
 10
0.0
 20
0.355
 30
0.0
 11
0.45
 21
-0.5
 31
0.0
  0
LINE
  5
42C
330
40B
100
AcDbEntity
  8
0
 62
     0
370
    -2
100
AcDbLine
 10
0.45
 20
-0.5
 30
0.0
 11
0.4
 21
-0.5
 31
0.0
  0
ENDBLK
  5
42D
330
40B
100
AcDbEntity
  8
0
 62
     0
100
AcDbBlockEnd
  0
BLOCK
  5
50B
330
50A
100
AcDbEntity
  8
0
 62
     0
100
AcDbBlockBegin
  2
S183
 70
     0
 10
0.0
 20
0.0
 30
0.0
  3
S183
  1

  0
LINE
  5
50C
330
50A
100
AcDbEntity
  8
0
 62
     0
370
    -2
100
AcDbLine
 10
-0.04
 20
0.025
 30
0.0
 11
-0.04
 21
0.03
 31
0.0
  0
LINE
  5
50D
330
50A
100
AcDbEntity
  8
0
 62
     0
370
    -2
100
AcDbLine
 10
-0.04
 20
0.03
 30
0.0
 11
-0.035
 21
0.035
 31
0.0
  0
LINE
  5
50E
330
50A
100
AcDbEntity
  8
0
 62
     0
370
    -2
100
AcDbLine
 10
-0.03
 20
0.04
 30
0.0
 11
-0.03
 21
0.045
 31
0.0
  0
LINE
  5
50F
330
50A
100
AcDbEntity
  8
0
 62
     0
370
    -2
100
AcDbLine
 10
-0.03
 20
0.045
 30
0.0
 11
-0.03
 21
0.05
 31
0.0
  0
LINE
  5
510
330
50A
100
AcDbEntity
  8
0
 62
     0
370
    -2
100
AcDbLine
 10
-0.03
 20
0.05
 30
0.0
 11
-0.025
 21
0.055
 31
0.0
  0
LINE
  5
511
330
50A
100
AcDbEntity
  8
0
 62
     0
370
    -2
100
AcDbLine
 10
-0.025
 20
0.06
 30
0.0
 11
-0.02
 21
0.065
 31
0.0
  0
LINE
  5
512
330
50A
100
AcDbEntity
  8
0
 62
     0
370
    -2
100
AcDbLine
 10
-0.015
 20
0.075
 30
0.0
 11
-0.015
 21
0.08
 31
0.0
  0
LINE
  5
513
330
50A
100
AcDbEntity
  8
0
 62
     0
370
    -2
100
AcDbLine
 10
-0.015
 20
0.08
 30
0.0
 11
-0.01
 21
0.085
 31
0.0
  0
LINE
  5
514
330
50A
100
AcDbEntity
  8
0
 62
     0
370
    -2
100
AcDbLine
 10
-0.01
 20
0.085
 30
0.0
 11
-0.01
 21
0.09
 31
0.0
  0
LINE
  5
515
330
50A
100
AcDbEntity
  8
0
 62
     0
370
    -2
100
AcDbLine
 10
-0.01
 20
0.09
 30
0.0
 11
-0.005
 21
0.095
 31
0.0
  0
LINE
  5
516
330
50A
100
AcDbEntity
  8
0
 62
     0
370
    -2
100
AcDbLine
 10
-0.005
 20
0.1
 30
0.0
 11
0.0
 21
0.105
 31
0.0
  0
LINE
  5
517
330
50A
100
AcDbEntity
  8
0
 62
     0
370
    -2
100
AcDbLine
 10
0.0
 20
0.105
 30
0.0
 11
0.0
 21
0.38
 31
0.0
  0
LINE
  5
518
330
50A
100
AcDbEntity
  8
0
 62
     0
370
    -2
100
AcDbLine
 10
0.0
 20
0.5
 30
0.0
 11
0.0
 21
0.4
 31
0.0
  0
LINE
  5
519
330
50A
100
AcDbEntity
  8
0
 62
     0
370
    -2
100
AcDbLine
 10
0.0
 20
0.4
 30
0.0
 11
-0.05
 21
0.0
 31
0.0
  0
LINE
  5
51A
330
50A
100
AcDbEntity
  8
0
 62
     0
370
    -2
100
AcDbLine
 10
-0.05
 20
0.0
 30
0.0
 11
0.0
 21
0.1
 31
0.0
  0
LINE
  5
51B
330
50A
100
AcDbEntity
  8
0
 62
     0
370
    -2
100
AcDbLine
 10
0.0
 20
0.1
 30
0.0
 11
0.0
 21
0.4
 31
0.0
  0
LINE
  5
51C
330
50A
100
AcDbEntity
  8
0
 62
     0
370
    -2
100
AcDbLine
 10
0.0
 20
0.4
 30
0.0
 11
0.05
 21
0.0
 31
0.0
  0
LINE
  5
51D
330
50A
100
AcDbEntity
  8
0
 62
     0
370
    -2
100
AcDbLine
 10
0.05
 20
0.0
 30
0.0
 11
0.0
 21
0.1
 31
0.0
  0
LINE
  5
51E
330
50A
100
AcDbEntity
  8
0
 62
     0
370
    -2
100
AcDbLine
 10
0.0
 20
0.1
 30
0.0
 11
0.0
 21
0.0
 31
0.0
  0
LINE
  5
51F
330
50A
100
AcDbEntity
  8
0
 62
     0
370
    -2
100
AcDbLine
 10
0.0
 20
0.0
 30
0.0
 11
0.0
 21
-0.5
 31
0.0
  0
LINE
  5
520
330
50A
100
AcDbEntity
  8
0
 62
     0
370
    -2
100
AcDbLine
 10
-0.045
 20
0.02
 30
0.0
 11
-0.045
 21
0.015
 31
0.0
  0
LINE
  5
521
330
50A
100
AcDbEntity
  8
0
 62
     0
370
    -2
100
AcDbLine
 10
-0.045
 20
0.015
 30
0.0
 11
0.0
 21
0.38
 31
0.0
  0
LINE
  5
522
330
50A
100
AcDbEntity
  8
0
 62
     0
370
    -2
100
AcDbLine
 10
0.0
 20
0.38
 30
0.0
 11
-0.04
 21
0.03
 31
0.0
  0
LINE
  5
523
330
50A
100
AcDbEntity
  8
0
 62
     0
370
    -2
100
AcDbLine
 10
-0.04
 20
0.03
 30
0.0
 11
-0.01
 21
0.185
 31
0.0
  0
LINE
  5
524
330
50A
100
AcDbEntity
  8
0
 62
     0
370
    -2
100
AcDbLine
 10
-0.01
 20
0.185
 30
0.0
 11
-0.03
 21
0.05
 31
0.0
  0
LINE
  5
525
330
50A
100
AcDbEntity
  8
0
 62
     0
370
    -2
100
AcDbLine
 10
-0.03
 20
0.05
 30
0.0
 11
0.0
 21
0.38
 31
0.0
  0
LINE
  5
526
330
50A
100
AcDbEntity
  8
0
 62
     0
370
    -2
100
AcDbLine
 10
0.0
 20
0.38
 30
0.0
 11
-0.035
 21
0.035
 31
0.0
  0
LINE
  5
527
330
50A
100
AcDbEntity
  8
0
 62
     0
370
    -2
100
AcDbLine
 10
-0.035
 20
0.035
 30
0.0
 11
-0.03
 21
0.04
 31
0.0
  0
LINE
  5
528
330
50A
100
AcDbEntity
  8
0
 62
     0
370
    -2
100
AcDbLine
 10
-0.03
 20
0.04
 30
0.0
 11
0.0
 21
0.38
 31
0.0
  0
LINE
  5
529
330
50A
100
AcDbEntity
  8
0
 62
     0
370
    -2
100
AcDbLine
 10
0.0
 20
0.38
 30
0.0
 11
-0.025
 21
0.06
 31
0.0
  0
LINE
  5
52A
330
50A
100
AcDbEntity
  8
0
 62
     0
370
    -2
100
AcDbLine
 10
-0.025
 20
0.06
 30
0.0
 11
-0.025
 21
0.055
 31
0.0
  0
LINE
  5
52B
330
50A
100
AcDbEntity
  8
0
 62
     0
370
    -2
100
AcDbLine
 10
-0.025
 20
0.055
 30
0.0
 11
-0.01
 21
0.185
 31
0.0
  0
LINE
  5
52C
330
50A
100
AcDbEntity
  8
0
 62
     0
370
    -2
100
AcDbLine
 10
-0.01
 20
0.185
 30
0.0
 11
-0.015
 21
0.075
 31
0.0
  0
LINE
  5
52D
330
50A
100
AcDbEntity
  8
0
 62
     0
370
    -2
100
AcDbLine
 10
-0.015
 20
0.075
 30
0.0
 11
-0.02
 21
0.07
 31
0.0
  0
LINE
  5
52E
330
50A
100
AcDbEntity
  8
0
 62
     0
370
    -2
100
AcDbLine
 10
-0.02
 20
0.07
 30
0.0
 11
-0.02
 21
0.065
 31
0.0
  0
LINE
  5
52F
330
50A
100
AcDbEntity
  8
0
 62
     0
370
    -2
100
AcDbLine
 10
-0.02
 20
0.065
 30
0.0
 11
0.0
 21
0.38
 31
0.0
  0
LINE
  5
530
330
50A
100
AcDbEntity
  8
0
 62
     0
370
    -2
100
AcDbLine
 10
0.0
 20
0.38
 30
0.0
 11
-0.045
 21
0.02
 31
0.0
  0
LINE
  5
531
330
50A
100
AcDbEntity
  8
0
 62
     0
370
    -2
100
AcDbLine
 10
-0.045
 20
0.02
 30
0.0
 11
-0.04
 21
0.025
 31
0.0
  0
LINE
  5
532
330
50A
100
AcDbEntity
  8
0
 62
     0
370
    -2
100
AcDbLine
 10
-0.04
 20
0.025
 30
0.0
 11
-0.01
 21
0.185
 31
0.0
  0
LINE
  5
533
330
50A
100
AcDbEntity
  8
0
 62
     0
370
    -2
100
AcDbLine
 10
-0.01
 20
0.185
 30
0.0
 11
-0.015
 21
0.08
 31
0.0
  0
LINE
  5
534
330
50A
100
AcDbEntity
  8
0
 62
     0
370
    -2
100
AcDbLine
 10
-0.015
 20
0.08
 30
0.0
 11
0.0
 21
0.38
 31
0.0
  0
LINE
  5
535
330
50A
100
AcDbEntity
  8
0
 62
     0
370
    -2
100
AcDbLine
 10
0.0
 20
0.38
 30
0.0
 11
-0.01
 21
0.09
 31
0.0
  0
LINE
  5
536
330
50A
100
AcDbEntity
  8
0
 62
     0
370
    -2
100
AcDbLine
 10
-0.01
 20
0.09
 30
0.0
 11
-0.01
 21
0.185
 31
0.0
  0
LINE
  5
537
330
50A
100
AcDbEntity
  8
0
 62
     0
370
    -2
100
AcDbLine
 10
-0.01
 20
0.185
 30
0.0
 11
-0.005
 21
0.1
 31
0.0
  0
LINE
  5
538
330
50A
100
AcDbEntity
  8
0
 62
     0
370
    -2
100
AcDbLine
 10
-0.005
 20
0.1
 30
0.0
 11
-0.005
 21
0.095
 31
0.0
  0
LINE
  5
539
330
50A
100
AcDbEntity
  8
0
 62
     0
370
    -2
100
AcDbLine
 10
-0.005
 20
0.095
 30
0.0
 11
0.0
 21
0.38
 31
0.0
  0
LINE
  5
53A
330
50A
100
AcDbEntity
  8
0
 62
     0
370
    -2
100
AcDbLine
 10
0.0
 20
0.38
 30
0.0
 11
-0.01
 21
0.185
 31
0.0
  0
ENDBLK
  5
53B
330
50A
100
AcDbEntity
  8
0
 62
     0
100
AcDbBlockEnd
  0
ENDSEC
  0
SECTION
  2
ENTITIES
  0
INSERT
  5
78
330
4
100
AcDbEntity
  8
Häuser
 62
   253
420
 11645361
370
    18
100
AcDbBlockReference
  2
*X0
 10
0.0
 20
0.0
 30
0.0
  0
INSERT
  5
ED
330
4
100
AcDbEntity
  8
Häuser
 62
   253
420
 11645361
370
    18
100
AcDbBlockReference
  2
*X1
 10
0.0
 20
0.0
 30
0.0
  0
INSERT
  5
155
330
4
100
AcDbEntity
  8
Häuser
 62
   253
420
 11645361
370
    18
100
AcDbBlockReference
  2
*X2
 10
0.0
 20
0.0
 30
0.0
  0
INSERT
  5
1C1
330
4
100
AcDbEntity
  8
Häuser
 62
   253
420
 11645361
370
    18
100
AcDbBlockReference
  2
*X3
 10
0.0
 20
0.0
 30
0.0
  0
INSERT
  5
235
330
4
100
AcDbEntity
  8
Häuser
 62
   253
420
 11645361
370
    18
100
AcDbBlockReference
  2
*X4
 10
0.0
 20
0.0
 30
0.0
  0
INSERT
  5
2A1
330
4
100
AcDbEntity
  8
Häuser
 62
   253
420
 11645361
370
    18
100
AcDbBlockReference
  2
*X5
 10
0.0
 20
0.0
 30
0.0
  0
HATCH
  5
2A2
330
4
100
AcDbEntity
  8
Kataster AMT+Grunddiestbarkeit
 62
     2
370
    70
100
AcDbHatch
 10
0.0
 20
0.0
 30
0.0
210
0.0
220
0.0
230
1.0
  2
SOLID
 70
     1
 71
     0
 91
        1
 92
        2
 72
     0
 73
     1
 93
        4
 10
3318886.761108
 20
5810065.475811
 10
3318941.788433
 20
5810062.811439
 10
3318941.675877
 20
5810058.810324
 10
3318886.600392
 20
5810061.476341
 97
        0
 75
     0
 76
     1
 98
        1
 10
3318914.205685
 20
5810062.143276
  0
INSERT
  5
2A8
330
4
100
AcDbEntity
  8
Kataster AMT+Grunddiestbarkeit
 62
     7
370
    25
100
AcDbBlockReference
  2
S4
 10
3318890.330089
 20
5810154.290832
 30
0.0
 41
0.3
 42
0.3
 43
0.3
  0
INSERT
  5
2A9
330
4
100
AcDbEntity
  8
Kataster AMT+Grunddiestbarkeit
 62
     7
370
    25
100
AcDbBlockReference
  2
S4
 10
3318707.68735
 20
5810060.785558
 30
0.0
 41
0.3
 42
0.3
 43
0.3
  0
INSERT
  5
2AA
330
4
100
AcDbEntity
  8
Kataster AMT+Grunddiestbarkeit
 62
     7
370
    25
100
AcDbBlockReference
  2
S4
 10
3318760.469125
 20
5810080.546038
 30
0.0
 41
0.3
 42
0.3
 43
0.3
  0
INSERT
  5
2AB
330
4
100
AcDbEntity
  8
Kataster AMT+Grunddiestbarkeit
 62
     7
370
    25
100
AcDbBlockReference
  2
S4
 10
3318759.943083
 20
5810067.629079
 30
0.0
 41
0.3
 42
0.3
 43
0.3
  0
INSERT
  5
2AC
330
4
100
AcDbEntity
  8
Kataster AMT+Grunddiestbarkeit
 62
     7
370
    25
100
AcDbBlockReference
  2
S4
 10
3318843.250154
 20
5810077.167239
 30
0.0
 41
0.3
 42
0.3
 43
0.3
  0
INSERT
  5
2AD
330
4
100
AcDbEntity
  8
Kataster AMT+Grunddiestbarkeit
 62
     7
370
    25
100
AcDbBlockReference
  2
S4
 10
3318849.83453
 20
5810063.261699
 30
0.0
 41
0.3
 42
0.3
 43
0.3
  0
INSERT
  5
2AE
330
4
100
AcDbEntity
  8
Kataster AMT+Grunddiestbarkeit
 62
     7
370
    25
100
AcDbBlockReference
  2
S4
 10
3318872.986489
 20
5810062.137478
 30
0.0
 41
0.3
 42
0.3
 43
0.3
  0
INSERT
  5
2AF
330
4
100
AcDbEntity
  8
Kataster AMT+Grunddiestbarkeit
 62
     7
370
    25
100
AcDbBlockReference
  2
S4
 10
3318788.702685
 20
5810158.428588
 30
0.0
 41
0.3
 42
0.3
 43
0.3
  0
INSERT
  5
2B0
330
4
100
AcDbEntity
  8
Kataster AMT+Grunddiestbarkeit
 62
     7
370
    25
100
AcDbBlockReference
  2
S4
 10
3318785.478186
 20
5810079.525276
 30
0.0
 41
0.3
 42
0.3
 43
0.3
  0
INSERT
  5
2B1
330
4
100
AcDbEntity
  8
Kataster AMT+Grunddiestbarkeit
 62
     7
370
    25
100
AcDbBlockReference
  2
S4
 10
3318941.02973
 20
5810058.831486
 30
0.0
 41
0.10000000149
 42
0.10000000149
 43
0.10000000149
  0
INSERT
  5
2B2
330
4
100
AcDbEntity
  8
Kataster AMT+Grunddiestbarkeit
 62
     7
370
    25
100
AcDbBlockReference
  2
S4
 10
3318886.600392
 20
5810061.476341
 30
0.0
 41
0.3
 42
0.3
 43
0.3
  0
POINT
  5
2B3
330
4
100
AcDbEntity
  8
Lageplan sonstiges
 62
     7
420
 16777215
100
AcDbPoint
 10
3318871.065111
 20
5810155.495929
 30
49.482
  0
POINT
  5
2B5
330
4
100
AcDbEntity
  8
Lageplan sonstiges
 62
     7
420
 16777215
100
AcDbPoint
 10
3318776.408059
 20
5810085.465372
 30
48.101
  0
POINT
  5
2B6
330
4
100
AcDbEntity
  8
Lageplan sonstiges
 62
     7
420
 16777215
100
AcDbPoint
 10
3318812.288807
 20
5810157.863512
 30
49.196
  0
POINT
  5
2B7
330
4
100
AcDbEntity
  8
Lageplan sonstiges
 62
     7
420
 16777215
100
AcDbPoint
 10
3318798.827108
 20
5810158.400198
 30
49.135
  0
POINT
  5
2B8
330
4
100
AcDbEntity
  8
Lageplan sonstiges
 62
     7
370
    25
100
AcDbPoint
 10
3318761.573545
 20
5810095.423671
 30
48.235
  0
POINT
  5
2B9
330
4
100
AcDbEntity
  8
Lageplan sonstiges
 62
     7
370
    25
100
AcDbPoint
 10
3318756.886741
 20
5810095.454188
 30
48.118
  0
POINT
  5
2BA
330
4
100
AcDbEntity
  8
Lageplan sonstiges
 62
     7
370
    25
100
AcDbPoint
 10
3318756.868436
 20
5810084.345679
 30
47.862
  0
POINT
  5
2BB
330
4
100
AcDbEntity
  8
Lageplan sonstiges
 62
     7
370
    25
100
AcDbPoint
 10
3318764.062031
 20
5810088.361043
 30
48.067
  0
POINT
  5
2BC
330
4
100
AcDbEntity
  8
Lageplan sonstiges
 62
     7
370
    25
100
AcDbPoint
 10
3318768.009602
 20
5810087.939885
 30
48.093
  0
POINT
  5
2BD
330
4
100
AcDbEntity
  8
Lageplan sonstiges
 62
     7
370
    25
100
AcDbPoint
 10
3318780.879804
 20
5810085.057317
 30
47.926
  0
INSERT
  5
2CF
330
4
100
AcDbEntity
  8
Fernwärmeleitung
 62
     7
370
    35
100
AcDbBlockReference
  2
S67
 10
3318740.472338
 20
5810134.52018
 30
0.0
 41
1.600000023842
 42
1.600000023842
 43
1.600000023842
 50
89.27790807523499
  0
INSERT
  5
2D1
330
4
100
AcDbEntity
  8
Fernwärmeleitung
 62
     7
370
    35
100
AcDbBlockReference
  2
S67
 10
3318740.349548
 20
5810086.380928
 30
0.0
 41
0.699999988079
 42
0.699999988079
 43
0.699999988079
 50
267.516110411388
  0
INSERT
  5
2D8
330
4
100
AcDbEntity
  8
Fernwärmeleitung
 62
     7
370
    35
100
AcDbBlockReference
  2
S180
 10
3318743.372238
 20
5810134.86668
 30
0.0
 41
2.599999904633
 42
2.599999904633
 43
2.599999904633
 50
356.591367841166
  0
INSERT
  5
2D9
330
4
100
AcDbEntity
  8
Fernwärmeleitung
 62
     7
370
    35
100
AcDbBlockReference
  2
S180
 10
3318710.037479
 20
5810087.920262
 30
0.0
 41
3.0
 42
3.0
 43
3.0
 50
358.0917794018039
  0
INSERT
  5
2DA
330
4
100
AcDbEntity
  8
Fernwärmeleitung
 62
     7
370
    35
100
AcDbBlockReference
  2
S180
 10
3318709.973129
 20
5810085.111658
 30
0.0
 41
3.0
 42
3.0
 43
3.0
 50
178.400046856259
  0
INSERT
  5
2E4
330
4
100
AcDbEntity
  8
Fernwärmeleitung
 62
     7
370
    35
100
AcDbBlockReference
  2
S240
 10
3318740.635777
 20
5810138.519541
 30
0.0
 41
2.0
 42
2.0
 43
2.0
 50
89.982756276824
  0
INSERT
  5
2EC
330
4
100
AcDbEntity
  8
Fernwärmeleitung
 62
     7
370
    35
100
AcDbBlockReference
  2
S120
 10
3318740.554058
 20
5810136.519861
 30
0.0
 41
1.399999976158
 42
1.399999976158
 43
1.399999976158
 50
357.6598262858619
  0
INSERT
  5
301
330
4
100
AcDbEntity
  8
sonstige Leitungen TW_SW_RW_El
 62
     7
370
    35
100
AcDbBlockReference
  2
S93
 10
3318795.451074
 20
5810062.169035
 30
0.0
 41
0.899999976158
 42
0.899999976158
 43
0.899999976158
  0
INSERT
  5
317
330
4
100
AcDbEntity
  8
sonstige Leitungen TW_SW_RW_El
 62
     7
370
    35
100
AcDbBlockReference
  2
S152
 10
3318877.614585
 20
5810059.877739
 30
0.0
 41
0.6
 42
0.6
 43
0.6
  0
INSERT
  5
318
330
4
100
AcDbEntity
  8
sonstige Leitungen TW_SW_RW_El
 62
     7
370
    35
100
AcDbBlockReference
  2
S152
 10
3318878.764368
 20
5810065.501563
 30
0.0
 41
0.15000000596
 42
0.15000000596
 43
0.15000000596
  0
INSERT
  5
319
330
4
100
AcDbEntity
  8
sonstige Leitungen TW_SW_RW_El
 62
     7
370
    35
100
AcDbBlockReference
  2
S152
 10
3318878.567575
 20
5810065.318964
 30
0.0
 41
0.15000000596
 42
0.15000000596
 43
0.15000000596
  0
INSERT
  5
31F
330
4
100
AcDbEntity
  8
sonstige Leitungen TW_SW_RW_El
 62
     7
370
    25
100
AcDbBlockReference
  2
S5
 10
3318882.040348
 20
5810065.334461
 30
0.0
 41
0.15000000596
 42
0.15000000596
 43
0.15000000596
  0
INSERT
  5
329
330
4
100
AcDbEntity
  8
sonstige Leitungen TW_SW_RW_El
 62
     7
370
    35
100
AcDbBlockReference
  2
S143
 10
3318787.477263
 20
5810059.297168
 30
0.0
 41
0.800000011921
 42
0.800000011921
 43
0.800000011921
  0
INSERT
  5
335
330
4
100
AcDbEntity
  8
sonstige Leitungen TW_SW_RW_El
 62
     7
370
    25
100
AcDbBlockReference
  2
S209
 10
3318860.346969
 20
5810061.368536
 30
0.0
 41
1.700000047684
 42
1.700000047684
 43
1.700000047684
  0
INSERT
  5
336
330
4
100
AcDbEntity
  8
sonstige Leitungen TW_SW_RW_El
 62
     7
370
    35
100
AcDbBlockReference
  2
S152
 10
3318878.752695
 20
5810065.189572
 30
0.0
 41
0.15000000596
 42
0.15000000596
 43
0.15000000596
  0
INSERT
  5
337
330
4
100
AcDbEntity
  8
sonstige Leitungen TW_SW_RW_El
 62
     7
370
    25
100
AcDbBlockReference
  2
S5
 10
3318882.050469
 20
5810065.009825
 30
0.0
 41
0.15000000596
 42
0.15000000596
 43
0.15000000596
  0
INSERT
  5
338
330
4
100
AcDbEntity
  8
sonstige Leitungen TW_SW_RW_El
 62
     7
370
    35
100
AcDbBlockReference
  2
S143
 10
3318786.801265
 20
5810060.608355
 30
0.0
 41
0.800000011921
 42
0.800000011921
 43
0.800000011921
  0
INSERT
  5
34F
330
4
100
AcDbEntity
  8
sonstige Leitungen TW_SW_RW_El
 62
     7
370
    35
100
AcDbBlockReference
  2
S94
 10
3318796.721361
 20
5810063.035133
 30
0.0
 41
0.800000011921
 42
0.800000011921
 43
0.800000011921
  0
INSERT
  5
350
330
4
100
AcDbEntity
  8
Fernwärmeleitung
 62
     7
370
    35
100
AcDbBlockReference
  2
S120
 10
3318937.370741
 20
5810060.73705
 30
47.383
 41
0.34999999404
 42
0.34999999404
 43
0.34999999404
 50
355.245313219684
  0
INSERT
  5
357
330
4
100
AcDbEntity
  8
Lageplan sonstiges
 62
     7
370
    35
100
AcDbBlockReference
  2
S125
 10
3318983.088495
 20
5810049.953988
 30
47.83
 41
0.5
 42
0.5
 43
0.5
 50
357.857307338705
  0
INSERT
  5
358
330
4
100
AcDbEntity
  8
Lageplan sonstiges
 62
     7
370
    35
100
AcDbBlockReference
  2
S125
 10
3318983.725871
 20
5810059.177669
 30
47.979
 41
0.5
 42
0.5
 43
0.5
 50
357.857307338705
  0
INSERT
  5
359
330
4
100
AcDbEntity
  8
Lageplan sonstiges
 62
     7
370
    35
100
AcDbBlockReference
  2
S125
 10
3318963.107267
 20
5810057.356946
 30
47.854
 41
0.5
 42
0.5
 43
0.5
 50
357.857307338705
  0
INSERT
  5
35A
330
4
100
AcDbEntity
  8
Lageplan sonstiges
 62
     7
370
    35
100
AcDbBlockReference
  2
S125
 10
3318963.23418
 20
5810059.913172
 30
48.167
 41
0.5
 42
0.5
 43
0.5
 50
357.857307338705
  0
INSERT
  5
35B
330
4
100
AcDbEntity
  8
Lageplan sonstiges
 62
     7
370
    35
100
AcDbBlockReference
  2
S125
 10
3318962.752224
 20
5810050.704311
 30
48.124
 41
0.5
 42
0.5
 43
0.5
 50
357.857307338705
  0
INSERT
  5
35C
330
4
100
AcDbEntity
  8
Lageplan sonstiges
 62
     7
370
    35
100
AcDbBlockReference
  2
S125
 10
3318942.691128
 20
5810051.762514
 30
48.383
 41
0.5
 42
0.5
 43
0.5
 50
357.857307338705
  0
INSERT
  5
35D
330
4
100
AcDbEntity
  8
Lageplan sonstiges
 62
     7
370
    35
100
AcDbBlockReference
  2
S125
 10
3318943.134121
 20
5810058.293571
 30
48.061
 41
0.20000000298
 42
0.20000000298
 43
0.20000000298
 50
357.857307338705
  0
INSERT
  5
35E
330
4
100
AcDbEntity
  8
Lageplan sonstiges
 62
     7
370
    35
100
AcDbBlockReference
  2
S125
 10
3318943.213189
 20
5810059.849589
 30
48.309
 41
0.5
 42
0.5
 43
0.5
 50
357.857307338705
  0
INSERT
  5
35F
330
4
100
AcDbEntity
  8
Beschriftumg +Trassierung
 62
     7
370
    35
100
AcDbBlockReference
  2
S143
 10
3318926.492607
 20
5810056.273564
 30
48.309
 41
0.550000011921
 42
0.550000011921
 43
0.550000011921
  0
INSERT
  5
361
330
4
100
AcDbEntity
  8
Lageplan sonstiges
 62
     7
370
    35
100
AcDbBlockReference
  2
S143
 10
3318926.484692
 20
5810056.268819
 30
48.31
 41
0.550000011921
 42
0.550000011921
 43
0.550000011921
  0
POINT
  5
362
330
4
100
AcDbEntity
  8
Lageplan sonstiges
 62
     7
370
    25
100
AcDbPoint
 10
3318941.566451
 20
5810070.658006
 30
48.599
  0
INSERT
  5
363
330
4
100
AcDbEntity
  8
Fernwärmeleitung
 62
     7
370
    35
100
AcDbBlockReference
  2
S120
 10
3318993.037897
 20
5810055.669144
 30
46.631
 41
0.5
 42
0.5
 43
0.5
 50
358.4746335961769
  0
INSERT
  5
364
330
4
100
AcDbEntity
  8
Fernwärmeleitung
 62
     7
370
    35
100
AcDbBlockReference
  2
S120
 10
3318991.645527
 20
5810055.754739
 30
46.671
 41
0.5
 42
0.5
 43
0.5
 50
357.167205722164
  0
INSERT
  5
365
330
4
100
AcDbEntity
  8
Fernwärmeleitung
 62
     7
370
    25
100
AcDbBlockReference
  2
S4
 10
3318992.19146
 20
5810055.915296
 30
46.529
 41
0.245000004768
 42
0.245000004768
 43
0.245000004768
  0
INSERT
  5
366
330
4
100
AcDbEntity
  8
Fernwärmeleitung
 62
     7
370
    25
100
AcDbBlockReference
  2
S4
 10
3318992.486505
 20
5810056.030404
 30
46.315
 41
0.245000004768
 42
0.245000004768
 43
0.245000004768
  0
INSERT
  5
367
330
4
100
AcDbEntity
  8
Fernwärmeleitung
 62
     7
370
    35
100
AcDbBlockReference
  2
S120
 10
3318992.513561
 20
5810056.443462
 30
46.28
 41
0.34999999404
 42
0.34999999404
 43
0.34999999404
 50
87.566269499419
  0
INSERT
  5
368
330
4
100
AcDbEntity
  8
Fernwärmeleitung
 62
     7
370
    35
100
AcDbBlockReference
  2
S120
 10
3318992.227415
 20
5810056.428373
 30
46.549
 41
0.34999999404
 42
0.34999999404
 43
0.34999999404
 50
86.68268890763
  0
INSERT
  5
369
330
4
100
AcDbEntity
  8
Fernwärmeleitung
 62
     7
370
    35
100
AcDbBlockReference
  2
S120
 10
3318992.570775
 20
5810057.96372
 30
46.298
 41
0.34999999404
 42
0.34999999404
 43
0.34999999404
 50
88.122240067669
  0
INSERT
  5
36A
330
4
100
AcDbEntity
  8
Fernwärmeleitung
 62
     7
370
    35
100
AcDbBlockReference
  2
S120
 10
3318992.348511
 20
5810058.659845
 30
46.601
 41
0.34999999404
 42
0.34999999404
 43
0.34999999404
 50
87.341966087076
  0
INSERT
  5
36B
330
4
100
AcDbEntity
  8
Fernwärmeleitung
 62
     7
370
    35
100
AcDbBlockReference
  2
S240
 10
3318992.315331
 20
5810057.945139
 30
46.596
 41
0.6
 42
0.6
 43
0.6
 50
358.1134123184531
  0
INSERT
  5
36C
330
4
100
AcDbEntity
  8
Fernwärmeleitung
 62
     7
370
    35
100
AcDbBlockReference
  2
S240
 10
3318992.545807
 20
5810057.202165
 30
46.272
 41
0.6
 42
0.6
 43
0.6
 50
358.9982922470101
  0
INSERT
  5
36D
330
4
100
AcDbEntity
  8
Fernwärmeleitung
 62
     7
370
    35
100
AcDbBlockReference
  2
S120
 10
3318979.635616
 20
5810056.326306
 30
47.0
 41
0.5
 42
0.5
 43
0.5
 50
357.167205722164
  0
INSERT
  5
36E
330
4
100
AcDbEntity
  8
Fernwärmeleitung
 62
     7
370
    35
100
AcDbBlockReference
  2
S120
 10
3318967.63028
 20
5810056.921651
 30
47.153
 41
0.5
 42
0.5
 43
0.5
 50
357.161029523607
  0
INSERT
  5
36F
330
4
100
AcDbEntity
  8
Fernwärmeleitung
 62
     7
370
    35
100
AcDbBlockReference
  2
S120
 10
3318955.612302
 20
5810057.570809
 30
47.187
 41
0.5
 42
0.5
 43
0.5
 50
356.908136646945
  0
INSERT
  5
370
330
4
100
AcDbEntity
  8
Fernwärmeleitung
 62
     7
370
    35
100
AcDbBlockReference
  2
S120
 10
3318943.632676
 20
5810058.361442
 30
47.28
 41
0.5
 42
0.5
 43
0.5
 50
356.224065667368
  0
INSERT
  5
371
330
4
100
AcDbEntity
  8
Fernwärmeleitung
 62
     7
370
    35
100
AcDbBlockReference
  2
S120
 10
3318941.012215
 20
5810058.54187
 30
47.248
 41
0.439999997616
 42
0.439999997616
 43
0.439999997616
 50
356.061184438684
  0
INSERT
  5
372
330
4
100
AcDbEntity
  8
Fernwärmeleitung
 62
     7
370
    25
100
AcDbBlockReference
  2
S4
 10
3318939.545459
 20
5810058.625337
 30
47.305
 41
0.245000004768
 42
0.245000004768
 43
0.245000004768
  0
INSERT
  5
373
330
4
100
AcDbEntity
  8
Fernwärmeleitung
 62
     7
370
    25
100
AcDbBlockReference
  2
S4
 10
3318940.179567
 20
5810058.910296
 30
47.131
 41
0.245000004768
 42
0.245000004768
 43
0.245000004768
  0
INSERT
  5
374
330
4
100
AcDbEntity
  8
Fernwärmeleitung
 62
     7
370
    35
100
AcDbBlockReference
  2
S120
 10
3318940.190182
 20
5810059.375903
 30
47.141
 41
0.34999999404
 42
0.34999999404
 43
0.34999999404
 50
88.38863793586698
  0
INSERT
  5
375
330
4
100
AcDbEntity
  8
Fernwärmeleitung
 62
     7
370
    35
100
AcDbBlockReference
  2
S120
 10
3318939.57327
 20
5810059.372014
 30
47.44
 41
0.34999999404
 42
0.34999999404
 43
0.34999999404
 50
85.542819127614
  0
INSERT
  5
376
330
4
100
AcDbEntity
  8
Fernwärmeleitung
 62
     7
370
    35
100
AcDbBlockReference
  2
S120
 10
3318939.272911
 20
5810061.174112
 30
47.128
 41
0.34999999404
 42
0.34999999404
 43
0.34999999404
 50
357.868804461255
  0
INSERT
  5
377
330
4
100
AcDbEntity
  8
Fernwärmeleitung
 62
     7
370
    35
100
AcDbBlockReference
  2
S120
 10
3318938.165403
 20
5810061.227377
 30
47.116
 41
0.34999999404
 42
0.34999999404
 43
0.34999999404
 50
357.4344863923121
  0
INSERT
  5
378
330
4
100
AcDbEntity
  8
Fernwärmeleitung
 62
     7
370
    35
100
AcDbBlockReference
  2
S120
 10
3318937.497596
 20
5810060.539808
 30
47.112
 41
0.34999999404
 42
0.34999999404
 43
0.34999999404
 50
357.208499338338
  0
INSERT
  5
379
330
4
100
AcDbEntity
  8
Fernwärmeleitung
 62
     7
370
    35
100
AcDbBlockReference
  2
S120
 10
3318938.634221
 20
5810060.475137
 30
47.108
 41
0.34999999404
 42
0.34999999404
 43
0.34999999404
 50
355.589261055718
  0
INSERT
  5
37A
330
4
100
AcDbEntity
  8
Fernwärmeleitung
 62
     7
370
    25
100
AcDbBlockReference
  2
S4
 10
3318938.698107
 20
5810061.199011
 30
47.129
 41
0.245000004768
 42
0.245000004768
 43
0.245000004768
  0
INSERT
  5
37B
330
4
100
AcDbEntity
  8
Fernwärmeleitung
 62
     7
370
    25
100
AcDbBlockReference
  2
S4
 10
3318938.065429
 20
5810060.494653
 30
47.084
 41
0.245000004768
 42
0.245000004768
 43
0.245000004768
  0
INSERT
  5
37C
330
4
100
AcDbEntity
  8
Fernwärmeleitung
 62
     7
370
    35
100
AcDbBlockReference
  2
S120
 10
3318926.178404
 20
5810061.764473
 30
47.138
 41
0.34999999404
 42
0.34999999404
 43
0.34999999404
 50
357.4344863923121
  0
INSERT
  5
37D
330
4
100
AcDbEntity
  8
Fernwärmeleitung
 62
     7
370
    35
100
AcDbBlockReference
  2
S120
 10
3318925.502068
 20
5810061.124703
 30
47.122
 41
0.34999999404
 42
0.34999999404
 43
0.34999999404
 50
357.208499338338
  0
INSERT
  5
37E
330
4
100
AcDbEntity
  8
Fernwärmeleitung
 62
     7
370
    35
100
AcDbBlockReference
  2
S120
 10
3318901.441621
 20
5810062.097323
 30
47.19
 41
0.34999999404
 42
0.34999999404
 43
0.34999999404
 50
357.671968654659
  0
INSERT
  5
37F
330
4
100
AcDbEntity
  8
Fernwärmeleitung
 62
     7
370
    35
100
AcDbBlockReference
  2
S120
 10
3318902.13222
 20
5810062.789315
 30
47.182
 41
0.34999999404
 42
0.34999999404
 43
0.34999999404
 50
357.444963902499
  0
INSERT
  5
380
330
4
100
AcDbEntity
  8
Fernwärmeleitung
 62
     7
370
    35
100
AcDbBlockReference
  2
S120
 10
3318992.313408
 20
5810055.715365
 30
0.0
 41
0.899999976158
 42
0.899999976158
 43
0.899999976158
 50
175.568742199992
  0
INSERT
  5
381
330
4
100
AcDbEntity
  8
Fernwärmeleitung
 62
     7
370
    35
100
AcDbBlockReference
  2
S120
 10
3318940.014388
 20
5810058.61108
 30
0.0
 41
1.450000047684
 42
1.450000047684
 43
1.450000047684
 50
176.322221348471
  0
INSERT
  5
382
330
4
100
AcDbEntity
  8
Fernwärmeleitung
 62
     7
370
    35
100
AcDbBlockReference
  2
S120
 10
3318914.109733
 20
5810062.280709
 30
47.165
 41
0.34999999404
 42
0.34999999404
 43
0.34999999404
 50
357.568487873638
  0
INSERT
  5
383
330
4
100
AcDbEntity
  8
Fernwärmeleitung
 62
     7
370
    35
100
AcDbBlockReference
  2
S120
 10
3318913.512197
 20
5810061.597546
 30
47.16
 41
0.34999999404
 42
0.34999999404
 43
0.34999999404
 50
357.741605848342
  0
INSERT
  5
384
330
4
100
AcDbEntity
  8
Fernwärmeleitung
 62
     7
370
    35
100
AcDbBlockReference
  2
S120
 10
3318890.186033
 20
5810063.270372
 30
47.199
 41
0.34999999404
 42
0.34999999404
 43
0.34999999404
 50
357.694023335489
  0
INSERT
  5
385
330
4
100
AcDbEntity
  8
Fernwärmeleitung
 62
     7
370
    35
100
AcDbBlockReference
  2
S120
 10
3318889.450194
 20
5810062.641385
 30
47.217
 41
0.34999999404
 42
0.34999999404
 43
0.34999999404
 50
357.4022205786729
  0
INSERT
  5
386
330
4
100
AcDbEntity
  8
Fernwärmeleitung
 62
     7
370
    35
100
AcDbBlockReference
  2
S120
 10
3318878.21016
 20
5810063.938823
 30
47.224
 41
0.34999999404
 42
0.34999999404
 43
0.34999999404
 50
355.134498523042
  0
INSERT
  5
387
330
4
100
AcDbEntity
  8
Fernwärmeleitung
 62
     7
370
    35
100
AcDbBlockReference
  2
S120
 10
3318877.416105
 20
5810063.376961
 30
47.228
 41
0.34999999404
 42
0.34999999404
 43
0.34999999404
 50
355.010233476377
  0
INSERT
  5
388
330
4
100
AcDbEntity
  8
sonstige Leitungen TW_SW_RW_El
 62
     7
370
    35
100
AcDbBlockReference
  2
S152
 10
3318878.625022
 20
5810064.517916
 30
47.42
 41
0.15000000596
 42
0.15000000596
 43
0.15000000596
  0
INSERT
  5
389
330
4
100
AcDbEntity
  8
sonstige Leitungen TW_SW_RW_El
 62
     7
370
    35
100
AcDbBlockReference
  2
S152
 10
3318878.449684
 20
5810064.566092
 30
47.395
 41
0.15000000596
 42
0.15000000596
 43
0.15000000596
  0
INSERT
  5
38A
330
4
100
AcDbEntity
  8
sonstige Leitungen TW_SW_RW_El
 62
     7
370
    35
100
AcDbBlockReference
  2
S152
 10
3318878.085023
 20
5810062.774682
 30
47.427
 41
0.15000000596
 42
0.15000000596
 43
0.15000000596
  0
INSERT
  5
38B
330
4
100
AcDbEntity
  8
sonstige Leitungen TW_SW_RW_El
 62
     7
370
    35
100
AcDbBlockReference
  2
S152
 10
3318878.377188
 20
5810062.803379
 30
47.407
 41
0.15000000596
 42
0.15000000596
 43
0.15000000596
  0
INSERT
  5
38C
330
4
100
AcDbEntity
  8
Fernwärmeleitung
 62
     7
370
    35
100
AcDbBlockReference
  2
S125
 10
3318850.796837
 20
5810065.168739
 30
46.592
 41
0.5
 42
0.5
 43
0.5
 50
357.857307338705
  0
INSERT
  5
38D
330
4
100
AcDbEntity
  8
Lageplan sonstiges
 62
     7
370
    35
100
AcDbBlockReference
  2
S125
 10
3318854.232851
 20
5810068.942701
 30
48.189
 41
0.5
 42
0.5
 43
0.5
 50
357.857307338705
  0
INSERT
  5
38E
330
4
100
AcDbEntity
  8
Fernwärmeleitung
 62
     7
370
    35
100
AcDbBlockReference
  2
S125
 10
3318902.051795
 20
5810064.447313
 30
48.221
 41
0.5
 42
0.5
 43
0.5
 50
357.857307338705
  0
INSERT
  5
38F
330
4
100
AcDbEntity
  8
Fernwärmeleitung
 62
     7
370
    35
100
AcDbBlockReference
  2
S125
 10
3318934.508937
 20
5810063.109517
 30
48.294
 41
0.5
 42
0.5
 43
0.5
 50
357.857307338705
  0
INSERT
  5
390
330
4
100
AcDbEntity
  8
Fernwärmeleitung
 62
     7
370
    35
100
AcDbBlockReference
  2
S152
 10
3318941.109452
 20
5810058.715608
 30
47.331
 41
0.300000011921
 42
0.300000011921
 43
0.300000011921
  0
INSERT
  5
391
330
4
100
AcDbEntity
  8
Häuser
 62
     7
370
    35
100
AcDbBlockReference
  2
S152
 10
3318883.479075
 20
5810065.560709
 30
0.0
 41
2.0
 42
2.0
 43
2.0
  0
INSERT
  5
392
330
4
100
AcDbEntity
  8
Fernwärmeleitung
 62
     7
370
    35
100
AcDbBlockReference
  2
S120
 10
3318938.015136
 20
5810061.456914
 30
47.363
 41
0.34999999404
 42
0.34999999404
 43
0.34999999404
 50
0.2961425949809999
  0
INSERT
  5
393
330
4
100
AcDbEntity
  8
Fernwärmeleitung
 62
     7
370
    35
100
AcDbBlockReference
  2
S120
 10
3318936.522836
 20
5810061.797726
 30
47.346
 41
0.34999999404
 42
0.34999999404
 43
0.34999999404
 50
85.790898428458
  0
INSERT
  5
394
330
4
100
AcDbEntity
  8
Fernwärmeleitung
 62
     7
370
    35
100
AcDbBlockReference
  2
S120
 10
3318937.175768
 20
5810062.491947
 30
47.373
 41
0.34999999404
 42
0.34999999404
 43
0.34999999404
 50
86.551644898214
  0
INSERT
  5
395
330
4
100
AcDbEntity
  8
Fernwärmeleitung
 62
     7
370
    35
100
AcDbBlockReference
  2
S120
 10
3318936.622721
 20
5810063.154957
 30
47.336
 41
0.34999999404
 42
0.34999999404
 43
0.34999999404
 50
84.27529311201002
  0
INSERT
  5
396
330
4
100
AcDbEntity
  8
Fernwärmeleitung
 62
     7
370
    35
100
AcDbBlockReference
  2
S120
 10
3318937.665693
 20
5810064.062375
 30
47.292
 41
0.34999999404
 42
0.34999999404
 43
0.34999999404
 50
357.034619797543
  0
INSERT
  5
397
330
4
100
AcDbEntity
  8
Fernwärmeleitung
 62
     7
370
    35
100
AcDbBlockReference
  2
S120
 10
3318938.216863
 20
5810063.458873
 30
47.301
 41
0.34999999404
 42
0.34999999404
 43
0.34999999404
 50
356.1442207559709
  0
INSERT
  5
398
330
4
100
AcDbEntity
  8
Fernwärmeleitung
 62
     7
370
    35
100
AcDbBlockReference
  2
S120
 10
3318938.72414
 20
5810064.007546
 30
47.311
 41
0.34999999404
 42
0.34999999404
 43
0.34999999404
 50
357.034619797543
  0
INSERT
  5
399
330
4
100
AcDbEntity
  8
Fernwärmeleitung
 62
     7
370
    35
100
AcDbBlockReference
  2
S120
 10
3318939.260427
 20
5810063.38854
 30
47.285
 41
0.34999999404
 42
0.34999999404
 43
0.34999999404
 50
355.564242072788
  0
INSERT
  5
39A
330
4
100
AcDbEntity
  8
Fernwärmeleitung
 62
     7
370
    35
100
AcDbBlockReference
  2
S120
 10
3318940.311314
 20
5810064.303868
 30
47.274
 41
0.34999999404
 42
0.34999999404
 43
0.34999999404
 50
85.830704770941
  0
INSERT
  5
39B
330
4
100
AcDbEntity
  8
Fernwärmeleitung
 62
     7
370
    35
100
AcDbBlockReference
  2
S120
 10
3318939.78358
 20
5810064.941546
 30
47.274
 41
0.34999999404
 42
0.34999999404
 43
0.34999999404
 50
84.928634857068
  0
INSERT
  5
39C
330
4
100
AcDbEntity
  8
Fernwärmeleitung
 62
     7
370
    35
100
AcDbBlockReference
  2
S240
 10
3318939.958908
 20
5810065.729951
 30
47.302
 41
0.6
 42
0.6
 43
0.6
 50
174.532138050038
  0
INSERT
  5
39D
330
4
100
AcDbEntity
  8
Fernwärmeleitung
 62
     7
370
    35
100
AcDbBlockReference
  2
S240
 10
3318940.436312
 20
5810065.085011
 30
47.247
 41
0.6
 42
0.6
 43
0.6
 50
175.538320537429
  0
INSERT
  5
39E
330
4
100
AcDbEntity
  8
Fernwärmeleitung
 62
     7
370
    35
100
AcDbBlockReference
  2
S120
 10
3318866.205904
 20
5810064.892159
 30
47.157
 41
0.34999999404
 42
0.34999999404
 43
0.34999999404
 50
355.4592996312859
  0
INSERT
  5
39F
330
4
100
AcDbEntity
  8
Fernwärmeleitung
 62
     7
370
    35
100
AcDbBlockReference
  2
S120
 10
3318865.517547
 20
5810064.269485
 30
47.158
 41
0.34999999404
 42
0.34999999404
 43
0.34999999404
 50
355.710211753088
  0
INSERT
  5
3A0
330
4
100
AcDbEntity
  8
Fernwärmeleitung
 62
     7
370
    35
100
AcDbBlockReference
  2
S120
 10
3318854.236436
 20
5810065.76002
 30
47.189
 41
0.34999999404
 42
0.34999999404
 43
0.34999999404
 50
355.852955876552
  0
INSERT
  5
3A1
330
4
100
AcDbEntity
  8
Fernwärmeleitung
 62
     7
370
    35
100
AcDbBlockReference
  2
S120
 10
3318853.502822
 20
5810065.156038
 30
47.161
 41
0.34999999404
 42
0.34999999404
 43
0.34999999404
 50
355.7798591920551
  0
INSERT
  5
3A2
330
4
100
AcDbEntity
  8
Fernwärmeleitung
 62
     7
370
    35
100
AcDbBlockReference
  2
S120
 10
3318852.187616
 20
5810065.925047
 30
47.22
 41
0.34999999404
 42
0.34999999404
 43
0.34999999404
 50
355.852955876552
  0
INSERT
  5
3A3
330
4
100
AcDbEntity
  8
Fernwärmeleitung
 62
     7
370
    35
100
AcDbBlockReference
  2
S120
 10
3318851.285277
 20
5810065.276496
 30
47.17
 41
0.34999999404
 42
0.34999999404
 43
0.34999999404
 50
356.890728202298
  0
INSERT
  5
3A4
330
4
100
AcDbEntity
  8
Fernwärmeleitung
 62
     7
370
    35
100
AcDbBlockReference
  2
S120
 10
3318850.360464
 20
5810066.35904
 30
47.174
 41
0.34999999404
 42
0.34999999404
 43
0.34999999404
 50
84.31418420914402
  0
INSERT
  5
3A5
330
4
100
AcDbEntity
  8
Fernwärmeleitung
 62
     7
370
    35
100
AcDbBlockReference
  2
S120
 10
3318851.178914
 20
5810066.980716
 30
47.19
 41
0.34999999404
 42
0.34999999404
 43
0.34999999404
 50
84.855353757463
  0
INSERT
  5
3A6
330
4
100
AcDbEntity
  8
Fernwärmeleitung
 62
     7
370
    35
100
AcDbBlockReference
  2
S120
 10
3318851.32244
 20
5810076.020992
 30
47.23
 41
0.34999999404
 42
0.34999999404
 43
0.34999999404
 50
84.31418420914402
  0
INSERT
  5
3A7
330
4
100
AcDbEntity
  8
Fernwärmeleitung
 62
     7
370
    35
100
AcDbBlockReference
  2
S120
 10
3318852.049098
 20
5810076.645868
 30
47.141
 41
0.34999999404
 42
0.34999999404
 43
0.34999999404
 50
84.855353757463
  0
INSERT
  5
3A8
330
4
100
AcDbEntity
  8
Fernwärmeleitung
 62
     7
370
    35
100
AcDbBlockReference
  2
S120
 10
3318851.12047
 20
5810077.682833
 30
47.171
 41
0.34999999404
 42
0.34999999404
 43
0.34999999404
 50
356.162573474271
  0
INSERT
  5
3A9
330
4
100
AcDbEntity
  8
Fernwärmeleitung
 62
     7
370
    35
100
AcDbBlockReference
  2
S120
 10
3318850.045258
 20
5810077.76584
 30
47.105
 41
0.34999999404
 42
0.34999999404
 43
0.34999999404
 50
356.162573474271
  0
INSERT
  5
3AA
330
4
100
AcDbEntity
  8
Fernwärmeleitung
 62
     7
370
    35
100
AcDbBlockReference
  2
S120
 10
3318850.40681
 20
5810077.113978
 30
47.186
 41
0.34999999404
 42
0.34999999404
 43
0.34999999404
 50
355.966463375274
  0
INSERT
  5
3AB
330
4
100
AcDbEntity
  8
Fernwärmeleitung
 62
     7
370
    35
100
AcDbBlockReference
  2
S120
 10
3318849.335715
 20
5810077.200465
 30
47.127
 41
0.34999999404
 42
0.34999999404
 43
0.34999999404
 50
355.966463375274
  0
INSERT
  5
3AC
330
4
100
AcDbEntity
  8
Fernwärmeleitung
 62
     7
370
    25
100
AcDbBlockReference
  2
S4
 10
3318849.876024
 20
5810077.193621
 30
47.131
 41
0.245000004768
 42
0.245000004768
 43
0.245000004768
  0
INSERT
  5
3AD
330
4
100
AcDbEntity
  8
Fernwärmeleitung
 62
     7
370
    35
100
AcDbBlockReference
  2
S120
 10
3318849.280098
 20
5810077.453074
 30
47.328
 41
0.34999999404
 42
0.34999999404
 43
0.34999999404
 50
355.832171610908
  0
INSERT
  5
3AE
330
4
100
AcDbEntity
  8
Fernwärmeleitung
 62
     7
370
    35
100
AcDbBlockReference
  2
S120
 10
3318824.888868
 20
5810079.257648
 30
47.162
 41
0.34999999404
 42
0.34999999404
 43
0.34999999404
 50
356.812589130646
  0
INSERT
  5
3AF
330
4
100
AcDbEntity
  8
Fernwärmeleitung
 62
     7
370
    25
100
AcDbBlockReference
  2
S4
 10
3318850.579267
 20
5810077.841295
 30
47.117
 41
0.245000004768
 42
0.245000004768
 43
0.245000004768
  0
INSERT
  5
3B0
330
4
100
AcDbEntity
  8
Fernwärmeleitung
 62
     7
370
    35
100
AcDbBlockReference
  2
S120
 10
3318849.948818
 20
5810078.039671
 30
47.337
 41
0.34999999404
 42
0.34999999404
 43
0.34999999404
 50
355.71813818762
  0
INSERT
  5
3B1
330
4
100
AcDbEntity
  8
Fernwärmeleitung
 62
     7
370
    35
100
AcDbBlockReference
  2
S120
 10
3318849.043644
 20
5810079.161457
 30
47.324
 41
0.34999999404
 42
0.34999999404
 43
0.34999999404
 50
87.396703223084
  0
INSERT
  5
3B2
330
4
100
AcDbEntity
  8
Fernwärmeleitung
 62
     7
370
    35
100
AcDbBlockReference
  2
S120
 10
3318848.337556
 20
5810078.525496
 30
47.334
 41
0.34999999404
 42
0.34999999404
 43
0.34999999404
 50
84.54787230140698
  0
INSERT
  5
3B3
330
4
100
AcDbEntity
  8
Fernwärmeleitung
 62
     7
370
    35
100
AcDbBlockReference
  2
S240
 10
3318849.080659
 20
5810079.975551
 30
47.341
 41
0.6
 42
0.6
 43
0.6
 50
357.713716478413
  0
INSERT
  5
3B4
330
4
100
AcDbEntity
  8
Fernwärmeleitung
 62
     7
370
    35
100
AcDbBlockReference
  2
S240
 10
3318848.417945
 20
5810079.367745
 30
47.348
 41
0.6
 42
0.6
 43
0.6
 50
355.516685173145
  0
INSERT
  5
3B5
330
4
100
AcDbEntity
  8
Fernwärmeleitung
 62
     7
370
    35
100
AcDbBlockReference
  2
S120
 10
3318838.050444
 20
5810078.570405
 30
47.079
 41
0.34999999404
 42
0.34999999404
 43
0.34999999404
 50
356.162573474271
  0
INSERT
  5
3B6
330
4
100
AcDbEntity
  8
Fernwärmeleitung
 62
     7
370
    35
100
AcDbBlockReference
  2
S120
 10
3318837.333319
 20
5810078.046815
 30
47.086
 41
0.34999999404
 42
0.34999999404
 43
0.34999999404
 50
357.66269667286
  0
INSERT
  5
3B7
330
4
100
AcDbEntity
  8
Fernwärmeleitung
 62
     7
370
    35
100
AcDbBlockReference
  2
S120
 10
3318825.319739
 20
5810078.603546
 30
47.159
 41
0.34999999404
 42
0.34999999404
 43
0.34999999404
 50
357.346708216193
  0
INSERT
  5
3B8
330
4
100
AcDbEntity
  8
Fernwärmeleitung
 62
     7
370
    35
100
AcDbBlockReference
  2
S120
 10
3318826.013187
 20
5810079.296486
 30
47.126
 41
0.34999999404
 42
0.34999999404
 43
0.34999999404
 50
356.548127621077
  0
INSERT
  5
3B9
330
4
100
AcDbEntity
  8
Lageplan sonstiges
 62
     7
370
    35
100
AcDbBlockReference
  2
S125
 10
3318819.756064
 20
5810085.31437
 30
48.783
 41
0.5
 42
0.5
 43
0.5
 50
357.857307338705
  0
INSERT
  5
3BA
330
4
100
AcDbEntity
  8
Lageplan sonstiges
 62
     7
370
    35
100
AcDbBlockReference
  2
S125
 10
3318818.374657
 20
5810083.354306
 30
48.742
 41
0.5
 42
0.5
 43
0.5
 50
357.857307338705
  0
INSERT
  5
3BB
330
4
100
AcDbEntity
  8
Lageplan sonstiges
 62
     7
370
    35
100
AcDbBlockReference
  2
S125
 10
3318818.100275
 20
5810078.287759
 30
48.085
 41
0.5
 42
0.5
 43
0.5
 50
357.857307338705
  0
INSERT
  5
3BC
330
4
100
AcDbEntity
  8
Lageplan sonstiges
 62
     7
370
    35
100
AcDbBlockReference
  2
S125
 10
3318854.432309
 20
5810082.057925
 30
48.894
 41
0.5
 42
0.5
 43
0.5
 50
357.857307338705
  0
INSERT
  5
3BD
330
4
100
AcDbEntity
  8
Lageplan sonstiges
 62
     7
370
    35
100
AcDbBlockReference
  2
S125
 10
3318854.564104
 20
5810068.530778
 30
48.234
 41
0.5
 42
0.5
 43
0.5
 50
357.857307338705
  0
POINT
  5
3BE
330
4
100
AcDbEntity
  8
Lageplan sonstiges
 62
     7
420
 16777215
100
AcDbPoint
 10
3318903.515655
 20
5810059.039547
 30
48.16
  0
POINT
  5
3BF
330
4
100
AcDbEntity
  8
Lageplan sonstiges
 62
     7
420
 16777215
100
AcDbPoint
 10
3318885.932248
 20
5810059.867678
 30
48.127
  0
INSERT
  5
3C9
330
4
100
AcDbEntity
  8
sonstige Leitungen TW_SW_RW_El
 62
     7
370
    25
100
AcDbBlockReference
  2
S10
 10
3318809.530525
 20
5810061.570351
 30
47.864
 41
1.200000047684
 42
1.200000047684
 43
1.200000047684
 50
357.4070546450579
  0
INSERT
  5
3CA
330
4
100
AcDbEntity
  8
Lageplan sonstiges
 62
     7
370
    35
100
AcDbBlockReference
  2
S125
 10
3318842.404025
 20
5810074.426424
 30
48.02
 41
0.5
 42
0.5
 43
0.5
 50
357.857307338705
  0
INSERT
  5
3CB
330
4
100
AcDbEntity
  8
Lageplan sonstiges
 62
     7
370
    35
100
AcDbBlockReference
  2
S125
 10
3318820.741302
 20
5810075.485212
 30
47.987
 41
0.5
 42
0.5
 43
0.5
 50
357.857307338705
  0
INSERT
  5
3CC
330
4
100
AcDbEntity
  8
Lageplan sonstiges
 62
     7
370
    35
100
AcDbBlockReference
  2
S125
 10
3318806.732923
 20
5810077.648098
 30
47.899
 41
0.5
 42
0.5
 43
0.5
 50
357.857307338705
  0
INSERT
  5
3CD
330
4
100
AcDbEntity
  8
Lageplan sonstiges
 62
     7
370
    35
100
AcDbBlockReference
  2
S125
 10
3318792.536413
 20
5810076.903118
 30
47.83
 41
0.5
 42
0.5
 43
0.5
 50
357.857307338705
  0
INSERT
  5
3CE
330
4
100
AcDbEntity
  8
Fernwärmeleitung
 62
     7
370
    35
100
AcDbBlockReference
  2
S120
 10
3318824.273618
 20
5810078.605511
 30
47.195
 41
0.34999999404
 42
0.34999999404
 43
0.34999999404
 50
357.559547156015
  0
INSERT
  5
3CF
330
4
100
AcDbEntity
  8
Fernwärmeleitung
 62
     7
370
    35
100
AcDbBlockReference
  2
S120
 10
3318822.708991
 20
5810079.379042
 30
47.21
 41
0.34999999404
 42
0.34999999404
 43
0.34999999404
 50
356.812589130646
  0
INSERT
  5
3D0
330
4
100
AcDbEntity
  8
Fernwärmeleitung
 62
     7
370
    35
100
AcDbBlockReference
  2
S120
 10
3318821.846526
 20
5810078.708953
 30
47.211
 41
0.34999999404
 42
0.34999999404
 43
0.34999999404
 50
357.559547156015
  0
INSERT
  5
3D1
330
4
100
AcDbEntity
  8
Fernwärmeleitung
 62
     7
370
    35
100
AcDbBlockReference
  2
S240
 10
3318821.078332
 20
5810078.753864
 30
47.164
 41
0.6
 42
0.6
 43
0.6
 50
87.28871793230701
  0
INSERT
  5
3D2
330
4
100
AcDbEntity
  8
Fernwärmeleitung
 62
     7
370
    35
100
AcDbBlockReference
  2
S240
 10
3318821.828751
 20
5810079.437288
 30
47.178
 41
0.6
 42
0.6
 43
0.6
 50
86.502993460756
  0
INSERT
  5
3D3
330
4
100
AcDbEntity
  8
Fernwärmeleitung
 62
     7
370
    35
100
AcDbBlockReference
  2
S120
 10
3318824.153133
 20
5810078.91037
 30
47.338
 41
0.34999999404
 42
0.34999999404
 43
0.34999999404
 50
357.272542607091
  0
INSERT
  5
3D4
330
4
100
AcDbEntity
  8
Fernwärmeleitung
 62
     7
370
    35
100
AcDbBlockReference
  2
S120
 10
3318823.282698
 20
5810078.951837
 30
47.342
 41
0.34999999404
 42
0.34999999404
 43
0.34999999404
 50
357.272542607091
  0
INSERT
  5
3D5
330
4
100
AcDbEntity
  8
Fernwärmeleitung
 62
     7
370
    35
100
AcDbBlockReference
  2
S120
 10
3318822.291721
 20
5810080.004968
 30
47.362
 41
0.34999999404
 42
0.34999999404
 43
0.34999999404
 50
86.992035005329
  0
INSERT
  5
3D6
330
4
100
AcDbEntity
  8
Fernwärmeleitung
 62
     7
370
    35
100
AcDbBlockReference
  2
S120
 10
3318822.367647
 20
5810081.627458
 30
47.355
 41
0.34999999404
 42
0.34999999404
 43
0.34999999404
 50
87.650875052668
  0
INSERT
  5
3D7
330
4
100
AcDbEntity
  8
Fernwärmeleitung
 62
     7
370
    35
100
AcDbBlockReference
  2
S240
 10
3318822.334432
 20
5810080.817794
 30
47.311
 41
0.6
 42
0.6
 43
0.6
 50
0.60200193447
  0
INSERT
  5
3D8
330
4
100
AcDbEntity
  8
Fernwärmeleitung
 62
     7
370
    35
100
AcDbBlockReference
  2
S240
 10
3318823.038883
 20
5810081.303406
 30
47.335
 41
0.6
 42
0.6
 43
0.6
 50
0.056435418523
  0
INSERT
  5
3D9
330
4
100
AcDbEntity
  8
Fernwärmeleitung
 62
     7
370
    35
100
AcDbBlockReference
  2
S120
 10
3318823.097494
 20
5810082.315638
 30
47.376
 41
0.34999999404
 42
0.34999999404
 43
0.34999999404
 50
86.686117662593
  0
INSERT
  5
3DA
330
4
100
AcDbEntity
  8
Fernwärmeleitung
 62
     7
370
    35
100
AcDbBlockReference
  2
S120
 10
3318823.048164
 20
5810080.717827
 30
47.332
 41
0.34999999404
 42
0.34999999404
 43
0.34999999404
 50
86.06231648569599
  0
INSERT
  5
3DB
330
4
100
AcDbEntity
  8
Fernwärmeleitung
 62
     7
370
    35
100
AcDbBlockReference
  2
S120
 10
3318823.97583
 20
5810079.645727
 30
47.285
 41
0.34999999404
 42
0.34999999404
 43
0.34999999404
 50
358.452322783253
  0
INSERT
  5
3DC
330
4
100
AcDbEntity
  8
Fernwärmeleitung
 62
     7
370
    35
100
AcDbBlockReference
  2
S120
 10
3318824.933301
 20
5810079.583655
 30
47.284
 41
0.34999999404
 42
0.34999999404
 43
0.34999999404
 50
356.290712945742
  0
INSERT
  5
3DD
330
4
100
AcDbEntity
  8
Fernwärmeleitung
 62
     7
370
    25
100
AcDbBlockReference
  2
S4
 10
3318825.464661
 20
5810079.340684
 30
47.157
 41
0.245000004768
 42
0.245000004768
 43
0.245000004768
  0
INSERT
  5
3DE
330
4
100
AcDbEntity
  8
Fernwärmeleitung
 62
     7
370
    25
100
AcDbBlockReference
  2
S4
 10
3318824.789585
 20
5810078.681289
 30
47.128
 41
0.245000004768
 42
0.245000004768
 43
0.245000004768
  0
INSERT
  5
3DF
330
4
100
AcDbEntity
  8
Fernwärmeleitung
 62
     7
370
    35
100
AcDbBlockReference
  2
S120
 10
3318940.477709
 20
5810065.765529
 30
47.295
 41
0.34999999404
 42
0.34999999404
 43
0.34999999404
 50
83.382683010138
  0
INSERT
  5
3E0
330
4
100
AcDbEntity
  8
Fernwärmeleitung
 62
     7
370
    35
100
AcDbBlockReference
  2
S120
 10
3318939.981936
 20
5810066.380089
 30
47.324
 41
0.34999999404
 42
0.34999999404
 43
0.34999999404
 50
83.183453222238
  0
INSERT
  5
3E1
330
4
100
AcDbEntity
  8
Fernwärmeleitung
 62
     7
370
    35
100
AcDbBlockReference
  2
S120
 10
3318941.169601
 20
5810071.729595
 30
47.349
 41
0.34999999404
 42
0.34999999404
 43
0.34999999404
 50
87.495010135808
  0
INSERT
  5
3E2
330
4
100
AcDbEntity
  8
Fernwärmeleitung
 62
     7
370
    35
100
AcDbBlockReference
  2
S120
 10
3318940.695988
 20
5810072.353643
 30
47.347
 41
0.34999999404
 42
0.34999999404
 43
0.34999999404
 50
87.44912492496398
  0
INSERT
  5
3E3
330
4
100
AcDbEntity
  8
Fernwärmeleitung
 62
     7
370
    35
100
AcDbBlockReference
  2
S120
 10
3318941.694995
 20
5810083.739072
 30
47.362
 41
0.34999999404
 42
0.34999999404
 43
0.34999999404
 50
87.854196123881
  0
INSERT
  5
3E4
330
4
100
AcDbEntity
  8
Fernwärmeleitung
 62
     7
370
    35
100
AcDbBlockReference
  2
S120
 10
3318941.230877
 20
5810084.359951
 30
47.356
 41
0.34999999404
 42
0.34999999404
 43
0.34999999404
 50
87.73414871902898
  0
INSERT
  5
3E5
330
4
100
AcDbEntity
  8
Fernwärmeleitung
 62
     7
370
    35
100
AcDbBlockReference
  2
S120
 10
3318941.466652
 20
5810090.318802
 30
47.357
 41
0.34999999404
 42
0.34999999404
 43
0.34999999404
 50
87.73414871902898
  0
INSERT
  5
3E6
330
4
100
AcDbEntity
  8
Fernwärmeleitung
 62
     7
370
    35
100
AcDbBlockReference
  2
S120
 10
3318941.962218
 20
5810090.870961
 30
47.337
 41
0.34999999404
 42
0.34999999404
 43
0.34999999404
 50
87.854196123881
  0
INSERT
  5
3E7
330
4
100
AcDbEntity
  8
Fernwärmeleitung
 62
     7
370
    35
100
AcDbBlockReference
  2
S67
 10
3318941.513923
 20
5810091.482339
 30
47.35
 41
0.800000011921
 42
0.800000011921
 43
0.800000011921
 50
357.4134647775941
  0
INSERT
  5
3E8
330
4
100
AcDbEntity
  8
Fernwärmeleitung
 62
     7
370
    35
100
AcDbBlockReference
  2
S67
 10
3318942.009495
 20
5810092.050323
 30
47.326
 41
0.800000011921
 42
0.800000011921
 43
0.800000011921
 50
357.4134647775941
  0
INSERT
  5
3E9
330
4
100
AcDbEntity
  8
Fernwärmeleitung
 62
     7
370
    25
100
AcDbBlockReference
  2
S4
 10
3318942.012111
 20
5810091.411887
 30
47.343
 41
0.245000004768
 42
0.245000004768
 43
0.245000004768
  0
INSERT
  5
3EA
330
4
100
AcDbEntity
  8
Fernwärmeleitung
 62
     7
370
    35
100
AcDbBlockReference
  2
S120
 10
3318941.818934
 20
5810092.017474
 30
47.502
 41
0.34999999404
 42
0.34999999404
 43
0.34999999404
 50
87.187658453347
  0
INSERT
  5
3EB
330
4
100
AcDbEntity
  8
Fernwärmeleitung
 62
     7
370
    35
100
AcDbBlockReference
  2
S120
 10
3318941.885265
 20
5810093.367754
 30
47.487
 41
0.34999999404
 42
0.34999999404
 43
0.34999999404
 50
87.187658453347
  0
INSERT
  5
3EC
330
4
100
AcDbEntity
  8
Fernwärmeleitung
 62
     7
370
    35
100
AcDbBlockReference
  2
S120
 10
3318940.909479
 20
5810094.416449
 30
47.455
 41
0.34999999404
 42
0.34999999404
 43
0.34999999404
 50
357.4134647775941
  0
INSERT
  5
3ED
330
4
100
AcDbEntity
  8
Fernwärmeleitung
 62
     7
370
    35
100
AcDbBlockReference
  2
S120
 10
3318940.437736
 20
5810094.093763
 30
47.45
 41
0.34999999404
 42
0.34999999404
 43
0.34999999404
 50
357.4134647775941
  0
INSERT
  5
3EE
330
4
100
AcDbEntity
  8
Fernwärmeleitung
 62
     7
370
    35
100
AcDbBlockReference
  2
S120
 10
3318941.394217
 20
5810093.052356
 30
47.504
 41
0.34999999404
 42
0.34999999404
 43
0.34999999404
 50
87.194399850058
  0
INSERT
  5
3EF
330
4
100
AcDbEntity
  8
Fernwärmeleitung
 62
     7
370
    35
100
AcDbBlockReference
  2
S120
 10
3318941.318955
 20
5810091.516595
 30
47.526
 41
0.34999999404
 42
0.34999999404
 43
0.34999999404
 50
87.194399850058
  0
INSERT
  5
3F0
330
4
100
AcDbEntity
  8
Fernwärmeleitung
 62
     7
370
    25
100
AcDbBlockReference
  2
S4
 10
3318941.496618
 20
5810090.900568
 30
47.36
 41
0.245000004768
 42
0.245000004768
 43
0.245000004768
  0
INSERT
  5
3F1
330
4
100
AcDbEntity
  8
Fernwärmeleitung
 62
     7
370
    35
100
AcDbBlockReference
  2
S120
 10
3318942.056752
 20
5810103.563027
 30
47.257
 41
0.34999999404
 42
0.34999999404
 43
0.34999999404
 50
87.42722733848501
  0
INSERT
  5
3F2
330
4
100
AcDbEntity
  8
Fernwärmeleitung
 62
     7
370
    35
100
AcDbBlockReference
  2
S120
 10
3318942.526353
 20
5810104.088607
 30
47.26
 41
0.34999999404
 42
0.34999999404
 43
0.34999999404
 50
87.541544214624
  0
INSERT
  5
3F3
330
4
100
AcDbEntity
  8
sonstige Leitungen TW_SW_RW_El
 62
     7
370
    35
100
AcDbBlockReference
  2
S143
 10
3318940.25611
 20
5810102.051003
 30
-48.618
 41
0.6
 42
0.6
 43
0.6
  0
INSERT
  5
3F4
330
4
100
AcDbEntity
  8
sonstige Leitungen TW_SW_RW_El
 62
     7
370
    35
100
AcDbBlockReference
  2
S143
 10
3318938.852364
 20
5810077.080065
 30
-48.785
 41
0.6
 42
0.6
 43
0.6
  0
INSERT
  5
3F5
330
4
100
AcDbEntity
  8
Beschriftumg +Trassierung
 62
     7
370
    35
100
AcDbBlockReference
  2
S143
 10
3318940.008546
 20
5810075.964835
 30
-48.525
 41
0.699999988079
 42
0.699999988079
 43
0.699999988079
  0
INSERT
  5
3F6
330
4
100
AcDbEntity
  8
Lageplan sonstiges
 62
     7
370
    35
100
AcDbBlockReference
  2
S125
 10
3318943.719773
 20
5810078.420994
 30
48.707
 41
0.5
 42
0.5
 43
0.5
 50
357.857307338705
  0
INSERT
  5
3F7
330
4
100
AcDbEntity
  8
Lageplan sonstiges
 62
     7
370
    35
100
AcDbBlockReference
  2
S125
 10
3318943.711949
 20
5810093.385129
 30
49.056
 41
0.5
 42
0.5
 43
0.5
 50
357.857307338705
  0
POINT
  5
3F8
330
4
100
AcDbEntity
  8
Lageplan sonstiges
 62
     7
370
    25
100
AcDbPoint
 10
3318857.819422
 20
5810088.38461
 30
0.0
  0
POINT
  5
3F9
330
4
100
AcDbEntity
  8
Lageplan sonstiges
 62
     7
370
    25
100
AcDbPoint
 10
3318882.254308
 20
5810087.377352
 30
0.0
  0
INSERT
  5
400
330
4
100
AcDbEntity
  8
sonstige Leitungen TW_SW_RW_El
 62
     7
370
    35
100
AcDbBlockReference
  2
S181
 10
3318788.059163
 20
5810089.449216
 30
0.0
 41
0.699999988079
 42
0.699999988079
 43
0.699999988079
 50
355.34738356664
  0
INSERT
  5
406
330
4
100
AcDbEntity
  8
Beschriftumg +Trassierung
 62
     7
370
    25
100
AcDbBlockReference
  2
S96
 10
3318926.729827
 20
5810061.739766
 30
0.0
 41
0.3
 42
0.3
 43
0.3
 50
129.638520409216
  0
INSERT
  5
407
330
4
100
AcDbEntity
  8
Beschriftumg +Trassierung
 62
     7
370
    25
100
AcDbBlockReference
  2
S96
 10
3318941.352314
 20
5810075.906047
 30
0.0
 41
0.3
 42
0.3
 43
0.3
 50
135.917772860397
  0
INSERT
  5
408
330
4
100
AcDbEntity
  8
Fernwärmeleitung
 62
     7
370
    35
100
AcDbBlockReference
  2
S180
 10
3318918.118054
 20
5810062.611349
 30
0.0
 41
2.1
 42
2.1
 43
2.1
 50
358.145727650964
  0
INSERT
  5
409
330
4
100
AcDbEntity
  8
Fernwärmeleitung
 62
     7
370
    35
100
AcDbBlockReference
  2
S180
 10
3318918.092663
 20
5810060.998359
 30
0.0
 41
2.1
 42
2.1
 43
2.1
 50
178.04034177381
  0
INSERT
  5
40A
330
4
100
AcDbEntity
  8
Beschriftumg +Trassierung
 62
     7
370
    25
100
AcDbBlockReference
  2
S96
 10
3318881.94917
 20
5810063.730125
 30
0.0
 41
0.3
 42
0.3
 43
0.3
 50
318.18091005179
  0
INSERT
  5
42E
330
4
100
AcDbEntity
  8
sonstige Leitungen TW_SW_RW_El
 62
     7
370
    35
100
AcDbBlockReference
  2
S33
 10
3318837.798899
 20
5810099.182498
 30
0.0
 41
0.600000023842
 42
0.600000023842
 43
0.600000023842
 50
88.61902021657198
  0
INSERT
  5
42F
330
4
100
AcDbEntity
  8
sonstige Leitungen TW_SW_RW_El
 62
     7
370
    35
100
AcDbBlockReference
  2
S33
 10
3318788.675134
 20
5810089.104553
 30
0.0
 41
0.35
 42
0.35
 43
0.35
 50
173.861591058461
  0
INSERT
  5
430
330
4
100
AcDbEntity
  8
Fernwärmeleitung
 62
     7
370
    35
100
AcDbBlockReference
  2
S120
 10
3318848.375132
 20
5810080.009677
 30
47.334
 41
0.34999999404
 42
0.34999999404
 43
0.34999999404
 50
84.482363957078
  0
INSERT
  5
431
330
4
100
AcDbEntity
  8
Fernwärmeleitung
 62
     7
370
    35
100
AcDbBlockReference
  2
S120
 10
3318849.135275
 20
5810080.451588
 30
47.302
 41
0.34999999404
 42
0.34999999404
 43
0.34999999404
 50
84.237733901764
  0
INSERT
  5
432
330
4
100
AcDbEntity
  8
Fernwärmeleitung
 62
     7
370
    35
100
AcDbBlockReference
  2
S120
 10
3318849.783099
 20
5810087.086707
 30
47.2
 41
0.34999999404
 42
0.34999999404
 43
0.34999999404
 50
84.937357008638
  0
INSERT
  5
433
330
4
100
AcDbEntity
  8
Fernwärmeleitung
 62
     7
370
    35
100
AcDbBlockReference
  2
S120
 10
3318849.165103
 20
5810087.580399
 30
47.203
 41
0.34999999404
 42
0.34999999404
 43
0.34999999404
 50
83.651888086085
  0
INSERT
  5
434
330
4
100
AcDbEntity
  8
Fernwärmeleitung
 62
     7
370
    35
100
AcDbBlockReference
  2
S120
 10
3318850.491277
 20
5810099.500955
 30
47.291
 41
0.34999999404
 42
0.34999999404
 43
0.34999999404
 50
83.651888086085
  0
INSERT
  5
435
330
4
100
AcDbEntity
  8
Fernwärmeleitung
 62
     7
370
    35
100
AcDbBlockReference
  2
S120
 10
3318850.841819
 20
5810099.037431
 30
47.276
 41
0.34999999404
 42
0.34999999404
 43
0.34999999404
 50
84.937357008638
  0
INSERT
  5
436
330
4
100
AcDbEntity
  8
Fernwärmeleitung
 62
     7
370
    35
100
AcDbBlockReference
  2
S120
 10
3318851.527623
 20
5810100.4663
 30
47.298
 41
0.34999999404
 42
0.34999999404
 43
0.34999999404
 50
178.193884426352
  0
INSERT
  5
437
330
4
100
AcDbEntity
  8
Fernwärmeleitung
 62
     7
370
    35
100
AcDbBlockReference
  2
S120
 10
3318851.915203
 20
5810100.015107
 30
47.292
 41
0.34999999404
 42
0.34999999404
 43
0.34999999404
 50
358.193890729896
  0
INSERT
  5
438
330
4
100
AcDbEntity
  8
Fernwärmeleitung
 62
     7
370
    35
100
AcDbBlockReference
  2
S120
 10
3318861.067944
 20
5810100.139006
 30
47.297
 41
0.34999999404
 42
0.34999999404
 43
0.34999999404
 50
358.0351554260379
  0
INSERT
  5
439
330
4
100
AcDbEntity
  8
Fernwärmeleitung
 62
     7
370
    35
100
AcDbBlockReference
  2
S120
 10
3318861.461549
 20
5810099.714082
 30
47.258
 41
0.34999999404
 42
0.34999999404
 43
0.34999999404
 50
358.193890729896
  0
INSERT
  5
43A
330
4
100
AcDbEntity
  8
Fernwärmeleitung
 62
     7
370
    35
100
AcDbBlockReference
  2
S120
 10
3318862.48455
 20
5810099.676991
 30
47.219
 41
0.34999999404
 42
0.34999999404
 43
0.34999999404
 50
358.193890729896
  0
INSERT
  5
43B
330
4
100
AcDbEntity
  8
Fernwärmeleitung
 62
     7
370
    35
100
AcDbBlockReference
  2
S120
 10
3318862.204583
 20
5810100.112318
 30
47.233
 41
0.34999999404
 42
0.34999999404
 43
0.34999999404
 50
358.0351554260379
  0
INSERT
  5
43C
330
4
100
AcDbEntity
  8
Fernwärmeleitung
 62
     7
370
    25
100
AcDbBlockReference
  2
S4
 10
3318861.895184
 20
5810099.694932
 30
47.257
 41
0.245000004768
 42
0.245000004768
 43
0.245000004768
  0
INSERT
  5
43D
330
4
100
AcDbEntity
  8
Fernwärmeleitung
 62
     7
370
    35
100
AcDbBlockReference
  2
S120
 10
3318862.577609
 20
5810099.676324
 30
47.573
 41
0.34999999404
 42
0.34999999404
 43
0.34999999404
 50
358.193890729896
  0
INSERT
  5
43E
330
4
100
AcDbEntity
  8
Fernwärmeleitung
 62
     7
370
    35
100
AcDbBlockReference
  2
S120
 10
3318863.585789
 20
5810100.656556
 30
47.737
 41
0.34999999404
 42
0.34999999404
 43
0.34999999404
 50
268.84445926155
  0
INSERT
  5
43F
330
4
100
AcDbEntity
  8
Fernwärmeleitung
 62
     7
370
    35
100
AcDbBlockReference
  2
S120
 10
3318863.224799
 20
5810101.113437
 30
47.764
 41
0.34999999404
 42
0.34999999404
 43
0.34999999404
 50
268.986677460448
  0
INSERT
  5
440
330
4
100
AcDbEntity
  8
Fernwärmeleitung
 62
     7
370
    35
100
AcDbBlockReference
  2
S120
 10
3318862.191921
 20
5810100.109158
 30
47.583
 41
0.34999999404
 42
0.34999999404
 43
0.34999999404
 50
358.0351554260379
  0
INSERT
  5
441
330
4
100
AcDbEntity
  8
Fernwärmeleitung
 62
     7
370
    25
100
AcDbBlockReference
  2
S4
 10
3318861.513293
 20
5810100.125865
 30
47.284
 41
0.245000004768
 42
0.245000004768
 43
0.245000004768
  0
POINT
  5
442
330
4
100
AcDbEntity
  8
Fernwärmeleitung
 62
     7
370
    25
100
AcDbPoint
 10
3318863.25354
 20
5810102.671689
 30
47.853
  0
POINT
  5
443
330
4
100
AcDbEntity
  8
Fernwärmeleitung
 62
     7
370
    25
100
AcDbPoint
 10
3318863.298793
 20
5810105.241872
 30
47.959
  0
INSERT
  5
444
330
4
100
AcDbEntity
  8
Fernwärmeleitung
 62
     7
370
    35
100
AcDbBlockReference
  2
S120
 10
3318871.328698
 20
5810099.856394
 30
47.313
 41
0.34999999404
 42
0.34999999404
 43
0.34999999404
 50
358.41930223371
  0
INSERT
  5
445
330
4
100
AcDbEntity
  8
Fernwärmeleitung
 62
     7
370
    35
100
AcDbBlockReference
  2
S120
 10
3318871.665009
 20
5810099.426111
 30
47.313
 41
0.34999999404
 42
0.34999999404
 43
0.34999999404
 50
358.389773618381
  0
INSERT
  5
446
330
4
100
AcDbEntity
  8
Fernwärmeleitung
 62
     7
370
    35
100
AcDbBlockReference
  2
S120
 10
3318872.77442
 20
5810099.382975
 30
47.271
 41
0.34999999404
 42
0.34999999404
 43
0.34999999404
 50
357.215049489752
  0
INSERT
  5
447
330
4
100
AcDbEntity
  8
Fernwärmeleitung
 62
     7
370
    35
100
AcDbBlockReference
  2
S120
 10
3318872.398868
 20
5810099.836062
 30
47.262
 41
0.34999999404
 42
0.34999999404
 43
0.34999999404
 50
356.643748348467
  0
INSERT
  5
448
330
4
100
AcDbEntity
  8
Fernwärmeleitung
 62
     7
370
    25
100
AcDbBlockReference
  2
S4
 10
3318872.151816
 20
5810099.39618
 30
47.296
 41
0.245000004768
 42
0.245000004768
 43
0.245000004768
  0
INSERT
  5
449
330
4
100
AcDbEntity
  8
Fernwärmeleitung
 62
     7
370
    35
100
AcDbBlockReference
  2
S120
 10
3318872.834878
 20
5810099.385168
 30
47.571
 41
0.34999999404
 42
0.34999999404
 43
0.34999999404
 50
357.215049489752
  0
INSERT
  5
44A
330
4
100
AcDbEntity
  8
Fernwärmeleitung
 62
     7
370
    25
100
AcDbBlockReference
  2
S4
 10
3318871.760753
 20
5810099.845158
 30
47.291
 41
0.245000004768
 42
0.245000004768
 43
0.245000004768
  0
INSERT
  5
44B
330
4
100
AcDbEntity
  8
Fernwärmeleitung
 62
     7
370
    35
100
AcDbBlockReference
  2
S120
 10
3318872.43464
 20
5810099.849027
 30
47.563
 41
0.34999999404
 42
0.34999999404
 43
0.34999999404
 50
356.6437485619099
  0
INSERT
  5
44C
330
4
100
AcDbEntity
  8
Fernwärmeleitung
 62
     7
370
    35
100
AcDbBlockReference
  2
S120
 10
3318876.529779
 20
5810099.608868
 30
47.704
 41
0.34999999404
 42
0.34999999404
 43
0.34999999404
 50
356.6437485619099
  0
INSERT
  5
44D
330
4
100
AcDbEntity
  8
Fernwärmeleitung
 62
     7
370
    35
100
AcDbBlockReference
  2
S120
 10
3318876.111505
 20
5810099.220643
 30
47.576
 41
0.34999999404
 42
0.34999999404
 43
0.34999999404
 50
357.215049489752
  0
INSERT
  5
44E
330
4
100
AcDbEntity
  8
Fernwärmeleitung
 62
     7
370
    35
100
AcDbBlockReference
  2
S120
 10
3318877.413812
 20
5810098.667827
 30
47.77
 41
0.34999999404
 42
0.34999999404
 43
0.34999999404
 50
267.855659605596
  0
INSERT
  5
44F
330
4
100
AcDbEntity
  8
Fernwärmeleitung
 62
     7
370
    35
100
AcDbBlockReference
  2
S120
 10
3318877.000577
 20
5810098.210596
 30
47.653
 41
0.34999999404
 42
0.34999999404
 43
0.34999999404
 50
267.772167373182
  0
POINT
  5
450
330
4
100
AcDbEntity
  8
Fernwärmeleitung
 62
     7
370
    25
100
AcDbPoint
 10
3318877.322634
 20
5810096.020112
 30
47.814
  0
INSERT
  5
451
330
4
100
AcDbEntity
  8
sonstige Leitungen TW_SW_RW_El
 62
     7
370
    35
100
AcDbBlockReference
  2
S143
 10
3318872.839349
 20
5810097.762016
 30
-48.913
 41
0.6
 42
0.6
 43
0.6
  0
POINT
  5
452
330
4
100
AcDbEntity
  8
Häuser
 62
     7
370
    18
100
AcDbPoint
 10
3318815.667035
 20
5810085.815028
 30
-48.28
  0
POINT
  5
453
330
4
100
AcDbEntity
  8
Häuser
 62
     7
370
    18
100
AcDbPoint
 10
3318807.248751
 20
5810098.99291
 30
-45.874
  0
POINT
  5
454
330
4
100
AcDbEntity
  8
Häuser
 62
     7
370
    18
100
AcDbPoint
 10
3318810.174666
 20
5810108.351861
 30
-48.661
  0
POINT
  5
455
330
4
100
AcDbEntity
  8
Häuser
 62
     7
370
    18
100
AcDbPoint
 10
3318847.060273
 20
5810106.837406
 30
-48.781
  0
INSERT
  5
456
330
4
100
AcDbEntity
  8
Lageplan sonstiges
 62
     7
370
    35
100
AcDbBlockReference
  2
S125
 10
3318848.177257
 20
5810100.665354
 30
48.547
 41
0.5
 42
0.5
 43
0.5
 50
357.857307338705
  0
INSERT
  5
457
330
4
100
AcDbEntity
  8
Lageplan sonstiges
 62
     7
370
    35
100
AcDbBlockReference
  2
S125
 10
3318866.396721
 20
5810103.722359
 30
48.526
 41
0.5
 42
0.5
 43
0.5
 50
357.857307338705
  0
INSERT
  5
458
330
4
100
AcDbEntity
  8
Lageplan sonstiges
 62
     7
370
    35
100
AcDbBlockReference
  2
S125
 10
3318871.696241
 20
5810101.740546
 30
48.293
 41
0.5
 42
0.5
 43
0.5
 50
357.857307338705
  0
POINT
  5
459
330
4
100
AcDbEntity
  8
Fernwärmeleitung
 62
     7
370
    25
100
AcDbPoint
 10
3318873.401318
 20
5810099.860701
 30
47.275
  0
POINT
  5
45A
330
4
100
AcDbEntity
  8
Häuser
 62
     7
370
    18
100
AcDbPoint
 10
3318866.584041
 20
5810131.256977
 30
-47.428
  0
POINT
  5
45B
330
4
100
AcDbEntity
  8
Häuser
 62
     7
370
    18
100
AcDbPoint
 10
3318884.94288
 20
5810132.000435
 30
-45.723
  0
INSERT
  5
45C
330
4
100
AcDbEntity
  8
Lageplan sonstiges
 62
     7
370
    35
100
AcDbBlockReference
  2
S33
 10
3318872.634587
 20
5810096.114568
 30
48.611
 41
0.35
 42
0.35
 43
0.35
 50
177.639477971422
  0
INSERT
  5
45D
330
4
100
AcDbEntity
  8
Lageplan sonstiges
 62
     7
370
    35
100
AcDbBlockReference
  2
S33
 10
3318867.796862
 20
5810096.319546
 30
48.603
 41
0.35
 42
0.35
 43
0.35
 50
177.639477971422
  0
INSERT
  5
45E
330
4
100
AcDbEntity
  8
Fernwärmeleitung
 62
     7
370
    35
100
AcDbBlockReference
  2
S67
 10
3318873.442805
 20
5810100.784945
 30
47.205
 50
357.371904784042
  0
INSERT
  5
45F
330
4
100
AcDbEntity
  8
Fernwärmeleitung
 62
     7
370
    35
100
AcDbBlockReference
  2
S67
 10
3318873.841148
 20
5810100.336281
 30
47.216
 50
357.226925481172
  0
INSERT
  5
460
330
4
100
AcDbEntity
  8
Fernwärmeleitung
 62
     7
370
    35
100
AcDbBlockReference
  2
S120
 10
3318874.436837
 20
5810112.416634
 30
47.138
 41
0.34999999404
 42
0.34999999404
 43
0.34999999404
 50
267.177005179475
  0
INSERT
  5
461
330
4
100
AcDbEntity
  8
Fernwärmeleitung
 62
     7
370
    35
100
AcDbBlockReference
  2
S120
 10
3318874.045454
 20
5810112.857066
 30
47.17
 41
0.34999999404
 42
0.34999999404
 43
0.34999999404
 50
267.142123403383
  0
POINT
  5
462
330
4
100
AcDbEntity
  8
Fernwärmeleitung
 62
     7
370
    25
100
AcDbPoint
 10
3318873.401641
 20
5810099.878743
 30
47.268
  0
INSERT
  5
463
330
4
100
AcDbEntity
  8
Fernwärmeleitung
 62
     7
370
    35
100
AcDbBlockReference
  2
S120
 10
3318875.04137
 20
5810124.448238
 30
47.236
 41
0.34999999404
 42
0.34999999404
 43
0.34999999404
 50
267.123565779409
  0
INSERT
  5
464
330
4
100
AcDbEntity
  8
Fernwärmeleitung
 62
     7
370
    35
100
AcDbBlockReference
  2
S120
 10
3318874.709173
 20
5810124.875671
 30
47.208
 41
0.34999999404
 42
0.34999999404
 43
0.34999999404
 50
87.026746026691
  0
INSERT
  5
465
330
4
100
AcDbEntity
  8
Fernwärmeleitung
 62
     7
370
    35
100
AcDbBlockReference
  2
S120
 10
3318876.098274
 20
5810125.370845
 30
47.212
 41
0.34999999404
 42
0.34999999404
 43
0.34999999404
 50
357.303126486647
  0
INSERT
  5
466
330
4
100
AcDbEntity
  8
Fernwärmeleitung
 62
     7
370
    35
100
AcDbBlockReference
  2
S120
 10
3318875.783819
 20
5810125.843218
 30
47.188
 41
0.34999999404
 42
0.34999999404
 43
0.34999999404
 50
356.985474878917
  0
POINT
  5
467
330
4
100
AcDbEntity
  8
Fernwärmeleitung
 62
     7
370
    25
100
AcDbPoint
 10
3318883.003679
 20
5810129.839898
 30
47.737
  0
INSERT
  5
468
330
4
100
AcDbEntity
  8
Fernwärmeleitung
 62
     7
370
    35
100
AcDbBlockReference
  2
S120
 10
3318882.809069
 20
5810125.658647
 30
47.73
 41
0.34999999404
 42
0.34999999404
 43
0.34999999404
 50
267.5122240337499
  0
INSERT
  5
469
330
4
100
AcDbEntity
  8
Fernwärmeleitung
 62
     7
370
    35
100
AcDbBlockReference
  2
S120
 10
3318883.186205
 20
5810125.210307
 30
47.701
 41
0.34999999404
 42
0.34999999404
 43
0.34999999404
 50
267.566735773516
  0
INSERT
  5
46A
330
4
100
AcDbEntity
  8
Fernwärmeleitung
 62
     7
370
    25
100
AcDbBlockReference
  2
S4
 10
3318883.067768
 20
5810125.055885
 30
46.997
 41
0.245000004768
 42
0.245000004768
 43
0.245000004768
  0
INSERT
  5
46B
330
4
100
AcDbEntity
  8
Fernwärmeleitung
 62
     7
370
    25
100
AcDbBlockReference
  2
S4
 10
3318882.695377
 20
5810125.49631
 30
46.994
 41
0.245000004768
 42
0.245000004768
 43
0.245000004768
  0
INSERT
  5
46C
330
4
100
AcDbEntity
  8
Fernwärmeleitung
 62
     7
370
    35
100
AcDbBlockReference
  2
S120
 10
3318882.152699
 20
5810125.085656
 30
47.026
 41
0.34999999404
 42
0.34999999404
 43
0.34999999404
 50
357.303126486647
  0
INSERT
  5
46D
330
4
100
AcDbEntity
  8
Fernwärmeleitung
 62
     7
370
    35
100
AcDbBlockReference
  2
S120
 10
3318881.830319
 20
5810125.524797
 30
47.032
 41
0.34999999404
 42
0.34999999404
 43
0.34999999404
 50
356.985474878917
  0
INSERT
  5
46E
330
4
100
AcDbEntity
  8
Lageplan sonstiges
 62
     7
370
    35
100
AcDbBlockReference
  2
S33
 10
3318877.394616
 20
5810131.014997
 30
49.345
 41
0.25
 42
0.25
 43
0.25
 50
357.6209642170321
  0
INSERT
  5
46F
330
4
100
AcDbEntity
  8
Lageplan sonstiges
 62
     7
370
    35
100
AcDbBlockReference
  2
S33
 10
3318882.387431
 20
5810130.787805
 30
49.346
 41
0.25
 42
0.25
 43
0.25
 50
357.6209642170321
  0
INSERT
  5
470
330
4
100
AcDbEntity
  8
Lageplan sonstiges
 62
     7
370
    35
100
AcDbBlockReference
  2
S33
 10
3318874.159105
 20
5810131.09088
 30
49.344
 41
0.25
 42
0.25
 43
0.25
 50
357.620960801937
  0
INSERT
  5
471
330
4
100
AcDbEntity
  8
Lageplan sonstiges
 62
     7
370
    35
100
AcDbBlockReference
  2
S125
 10
3318873.033351
 20
5810126.258874
 30
48.798
 41
0.5
 42
0.5
 43
0.5
 50
357.857307338705
  0
POINT
  5
472
330
4
100
AcDbEntity
  8
Häuser
 62
     7
370
    18
100
AcDbPoint
 10
3318866.115643
 20
5810123.632962
 30
-48.15
  0
POINT
  5
473
330
4
100
AcDbEntity
  8
Häuser
 62
     7
370
    18
100
AcDbPoint
 10
3318866.574545
 20
5810131.256981
 30
-49.165
  0
POINT
  5
474
330
4
100
AcDbEntity
  8
Häuser
 62
     7
370
    18
100
AcDbPoint
 10
3318795.045655
 20
5810084.192768
 30
-48.627
  0
POINT
  5
475
330
4
100
AcDbEntity
  8
Häuser
 62
     7
370
    18
100
AcDbPoint
 10
3318811.257611
 20
5810083.529415
 30
-48.803
  0
POINT
  5
476
330
4
100
AcDbEntity
  8
Häuser
 62
     7
370
    18
100
AcDbPoint
 10
3318816.185307
 20
5810098.260998
 30
-48.597
  0
POINT
  5
477
330
4
100
AcDbEntity
  8
Häuser
 62
     7
370
    18
100
AcDbPoint
 10
3318810.174979
 20
5810108.341415
 30
-48.559
  0
POINT
  5
478
330
4
100
AcDbEntity
  8
Häuser
 62
     7
370
    18
100
AcDbPoint
 10
3318828.530337
 20
5810109.085824
 30
-46.71
  0
INSERT
  5
479
330
4
100
AcDbEntity
  8
Lageplan sonstiges
 62
     7
370
    35
100
AcDbBlockReference
  2
S33
 10
3318811.078017
 20
5810084.924416
 30
49.503
 41
0.25
 42
0.25
 43
0.25
 50
87.50503685351
  0
INSERT
  5
47A
330
4
100
AcDbEntity
  8
Lageplan sonstiges
 62
     7
370
    35
100
AcDbBlockReference
  2
S33
 10
3318815.934203
 20
5810096.258423
 30
49.496
 41
0.25
 42
0.25
 43
0.25
 50
87.655540071871
  0
INSERT
  5
47B
330
4
100
AcDbEntity
  8
Lageplan sonstiges
 62
     7
370
    35
100
AcDbBlockReference
  2
S33
 10
3318861.858658
 20
5810082.899388
 30
49.476
 41
0.25
 42
0.25
 43
0.25
 50
267.266876808574
  0
INSERT
  5
47C
330
4
100
AcDbEntity
  8
Beschriftumg +Trassierung
 62
     7
370
    25
100
AcDbBlockReference
  2
S96
 10
3318809.136786
 20
5810125.980068
 30
0.0
 41
0.3
 42
0.3
 43
0.3
 50
141.000540093532
  0
INSERT
  5
47D
330
4
100
AcDbEntity
  8
Fernwärmeleitung
 62
     7
370
    35
100
AcDbBlockReference
  2
S120
 10
3318824.070433
 20
5810094.261012
 30
47.515
 41
0.34999999404
 42
0.34999999404
 43
0.34999999404
 50
85.34359616990298
  0
INSERT
  5
47E
330
4
100
AcDbEntity
  8
Fernwärmeleitung
 62
     7
370
    35
100
AcDbBlockReference
  2
S120
 10
3318823.454205
 20
5810093.532592
 30
47.53
 41
0.34999999404
 42
0.34999999404
 43
0.34999999404
 50
84.78518039393
  0
INSERT
  5
47F
330
4
100
AcDbEntity
  8
Fernwärmeleitung
 62
     7
370
    35
100
AcDbBlockReference
  2
S120
 10
3318823.901225
 20
5810098.958335
 30
47.511
 41
0.34999999404
 42
0.34999999404
 43
0.34999999404
 50
85.290108958512
  0
INSERT
  5
480
330
4
100
AcDbEntity
  8
Fernwärmeleitung
 62
     7
370
    35
100
AcDbBlockReference
  2
S120
 10
3318824.411616
 20
5810098.499501
 30
47.483
 41
0.34999999404
 42
0.34999999404
 43
0.34999999404
 50
85.397821041724
  0
INSERT
  5
481
330
4
100
AcDbEntity
  8
Fernwärmeleitung
 62
     7
370
    35
100
AcDbBlockReference
  2
S120
 10
3318824.4544
 20
5810099.511739
 30
47.501
 41
0.34999999404
 42
0.34999999404
 43
0.34999999404
 50
85.50466569091
  0
INSERT
  5
482
330
4
100
AcDbEntity
  8
Fernwärmeleitung
 62
     7
370
    35
100
AcDbBlockReference
  2
S120
 10
3318823.98579
 20
5810099.965493
 30
47.518
 41
0.34999999404
 42
0.34999999404
 43
0.34999999404
 50
83.324059496492
  0
INSERT
  5
483
330
4
100
AcDbEntity
  8
Fernwärmeleitung
 62
     7
370
    35
100
AcDbBlockReference
  2
S120
 10
3318823.652454
 20
5810100.741739
 30
47.55
 41
0.20000000298
 42
0.20000000298
 43
0.20000000298
 50
358.7101761915209
  0
INSERT
  5
484
330
4
100
AcDbEntity
  8
Fernwärmeleitung
 62
     7
370
    35
100
AcDbBlockReference
  2
S120
 10
3318824.004934
 20
5810100.383302
 30
47.521
 41
0.20000000298
 42
0.20000000298
 43
0.20000000298
 50
84.936605687829
  0
INSERT
  5
485
330
4
100
AcDbEntity
  8
Fernwärmeleitung
 62
     7
370
    35
100
AcDbBlockReference
  2
S120
 10
3318824.552346
 20
5810100.757553
 30
47.52
 41
0.20000000298
 42
0.20000000298
 43
0.20000000298
 50
85.50466569091
  0
INSERT
  5
486
330
4
100
AcDbEntity
  8
Fernwärmeleitung
 62
     7
370
    35
100
AcDbBlockReference
  2
S120
 10
3318824.134328
 20
5810101.068852
 30
47.537
 41
0.20000000298
 42
0.20000000298
 43
0.20000000298
 50
358.48703038952
  0
INSERT
  5
487
330
4
100
AcDbEntity
  8
Fernwärmeleitung
 62
     7
370
    35
100
AcDbBlockReference
  2
S120
 10
3318812.528976
 20
5810101.375378
 30
47.572
 41
0.34999999404
 42
0.34999999404
 43
0.34999999404
 50
358.48703038952
  0
INSERT
  5
488
330
4
100
AcDbEntity
  8
Fernwärmeleitung
 62
     7
370
    35
100
AcDbBlockReference
  2
S120
 10
3318812.005938
 20
5810101.003966
 30
47.621
 41
0.34999999404
 42
0.34999999404
 43
0.34999999404
 50
358.7101761915209
  0
INSERT
  5
489
330
4
100
AcDbEntity
  8
Fernwärmeleitung
 62
     7
370
    35
100
AcDbBlockReference
  2
S120
 10
3318811.289962
 20
5810101.028284
 30
47.612
 41
0.34999999404
 42
0.34999999404
 43
0.34999999404
 50
358.7101761915209
  0
INSERT
  5
48A
330
4
100
AcDbEntity
  8
Fernwärmeleitung
 62
     7
370
    35
100
AcDbBlockReference
  2
S120
 10
3318810.886518
 20
5810101.378194
 30
47.583
 41
0.34999999404
 42
0.34999999404
 43
0.34999999404
 50
358.48703038952
  0
INSERT
  5
48B
330
4
100
AcDbEntity
  8
Fernwärmeleitung
 62
     7
370
    35
100
AcDbBlockReference
  2
S120
 10
3318811.28205
 20
5810101.029869
 30
47.612
 41
0.34999999404
 42
0.34999999404
 43
0.34999999404
 50
358.7101761915209
  0
INSERT
  5
48C
330
4
100
AcDbEntity
  8
Fernwärmeleitung
 62
     7
370
    35
100
AcDbBlockReference
  2
S120
 10
3318812.006889
 20
5810101.007447
 30
47.622
 41
0.34999999404
 42
0.34999999404
 43
0.34999999404
 50
358.7101760847991
  0
INSERT
  5
48D
330
4
100
AcDbEntity
  8
Fernwärmeleitung
 62
     7
370
    35
100
AcDbBlockReference
  2
S120
 10
3318810.352898
 20
5810100.632968
 30
47.809
 41
0.34999999404
 42
0.34999999404
 43
0.34999999404
 50
269.57398493661
  0
INSERT
  5
48E
330
4
100
AcDbEntity
  8
Fernwärmeleitung
 62
     7
370
    35
100
AcDbBlockReference
  2
S120
 10
3318810.727549
 20
5810100.312505
 30
47.819
 41
0.34999999404
 42
0.34999999404
 43
0.34999999404
 50
270.276777251258
  0
INSERT
  5
48F
330
4
100
AcDbEntity
  8
Fernwärmeleitung
 62
     7
370
    25
100
AcDbBlockReference
  2
S4
 10
3318824.425722
 20
5810098.989479
 30
47.479
 41
0.245000004768
 42
0.245000004768
 43
0.245000004768
  0
INSERT
  5
490
330
4
100
AcDbEntity
  8
Fernwärmeleitung
 62
     7
370
    35
100
AcDbBlockReference
  2
S120
 10
3318824.67506
 20
5810099.622126
 30
47.69
 41
0.34999999404
 42
0.34999999404
 43
0.34999999404
 50
85.948566515258
  0
INSERT
  5
491
330
4
100
AcDbEntity
  8
Fernwärmeleitung
 62
     7
370
    35
100
AcDbBlockReference
  2
S120
 10
3318825.689228
 20
5810100.530504
 30
47.657
 41
0.34999999404
 42
0.34999999404
 43
0.34999999404
 50
357.287908825176
  0
INSERT
  5
492
330
4
100
AcDbEntity
  8
Fernwärmeleitung
 62
     7
370
    35
100
AcDbBlockReference
  2
S120
 10
3318825.210479
 20
5810100.957674
 30
47.694
 41
0.34999999404
 42
0.34999999404
 43
0.34999999404
 50
357.213111423575
  0
INSERT
  5
493
330
4
100
AcDbEntity
  8
Fernwärmeleitung
 62
     7
370
    35
100
AcDbBlockReference
  2
S120
 10
3318824.162761
 20
5810100.055006
 30
47.729
 41
0.34999999404
 42
0.34999999404
 43
0.34999999404
 50
85.818335298354
  0
INSERT
  5
494
330
4
100
AcDbEntity
  8
Fernwärmeleitung
 62
     7
370
    25
100
AcDbBlockReference
  2
S4
 10
3318823.925144
 20
5810099.447361
 30
47.498
 41
0.245000004768
 42
0.245000004768
 43
0.245000004768
  0
INSERT
  5
495
330
4
100
AcDbEntity
  8
Fernwärmeleitung
 62
     7
370
    35
100
AcDbBlockReference
  2
S120
 10
3318826.678081
 20
5810101.457883
 30
47.6
 41
0.34999999404
 42
0.34999999404
 43
0.34999999404
 50
268.424511910621
  0
INSERT
  5
496
330
4
100
AcDbEntity
  8
Fernwärmeleitung
 62
     7
370
    35
100
AcDbBlockReference
  2
S120
 10
3318826.28194
 20
5810101.871413
 30
47.577
 41
0.34999999404
 42
0.34999999404
 43
0.34999999404
 50
268.463075158675
  0
POINT
  5
497
330
4
100
AcDbEntity
  8
Fernwärmeleitung
 62
     7
370
    25
100
AcDbPoint
 10
3318826.458138
 20
5810107.638471
 30
47.602
  0
POINT
  5
498
330
4
100
AcDbEntity
  8
Fernwärmeleitung
 62
     7
370
    25
100
AcDbPoint
 10
3318826.8117
 20
5810107.64119
 30
47.607
  0
INSERT
  5
499
330
4
100
AcDbEntity
  8
Fernwärmeleitung
 62
     7
370
    35
100
AcDbBlockReference
  2
S125
 10
3318821.814875
 20
5810078.71213
 30
47.241
 41
0.5
 42
0.5
 43
0.5
 50
357.857307338705
  0
INSERT
  5
49A
330
4
100
AcDbEntity
  8
Fernwärmeleitung
 62
     7
370
    35
100
AcDbBlockReference
  2
S125
 10
3318821.814873
 20
5810078.705799
 30
47.237
 41
0.5
 42
0.5
 43
0.5
 50
357.857307338705
  0
POINT
  5
49B
330
4
100
AcDbEntity
  8
Häuser
 62
     7
370
    18
100
AcDbPoint
 10
3318810.163286
 20
5810108.39238
 30
-49.204
  0
POINT
  5
49C
330
4
100
AcDbEntity
  8
Häuser
 62
     7
370
    18
100
AcDbPoint
 10
3318816.204006
 20
5810098.325246
 30
-49.216
  0
POINT
  5
49D
330
4
100
AcDbEntity
  8
Häuser
 62
     7
370
    18
100
AcDbPoint
 10
3318816.204006
 20
5810098.325246
 30
-49.215
  0
POINT
  5
49E
330
4
100
AcDbEntity
  8
Häuser
 62
     7
370
    18
100
AcDbPoint
 10
3318828.504163
 20
5810107.621263
 30
-49.318
  0
POINT
  5
49F
330
4
100
AcDbEntity
  8
Häuser
 62
     7
370
    18
100
AcDbPoint
 10
3318861.549213
 20
5810081.493488
 30
-48.608
  0
POINT
  5
4A0
330
4
100
AcDbEntity
  8
Häuser
 62
     7
370
    18
100
AcDbPoint
 10
3318847.076423
 20
5810106.855443
 30
-48.893
  0
INSERT
  5
4A1
330
4
100
AcDbEntity
  8
Lageplan sonstiges
 62
     7
370
    35
100
AcDbBlockReference
  2
S33
 10
3318806.087111
 20
5810099.031317
 30
48.67
 41
0.35
 42
0.35
 43
0.35
 50
177.515810566309
  0
INSERT
  5
4A2
330
4
100
AcDbEntity
  8
Lageplan sonstiges
 62
     7
370
    35
100
AcDbBlockReference
  2
S33
 10
3318801.157286
 20
5810099.259436
 30
48.657
 41
0.35
 42
0.35
 43
0.35
 50
177.515810566309
  0
INSERT
  5
4A3
330
4
100
AcDbEntity
  8
sonstige Leitungen TW_SW_RW_El
 62
     7
370
    35
100
AcDbBlockReference
  2
S143
 10
3318801.707607
 20
5810100.664299
 30
-49.123
 41
0.6
 42
0.6
 43
0.6
  0
INSERT
  5
4A4
330
4
100
AcDbEntity
  8
sonstige Leitungen TW_SW_RW_El
 62
     7
370
    35
100
AcDbBlockReference
  2
S143
 10
3318789.259748
 20
5810101.210427
 30
48.835
 41
0.6
 42
0.6
 43
0.6
  0
INSERT
  5
4A5
330
4
100
AcDbEntity
  8
sonstige Leitungen TW_SW_RW_El
 62
     7
370
    35
100
AcDbBlockReference
  2
S143
 10
3318793.102555
 20
5810101.674317
 30
-49.208
 41
0.6
 42
0.6
 43
0.6
  0
INSERT
  5
4A6
330
4
100
AcDbEntity
  8
Lageplan sonstiges
 62
     7
370
    35
100
AcDbBlockReference
  2
S125
 10
3318816.838374
 20
5810099.322391
 30
48.867
 41
0.5
 42
0.5
 43
0.5
 50
357.857307338705
  0
INSERT
  5
4A7
330
4
100
AcDbEntity
  8
Lageplan sonstiges
 62
     7
370
    35
100
AcDbBlockReference
  2
S125
 10
3318819.949191
 20
5810099.2915
 30
48.867
 41
0.5
 42
0.5
 43
0.5
 50
357.857307338705
  0
INSERT
  5
4A8
330
4
100
AcDbEntity
  8
Lageplan sonstiges
 62
     7
370
    35
100
AcDbBlockReference
  2
S125
 10
3318818.989268
 20
5810083.989352
 30
48.8
 41
0.5
 42
0.5
 43
0.5
 50
357.857307338705
  0
POINT
  5
4A9
330
4
100
AcDbEntity
  8
Häuser
 62
     7
370
    18
100
AcDbPoint
 10
3318861.560606
 20
5810081.487787
 30
-48.821
  0
POINT
  5
4AA
330
4
100
AcDbEntity
  8
Häuser
 62
     7
370
    18
100
AcDbPoint
 10
3318861.672283
 20
5810083.928169
 30
-48.813
  0
POINT
  5
4AB
330
4
100
AcDbEntity
  8
Häuser
 62
     7
370
    18
100
AcDbPoint
 10
3318811.260483
 20
5810083.593669
 30
-48.849
  0
POINT
  5
4AC
330
4
100
AcDbEntity
  8
Häuser
 62
     7
370
    18
100
AcDbPoint
 10
3318815.679078
 20
5810085.858071
 30
-48.941
  0
INSERT
  5
4AD
330
4
100
AcDbEntity
  8
Fernwärmeleitung
 62
     7
370
    35
100
AcDbBlockReference
  2
S120
 10
3318820.400042
 20
5810078.829762
 30
47.241
 41
0.34999999404
 42
0.34999999404
 43
0.34999999404
 50
357.573663449482
  0
INSERT
  5
4AE
330
4
100
AcDbEntity
  8
Fernwärmeleitung
 62
     7
370
    35
100
AcDbBlockReference
  2
S120
 10
3318821.059948
 20
5810079.550569
 30
47.269
 41
0.34999999404
 42
0.34999999404
 43
0.34999999404
 50
357.502578255695
  0
INSERT
  5
4AF
330
4
100
AcDbEntity
  8
Fernwärmeleitung
 62
     7
370
    35
100
AcDbBlockReference
  2
S120
 10
3318809.021034
 20
5810080.075657
 30
47.18
 41
0.34999999404
 42
0.34999999404
 43
0.34999999404
 50
357.463687158561
  0
INSERT
  5
4B0
330
4
100
AcDbEntity
  8
Fernwärmeleitung
 62
     7
370
    35
100
AcDbBlockReference
  2
S120
 10
3318808.298768
 20
5810079.342528
 30
47.176
 41
0.34999999404
 42
0.34999999404
 43
0.34999999404
 50
357.573663449482
  0
INSERT
  5
4B1
330
4
100
AcDbEntity
  8
Fernwärmeleitung
 62
     7
370
    35
100
AcDbBlockReference
  2
S120
 10
3318797.015058
 20
5810080.650744
 30
47.185
 41
0.34999999404
 42
0.34999999404
 43
0.34999999404
 50
357.2576254739441
  0
INSERT
  5
4B2
330
4
100
AcDbEntity
  8
Fernwärmeleitung
 62
     7
370
    35
100
AcDbBlockReference
  2
S120
 10
3318796.350691
 20
5810079.848274
 30
47.173
 41
0.34999999404
 42
0.34999999404
 43
0.34999999404
 50
357.576192327022
  0
INSERT
  5
4B3
330
4
100
AcDbEntity
  8
Fernwärmeleitung
 62
     7
370
    35
100
AcDbBlockReference
  2
S120
 10
3318784.137703
 20
5810080.417739
 30
47.074
 41
0.34999999404
 42
0.34999999404
 43
0.34999999404
 50
357.330355035773
  0
INSERT
  5
4B4
330
4
100
AcDbEntity
  8
Fernwärmeleitung
 62
     7
370
    35
100
AcDbBlockReference
  2
S120
 10
3318784.869183
 20
5810081.243607
 30
47.128
 41
0.34999999404
 42
0.34999999404
 43
0.34999999404
 50
357.205500885293
  0
INSERT
  5
4B5
330
4
100
AcDbEntity
  8
Lageplan sonstiges
 62
     7
370
    35
100
AcDbBlockReference
  2
S125
 10
3318785.56279
 20
5810082.373355
 30
47.888
 41
0.5
 42
0.5
 43
0.5
 50
357.857307338705
  0
INSERT
  5
4B6
330
4
100
AcDbEntity
  8
Lageplan sonstiges
 62
     7
370
    35
100
AcDbBlockReference
  2
S125
 10
3318782.8843
 20
5810080.538478
 30
47.853
 41
0.5
 42
0.5
 43
0.5
 50
357.857307338705
  0
INSERT
  5
4B7
330
4
100
AcDbEntity
  8
Beschriftumg +Trassierung
 62
     7
370
    25
100
AcDbBlockReference
  2
S96
 10
3318816.318669
 20
5810101.275283
 30
0.0
 41
0.3
 42
0.3
 43
0.3
 50
141.643493120862
  0
INSERT
  5
4B8
330
4
100
AcDbEntity
  8
Beschriftumg +Trassierung
 62
     7
370
    25
100
AcDbBlockReference
  2
S96
 10
3318824.36626
 20
5810097.936054
 30
0.0
 41
0.3
 42
0.3
 43
0.3
 50
130.859963138489
  0
INSERT
  5
4B9
330
4
100
AcDbEntity
  8
Fernwärmeleitung
 62
     7
370
    35
100
AcDbBlockReference
  2
S180
 10
3318812.09461
 20
5810080.596334
 30
0.0
 41
2.1
 42
2.1
 43
2.1
 50
356.3245719010051
  0
INSERT
  5
4BA
330
4
100
AcDbEntity
  8
Beschriftumg +Trassierung
 62
     7
370
    25
100
AcDbBlockReference
  2
S96
 10
3318874.981733
 20
5810123.261333
 30
0.0
 41
0.3
 42
0.3
 43
0.3
 50
127.439363421012
  0
INSERT
  5
4BB
330
4
100
AcDbEntity
  8
Beschriftumg +Trassierung
 62
     7
370
    25
100
AcDbBlockReference
  2
S96
 10
3318867.002413
 20
5810099.557182
 30
0.0
 41
0.3
 42
0.3
 43
0.3
 50
321.4025566040281
  0
INSERT
  5
4BC
330
4
100
AcDbEntity
  8
Beschriftumg +Trassierung
 62
     7
370
    25
100
AcDbBlockReference
  2
S96
 10
3318850.648235
 20
5810096.852273
 30
0.0
 41
0.3
 42
0.3
 43
0.3
 50
135.526744530414
  0
INSERT
  5
4BD
330
4
100
AcDbEntity
  8
Beschriftumg +Trassierung
 62
     7
370
    25
100
AcDbBlockReference
  2
S96
 10
3318857.060145
 20
5810077.295279
 30
0.0
 41
0.3
 42
0.3
 43
0.3
 50
36.890497160115
  0
INSERT
  5
4BE
330
4
100
AcDbEntity
  8
Beschriftumg +Trassierung
 62
     7
370
    25
100
AcDbBlockReference
  2
S96
 10
3318794.854457
 20
5810080.756207
 30
0.0
 41
0.3
 42
0.3
 43
0.3
 50
131.004954394191
  0
INSERT
  5
4BF
330
4
100
AcDbEntity
  8
Fernwärmeleitung
 62
     7
370
    35
100
AcDbBlockReference
  2
S180
 10
3318811.643711
 20
5810077.751811
 30
0.0
 41
2.1
 42
2.1
 43
2.1
 50
178.594611624956
  0
INSERT
  5
4C0
330
4
100
AcDbEntity
  8
Fernwärmeleitung
 62
     7
370
    25
100
AcDbBlockReference
  2
S4
 10
3318810.826557
 20
5810101.000599
 30
47.598
 41
0.245000004768
 42
0.245000004768
 43
0.245000004768
  0
INSERT
  5
4C1
330
4
100
AcDbEntity
  8
Fernwärmeleitung
 62
     7
370
    25
100
AcDbBlockReference
  2
S4
 10
3318810.425328
 20
5810101.350191
 30
47.577
 41
0.245000004768
 42
0.245000004768
 43
0.245000004768
  0
INSERT
  5
4C2
330
4
100
AcDbEntity
  8
Fernwärmeleitung
 62
     7
370
    35
100
AcDbBlockReference
  2
S120
 10
3318808.77674
 20
5810101.035533
 30
47.643
 41
0.34999999404
 42
0.34999999404
 43
0.34999999404
 50
358.399937046588
  0
INSERT
  5
4C3
330
4
100
AcDbEntity
  8
Fernwärmeleitung
 62
     7
370
    35
100
AcDbBlockReference
  2
S120
 10
3318809.034831
 20
5810101.366209
 30
47.634
 41
0.34999999404
 42
0.34999999404
 43
0.34999999404
 50
357.935902532114
  0
INSERT
  5
4C4
330
4
100
AcDbEntity
  8
Fernwärmeleitung
 62
     7
370
    35
100
AcDbBlockReference
  2
S120
 10
3318807.863614
 20
5810102.04812
 30
47.668
 41
0.34999999404
 42
0.34999999404
 43
0.34999999404
 50
268.594624602089
  0
INSERT
  5
4C5
330
4
100
AcDbEntity
  8
Fernwärmeleitung
 62
     7
370
    35
100
AcDbBlockReference
  2
S120
 10
3318808.269154
 20
5810102.236939
 30
47.646
 41
0.34999999404
 42
0.34999999404
 43
0.34999999404
 50
268.517846445629
  0
INSERT
  5
4C6
330
4
100
AcDbEntity
  8
Fernwärmeleitung
 62
     7
370
    35
100
AcDbBlockReference
  2
S67
 10
3318809.895456
 20
5810101.335192
 30
47.61
 41
0.899999976158
 42
0.899999976158
 43
0.899999976158
 50
88.55575900447901
  0
INSERT
  5
4C7
330
4
100
AcDbEntity
  8
Fernwärmeleitung
 62
     7
370
    35
100
AcDbBlockReference
  2
S67
 10
3318810.200464
 20
5810100.995763
 30
47.613
 41
0.899999976158
 42
0.899999976158
 43
0.899999976158
 50
89.67328723572
  0
INSERT
  5
4C8
330
4
100
AcDbEntity
  8
Fernwärmeleitung
 62
     7
370
    35
100
AcDbBlockReference
  2
S120
 10
3318808.008205
 20
5810107.941801
 30
47.474
 41
0.34999999404
 42
0.34999999404
 43
0.34999999404
 50
268.594624602089
  0
INSERT
  5
4C9
330
4
100
AcDbEntity
  8
Fernwärmeleitung
 62
     7
370
    35
100
AcDbBlockReference
  2
S120
 10
3318808.414916
 20
5810107.870433
 30
47.454
 41
0.34999999404
 42
0.34999999404
 43
0.34999999404
 50
268.594624602089
  0
INSERT
  5
4CA
330
4
100
AcDbEntity
  8
Fernwärmeleitung
 62
     7
370
    35
100
AcDbBlockReference
  2
S120
 10
3318808.558921
 20
5810119.951268
 30
47.557
 41
0.34999999404
 42
0.34999999404
 43
0.34999999404
 50
267.374438627623
  0
INSERT
  5
4CB
330
4
100
AcDbEntity
  8
Fernwärmeleitung
 62
     7
370
    35
100
AcDbBlockReference
  2
S120
 10
3318808.951071
 20
5810119.879273
 30
47.567
 41
0.34999999404
 42
0.34999999404
 43
0.34999999404
 50
267.4436284439149
  0
INSERT
  5
4CC
330
4
100
AcDbEntity
  8
Fernwärmeleitung
 62
     7
370
    35
100
AcDbBlockReference
  2
S120
 10
3318809.317579
 20
5810131.919194
 30
47.589
 41
0.34999999404
 42
0.34999999404
 43
0.34999999404
 50
268.25639363439
  0
INSERT
  5
4CD
330
4
100
AcDbEntity
  8
Fernwärmeleitung
 62
     7
370
    35
100
AcDbBlockReference
  2
S120
 10
3318808.972885
 20
5810131.927866
 30
47.59
 41
0.34999999404
 42
0.34999999404
 43
0.34999999404
 50
268.25639363439
  0
POINT
  5
4CE
330
4
100
AcDbEntity
  8
Häuser
 62
     7
370
    18
100
AcDbPoint
 10
3318810.860664
 20
5810125.899552
 30
-48.453
  0
POINT
  5
4CF
330
4
100
AcDbEntity
  8
Häuser
 62
     7
370
    18
100
AcDbPoint
 10
3318810.145555
 20
5810108.379093
 30
-48.224
  0
POINT
  5
4D0
330
4
100
AcDbEntity
  8
Häuser
 62
     7
370
    18
100
AcDbPoint
 10
3318791.309517
 20
5810099.31558
 30
-47.497
  0
POINT
  5
4D1
330
4
100
AcDbEntity
  8
Häuser
 62
     7
370
    18
100
AcDbPoint
 10
3318800.266594
 20
5810099.301543
 30
-47.622
  0
POINT
  5
4D2
330
4
100
AcDbEntity
  8
Häuser
 62
     7
370
    18
100
AcDbPoint
 10
3318807.266796
 20
5810099.002082
 30
-47.845
  0
POINT
  5
4D3
330
4
100
AcDbEntity
  8
Häuser
 62
     7
370
    25
100
AcDbPoint
 10
3318794.002942
 20
5810134.215815
 30
-48.647
  0
INSERT
  5
4D4
330
4
100
AcDbEntity
  8
Fernwärmeleitung
 62
     7
370
    25
100
AcDbBlockReference
  2
S4
 10
3318808.97166
 20
5810132.907518
 30
48.023
 41
0.245000004768
 42
0.245000004768
 43
0.245000004768
  0
INSERT
  5
4D5
330
4
100
AcDbEntity
  8
Fernwärmeleitung
 62
     7
370
    25
100
AcDbBlockReference
  2
S4
 10
3318809.368577
 20
5810132.884583
 30
48.022
 41
0.245000004768
 42
0.245000004768
 43
0.245000004768
  0
INSERT
  5
4D6
330
4
100
AcDbEntity
  8
Lageplan sonstiges
 62
     7
370
    35
100
AcDbBlockReference
  2
S125
 10
3318791.460243
 20
5810119.393151
 30
48.628
 41
0.5
 42
0.5
 43
0.5
 50
357.857307338705
  0
INSERT
  5
4D7
330
4
100
AcDbEntity
  8
Lageplan sonstiges
 62
     7
370
    35
100
AcDbBlockReference
  2
S125
 10
3318788.960282
 20
5810131.433487
 30
48.757
 41
0.5
 42
0.5
 43
0.5
 50
357.857307338705
  0
INSERT
  5
4D8
330
4
100
AcDbEntity
  8
Lageplan sonstiges
 62
     7
370
    35
100
AcDbBlockReference
  2
S125
 10
3318799.602123
 20
5810123.326505
 30
48.649
 41
0.5
 42
0.5
 43
0.5
 50
357.857307338705
  0
INSERT
  5
4D9
330
4
100
AcDbEntity
  8
Lageplan sonstiges
 62
     7
370
    35
100
AcDbBlockReference
  2
S125
 10
3318810.774354
 20
5810133.104688
 30
48.751
 41
0.5
 42
0.5
 43
0.5
 50
357.857307338705
  0
INSERT
  5
4DA
330
4
100
AcDbEntity
  8
Lageplan sonstiges
 62
     7
370
    35
100
AcDbBlockReference
  2
S125
 10
3318810.766117
 20
5810133.085067
 30
48.749
 41
0.5
 42
0.5
 43
0.5
 50
357.857307338705
  0
INSERT
  5
4DB
330
4
100
AcDbEntity
  8
Lageplan sonstiges
 62
     7
370
    35
100
AcDbBlockReference
  2
S33
 10
3318818.819206
 20
5810127.046902
 30
48.864
 41
0.35
 42
0.35
 43
0.35
 50
177.79535654866
  0
INSERT
  5
4DC
330
4
100
AcDbEntity
  8
Lageplan sonstiges
 62
     7
370
    35
100
AcDbBlockReference
  2
S33
 10
3318820.233743
 20
5810126.987195
 30
48.866
 41
0.35
 42
0.35
 43
0.35
 50
177.79535654866
  0
INSERT
  5
4DD
330
4
100
AcDbEntity
  8
Lageplan sonstiges
 62
     7
370
    35
100
AcDbBlockReference
  2
S33
 10
3318822.833658
 20
5810126.881157
 30
48.873
 41
0.35
 42
0.35
 43
0.35
 50
177.79535654866
  0
INSERT
  5
4DE
330
4
100
AcDbEntity
  8
Lageplan sonstiges
 62
     7
370
    35
100
AcDbBlockReference
  2
S125
 10
3318825.085534
 20
5810129.75978
 30
48.771
 41
0.5
 42
0.5
 43
0.5
 50
357.857307338705
  0
INSERT
  5
4DF
330
4
100
AcDbEntity
  8
Lageplan sonstiges
 62
     7
370
    35
100
AcDbBlockReference
  2
S125
 10
3318832.35918
 20
5810130.229697
 30
48.893
 41
0.5
 42
0.5
 43
0.5
 50
357.857307338705
  0
POINT
  5
4E0
330
4
100
AcDbEntity
  8
Lageplan sonstiges
 62
     7
370
    25
100
AcDbPoint
 10
3318811.838887
 20
5810126.323341
 30
48.676
  0
POINT
  5
4E1
330
4
100
AcDbEntity
  8
Lageplan sonstiges
 62
     7
370
    25
100
AcDbPoint
 10
3318810.215865
 20
5810120.611571
 30
48.671
  0
POINT
  5
4E2
330
4
100
AcDbEntity
  8
Lageplan sonstiges
 62
     7
370
    25
100
AcDbPoint
 10
3318809.847166
 20
5810112.105042
 30
48.672
  0
POINT
  5
4E3
330
4
100
AcDbEntity
  8
Lageplan sonstiges
 62
     7
370
    25
100
AcDbPoint
 10
3318808.909899
 20
5810099.032185
 30
48.553
  0
POINT
  5
4E4
330
4
100
AcDbEntity
  8
Lageplan sonstiges
 62
     7
420
 16777215
100
AcDbPoint
 10
3318833.483155
 20
5810157.039125
 30
49.346
  0
INSERT
  5
4E5
330
4
100
AcDbEntity
  8
Fernwärmeleitung
 62
     7
370
    35
100
AcDbBlockReference
  2
S120
 10
3318773.089214
 20
5810081.840135
 30
47.133
 41
0.34999999404
 42
0.34999999404
 43
0.34999999404
 50
357.101063877789
  0
INSERT
  5
4E6
330
4
100
AcDbEntity
  8
Fernwärmeleitung
 62
     7
370
    35
100
AcDbBlockReference
  2
S120
 10
3318772.350831
 20
5810081.177598
 30
47.062
 41
0.34999999404
 42
0.34999999404
 43
0.34999999404
 50
356.31144427742
  0
INSERT
  5
4E7
330
4
100
AcDbEntity
  8
Fernwärmeleitung
 62
     7
370
    35
100
AcDbBlockReference
  2
S120
 10
3318771.530347
 20
5810081.918254
 30
47.07
 41
0.34999999404
 42
0.34999999404
 43
0.34999999404
 50
357.131157691272
  0
INSERT
  5
4E8
330
4
100
AcDbEntity
  8
Fernwärmeleitung
 62
     7
370
    35
100
AcDbBlockReference
  2
S120
 10
3318770.5546
 20
5810081.341266
 30
47.0
 41
0.34999999404
 42
0.34999999404
 43
0.34999999404
 50
354.793730140066
  0
INSERT
  5
4E9
330
4
100
AcDbEntity
  8
Fernwärmeleitung
 62
     7
370
    35
100
AcDbBlockReference
  2
S120
 10
3318770.581192
 20
5810083.083421
 30
47.07
 41
0.34999999404
 42
0.34999999404
 43
0.34999999404
 50
267.1147343448121
  0
INSERT
  5
4EA
330
4
100
AcDbEntity
  8
Fernwärmeleitung
 62
     7
370
    35
100
AcDbBlockReference
  2
S120
 10
3318769.656995
 20
5810082.38645
 30
47.053
 41
0.34999999404
 42
0.34999999404
 43
0.34999999404
 50
85.507083577876
  0
INSERT
  5
4EB
330
4
100
AcDbEntity
  8
Fernwärmeleitung
 62
     7
370
    35
100
AcDbBlockReference
  2
S120
 10
3318770.77122
 20
5810086.853821
 30
47.026
 41
0.34999999404
 42
0.34999999404
 43
0.34999999404
 50
267.1147343448121
  0
INSERT
  5
4EC
330
4
100
AcDbEntity
  8
Fernwärmeleitung
 62
     7
370
    35
100
AcDbBlockReference
  2
S120
 10
3318769.960373
 20
5810086.247335
 30
47.049
 41
0.34999999404
 42
0.34999999404
 43
0.34999999404
 50
85.507083577876
  0
INSERT
  5
4ED
330
4
100
AcDbEntity
  8
Fernwärmeleitung
 62
     7
370
    35
100
AcDbBlockReference
  2
S120
 10
3318757.025606
 20
5810088.281318
 30
46.942
 41
0.34999999404
 42
0.34999999404
 43
0.34999999404
 50
355.3876407016081
  0
INSERT
  5
4EE
330
4
100
AcDbEntity
  8
Fernwärmeleitung
 62
     7
370
    35
100
AcDbBlockReference
  2
S120
 10
3318757.902278
 20
5810088.851696
 30
46.918
 41
0.34999999404
 42
0.34999999404
 43
0.34999999404
 50
355.425022326936
  0
INSERT
  5
4EF
330
4
100
AcDbEntity
  8
Fernwärmeleitung
 62
     7
370
    35
100
AcDbBlockReference
  2
S120
 10
3318769.899251
 20
5810087.891716
 30
47.059
 41
0.34999999404
 42
0.34999999404
 43
0.34999999404
 50
355.425022326936
  0
INSERT
  5
4F0
330
4
100
AcDbEntity
  8
Fernwärmeleitung
 62
     7
370
    35
100
AcDbBlockReference
  2
S120
 10
3318769.097908
 20
5810087.307383
 30
47.067
 41
0.34999999404
 42
0.34999999404
 43
0.34999999404
 50
355.3876407016081
  0
INSERT
  5
4F1
330
4
100
AcDbEntity
  8
Fernwärmeleitung
 62
     7
370
    35
100
AcDbBlockReference
  2
S120
 10
3318714.230718
 20
5810086.229091
 30
46.457
 41
0.34999999404
 42
0.34999999404
 43
0.34999999404
 50
358.373642419109
  0
INSERT
  5
4F2
330
4
100
AcDbEntity
  8
Fernwärmeleitung
 62
     7
370
    35
100
AcDbBlockReference
  2
S120
 10
3318713.987882
 20
5810086.92997
 30
46.523
 41
0.34999999404
 42
0.34999999404
 43
0.34999999404
 50
358.543391509726
  0
INSERT
  5
4F3
330
4
100
AcDbEntity
  8
Fernwärmeleitung
 62
     7
370
    35
100
AcDbBlockReference
  2
S120
 10
3318726.292172
 20
5810085.886631
 30
46.513
 41
0.34999999404
 42
0.34999999404
 43
0.34999999404
 50
357.754948622885
  0
INSERT
  5
4F4
330
4
100
AcDbEntity
  8
Fernwärmeleitung
 62
     7
370
    35
100
AcDbBlockReference
  2
S120
 10
3318726.049032
 20
5810086.623278
 30
46.461
 41
0.34999999404
 42
0.34999999404
 43
0.34999999404
 50
358.311190691155
  0
INSERT
  5
4F5
330
4
100
AcDbEntity
  8
Fernwärmeleitung
 62
     7
370
    35
100
AcDbBlockReference
  2
S120
 10
3318738.272548
 20
5810085.416957
 30
46.453
 41
0.34999999404
 42
0.34999999404
 43
0.34999999404
 50
357.754948622885
  0
INSERT
  5
4F6
330
4
100
AcDbEntity
  8
Fernwärmeleitung
 62
     7
370
    35
100
AcDbBlockReference
  2
S120
 10
3318739.433863
 20
5810085.354176
 30
46.464
 41
0.34999999404
 42
0.34999999404
 43
0.34999999404
 50
356.857125165685
  0
INSERT
  5
4F7
330
4
100
AcDbEntity
  8
Fernwärmeleitung
 62
     7
370
    35
100
AcDbBlockReference
  2
S120
 10
3318737.995583
 20
5810086.271048
 30
46.404
 41
0.34999999404
 42
0.34999999404
 43
0.34999999404
 50
358.311190584433
  0
INSERT
  5
4F8
330
4
100
AcDbEntity
  8
Fernwärmeleitung
 62
     7
370
    35
100
AcDbBlockReference
  2
S120
 10
3318739.164826
 20
5810086.250996
 30
46.396
 41
0.34999999404
 42
0.34999999404
 43
0.34999999404
 50
358.311190584433
  0
INSERT
  5
4F9
330
4
100
AcDbEntity
  8
Fernwärmeleitung
 62
     7
370
    25
100
AcDbBlockReference
  2
S4
 10
3318738.58906
 20
5810086.240761
 30
46.374
 41
0.2
 42
0.2
 43
0.2
  0
INSERT
  5
4FA
330
4
100
AcDbEntity
  8
Fernwärmeleitung
 62
     7
370
    25
100
AcDbBlockReference
  2
S4
 10
3318738.826802
 20
5810085.456953
 30
46.385
 41
0.2
 42
0.2
 43
0.2
  0
INSERT
  5
4FB
330
4
100
AcDbEntity
  8
Fernwärmeleitung
 62
     7
370
    35
100
AcDbBlockReference
  2
S67
 10
3318740.06985
 20
5810085.641262
 30
46.673
 41
0.699999988079
 42
0.699999988079
 43
0.699999988079
 50
269.059132107163
  0
POINT
  5
4FC
330
4
100
AcDbEntity
  8
Fernwärmeleitung
 62
     7
370
    25
100
AcDbPoint
 10
3318739.795857
 20
5810086.403803
 30
46.699
  0
INSERT
  5
4FD
330
4
100
AcDbEntity
  8
Fernwärmeleitung
 62
     7
370
    35
100
AcDbBlockReference
  2
S120
 10
3318745.2474
 20
5810085.906607
 30
46.498
 41
0.34999999404
 42
0.34999999404
 43
0.34999999404
 50
356.759431475883
  0
INSERT
  5
4FE
330
4
100
AcDbEntity
  8
Fernwärmeleitung
 62
     7
370
    35
100
AcDbBlockReference
  2
S120
 10
3318746.297317
 20
5810086.761479
 30
46.529
 41
0.34999999404
 42
0.34999999404
 43
0.34999999404
 50
84.29716337773301
  0
INSERT
  5
4FF
330
4
100
AcDbEntity
  8
Fernwärmeleitung
 62
     7
370
    35
100
AcDbBlockReference
  2
S120
 10
3318747.05415
 20
5810085.942663
 30
46.548
 41
0.34999999404
 42
0.34999999404
 43
0.34999999404
 50
86.63937184791301
  0
INSERT
  5
500
330
4
100
AcDbEntity
  8
Fernwärmeleitung
 62
     7
370
    35
100
AcDbBlockReference
  2
S120
 10
3318746.043764
 20
5810084.991236
 30
46.55
 41
0.34999999404
 42
0.34999999404
 43
0.34999999404
 50
356.857125379129
  0
INSERT
  5
501
330
4
100
AcDbEntity
  8
Fernwärmeleitung
 62
     7
370
    35
100
AcDbBlockReference
  2
S120
 10
3318746.503497
 20
5810088.826109
 30
46.595
 41
0.34999999404
 42
0.34999999404
 43
0.34999999404
 50
84.29716337773301
  0
INSERT
  5
502
330
4
100
AcDbEntity
  8
Fernwärmeleitung
 62
     7
370
    35
100
AcDbBlockReference
  2
S120
 10
3318747.604069
 20
5810089.712616
 30
46.677
 41
0.34999999404
 42
0.34999999404
 43
0.34999999404
 50
355.263498598349
  0
INSERT
  5
503
330
4
100
AcDbEntity
  8
Fernwärmeleitung
 62
     7
370
    35
100
AcDbBlockReference
  2
S120
 10
3318748.190625
 20
5810088.933112
 30
46.732
 41
0.34999999404
 42
0.34999999404
 43
0.34999999404
 50
356.145363105109
  0
INSERT
  5
504
330
4
100
AcDbEntity
  8
Fernwärmeleitung
 62
     7
370
    35
100
AcDbBlockReference
  2
S120
 10
3318747.170724
 20
5810087.927878
 30
46.638
 41
0.34999999404
 42
0.34999999404
 43
0.34999999404
 50
86.63937184791301
  0
INSERT
  5
505
330
4
100
AcDbEntity
  8
Fernwärmeleitung
 62
     7
370
    35
100
AcDbBlockReference
  2
S120
 10
3318754.315189
 20
5810089.156557
 30
46.902
 41
0.34999999404
 42
0.34999999404
 43
0.34999999404
 50
355.263498598349
  0
INSERT
  5
506
330
4
100
AcDbEntity
  8
Fernwärmeleitung
 62
     7
370
    35
100
AcDbBlockReference
  2
S120
 10
3318754.080732
 20
5810088.53625
 30
46.879
 41
0.34999999404
 42
0.34999999404
 43
0.34999999404
 50
356.145363105109
  0
INSERT
  5
507
330
4
100
AcDbEntity
  8
Lageplan sonstiges
 62
     7
370
    35
100
AcDbBlockReference
  2
S125
 10
3318718.722274
 20
5810083.733532
 30
48.129
 41
0.5
 42
0.5
 43
0.5
 50
357.857307338705
  0
INSERT
  5
508
330
4
100
AcDbEntity
  8
Lageplan sonstiges
 62
     7
370
    35
100
AcDbBlockReference
  2
S125
 10
3318742.698256
 20
5810082.891036
 30
48.202
 41
0.5
 42
0.5
 43
0.5
 50
357.857307338705
  0
INSERT
  5
509
330
4
100
AcDbEntity
  8
Fernwärmeleitung
 62
     7
370
    25
100
AcDbBlockReference
  2
S5
 10
3318994.263042
 20
5810056.24565
 30
0.0
 41
0.2
 42
0.2
 43
0.2
  0
INSERT
  5
53C
330
4
100
AcDbEntity
  8
Fernwärmeleitung
 62
     7
370
    35
100
AcDbBlockReference
  2
S183
 10
3318916.629993
 20
5810129.064114
 30
0.0
 41
20.0
 42
20.0
 43
20.0
  0
TEXT
  5
53D
330
4
100
AcDbEntity
  8
sonstige Leitungen TW_SW_RW_El
 62
     7
370
    18
100
AcDbText
 10
3318854.746381
 20
5810061.279568
 30
0.0
 40
0.45
  1
Oberflurhydrant
 50
357.857307342939
  7
1.8mm gerade
100
AcDbText
  0
TEXT
  5
540
330
4
100
AcDbEntity
  8
sonstige Leitungen TW_SW_RW_El
 62
     7
370
    25
100
AcDbText
 10
3318835.20946
 20
5810100.537268
 30
0.0
 40
0.6
  1
KG 200 - 71,2m - 80/00
 50
357.857307343936
  7
2.5mm gerade
100
AcDbText
  0
LINE
  5
542
330
4
100
AcDbEntity
  8
sonstige Leitungen TW_SW_RW_El
  6
Continuous
 62
     7
370
    25
100
AcDbLine
 10
3318834.960655
 20
5810100.306409
 30
0.0
 11
3318835.001034
 21
5810101.385654
 31
0.0
  0
LINE
  5
543
330
4
100
AcDbEntity
  8
sonstige Leitungen TW_SW_RW_El
  6
Continuous
 62
     7
370
    25
100
AcDbLine
 10
3318835.001034
 20
5810101.385654
 30
0.0
 11
3318843.634993
 21
5810101.062619
 31
0.0
  0
LINE
  5
544
330
4
100
AcDbEntity
  8
sonstige Leitungen TW_SW_RW_El
  6
Continuous
 62
     7
370
    25
100
AcDbLine
 10
3318843.634993
 20
5810101.062619
 30
0.0
 11
3318843.594614
 21
5810099.983374
 31
0.0
  0
LINE
  5
545
330
4
100
AcDbEntity
  8
sonstige Leitungen TW_SW_RW_El
  6
Continuous
 62
     7
370
    25
100
AcDbLine
 10
3318843.594614
 20
5810099.983374
 30
0.0
 11
3318834.960655
 21
5810100.306409
 31
0.0
  0
TEXT
  5
547
330
4
100
AcDbEntity
  8
sonstige Leitungen TW_SW_RW_El
 62
     7
370
    35
100
AcDbText
 10
3318759.008674
 20
5810059.56628
 30
0.0
 40
0.9
  1
Schmutzwasser
 50
357.857307343936
  7
3.5mm gerade
100
AcDbText
  0
TEXT
  5
54A
330
4
100
AcDbEntity
  8
sonstige Leitungen TW_SW_RW_El
 62
     7
370
    35
100
AcDbText
 10
3318759.144343
 20
5810061.504782
 30
0.0
 40
0.9
  1
Regenwasser
 50
357.857307342939
  7
3.5mm gerade
100
AcDbText
  0
TEXT
  5
54C
330
4
100
AcDbEntity
  8
sonstige Leitungen TW_SW_RW_El
 62
     7
370
    35
100
AcDbText
 10
3318778.979766
 20
5810063.630039
 30
0.0
 40
0.8
  1
Erdgas
 50
357.857307342939
  7
3.5mm gerade
100
AcDbText
  0
TEXT
  5
54E
330
4
100
AcDbEntity
  8
Fernwärmeleitung
 62
    22
420
 13575424
370
    35
100
AcDbText
 10
3318741.94685
 20
5810149.511681
 30
0.0
 40
2.0
  1
Demonstrationsprojekt
 50
357.857307342939
 51
15.000035076525
  7
3.5 mm rechts rot
100
AcDbText
  0
TEXT
  5
551
330
4
100
AcDbEntity
  8
Kataster AMT+Grunddiestbarkeit
 62
     7
370
    70
100
AcDbText
 10
3318738.319022
 20
5810069.349308
 30
0.0
 40
1.7
  1
Grenze
 50
357.8407949656259
  7
5 mm gerade
100
AcDbText
  0
TEXT
  5
554
330
4
100
AcDbEntity
  8
sonstige Leitungen TW_SW_RW_El
 62
     7
370
    35
100
AcDbText
 10
3318834.513689
 20
5810102.018981
 30
0.0
 40
1.0
  1
Schmutzwasser
 50
357.857307342939
  7
3.5mm gerade
100
AcDbText
  0
TEXT
  5
556
330
4
100
AcDbEntity
  8
Lageplan sonstiges
 62
     7
370
    25
100
AcDbText
 10
3318926.879526
 20
5810056.352481
 30
0.0
 40
0.5
  1
BEV300
 50
357.481483373054
  7
2.5mm gerade
100
AcDbText
  0
TEXT
  5
558
330
4
100
AcDbEntity
  8
Beschriftumg +Trassierung
 62
     7
370
    25
100
AcDbText
 10
3318773.670726
 20
5810085.541033
 30
0.0
 40
0.48
  1
%%U 184.4 %%U
 50
87.066633550777
 51
15.000035076525
  7
2.6 mm rechts
100
AcDbText
  0
LINE
  5
55A
330
4
100
AcDbEntity
  8
Beschriftumg +Trassierung
  6
Continuous
 62
     7
370
    25
100
AcDbLine
 10
3318773.852649
 20
5810085.339459
 30
0.0
 11
3318770.685976
 21
5810082.112787
 31
0.0
  0
TEXT
  5
55C
330
4
100
AcDbEntity
  8
Kataster AMT+Grunddiestbarkeit
 62
     7
370
    70
100
AcDbText
 10
3318825.475385
 20
5810050.525345
 30
0.0
 40
2.5
  1
175
 50
357.857307342939
  7
5 mm gerade
100
AcDbText
  0
TEXT
  5
55E
330
4
100
AcDbEntity
  8
Rohroberkante
 62
   212
420
 13238474
370
    25
100
AcDbText
 10
3318746.879922
 20
5810089.969288
 30
0.0
 40
0.4
  1
ROK:46.62
 50
356.0913472404421
 51
15.000035076525
  7
2.0 mm rechts lila
100
AcDbText
  0
TEXT
  5
562
330
4
100
AcDbEntity
  8
sonstige Leitungen TW_SW_RW_El
 62
     7
370
    35
100
AcDbText
 10
3318789.686894
 20
5810103.250945
 30
0.0
 40
0.77
  1
Regenwasserschacht
 50
357.857307342939
  7
3.5mm gerade
100
AcDbText
  0
LINE
  5
563
330
4
100
AcDbEntity
  8
sonstige Leitungen TW_SW_RW_El
  6
Continuous
 62
     7
370
    35
100
AcDbLine
 10
3318794.233282
 20
5810102.926736
 30
0.0
 11
3318793.164236
 21
5810101.911532
 31
0.0
  0
MTEXT
  5
565
330
4
100
AcDbEntity
  8
Häuser
 62
     7
370
    25
100
AcDbMText
 10
3318860.798965
 20
5810086.713584
 30
0.0
 40
0.7
 41
0.0
 71
     7
 72
     1
  1
Wohn- und Geschäftshaus\P    Nr. 10
  7
2.5mm gerade
 11
0.9993008245502714
 21
-0.0373879934356971
 31
0.0
 73
     1
 44
0.69
  0
TEXT
  5
567
330
4
100
AcDbEntity
  8
Beschriftumg +Trassierung
 62
     7
370
    25
100
AcDbText
 10
3318881.147835
 20
5810063.917776
 30
0.0
 40
0.48
  1
1.0
 50
86.805264588254
 51
15.000035076525
  7
2.6 mm rechts
 72
     1
 11
3318881.170022
 21
5810064.315274
 31
0.0
100
AcDbText
  0
TEXT
  5
569
330
4
100
AcDbEntity
  8
sonstige Leitungen TW_SW_RW_El
 62
     7
370
    35
100
AcDbText
 10
3318863.638474
 20
5810060.625479
 30
0.0
 40
1.0
  1
Elektroleitung
 50
356.781536694228
  7
3.5mm gerade
100
AcDbText
  0
TEXT
  5
56B
330
4
100
AcDbEntity
  8
Beschriftumg +Trassierung
 62
     7
370
    25
100
AcDbText
 10
3318931.407491
 20
5810050.793094
 30
0.0
 40
0.48
  1
%%U 3.9 %%U
 50
87.230468641943
 51
15.000035076525
  7
2.6 mm rechts
100
AcDbText
  0
LINE
  5
56C
330
4
100
AcDbEntity
  8
Beschriftumg +Trassierung
  6
Continuous
 62
     7
370
    25
100
AcDbLine
 10
3318931.681806
 20
5810052.490055
 30
0.0
 11
3318938.697786
 21
5810061.199223
 31
0.0
  0
MTEXT
  5
56E
330
4
100
AcDbEntity
  8
Fernwärmeleitung
 62
     7
370
    25
100
AcDbMText
 10
3318816.437689
 20
5810130.305431
 30
0.0
 40
0.5
 41
0.0
 71
     7
 72
     1
  1
bei allen FW-Leitungen\Pmittig - Steuerleitung -
  7
2.5mm gerade
 11
0.9993008245502714
 21
-0.0373879934356971
 31
0.0
 73
     1
 44
0.69
  0
LINE
  5
56F
330
4
100
AcDbEntity
  8
Fernwärmeleitung
  6
Continuous
 62
     7
370
    25
100
AcDbLine
 10
3318816.230352
 20
5810130.113049
 30
0.0
 11
3318816.290173
 21
5810131.71193
 31
0.0
  0
LINE
  5
570
330
4
100
AcDbEntity
  8
Fernwärmeleitung
  6
Continuous
 62
     7
370
    25
100
AcDbLine
 10
3318816.290173
 20
5810131.71193
 30
0.0
 11
3318824.734265
 21
5810131.395999
 31
0.0
  0
LINE
  5
571
330
4
100
AcDbEntity
  8
Fernwärmeleitung
  6
Continuous
 62
     7
370
    25
100
AcDbLine
 10
3318824.734265
 20
5810131.395999
 30
0.0
 11
3318824.674444
 21
5810129.797117
 31
0.0
  0
LINE
  5
572
330
4
100
AcDbEntity
  8
Fernwärmeleitung
  6
Continuous
 62
     7
370
    25
100
AcDbLine
 10
3318824.674444
 20
5810129.797117
 30
0.0
 11
3318816.230352
 21
5810130.113049
 31
0.0
  0
LINE
  5
573
330
4
100
AcDbEntity
  8
Fernwärmeleitung
  6
Continuous
 62
     7
370
    25
100
AcDbLine
 10
3318816.230352
 20
5810130.113049
 30
0.0
 11
3318809.035288
 21
5810127.98545
 31
0.0
  0
TEXT
  5
575
330
4
100
AcDbEntity
  8
sonstige Leitungen TW_SW_RW_El
 62
     7
370
    35
100
AcDbText
 10
3318773.030572
 20
5810062.431265
 30
0.0
 40
1.0
  1
Trinkwasser
 50
357.857307342939
  7
3.5mm gerade
100
AcDbText
  0
TEXT
  5
577
330
4
100
AcDbEntity
  8
Beschriftumg +Trassierung
 62
     7
370
    25
100
AcDbText
 10
3318903.741005
 20
5810058.450067
 30
0.0
 40
0.66
  1
Gel%%228ndeh%%246he
 50
357.840795018899
  7
2.5mm gerade
100
AcDbText
  0
MTEXT
  5
579
330
4
100
AcDbEntity
  8
Rohroberkante
 62
     7
370
    25
100
AcDbMText
 10
3318738.654407
 20
5810127.473694
 30
0.0
 40
0.9
 41
0.0
 71
     7
 72
     1
  1
ROK       - Rohroberkante\PPA (45%%d,o) - Parallelabzweig 45%%d nach oben\PTA (u)    -  T - Abzweig nach unten\P          - Geländehöhe (m.ü.DHHN)
  7
Flurst}cksnummer
 11
0.9993008245502714
 21
-0.0373879934356971
 31
0.0
 73
     1
 44
0.69
  0
TEXT
  5
57C
330
4
100
AcDbEntity
  8
Lageplan sonstiges
 62
     7
370
    18
100
AcDbText
 10
3318902.298267
 20
5810064.087195
 30
0.0
 40
0.36
  1
48.22
 50
356.638914810968
  7
1.8mm gerade
 11
3318902.319373
 21
5810064.446576
 31
0.0
100
AcDbText
 73
     3
  0
MTEXT
  5
57E
330
4
100
AcDbEntity
  8
Beschriftumg +Trassierung
 62
     7
370
    25
100
AcDbMText
 10
3318715.856728
 20
5810091.086196
 30
0.0
 40
0.55
 41
0.0
 71
     7
 72
     1
  1
Stationierung \Pab Hosenstück
  7
2.6 mm rechts
 11
0.03777900448366919
 21
0.9992861185967825
 31
0.0
 73
     1
 44
0.69
  0
TEXT
  5
580
330
4
100
AcDbEntity
  8
Rohroberkante
 62
     7
370
    18
100
AcDbText
 10
3318741.908918
 20
5810127.558791
 30
0.0
 40
0.5
  1
48.55
 50
357.106044158755
  7
1.8mm gerade
 72
     2
 11
3318743.407005
 21
5810127.48306
 31
0.0
100
AcDbText
  0
TEXT
  5
582
330
4
100
AcDbEntity
  8
Fernwärmeleitung
 62
     7
370
    35
100
AcDbText
 10
3318756.379164
 20
5810091.566419
 30
0.0
 40
0.8
  1
KMR DN200/400
 50
355.739420758877
  7
3.5mm gerade
100
AcDbText
  0
LINE
  5
583
330
4
100
AcDbEntity
  8
Fernwärmeleitung
  6
Continuous
 62
     7
370
    35
100
AcDbLine
 10
3318756.036275
 20
5810091.271077
 30
0.0
 11
3318756.143256
 21
5810092.707097
 31
0.0
  0
LINE
  5
584
330
4
100
AcDbEntity
  8
Fernwärmeleitung
  6
Continuous
 62
     7
370
    35
100
AcDbLine
 10
3318756.143256
 20
5810092.707097
 30
0.0
 11
3318764.839158
 21
5810092.059266
 31
0.0
  0
LINE
  5
585
330
4
100
AcDbEntity
  8
Fernwärmeleitung
  6
Continuous
 62
     7
370
    35
100
AcDbLine
 10
3318764.839158
 20
5810092.059266
 30
0.0
 11
3318764.732177
 21
5810090.623245
 31
0.0
  0
LINE
  5
586
330
4
100
AcDbEntity
  8
Fernwärmeleitung
  6
Continuous
 62
     7
370
    35
100
AcDbLine
 10
3318764.732177
 20
5810090.623245
 30
0.0
 11
3318756.036275
 21
5810091.271077
 31
0.0
  0
TEXT
  5
588
330
4
100
AcDbEntity
  8
Fernwärmeleitung
 62
     7
370
    35
100
AcDbText
 10
3318708.082473
 20
5810088.553709
 30
0.0
 40
0.7
  1
Vorlauf (V)
 50
357.857307342939
  7
3.5mm gerade
100
AcDbText
  0
TEXT
  5
58A
330
4
100
AcDbEntity
  8
Kataster AMT+Grunddiestbarkeit
 62
     7
370
    70
100
AcDbText
 10
3318837.317904
 20
5810139.261144
 30
0.0
 40
2.5
  1
178
 50
357.857307342939
  7
5 mm gerade
100
AcDbText
  0
TEXT
  5
58C
330
4
100
AcDbEntity
  8
Lageplan sonstiges
 62
     7
370
    18
100
AcDbText
 10
3318753.758045
 20
5810074.917504
 30
0.0
 40
0.36
  1
47.82
 50
357.106044158755
  7
1.8mm gerade
 72
     1
 11
3318754.351486
 21
5810075.247964
 31
0.0
100
AcDbText
 73
     3
  0
TEXT
  5
58E
330
4
100
AcDbEntity
  8
Lageplan sonstiges
 62
     7
370
    18
100
AcDbText
 10
3318785.836092
 20
5810072.596794
 30
0.0
 40
0.36
  1
47.85
 50
357.106044158755
  7
1.8mm gerade
 11
3318785.854267
 21
5810072.956335
 31
0.0
100
AcDbText
 73
     3
  0
TEXT
  5
590
330
4
100
AcDbEntity
  8
Lageplan sonstiges
 62
     7
370
    18
100
AcDbText
 10
3318784.837479
 20
5810118.100988
 30
0.0
 40
0.36
  1
48.55
 50
357.106044158755
  7
1.8mm gerade
 72
     2
 11
3318785.934277
 21
5810118.406002
 31
0.0
100
AcDbText
 73
     3
  0
TEXT
  5
592
330
4
100
AcDbEntity
  8
Lageplan sonstiges
 62
     7
370
    18
100
AcDbText
 10
3318786.290402
 20
5810136.934995
 30
0.0
 40
0.36
  1
48.77
 50
357.106044158755
  7
1.8mm gerade
 72
     2
 11
3318787.459108
 21
5810137.236374
 31
0.0
100
AcDbText
 73
     3
  0
TEXT
  5
594
330
4
100
AcDbEntity
  8
Lageplan sonstiges
 62
     7
370
    18
100
AcDbText
 10
3318789.175698
 20
5810157.018774
 30
0.0
 40
0.36
  1
49.05
 50
357.10604415741
  7
1.8mm gerade
 72
     2
 11
3318790.272496
 21
5810157.323788
 31
0.0
100
AcDbText
 73
     3
  0
TEXT
  5
596
330
4
100
AcDbEntity
  8
Fernwärmeleitung
 62
     7
370
    35
100
AcDbText
 10
3318707.564781
 20
5810083.898318
 30
0.0
 40
0.7
  1
R%%252cklauf (R)
 50
357.857307343936
  7
3.5mm gerade
100
AcDbText
  0
MTEXT
  5
598
330
4
100
AcDbEntity
  8
Fernwärmeleitung
 62
     7
370
    25
100
AcDbMText
 10
3318991.742454
 20
5810051.136311
 30
0.0
 40
0.7
 41
0.0
 71
     7
 72
     1
  1
von\PHeizzentrale
  7
2.5mm gerade
 11
0.9993008245502714
 21
-0.0373879934356971
 31
0.0
 73
     1
 44
0.69
  0
LINE
  5
599
330
4
100
AcDbEntity
  8
Fernwärmeleitung
  6
Continuous
 62
     7
370
    25
100
AcDbLine
 10
3318995.35613
 20
5810052.822381
 30
0.0
 11
3318997.270299
 21
5810055.514186
 31
0.0
  0
TEXT
  5
59B
330
4
100
AcDbEntity
  8
Kataster AMT+Grunddiestbarkeit
 62
     7
370
    70
100
AcDbText
 10
3318893.187362
 20
5810071.50783
 30
0.0
 40
1.0
  1
4,0m Grunddienstbarkeit/Baulast
 50
357.857307343936
  7
5 mm gerade
100
AcDbText
  0
LINE
  5
59C
330
4
100
AcDbEntity
  8
Kataster AMT+Grunddiestbarkeit
  6
Continuous
 62
     7
370
    70
100
AcDbLine
 10
3318904.229756
 20
5810070.894544
 30
0.0
 11
3318906.855324
 21
5810062.843113
 31
0.0
  0
TEXT
  5
59E
330
4
100
AcDbEntity
  8
Lageplan sonstiges
 62
     7
370
    18
100
AcDbText
 10
3318762.263254
 20
5810095.166044
 30
0.0
 40
0.36
  1
48.24
 50
357.106044158755
  7
1.8mm gerade
 11
3318762.272342
 21
5810095.345815
 31
0.0
100
AcDbText
 73
     2
  0
TEXT
  5
5A0
330
4
100
AcDbEntity
  8
Lageplan sonstiges
 62
     7
370
    18
100
AcDbText
 10
3318774.408337
 20
5810078.398561
 30
0.0
 40
0.36
  1
48.04
 50
357.106044158755
  7
1.8mm gerade
 11
3318774.426512
 21
5810078.758102
 31
0.0
100
AcDbText
 73
     3
  0
TEXT
  5
5A2
330
4
100
AcDbEntity
  8
Lageplan sonstiges
 62
     7
370
    18
100
AcDbText
 10
3318776.71009
 20
5810085.296189
 30
0.0
 40
0.36
  1
48.10
 50
356.408764940319
  7
1.8mm gerade
 11
3318776.721364
 21
5810085.475835
 31
0.0
100
AcDbText
 73
     2
  0
TEXT
  5
5A4
330
4
100
AcDbEntity
  8
Lageplan sonstiges
 62
     7
370
    18
100
AcDbText
 10
3318795.891735
 20
5810061.469045
 30
0.0
 40
0.36
  1
47.86
 50
357.106044158755
  7
1.8mm gerade
 72
     2
 11
3318797.024487
 21
5810061.772242
 31
0.0
100
AcDbText
 73
     3
  0
TEXT
  5
5A6
330
4
100
AcDbEntity
  8
Lageplan sonstiges
 62
     7
370
    18
100
AcDbText
 10
3318769.716385
 20
5810064.961458
 30
0.0
 40
0.36
  1
47.84
 50
357.106044158755
  7
1.8mm gerade
 72
     2
 11
3318770.885092
 21
5810065.262837
 31
0.0
100
AcDbText
 73
     3
  0
TEXT
  5
5A8
330
4
100
AcDbEntity
  8
Rohroberkante
 62
     7
370
    70
100
AcDbText
 10
3318772.092939
 20
5810121.102051
 30
0.0
 40
2.5
  1
176
 50
357.857307343936
  7
5 mm gerade
100
AcDbText
  0
TEXT
  5
5AA
330
4
100
AcDbEntity
  8
Lageplan sonstiges
 62
     7
370
    18
100
AcDbText
 10
3318963.195518
 20
5810057.80654
 30
0.0
 40
0.36
  1
47.85
 50
357.03384194865
  7
1.8mm gerade
100
AcDbText
  0
TEXT
  5
5AC
330
4
100
AcDbEntity
  8
Lageplan sonstiges
 62
     7
370
    18
100
AcDbText
 10
3318963.01903
 20
5810060.036115
 30
0.0
 40
0.36
  1
48.17
 50
357.033841895411
  7
1.8mm gerade
100
AcDbText
  0
TEXT
  5
5AE
330
4
100
AcDbEntity
  8
Kataster AMT+Grunddiestbarkeit
 62
     7
370
    70
100
AcDbText
 10
3318805.788091
 20
5810071.449058
 30
0.0
 40
2.5
  1
177
 50
357.857307342939
  7
5 mm gerade
100
AcDbText
  0
TEXT
  5
5B0
330
4
100
AcDbEntity
  8
Lageplan sonstiges
 62
     7
370
    18
100
AcDbText
 10
3318944.457709
 20
5810059.979846
 30
0.0
 40
0.36
  1
48.31
 50
359.5404688118711
  7
1.8mm gerade
100
AcDbText
  0
TEXT
  5
5B2
330
4
100
AcDbEntity
  8
Lageplan sonstiges
 62
     7
370
    18
100
AcDbText
 10
3318942.258907
 20
5810057.784787
 30
0.0
 40
0.36
  1
48.06
 50
357.03384194865
  7
1.8mm gerade
 72
     1
 11
3318942.816812
 21
5810058.116361
 31
0.0
100
AcDbText
 73
     3
  0
TEXT
  5
5B4
330
4
100
AcDbEntity
  8
Beschriftumg +Trassierung
 62
     7
370
    25
100
AcDbText
 10
3318745.473168
 20
5810093.466893
 30
0.0
 40
0.48
  1
%%U 214.2 %%U
 50
88.552554331141
 51
15.000035076525
  7
2.6 mm rechts
100
AcDbText
  0
LINE
  5
5B5
330
4
100
AcDbEntity
  8
Beschriftumg +Trassierung
  6
Continuous
 62
     7
370
    25
100
AcDbLine
 10
3318745.660257
 20
5810093.270105
 30
0.0
 11
3318746.653484
 21
5810089.661822
 31
0.0
  0
TEXT
  5
5B7
330
4
100
AcDbEntity
  8
Beschriftumg +Trassierung
 62
     7
370
    25
100
AcDbText
 10
3318743.525931
 20
5810089.303192
 30
0.0
 40
0.48
  1
%%U 218.0 %%U
 50
86.746578203091
 51
15.000035076525
  7
2.6 mm rechts
100
AcDbText
  0
LINE
  5
5B8
330
4
100
AcDbEntity
  8
Beschriftumg +Trassierung
  6
Continuous
 62
     7
370
    25
100
AcDbLine
 10
3318743.706725
 20
5810089.100605
 30
0.0
 11
3318746.106648
 21
5810085.981486
 31
0.0
  0
TEXT
  5
5BA
330
4
100
AcDbEntity
  8
Beschriftumg +Trassierung
 62
     7
370
    25
100
AcDbText
 10
3318737.928258
 20
5810090.466105
 30
0.0
 40
0.48
  1
%%U 225.5 %%U
 50
89.048471420275
 51
15.000035076525
  7
2.6 mm rechts
100
AcDbText
  0
LINE
  5
5BB
330
4
100
AcDbEntity
  8
Beschriftumg +Trassierung
  6
Continuous
 62
     7
370
    25
100
AcDbLine
 10
3318738.117043
 20
5810090.270943
 30
0.0
 11
3318738.588932
 21
5810086.240581
 31
0.0
  0
TEXT
  5
5BD
330
4
100
AcDbEntity
  8
Beschriftumg +Trassierung
 62
     7
370
    25
100
AcDbText
 10
3318713.90463
 20
5810091.146273
 30
0.0
 40
0.48
  1
%%U 250.1 %%U
 50
88.30136065737402
 51
15.000035076525
  7
2.6 mm rechts
100
AcDbText
  0
LINE
  5
5BE
330
4
100
AcDbEntity
  8
Beschriftumg +Trassierung
  6
Continuous
 62
     7
370
    25
100
AcDbLine
 10
3318714.090854
 20
5810090.948666
 30
0.0
 11
3318713.987882
 21
5810086.92997
 31
0.0
  0
TEXT
  5
5C0
330
4
100
AcDbEntity
  8
Lageplan sonstiges
 62
     7
370
    18
100
AcDbText
 10
3318924.827617
 20
5810056.644792
 30
0.0
 40
0.36
  1
48.31
 50
357.033841947271
  7
1.8mm gerade
 72
     2
 11
3318925.870218
 21
5810056.590769
 31
0.0
100
AcDbText
  0
MTEXT
  5
5C2
330
4
100
AcDbEntity
  8
Häuser
 62
     7
370
    25
100
AcDbMText
 10
3318870.816536
 20
5810139.564253
 30
0.0
 40
0.7
 41
0.0
 71
     7
 72
     1
  1
Mehrfamilienhaus\P    Nr. 13
  7
2.5mm gerade
 11
0.9993008245502714
 21
-0.0373879934356971
 31
0.0
 73
     1
 44
0.69
  0
TEXT
  5
5C4
330
4
100
AcDbEntity
  8
Kataster AMT+Grunddiestbarkeit
 62
     7
370
    70
100
AcDbText
 10
3318906.62175
 20
5810115.038639
 30
0.0
 40
2.5
  1
176
 50
357.857307342939
  7
5 mm gerade
100
AcDbText
  0
TEXT
  5
5C6
330
4
100
AcDbEntity
  8
Fernwärmeleitung
 62
     7
370
    35
100
AcDbText
 10
3318721.584177
 20
5810089.276414
 30
0.0
 40
0.8
  1
KMR DN200/400
 50
358.6237914397299
  7
3.5mm gerade
100
AcDbText
  0
LINE
  5
5C7
330
4
100
AcDbEntity
  8
Fernwärmeleitung
  6
Continuous
 62
     7
370
    35
100
AcDbLine
 10
3318721.256584
 20
5810088.964192
 30
0.0
 11
3318721.291168
 21
5810090.403776
 31
0.0
  0
LINE
  5
5C8
330
4
100
AcDbEntity
  8
Fernwärmeleitung
  6
Continuous
 62
     7
370
    35
100
AcDbLine
 10
3318721.291168
 20
5810090.403776
 30
0.0
 11
3318730.008653
 21
5810090.194348
 31
0.0
  0
LINE
  5
5C9
330
4
100
AcDbEntity
  8
Fernwärmeleitung
  6
Continuous
 62
     7
370
    35
100
AcDbLine
 10
3318730.008653
 20
5810090.194348
 30
0.0
 11
3318729.974069
 21
5810088.754763
 31
0.0
  0
LINE
  5
5CA
330
4
100
AcDbEntity
  8
Fernwärmeleitung
  6
Continuous
 62
     7
370
    35
100
AcDbLine
 10
3318729.974069
 20
5810088.754763
 30
0.0
 11
3318721.256584
 21
5810088.964192
 31
0.0
  0
MTEXT
  5
5CC
330
4
100
AcDbEntity
  8
Beschriftumg +Trassierung
 62
     7
370
    18
100
AcDbMText
 10
3318726.882121
 20
5810112.899935
 30
0.0
 40
1.3
 41
0.0
 71
     7
 72
     1
  1
Bauausführende Firma: Tief- und Rohrleitungsbau\Pgemessen:  2025,      Vermessungsbüro
  7
3.5 mm links
 11
0.9991882697808693
 21
-0.04028401087668441
 31
0.0
 73
     1
 44
0.69
  0
TEXT
  5
5CF
330
4
100
AcDbEntity
  8
Lageplan sonstiges
 62
     7
370
    18
100
AcDbText
 10
3318942.325229
 20
5810055.651032
 30
0.0
 40
0.36
  1
48.06
 50
357.033841947271
  7
1.8mm gerade
100
AcDbText
  0
TEXT
  5
5D1
330
4
100
AcDbEntity
  8
Fernwärmeleitung
 62
     7
370
    70
100
AcDbText
 10
3318735.245731
 20
5810154.043112
 30
0.0
 40
2.0
  1
Leitungsdokumentation: Fernw%%228rme
 50
357.857307342939
  7
5 mm gerade
100
AcDbText
  0
LINE
  5
5D2
330
4
100
AcDbEntity
  8
Fernwärmeleitung
  6
Continuous
 62
     7
370
    70
100
AcDbLine
 10
3318734.41638
 20
5810153.273582
 30
0.0
 11
3318734.550978
 21
5810156.871065
 31
0.0
  0
LINE
  5
5D3
330
4
100
AcDbEntity
  8
Fernwärmeleitung
  6
Continuous
 62
     7
370
    70
100
AcDbLine
 10
3318734.550978
 20
5810156.871065
 30
0.0
 11
3318781.518116
 21
5810155.113814
 31
0.0
  0
LINE
  5
5D4
330
4
100
AcDbEntity
  8
Fernwärmeleitung
  6
Continuous
 62
     7
370
    70
100
AcDbLine
 10
3318781.518116
 20
5810155.113814
 30
0.0
 11
3318781.383518
 21
5810151.516331
 31
0.0
  0
LINE
  5
5D5
330
4
100
AcDbEntity
  8
Fernwärmeleitung
  6
Continuous
 62
     7
370
    70
100
AcDbLine
 10
3318781.383518
 20
5810151.516331
 30
0.0
 11
3318734.41638
 21
5810153.273582
 31
0.0
  0
TEXT
  5
5D7
330
4
100
AcDbEntity
  8
Lageplan sonstiges
 62
     7
370
    18
100
AcDbText
 10
3318942.812491
 20
5810051.876134
 30
0.0
 40
0.36
  1
48.38
 50
357.033841895411
  7
1.8mm gerade
100
AcDbText
  0
MTEXT
  5
5D9
330
4
100
AcDbEntity
  8
Rohroberkante
 62
     7
370
    35
100
AcDbMText
 10
3318877.968013
 20
5810114.032881
 30
0.0
 40
0.6
 41
0.0
 71
     7
 72
     1
  1
Baustelle\PDeckung FW-Leitung: 0,,8m
  7
4 mm gerade
 11
0.9993008245502714
 21
-0.0373879934356971
 31
0.0
 73
     1
 44
0.69
  0
TEXT
  5
5DC
330
4
100
AcDbEntity
  8
Lageplan sonstiges
 62
     7
370
    18
100
AcDbText
 10
3318962.825295
 20
5810054.611714
 30
0.0
 40
0.36
  1
47.82
 50
357.033841895411
  7
1.8mm gerade
100
AcDbText
  0
TEXT
  5
5DE
330
4
100
AcDbEntity
  8
sonstige Leitungen TW_SW_RW_El
 62
     7
370
    18
100
AcDbText
 10
3318805.935021
 20
5810060.194989
 30
0.0
 40
0.8
  1
Hydrant
 50
357.857307342939
  7
1.8mm gerade
100
AcDbText
  0
TEXT
  5
5E0
330
4
100
AcDbEntity
  8
Lageplan sonstiges
 62
     7
370
    18
100
AcDbText
 10
3318962.778478
 20
5810050.321992
 30
0.0
 40
0.36
  1
48.12
 50
357.033841947271
  7
1.8mm gerade
 11
3318962.797107
 21
5810050.68151
 31
0.0
100
AcDbText
 73
     3
  0
TEXT
  5
5E2
330
4
100
AcDbEntity
  8
Lageplan sonstiges
 62
     7
370
    18
100
AcDbText
 10
3318983.50553
 20
5810059.270345
 30
0.0
 40
0.36
  1
47.98
 50
357.033841894032
  7
1.8mm gerade
100
AcDbText
  0
MTEXT
  5
5E4
330
4
100
AcDbEntity
  8
Häuser
 62
     7
370
    25
100
AcDbMText
 10
3318816.662823
 20
5810116.55695
 30
0.0
 40
0.7
 41
0.0
 71
     7
 72
     1
  1
Mehrfamilienhaus\P    Nr. 14
  7
2.5mm gerade
 11
0.9993008245502714
 21
-0.0373879934356971
 31
0.0
 73
     1
 44
0.69
  0
TEXT
  5
5E6
330
4
100
AcDbEntity
  8
Lageplan sonstiges
 62
     7
370
    18
100
AcDbText
 10
3318983.361825
 20
5810054.810018
 30
0.0
 40
0.36
  1
47.59
 50
357.033841947271
  7
1.8mm gerade
 11
3318983.380454
 21
5810055.169535
 31
0.0
100
AcDbText
 73
     3
  0
MTEXT
  5
5E8
330
4
100
AcDbEntity
  8
Häuser
 62
     7
370
    25
100
AcDbMText
 10
3318797.789879
 20
5810142.73099
 30
0.0
 40
0.7
 41
0.0
 71
     7
 72
     1
  1
Mehrfamilienhaus\P    Nr. 15
  7
2.5mm gerade
 11
0.9993008245502714
 21
-0.0373879934356971
 31
0.0
 73
     1
 44
0.69
  0
MTEXT
  5
5EA
330
4
100
AcDbEntity
  8
Häuser
 62
     7
370
    25
100
AcDbMText
 10
3318796.05969
 20
5810090.584046
 30
0.0
 40
0.7
 41
0.0
 71
     7
 72
     1
  1
KITA Wirbelwind\P    Nr. 11
  7
2.5mm gerade
 11
0.9993008245502714
 21
-0.0373879934356971
 31
0.0
 73
     1
 44
0.69
  0
TEXT
  5
5EC
330
4
100
AcDbEntity
  8
Lageplan sonstiges
 62
     7
370
    18
100
AcDbText
 10
3318983.10866
 20
5810049.359264
 30
0.0
 40
0.36
  1
47.83
 50
357.033841895411
  7
1.8mm gerade
 11
3318983.127289
 21
5810049.718782
 31
0.0
100
AcDbText
 73
     3
  0
MTEXT
  5
5EE
330
4
100
AcDbEntity
  8
Häuser
 62
     7
370
    25
100
AcDbMText
 10
3318851.876731
 20
5810115.722349
 30
0.0
 40
0.7
 41
0.0
 71
     7
 72
     1
  1
Mehrfamilienhaus\P    Nr. 12
  7
2.5mm gerade
 11
0.9993008245502714
 21
-0.0373879934356971
 31
0.0
 73
     1
 44
0.69
  0
TEXT
  5
5F0
330
4
100
AcDbEntity
  8
Lageplan sonstiges
 62
     7
370
    18
100
AcDbText
 10
3318940.137101
 20
5810054.538666
 30
0.0
 40
0.36
  1
48.08
 50
356.726858855454
  7
1.8mm gerade
 72
     1
 11
3318940.696774
 21
5810054.867247
 31
0.0
100
AcDbText
 73
     3
  0
LINE
  5
5F1
330
4
100
AcDbEntity
  8
Lageplan sonstiges
  6
Continuous
 62
     7
370
    18
100
AcDbLine
 10
3318940.715294
 20
5810054.938306
 30
0.0
 11
3318940.768839
 21
5810055.40459
 31
0.0
  0
TEXT
  5
5F3
330
4
100
AcDbEntity
  8
Fernwärmeleitung
 62
     7
370
    35
100
AcDbText
 10
3318959.800391
 20
5810063.096778
 30
0.0
 40
1.0
  1
KMDoppelrohr 2xDN200/630
 50
357.10604415741
  7
3.5mm gerade
 72
     2
 11
3318977.428434
 21
5810063.206922
 31
0.0
100
AcDbText
 73
     3
  0
LINE
  5
5F4
330
4
100
AcDbEntity
  8
Fernwärmeleitung
  6
Continuous
 62
     7
370
    35
100
AcDbLine
 10
3318959.380707
 20
5810062.717484
 30
0.0
 11
3318959.471584
 21
5810064.515188
 31
0.0
  0
LINE
  5
5F5
330
4
100
AcDbEntity
  8
Fernwärmeleitung
  6
Continuous
 62
     7
370
    35
100
AcDbLine
 10
3318959.471584
 20
5810064.515188
 30
0.0
 11
3318977.848118
 21
5810063.586216
 31
0.0
  0
LINE
  5
5F6
330
4
100
AcDbEntity
  8
Fernwärmeleitung
  6
Continuous
 62
     7
370
    35
100
AcDbLine
 10
3318977.848118
 20
5810063.586216
 30
0.0
 11
3318977.757241
 21
5810061.788512
 31
0.0
  0
LINE
  5
5F7
330
4
100
AcDbEntity
  8
Fernwärmeleitung
  6
Continuous
 62
     7
370
    35
100
AcDbLine
 10
3318977.757241
 20
5810061.788512
 30
0.0
 11
3318959.380707
 21
5810062.717484
 31
0.0
  0
LINE
  5
5F8
330
4
100
AcDbEntity
  8
Fernwärmeleitung
  6
Continuous
 62
     7
370
    35
100
AcDbLine
 10
3318968.568974
 20
5810062.252998
 30
0.0
 11
3318971.477071
 21
5810056.692412
 31
0.0
  0
TEXT
  5
5FA
330
4
100
AcDbEntity
  8
Beschriftumg +Trassierung
 62
     7
370
    25
100
AcDbText
 10
3318986.53279
 20
5810046.084604
 30
0.0
 40
0.5
  1
TA DN200/DN65
 50
357.106044105513
  7
2.5mm gerade
100
AcDbText
  0
LINE
  5
5FB
330
4
100
AcDbEntity
  8
Beschriftumg +Trassierung
  6
Continuous
 62
     7
370
    25
100
AcDbLine
 10
3318989.211455
 20
5810046.549958
 30
0.0
 11
3318992.333025
 21
5810055.562231
 31
0.0
  0
TEXT
  5
5FD
330
4
100
AcDbEntity
  8
Beschriftumg +Trassierung
 62
     7
370
    25
100
AcDbText
 10
3318981.004558
 20
5810045.214988
 30
0.0
 40
0.5
  1
KMDoppelrohr DN200/560->Einzelrohr 2xDN65/180
 50
357.10604415741
  7
2.5mm gerade
100
AcDbText
  0
LINE
  5
5FE
330
4
100
AcDbEntity
  8
Beschriftumg +Trassierung
  6
Continuous
 62
     7
370
    25
100
AcDbLine
 10
3318980.794715
 20
5810045.02534
 30
0.0
 11
3318980.840154
 21
5810045.924192
 31
0.0
  0
LINE
  5
5FF
330
4
100
AcDbEntity
  8
Beschriftumg +Trassierung
  6
Continuous
 62
     7
370
    25
100
AcDbLine
 10
3318980.840154
 20
5810045.924192
 30
0.0
 11
3318997.269175
 21
5810045.093672
 31
0.0
  0
LINE
  5
600
330
4
100
AcDbEntity
  8
Beschriftumg +Trassierung
  6
Continuous
 62
     7
370
    25
100
AcDbLine
 10
3318997.269175
 20
5810045.093672
 30
0.0
 11
3318997.223736
 21
5810044.194819
 31
0.0
  0
LINE
  5
601
330
4
100
AcDbEntity
  8
Beschriftumg +Trassierung
  6
Continuous
 62
     7
370
    25
100
AcDbLine
 10
3318997.223736
 20
5810044.194819
 30
0.0
 11
3318980.794715
 21
5810045.02534
 31
0.0
  0
TEXT
  5
603
330
4
100
AcDbEntity
  8
Fernwärmeleitung
 62
     7
370
    35
100
AcDbText
 10
3318861.327633
 20
5810066.43959
 30
0.0
 40
0.8
  1
KMR DN200/400
 50
356.395592632611
  7
3.5mm gerade
100
AcDbText
  0
LINE
  5
604
330
4
100
AcDbEntity
  8
Fernwärmeleitung
  6
Continuous
 62
     7
370
    35
100
AcDbLine
 10
3318860.988149
 20
5810066.140341
 30
0.0
 11
3318861.078678
 21
5810067.577492
 31
0.0
  0
LINE
  5
605
330
4
100
AcDbEntity
  8
Fernwärmeleitung
  6
Continuous
 62
     7
370
    35
100
AcDbLine
 10
3318861.078678
 20
5810067.577492
 30
0.0
 11
3318869.781429
 21
5810067.02929
 31
0.0
  0
LINE
  5
606
330
4
100
AcDbEntity
  8
Fernwärmeleitung
  6
Continuous
 62
     7
370
    35
100
AcDbLine
 10
3318869.781429
 20
5810067.02929
 30
0.0
 11
3318869.6909
 21
5810065.592138
 31
0.0
  0
LINE
  5
607
330
4
100
AcDbEntity
  8
Fernwärmeleitung
  6
Continuous
 62
     7
370
    35
100
AcDbLine
 10
3318869.6909
 20
5810065.592138
 30
0.0
 11
3318860.988149
 21
5810066.140341
 31
0.0
  0
TEXT
  5
609
330
4
100
AcDbEntity
  8
Fernwärmeleitung
 62
     7
370
    35
100
AcDbText
 10
3318993.050924
 20
5810063.253225
 30
0.0
 40
0.8
  1
KMR DN65/180
 50
88.52943957489698
  7
3.5mm gerade
100
AcDbText
  0
LINE
  5
60A
330
4
100
AcDbEntity
  8
Fernwärmeleitung
  6
Continuous
 62
     7
370
    35
100
AcDbLine
 10
3318993.362606
 20
5810062.925118
 30
0.0
 11
3318991.92308
 21
5810062.962073
 31
0.0
  0
LINE
  5
60B
330
4
100
AcDbEntity
  8
Fernwärmeleitung
  6
Continuous
 62
     7
370
    35
100
AcDbLine
 10
3318991.92308
 20
5810062.962073
 30
0.0
 11
3318992.126334
 21
5810070.879465
 31
0.0
  0
LINE
  5
60C
330
4
100
AcDbEntity
  8
Fernwärmeleitung
  6
Continuous
 62
     7
370
    35
100
AcDbLine
 10
3318992.126334
 20
5810070.879465
 30
0.0
 11
3318993.565859
 21
5810070.84251
 31
0.0
  0
LINE
  5
60D
330
4
100
AcDbEntity
  8
Fernwärmeleitung
  6
Continuous
 62
     7
370
    35
100
AcDbLine
 10
3318993.565859
 20
5810070.84251
 30
0.0
 11
3318993.362606
 21
5810062.925118
 31
0.0
  0
TEXT
  5
60F
330
4
100
AcDbEntity
  8
Fernwärmeleitung
 62
     7
370
    35
100
AcDbText
 10
3318990.119056
 20
5810056.922361
 30
0.0
 40
0.7
  1
KH
 50
357.10604415741
  7
3.5mm gerade
100
AcDbText
  0
CIRCLE
  5
610
330
4
100
AcDbEntity
  8
Fernwärmeleitung
  6
Continuous
 62
     7
370
    35
100
AcDbCircle
 10
3318990.696013
 20
5810057.243642
 30
0.0
 40
0.757166
  0
MTEXT
  5
612
330
4
100
AcDbEntity
  8
Beschriftumg +Trassierung
 62
     7
370
    25
100
AcDbMText
 10
3318937.890444
 20
5810047.092795
 30
0.0
 40
0.5
 41
0.0
 71
     7
 72
     1
  1
KMDoppelrohr DN200/630->Einzelrohr 2xDN200/400\P(RL oben, VL unten)
  7
2.5mm gerade
 11
0.9987246685388178
 21
-0.05048798324382371
 31
0.0
 73
     1
 44
0.69
  0
LINE
  5
613
330
4
100
AcDbEntity
  8
Beschriftumg +Trassierung
  6
Continuous
 62
     7
370
    25
100
AcDbLine
 10
3318937.680601
 20
5810046.903147
 30
0.0
 11
3318937.761382
 21
5810048.501107
 31
0.0
  0
LINE
  5
614
330
4
100
AcDbEntity
  8
Beschriftumg +Trassierung
  6
Continuous
 62
     7
370
    25
100
AcDbLine
 10
3318937.761382
 20
5810048.501107
 30
0.0
 11
3318954.689765
 21
5810047.645342
 31
0.0
  0
LINE
  5
615
330
4
100
AcDbEntity
  8
Beschriftumg +Trassierung
  6
Continuous
 62
     7
370
    25
100
AcDbLine
 10
3318954.689765
 20
5810047.645342
 30
0.0
 11
3318954.608985
 21
5810046.047383
 31
0.0
  0
LINE
  5
616
330
4
100
AcDbEntity
  8
Beschriftumg +Trassierung
  6
Continuous
 62
     7
370
    25
100
AcDbLine
 10
3318954.608985
 20
5810046.047383
 30
0.0
 11
3318937.680601
 21
5810046.903147
 31
0.0
  0
TEXT
  5
618
330
4
100
AcDbEntity
  8
Fernwärmeleitung
 62
     7
370
    35
100
AcDbText
 10
3318894.984974
 20
5810066.242452
 30
0.0
 40
0.8
  1
KMR DN200/400
 50
357.5506736983841
  7
3.5mm gerade
100
AcDbText
  0
LINE
  5
619
330
4
100
AcDbEntity
  8
Fernwärmeleitung
  6
Continuous
 62
     7
370
    35
100
AcDbLine
 10
3318894.651591
 20
5810065.936419
 30
0.0
 11
3318894.71313
 21
5810067.375104
 31
0.0
  0
LINE
  5
61A
330
4
100
AcDbEntity
  8
Fernwärmeleitung
  6
Continuous
 62
     7
370
    35
100
AcDbLine
 10
3318894.71313
 20
5810067.375104
 30
0.0
 11
3318903.425164
 21
5810067.002448
 31
0.0
  0
LINE
  5
61B
330
4
100
AcDbEntity
  8
Fernwärmeleitung
  6
Continuous
 62
     7
370
    35
100
AcDbLine
 10
3318903.425164
 20
5810067.002448
 30
0.0
 11
3318903.363624
 21
5810065.563763
 31
0.0
  0
LINE
  5
61C
330
4
100
AcDbEntity
  8
Fernwärmeleitung
  6
Continuous
 62
     7
370
    35
100
AcDbLine
 10
3318903.363624
 20
5810065.563763
 30
0.0
 11
3318894.651591
 21
5810065.936419
 31
0.0
  0
TEXT
  5
61E
330
4
100
AcDbEntity
  8
Beschriftumg +Trassierung
 62
     7
370
    25
100
AcDbText
 10
3318923.21125
 20
5810049.015062
 30
0.0
 40
0.66
  1
PA (o, 45%%d) DN200/DN65
 50
357.106044158755
  7
2.5mm gerade
100
AcDbText
  0
LINE
  5
61F
330
4
100
AcDbEntity
  8
Beschriftumg +Trassierung
  6
Continuous
 62
     7
370
    25
100
AcDbLine
 10
3318928.746036
 20
5810049.528278
 30
0.0
 11
3318937.992544
 21
5810060.415935
 31
0.0
  0
TEXT
  5
621
330
4
100
AcDbEntity
  8
Fernwärmeleitung
 62
     7
370
    35
100
AcDbText
 10
3318937.706209
 20
5810072.255379
 30
0.0
 40
0.9
  1
KMR DN65/180
 50
86.88847237850898
  7
3.5mm gerade
100
AcDbText
  0
LINE
  5
622
330
4
100
AcDbEntity
  8
Fernwärmeleitung
  6
Continuous
 62
     7
370
    35
100
AcDbLine
 10
3318938.046138
 20
5810071.876369
 30
0.0
 11
3318936.428526
 21
5810071.964302
 31
0.0
  0
LINE
  5
623
330
4
100
AcDbEntity
  8
Fernwärmeleitung
  6
Continuous
 62
     7
370
    35
100
AcDbLine
 10
3318936.428526
 20
5810071.964302
 30
0.0
 11
3318936.912158
 21
5810080.861166
 31
0.0
  0
LINE
  5
624
330
4
100
AcDbEntity
  8
Fernwärmeleitung
  6
Continuous
 62
     7
370
    35
100
AcDbLine
 10
3318936.912158
 20
5810080.861166
 30
0.0
 11
3318938.52977
 21
5810080.773233
 31
0.0
  0
LINE
  5
625
330
4
100
AcDbEntity
  8
Fernwärmeleitung
  6
Continuous
 62
     7
370
    35
100
AcDbLine
 10
3318938.52977
 20
5810080.773233
 30
0.0
 11
3318938.046138
 21
5810071.876369
 31
0.0
  0
TEXT
  5
627
330
4
100
AcDbEntity
  8
Beschriftumg +Trassierung
 62
     7
370
    25
100
AcDbText
 10
3318984.123169
 20
5810043.831429
 30
0.0
 40
0.5
  1
(R%%252cklauf oben/Vorlauf unten)
 50
357.106044158755
  7
2.5mm gerade
100
AcDbText
  0
TEXT
  5
629
330
4
100
AcDbEntity
  8
Fernwärmeleitung
 62
     7
370
    35
100
AcDbText
 10
3318991.906286
 20
5810061.763357
 30
0.0
 40
0.7
  1
RV
 50
356.51173757689
  7
3.5mm gerade
100
AcDbText
  0
TEXT
  5
62B
330
4
100
AcDbEntity
  8
Beschriftumg +Trassierung
 62
     7
370
    25
100
AcDbText
 10
3318941.840968
 20
5810059.325899
 30
0.0
 40
0.5
  1
Dosenmuffe
 50
30.836504083752
  7
2.5mm gerade
100
AcDbText
  0
LINE
  5
62C
330
4
100
AcDbEntity
  8
Beschriftumg +Trassierung
  6
Continuous
 62
     7
370
    25
100
AcDbLine
 10
3318941.775855
 20
5810059.239882
 30
0.0
 11
3318941.135058
 21
5810058.715224
 31
0.0
  0
TEXT
  5
62E
330
4
100
AcDbEntity
  8
Fernwärmeleitung
 62
     7
370
    35
100
AcDbText
 10
3318821.865678
 20
5810086.949222
 30
0.0
 40
0.8
  1
KMR DN50/160
 50
85.399996479871
  7
3.5mm gerade
100
AcDbText
  0
LINE
  5
62F
330
4
100
AcDbEntity
  8
Fernwärmeleitung
  6
Continuous
 62
     7
370
    35
100
AcDbLine
 10
3318822.158983
 20
5810086.604589
 30
0.0
 11
3318820.723622
 21
5810086.720075
 31
0.0
  0
LINE
  5
630
330
4
100
AcDbEntity
  8
Fernwärmeleitung
  6
Continuous
 62
     7
370
    35
100
AcDbLine
 10
3318820.723622
 20
5810086.720075
 30
0.0
 11
3318821.358798
 21
5810094.614564
 31
0.0
  0
LINE
  5
631
330
4
100
AcDbEntity
  8
Fernwärmeleitung
  6
Continuous
 62
     7
370
    35
100
AcDbLine
 10
3318821.358798
 20
5810094.614564
 30
0.0
 11
3318822.794159
 21
5810094.499078
 31
0.0
  0
LINE
  5
632
330
4
100
AcDbEntity
  8
Fernwärmeleitung
  6
Continuous
 62
     7
370
    35
100
AcDbLine
 10
3318822.794159
 20
5810094.499078
 30
0.0
 11
3318822.158983
 21
5810086.604589
 31
0.0
  0
TEXT
  5
634
330
4
100
AcDbEntity
  8
Fernwärmeleitung
 62
     7
370
    35
100
AcDbText
 10
3318847.697783
 20
5810086.377076
 30
0.0
 40
0.8
  1
KMR DN50/160
 50
85.399996479871
  7
3.5mm gerade
100
AcDbText
  0
LINE
  5
635
330
4
100
AcDbEntity
  8
Fernwärmeleitung
  6
Continuous
 62
     7
370
    35
100
AcDbLine
 10
3318847.991089
 20
5810086.032443
 30
0.0
 11
3318846.555727
 21
5810086.147929
 31
0.0
  0
LINE
  5
636
330
4
100
AcDbEntity
  8
Fernwärmeleitung
  6
Continuous
 62
     7
370
    35
100
AcDbLine
 10
3318846.555727
 20
5810086.147929
 30
0.0
 11
3318847.190903
 21
5810094.042418
 31
0.0
  0
LINE
  5
637
330
4
100
AcDbEntity
  8
Fernwärmeleitung
  6
Continuous
 62
     7
370
    35
100
AcDbLine
 10
3318847.190903
 20
5810094.042418
 30
0.0
 11
3318848.626265
 21
5810093.926932
 31
0.0
  0
LINE
  5
638
330
4
100
AcDbEntity
  8
Fernwärmeleitung
  6
Continuous
 62
     7
370
    35
100
AcDbLine
 10
3318848.626265
 20
5810093.926932
 30
0.0
 11
3318847.991089
 21
5810086.032443
 31
0.0
  0
TEXT
  5
63A
330
4
100
AcDbEntity
  8
Fernwärmeleitung
 62
     7
370
    35
100
AcDbText
 10
3318937.458722
 20
5810065.199438
 30
0.0
 40
0.7
  1
KH
 50
357.1060441041669
  7
3.5mm gerade
100
AcDbText
  0
CIRCLE
  5
63B
330
4
100
AcDbEntity
  8
Fernwärmeleitung
  6
Continuous
 62
     7
370
    35
100
AcDbCircle
 10
3318938.035678
 20
5810065.520718
 30
0.0
 40
0.757166
  0
TEXT
  5
63D
330
4
100
AcDbEntity
  8
Fernwärmeleitung
 62
     7
370
    35
100
AcDbText
 10
3318845.884977
 20
5810078.846254
 30
0.0
 40
0.7
  1
KH
 50
357.10604415741
  7
3.5mm gerade
100
AcDbText
  0
CIRCLE
  5
63E
330
4
100
AcDbEntity
  8
Fernwärmeleitung
  6
Continuous
 62
     7
370
    35
100
AcDbCircle
 10
3318846.461933
 20
5810079.167534
 30
0.0
 40
0.757166
  0
TEXT
  5
640
330
4
100
AcDbEntity
  8
Beschriftumg +Trassierung
 62
     7
370
    25
100
AcDbText
 10
3318849.158268
 20
5810066.024102
 30
0.0
 40
0.5
  1
PA(45%%d,o) DN200/DN50
 50
85.778008710972
  7
2.5mm gerade
100
AcDbText
  0
TEXT
  5
642
330
4
100
AcDbEntity
  8
Beschriftumg +Trassierung
 62
     7
370
    25
100
AcDbText
 10
3318826.390492
 20
5810067.855749
 30
0.0
 40
0.5
  1
PA(45%%d,o) DN200/DN50
 50
85.77800873755498
  7
2.5mm gerade
100
AcDbText
  0
TEXT
  5
644
330
4
100
AcDbEntity
  8
Fernwärmeleitung
 62
     7
370
    35
100
AcDbText
 10
3318799.709293
 20
5810081.532153
 30
0.0
 40
0.8
  1
KMR DN200/400
 50
357.420287294309
  7
3.5mm gerade
100
AcDbText
  0
LINE
  5
645
330
4
100
AcDbEntity
  8
Fernwärmeleitung
  6
Continuous
 62
     7
370
    35
100
AcDbLine
 10
3318799.375214
 20
5810081.22688
 30
0.0
 11
3318799.440027
 21
5810082.665421
 31
0.0
  0
LINE
  5
646
330
4
100
AcDbEntity
  8
Fernwärmeleitung
  6
Continuous
 62
     7
370
    35
100
AcDbLine
 10
3318799.440027
 20
5810082.665421
 30
0.0
 11
3318808.15119
 21
5810082.27294
 31
0.0
  0
LINE
  5
647
330
4
100
AcDbEntity
  8
Fernwärmeleitung
  6
Continuous
 62
     7
370
    35
100
AcDbLine
 10
3318808.15119
 20
5810082.27294
 30
0.0
 11
3318808.086377
 21
5810080.834399
 31
0.0
  0
LINE
  5
648
330
4
100
AcDbEntity
  8
Fernwärmeleitung
  6
Continuous
 62
     7
370
    35
100
AcDbLine
 10
3318808.086377
 20
5810080.834399
 30
0.0
 11
3318799.375214
 21
5810081.22688
 31
0.0
  0
TEXT
  5
64A
330
4
100
AcDbEntity
  8
Fernwärmeleitung
 62
     7
370
    35
100
AcDbText
 10
3318832.059812
 20
5810080.247736
 30
0.0
 40
0.8
  1
KMR DN200/400
 50
357.106044158755
  7
3.5mm gerade
100
AcDbText
  0
LINE
  5
64B
330
4
100
AcDbEntity
  8
Fernwärmeleitung
  6
Continuous
 62
     7
370
    35
100
AcDbLine
 10
3318831.724064
 20
5810079.944301
 30
0.0
 11
3318831.796766
 21
5810081.382464
 31
0.0
  0
LINE
  5
64C
330
4
100
AcDbEntity
  8
Fernwärmeleitung
  6
Continuous
 62
     7
370
    35
100
AcDbLine
 10
3318831.796766
 20
5810081.382464
 30
0.0
 11
3318840.505646
 21
5810080.942212
 31
0.0
  0
LINE
  5
64D
330
4
100
AcDbEntity
  8
Fernwärmeleitung
  6
Continuous
 62
     7
370
    35
100
AcDbLine
 10
3318840.505646
 20
5810080.942212
 30
0.0
 11
3318840.432943
 21
5810079.504049
 31
0.0
  0
LINE
  5
64E
330
4
100
AcDbEntity
  8
Fernwärmeleitung
  6
Continuous
 62
     7
370
    35
100
AcDbLine
 10
3318840.432943
 20
5810079.504049
 30
0.0
 11
3318831.724064
 21
5810079.944301
 31
0.0
  0
TEXT
  5
650
330
4
100
AcDbEntity
  8
Fernwärmeleitung
 62
     7
370
    35
100
AcDbText
 10
3318819.799883
 20
5810075.876687
 30
0.0
 40
0.7
  1
KH
 50
357.106044158755
  7
3.5mm gerade
100
AcDbText
  0
CIRCLE
  5
651
330
4
100
AcDbEntity
  8
Fernwärmeleitung
  6
Continuous
 62
     7
370
    35
100
AcDbCircle
 10
3318820.37684
 20
5810076.197968
 30
0.0
 40
0.757166
  0
TEXT
  5
653
330
4
100
AcDbEntity
  8
Fernwärmeleitung
 62
     7
370
    35
100
AcDbText
 10
3318819.916245
 20
5810081.434001
 30
0.0
 40
0.7
  1
KH
 50
357.106044158755
  7
3.5mm gerade
100
AcDbText
  0
CIRCLE
  5
654
330
4
100
AcDbEntity
  8
Fernwärmeleitung
  6
Continuous
 62
     7
370
    35
100
AcDbCircle
 10
3318820.493202
 20
5810081.755281
 30
0.0
 40
0.757166
  0
TEXT
  5
656
330
4
100
AcDbEntity
  8
Fernwärmeleitung
 62
     7
370
    35
100
AcDbText
 10
3318924.715597
 20
5810094.554478
 30
0.0
 40
0.8
  1
KMR DN40/140
 50
357.106044158755
  7
3.5mm gerade
100
AcDbText
  0
LINE
  5
657
330
4
100
AcDbEntity
  8
Fernwärmeleitung
  6
Continuous
 62
     7
370
    35
100
AcDbLine
 10
3318924.379849
 20
5810094.251042
 30
0.0
 11
3318924.452551
 21
5810095.689205
 31
0.0
  0
LINE
  5
658
330
4
100
AcDbEntity
  8
Fernwärmeleitung
  6
Continuous
 62
     7
370
    35
100
AcDbLine
 10
3318924.452551
 20
5810095.689205
 30
0.0
 11
3318932.522247
 21
5810095.281266
 31
0.0
  0
LINE
  5
659
330
4
100
AcDbEntity
  8
Fernwärmeleitung
  6
Continuous
 62
     7
370
    35
100
AcDbLine
 10
3318932.522247
 20
5810095.281266
 30
0.0
 11
3318932.449544
 21
5810093.843102
 31
0.0
  0
LINE
  5
65A
330
4
100
AcDbEntity
  8
Fernwärmeleitung
  6
Continuous
 62
     7
370
    35
100
AcDbLine
 10
3318932.449544
 20
5810093.843102
 30
0.0
 11
3318924.379849
 21
5810094.251042
 31
0.0
  0
TEXT
  5
65C
330
4
100
AcDbEntity
  8
Beschriftumg +Trassierung
 62
     7
370
    25
100
AcDbText
 10
3318942.980131
 20
5810090.897532
 30
0.0
 40
0.5
  1
PA(o, 45%%d) DN65/DN40
 50
357.106044158755
  7
2.5mm gerade
100
AcDbText
  0
TEXT
  5
65E
330
4
100
AcDbEntity
  8
Beschriftumg +Trassierung
 62
     7
370
    25
100
AcDbText
 10
3318943.022397
 20
5810091.837414
 30
0.0
 40
0.5
  1
Red.:DN65/DN50
 50
357.10604415741
  7
2.5mm gerade
100
AcDbText
  0
TEXT
  5
660
330
4
100
AcDbEntity
  8
Rohroberkante
 62
   212
420
 13238474
370
    25
100
AcDbText
 10
3318992.08282
 20
5810058.33098
 30
0.0
 40
0.4
  1
ROK:46.60
 50
87.239221340796
 51
15.000035076525
  7
2.0 mm rechts lila
100
AcDbText
  0
TEXT
  5
662
330
4
100
AcDbEntity
  8
Rohroberkante
 62
   212
420
 13238474
370
    25
100
AcDbText
 10
3318993.08132
 20
5810058.502827
 30
0.0
 40
0.4
  1
ROK:46.30
 50
87.239221338228
 51
15.000035076525
  7
2.0 mm rechts lila
 11
3318992.681784
 21
5810058.522093
 31
0.0
100
AcDbText
 73
     3
  0
TEXT
  5
664
330
4
100
AcDbEntity
  8
Rohroberkante
 62
   212
420
 13238474
370
    25
100
AcDbText
 10
3318988.847681
 20
5810055.30031
 30
0.0
 40
0.4
  1
ROK:46.67
 50
357.74955104591
 51
15.000035076525
  7
2.0 mm rechts lila
 72
     2
 11
3318991.325016
 21
5810055.603265
 31
0.0
100
AcDbText
 73
     3
  0
TEXT
  5
666
330
4
100
AcDbEntity
  8
Fernwärmeleitung
 62
     7
370
    25
100
AcDbText
 10
3318802.741976
 20
5810136.135735
 30
0.0
 40
0.5
  1
Steuerleitung
 50
357.857307342939
  7
2.5mm gerade
100
AcDbText
  0
LINE
  5
667
330
4
100
AcDbEntity
  8
Fernwärmeleitung
  6
Continuous
 62
     7
370
    25
100
AcDbLine
 10
3318805.661772
 20
5810135.926422
 30
0.0
 11
3318809.218507
 21
5810134.0437
 31
0.0
  0
TEXT
  5
669
330
4
100
AcDbEntity
  8
Fernwärmeleitung
 62
     7
370
    35
100
AcDbText
 10
3318848.17423
 20
5810050.572921
 30
0.0
 40
3.5
  1
Landstra%%223e [1]
 50
357.10604415741
  7
3.5mm gerade
100
AcDbText
  0
TEXT
  5
66B
330
4
100
AcDbEntity
  8
Rohroberkante
 62
   212
420
 13238474
370
    25
100
AcDbText
 10
3318978.617056
 20
5810055.751039
 30
0.0
 40
0.4
  1
ROK:47.00
 50
357.580998591644
 51
15.000035076525
  7
2.0 mm rechts lila
 72
     1
 11
3318979.864605
 21
5810056.098694
 31
0.0
100
AcDbText
 73
     3
  0
TEXT
  5
66D
330
4
100
AcDbEntity
  8
Rohroberkante
 62
   212
420
 13238474
370
    25
100
AcDbText
 10
3318966.710184
 20
5810056.149404
 30
0.0
 40
0.4
  1
ROK:47.15
 50
357.580998644907
 51
15.000035076525
  7
2.0 mm rechts lila
 72
     1
 11
3318967.937751
 21
5810056.497903
 31
0.0
100
AcDbText
 73
     3
  0
TEXT
  5
66F
330
4
100
AcDbEntity
  8
Rohroberkante
 62
   212
420
 13238474
370
    25
100
AcDbText
 10
3318954.908488
 20
5810056.850528
 30
0.0
 40
0.4
  1
ROK:47.19
 50
357.580998643782
 51
15.000035076525
  7
2.0 mm rechts lila
 72
     1
 11
3318956.136055
 21
5810057.199027
 31
0.0
100
AcDbText
 73
     3
  0
TEXT
  5
671
330
4
100
AcDbEntity
  8
Rohroberkante
 62
   212
420
 13238474
370
    25
100
AcDbText
 10
3318937.928212
 20
5810056.973523
 30
0.0
 40
0.4
  1
ROK:47.30
 50
357.41971394643
 51
15.000035076525
  7
2.0 mm rechts lila
 72
     1
 11
3318939.176734
 21
5810057.317665
 31
0.0
100
AcDbText
 73
     3
  0
LINE
  5
672
330
4
100
AcDbEntity
  8
Rohroberkante
  6
Continuous
 62
   212
420
 13238474
370
    25
100
AcDbLine
 10
3318939.234262
 20
5810057.395153
 30
0.0
 11
3318939.489007
 21
5810058.456865
 31
0.0
  0
TEXT
  5
674
330
4
100
AcDbEntity
  8
Rohroberkante
 62
   212
420
 13238474
370
    25
100
AcDbText
 10
3318944.639852
 20
5810057.497842
 30
0.0
 40
0.4
  1
ROK:47.28
 50
357.580998643782
 51
15.000035076525
  7
2.0 mm rechts lila
 11
3318944.656734
 21
5810057.897485
 31
0.0
100
AcDbText
 73
     3
  0
TEXT
  5
676
330
4
100
AcDbEntity
  8
Rohroberkante
 62
   212
420
 13238474
370
    25
100
AcDbText
 10
3318936.661383
 20
5810059.21559
 30
0.0
 40
0.4
  1
ROK:47.44
 50
357.580998644907
 51
15.000035076525
  7
2.0 mm rechts lila
 72
     2
 11
3318939.211086
 21
5810059.308057
 31
0.0
100
AcDbText
 73
     2
  0
LINE
  5
677
330
4
100
AcDbEntity
  8
Rohroberkante
  6
Continuous
 62
   212
420
 13238474
370
    25
100
AcDbLine
 10
3318939.292762
 20
5810059.346049
 30
0.0
 11
3318939.45315
 21
5810059.344188
 31
0.0
  0
TEXT
  5
679
330
4
100
AcDbEntity
  8
Rohroberkante
 62
   212
420
 13238474
370
    25
100
AcDbText
 10
3318934.824034
 20
5810060.117098
 30
0.0
 40
0.4
  1
ROK:47.11
 50
357.580998644907
 51
15.000035076525
  7
2.0 mm rechts lila
 72
     2
 11
3318937.22232
 21
5810060.41614
 31
0.0
100
AcDbText
 73
     3
  0
TEXT
  5
67B
330
4
100
AcDbEntity
  8
Rohroberkante
 62
   212
420
 13238474
370
    25
100
AcDbText
 10
3318939.941114
 20
5810061.17775
 30
0.0
 40
0.4
  1
ROK:47.14
 50
357.580998643782
 51
15.000035076525
  7
2.0 mm rechts lila
100
AcDbText
  0
LINE
  5
67C
330
4
100
AcDbEntity
  8
Rohroberkante
  6
Continuous
 62
   212
420
 13238474
370
    25
100
AcDbLine
 10
3318939.866436
 20
5810061.305407
 30
0.0
 11
3318939.34367
 21
5810061.297379
 31
0.0
  0
TEXT
  5
67E
330
4
100
AcDbEntity
  8
Rohroberkante
 62
   212
420
 13238474
370
    25
100
AcDbText
 10
3318936.275968
 20
5810061.425933
 30
0.0
 40
0.4
  1
ROK:47.37
 50
86.36991065219
 51
15.000035076525
  7
2.0 mm rechts lila
100
AcDbText
  0
TEXT
  5
680
330
4
100
AcDbEntity
  8
Rohroberkante
 62
   212
420
 13238474
370
    25
100
AcDbText
 10
3318923.43265
 20
5810062.178117
 30
0.0
 40
0.4
  1
ROK:47.14
 50
357.990035230528
 51
15.000035076525
  7
2.0 mm rechts lila
 72
     2
 11
3318925.894662
 21
5810062.091713
 31
0.0
100
AcDbText
  0
TEXT
  5
682
330
4
100
AcDbEntity
  8
Rohroberkante
 62
   212
420
 13238474
370
    25
100
AcDbText
 10
3318939.918049
 20
5810066.750979
 30
0.0
 40
0.4
  1
ROK:47.32
 50
83.28340157621
 51
15.000035076525
  7
2.0 mm rechts lila
100
AcDbText
  0
TEXT
  5
684
330
4
100
AcDbEntity
  8
Rohroberkante
 62
   212
420
 13238474
370
    25
100
AcDbText
 10
3318940.822087
 20
5810082.67171
 30
0.0
 40
0.4
  1
ROK:47.36
 50
86.257270739382
 51
15.000035076525
  7
2.0 mm rechts lila
 72
     1
 11
3318940.902492
 21
5810083.900847
 31
0.0
100
AcDbText
  0
TEXT
  5
686
330
4
100
AcDbEntity
  8
Rohroberkante
 62
   212
420
 13238474
370
    25
100
AcDbText
 10
3318936.182303
 20
5810094.767525
 30
0.0
 40
0.4
  1
ROK:47.41
 50
356.60125715422
 51
15.000035076525
  7
2.0 mm rechts lila
100
AcDbText
  0
TEXT
  5
688
330
4
100
AcDbEntity
  8
Rohroberkante
 62
   212
420
 13238474
370
    25
100
AcDbText
 10
3318941.034785
 20
5810091.047344
 30
0.0
 40
0.4
  1
ROK:47.53
 50
86.347382625671
 51
15.000035076525
  7
2.0 mm rechts lila
 72
     1
 11
3318941.113257
 21
5810092.276606
 31
0.0
100
AcDbText
  0
TEXT
  5
68A
330
4
100
AcDbEntity
  8
Rohroberkante
 62
   212
420
 13238474
370
    25
100
AcDbText
 10
3318942.962703
 20
5810092.2094
 30
0.0
 40
0.4
  1
ROK:47.34
 50
88.83885752074302
 51
15.000035076525
  7
2.0 mm rechts lila
 11
3318942.562785
 21
5810092.217506
 31
0.0
100
AcDbText
 73
     3
  0
TEXT
  5
68C
330
4
100
AcDbEntity
  8
Rohroberkante
 62
   212
420
 13238474
370
    25
100
AcDbText
 10
3318940.442656
 20
5810071.995631
 30
0.0
 40
0.4
  1
ROK:47.35
 50
88.83885752074302
 51
15.000035076525
  7
2.0 mm rechts lila
100
AcDbText
  0
TEXT
  5
68E
330
4
100
AcDbEntity
  8
Rohroberkante
 62
   212
420
 13238474
370
    25
100
AcDbText
 10
3318941.756991
 20
5810103.450662
 30
0.0
 40
0.4
  1
ROK:47.26
 50
88.83885752074302
 51
15.000035076525
  7
2.0 mm rechts lila
100
AcDbText
  0
TEXT
  5
690
330
4
100
AcDbEntity
  8
Rohroberkante
 62
   212
420
 13238474
370
    25
100
AcDbText
 10
3318910.944977
 20
5810062.681865
 30
0.0
 40
0.4
  1
ROK:47.16
 50
358.510917947723
 51
15.000035076525
  7
2.0 mm rechts lila
 72
     2
 11
3318913.367686
 21
5810062.618886
 31
0.0
100
AcDbText
  0
TEXT
  5
692
330
4
100
AcDbEntity
  8
Rohroberkante
 62
   212
420
 13238474
370
    25
100
AcDbText
 10
3318899.111304
 20
5810063.155372
 30
0.0
 40
0.4
  1
ROK:47.19
 50
358.602688198912
 51
15.000035076525
  7
2.0 mm rechts lila
 72
     2
 11
3318901.534112
 21
5810063.096273
 31
0.0
100
AcDbText
  0
TEXT
  5
694
330
4
100
AcDbEntity
  8
Rohroberkante
 62
   212
420
 13238474
370
    25
100
AcDbText
 10
3318887.523019
 20
5810063.749634
 30
0.0
 40
0.4
  1
ROK:47.20
 50
358.602688198912
 51
15.000035076525
  7
2.0 mm rechts lila
 72
     2
 11
3318890.025802
 21
5810063.688585
 31
0.0
100
AcDbText
  0
TEXT
  5
696
330
4
100
AcDbEntity
  8
Rohroberkante
 62
   212
420
 13238474
370
    25
100
AcDbText
 10
3318875.461205
 20
5810064.383544
 30
0.0
 40
0.4
  1
ROK:47.22
 50
356.430339977459
 51
15.000035076525
  7
2.0 mm rechts lila
 72
     2
 11
3318877.999798
 21
5810064.225179
 31
0.0
100
AcDbText
  0
TEXT
  5
698
330
4
100
AcDbEntity
  8
Rohroberkante
 62
   212
420
 13238474
370
    25
100
AcDbText
 10
3318863.652325
 20
5810065.338223
 30
0.0
 40
0.4
  1
ROK:47.16
 50
356.435743219598
 51
15.000035076525
  7
2.0 mm rechts lila
 72
     2
 11
3318866.071165
 21
5810065.187558
 31
0.0
100
AcDbText
  0
TEXT
  5
69A
330
4
100
AcDbEntity
  8
Rohroberkante
 62
   212
420
 13238474
370
    25
100
AcDbText
 10
3318851.789461
 20
5810066.110351
 30
0.0
 40
0.4
  1
ROK:47.17
 50
356.435743219598
 51
15.000035076525
  7
2.0 mm rechts lila
100
AcDbText
  0
TEXT
  5
69C
330
4
100
AcDbEntity
  8
Rohroberkante
 62
   212
420
 13238474
370
    25
100
AcDbText
 10
3318852.360992
 20
5810073.774521
 30
0.0
 40
0.4
  1
ROK:47.20
 50
84.088785874253
 51
15.000035076525
  7
2.0 mm rechts lila
 72
     2
 11
3318852.22095
 21
5810076.305931
 31
0.0
100
AcDbText
 73
     3
  0
TEXT
  5
69E
330
4
100
AcDbEntity
  8
Rohroberkante
 62
   212
420
 13238474
370
    25
100
AcDbText
 10
3318847.30009
 20
5810076.790357
 30
0.0
 40
0.4
  1
ROK:47.13
 50
356.131391692948
 51
15.000035076525
  7
2.0 mm rechts lila
 72
     2
 11
3318849.745083
 21
5810077.025933
 31
0.0
100
AcDbText
 73
     3
  0
TEXT
  5
6A0
330
4
100
AcDbEntity
  8
Rohroberkante
 62
   212
420
 13238474
370
    25
100
AcDbText
 10
3318849.620629
 20
5810078.479902
 30
0.0
 40
0.4
  1
ROK:47.31
 50
84.61474045993398
 51
15.000035076525
  7
2.0 mm rechts lila
 11
3318849.222394
 21
5810078.517443
 31
0.0
100
AcDbText
 73
     3
  0
TEXT
  5
6A2
330
4
100
AcDbEntity
  8
Rohroberkante
 62
   212
420
 13238474
370
    25
100
AcDbText
 10
3318835.256421
 20
5810079.039698
 30
0.0
 40
0.4
  1
ROK:47.08
 50
357.381923302996
 51
15.000035076525
  7
2.0 mm rechts lila
 72
     2
 11
3318837.717378
 21
5810078.927168
 31
0.0
100
AcDbText
  0
TEXT
  5
6A4
330
4
100
AcDbEntity
  8
Rohroberkante
 62
   212
420
 13238474
370
    25
100
AcDbText
 10
3318822.356411
 20
5810082.855311
 30
0.0
 40
0.4
  1
ROK:47.38
 50
85.70396645397999
 51
15.000035076525
  7
2.0 mm rechts lila
100
AcDbText
  0
TEXT
  5
6A6
330
4
100
AcDbEntity
  8
Rohroberkante
 62
   212
420
 13238474
370
    25
100
AcDbText
 10
3318823.36008
 20
5810080.062059
 30
0.0
 40
0.4
  1
ROK:47.34
 50
358.23074043526
 51
15.000035076525
  7
2.0 mm rechts lila
100
AcDbText
  0
TEXT
  5
6A8
330
4
100
AcDbEntity
  8
Rohroberkante
 62
   212
420
 13238474
370
    25
100
AcDbText
 10
3318822.889118
 20
5810077.462264
 30
0.0
 40
0.4
  1
ROK:47.13
 50
358.23074043526
 51
15.000035076525
  7
2.0 mm rechts lila
 72
     2
 11
3318825.32384
 21
5810077.787248
 31
0.0
100
AcDbText
 73
     3
  0
TEXT
  5
6AA
330
4
100
AcDbEntity
  8
Rohroberkante
 62
   212
420
 13238474
370
    25
100
AcDbText
 10
3318819.088659
 20
5810077.554399
 30
0.0
 40
0.4
  1
ROK:47.16
 50
357.707336760335
 51
15.000035076525
  7
2.0 mm rechts lila
 72
     2
 11
3318821.526249
 21
5810077.857128
 31
0.0
100
AcDbText
 73
     3
  0
TEXT
  5
6AC
330
4
100
AcDbEntity
  8
Beschriftumg +Trassierung
 62
     7
370
    25
100
AcDbText
 10
3318926.276302
 20
5810059.629249
 30
0.0
 40
0.48
  1
5.5
 50
87.434486519722
 51
15.000035076525
  7
2.6 mm rechts
100
AcDbText
  0
TEXT
  5
6AE
330
4
100
AcDbEntity
  8
Beschriftumg +Trassierung
 62
     7
370
    25
100
AcDbText
 10
3318939.964495
 20
5810076.533044
 30
0.0
 40
0.48
  1
1.3
 50
357.495007837075
 51
15.000035076525
  7
2.6 mm rechts
 72
     2
 11
3318940.759967
 21
5810076.498244
 31
0.0
100
AcDbText
  0
LINE
  5
6AF
330
4
100
AcDbEntity
  8
Beschriftumg +Trassierung
  6
Continuous
 62
     7
370
    25
100
AcDbLine
 10
3318940.501281
 20
5810076.413469
 30
0.0
 11
3318940.587524
 21
5810076.18408
 31
0.0
  0
MTEXT
  5
6B1
330
4
100
AcDbEntity
  8
Fernwärmeleitung
 62
     7
370
    25
100
AcDbMText
 10
3318747.020964
 20
5810133.281437
 30
0.0
 40
0.9
 41
0.0
 71
     7
 72
     1
  1
Vorlauf mit Kugelhahn\P\PRücklauf mit Muffe\P\PReduzierstück mit Fließrichtung
  7
Flurst}cksnummer
 11
0.9993008245502714
 21
-0.0373879934356971
 31
0.0
 73
     1
 44
0.69
  0
TEXT
  5
6B3
330
4
100
AcDbEntity
  8
Fernwärmeleitung
 62
     7
370
    35
100
AcDbText
 10
3318934.722571
 20
5810093.844538
 30
0.0
 40
0.7
  1
RV
 50
88.198416076352
  7
3.5mm gerade
100
AcDbText
  0
TEXT
  5
6B5
330
4
100
AcDbEntity
  8
Lageplan sonstiges
 62
     7
370
    18
100
AcDbText
 10
3318933.98468
 20
5810063.967478
 30
0.0
 40
0.36
  1
48.29
 50
356.6389148641861
  7
1.8mm gerade
 72
     1
 11
3318934.54172
 21
5810063.934763
 31
0.0
100
AcDbText
  0
TEXT
  5
6B7
330
4
100
AcDbEntity
  8
Lageplan sonstiges
 62
     7
370
    18
100
AcDbText
 10
3318941.892017
 20
5810070.595945
 30
0.0
 40
0.36
  1
48.60
 50
356.638914810968
  7
1.8mm gerade
100
AcDbText
  0
TEXT
  5
6B9
330
4
100
AcDbEntity
  8
Lageplan sonstiges
 62
     7
370
    18
100
AcDbText
 10
3318942.974428
 20
5810078.643602
 30
0.0
 40
0.36
  1
48.71
 50
356.6389148641861
  7
1.8mm gerade
 72
     2
 11
3318944.05257
 21
5810078.580283
 31
0.0
100
AcDbText
  0
TEXT
  5
6BB
330
4
100
AcDbEntity
  8
Lageplan sonstiges
 62
     7
370
    18
100
AcDbText
 10
3318943.555745
 20
5810093.534557
 30
0.0
 40
0.36
  1
49.06
 50
356.6389148641861
  7
1.8mm gerade
100
AcDbText
  0
TEXT
  5
6BD
330
4
100
AcDbEntity
  8
Lageplan sonstiges
 62
     7
370
    35
100
AcDbText
 10
3318923.455264
 20
5810082.947306
 30
0.0
 40
1.5
  1
Baustelle
 50
357.857307342939
  7
4 mm gerade
100
AcDbText
  0
TEXT
  5
6BF
330
4
100
AcDbEntity
  8
Beschriftumg +Trassierung
 62
     7
370
    25
100
AcDbText
 10
3318821.183234
 20
5810072.048547
 30
0.0
 40
0.48
  1
%%U 133.2 %%U
 50
85.922905315079
 51
15.000035076525
  7
2.6 mm rechts
100
AcDbText
  0
LINE
  5
6C0
330
4
100
AcDbEntity
  8
Beschriftumg +Trassierung
  6
Continuous
 62
     7
370
    25
100
AcDbLine
 10
3318821.543979
 20
5810074.409106
 30
0.0
 11
3318821.829351
 21
5810079.437548
 31
0.0
  0
TEXT
  5
6C2
330
4
100
AcDbEntity
  8
Beschriftumg +Trassierung
 62
     7
370
    25
100
AcDbText
 10
3318825.591446
 20
5810071.71901
 30
0.0
 40
0.48
  1
%%U 129.5 %%U
 50
84.277661251768
 51
15.000035076525
  7
2.6 mm rechts
100
AcDbText
  0
LINE
  5
6C3
330
4
100
AcDbEntity
  8
Beschriftumg +Trassierung
  6
Continuous
 62
     7
370
    25
100
AcDbLine
 10
3318826.019817
 20
5810074.068238
 30
0.0
 11
3318825.464389
 21
5810079.34021
 31
0.0
  0
TEXT
  5
6C5
330
4
100
AcDbEntity
  8
Beschriftumg +Trassierung
 62
     7
370
    25
100
AcDbText
 10
3318848.46741
 20
5810071.343091
 30
0.0
 40
0.48
  1
%%U 104.4 %%U
 50
85.183030472986
 51
15.000035076525
  7
2.6 mm rechts
100
AcDbText
  0
LINE
  5
6C6
330
4
100
AcDbEntity
  8
Beschriftumg +Trassierung
  6
Continuous
 62
     7
370
    25
100
AcDbLine
 10
3318848.862638
 20
5810073.746625
 30
0.0
 11
3318850.579735
 21
5810077.841152
 31
0.0
  0
TEXT
  5
6C8
330
4
100
AcDbEntity
  8
Beschriftumg +Trassierung
 62
     7
370
    25
100
AcDbText
 10
3318855.518236
 20
5810080.468752
 30
0.0
 40
0.48
  1
%%U 102.9 %%U
 50
87.13179065716501
 51
15.000035076525
  7
2.6 mm rechts
100
AcDbText
  0
LINE
  5
6C9
330
4
100
AcDbEntity
  8
Beschriftumg +Trassierung
  6
Continuous
 62
     7
370
    25
100
AcDbLine
 10
3318855.700388
 20
5810080.267385
 30
0.0
 11
3318851.953307
 21
5810077.507309
 31
0.0
  0
TEXT
  5
6CB
330
4
100
AcDbEntity
  8
Beschriftumg +Trassierung
 62
     7
370
    25
100
AcDbText
 10
3318853.46103
 20
5810068.725895
 30
0.0
 40
0.48
  1
%%U 91.5 %%U
 50
82.803994943936
 51
15.000035076525
  7
2.6 mm rechts
100
AcDbText
  0
LINE
  5
6CC
330
4
100
AcDbEntity
  8
Beschriftumg +Trassierung
  6
Continuous
 62
     7
370
    25
100
AcDbLine
 10
3318853.627467
 20
5810068.511357
 30
0.0
 11
3318851.263826
 21
5810066.123751
 31
0.0
  0
TEXT
  5
6CE
330
4
100
AcDbEntity
  8
Beschriftumg +Trassierung
 62
     7
370
    25
100
AcDbText
 10
3318880.889219
 20
5810068.298412
 30
0.0
 40
0.48
  1
%%U 60.7 %%U
 50
86.805264614868
 51
15.000035076525
  7
2.6 mm rechts
100
AcDbText
  0
LINE
  5
6CF
330
4
100
AcDbEntity
  8
Beschriftumg +Trassierung
  6
Continuous
 62
     7
370
    25
100
AcDbLine
 10
3318881.07022
 20
5810068.096011
 30
0.0
 11
3318881.949197
 21
5810063.729705
 31
0.0
  0
TEXT
  5
6D1
330
4
100
AcDbEntity
  8
Beschriftumg +Trassierung
 62
     7
370
    25
100
AcDbText
 10
3318926.705511
 20
5810067.011115
 30
0.0
 40
0.48
  1
%%U 15.9 %%U
 50
87.43448659960801
 51
15.000035076525
  7
2.6 mm rechts
100
AcDbText
  0
LINE
  5
6D2
330
4
100
AcDbEntity
  8
Beschriftumg +Trassierung
  6
Continuous
 62
     7
370
    25
100
AcDbLine
 10
3318926.888724
 20
5810066.810714
 30
0.0
 11
3318926.729827
 21
5810061.739766
 31
0.0
  0
TEXT
  5
6D4
330
4
100
AcDbEntity
  8
Beschriftumg +Trassierung
 62
     7
370
    25
100
AcDbText
 10
3318933.481805
 20
5810050.997798
 30
0.0
 40
0.48
  1
%%U 2.4 %%U
 50
87.23046866856798
 51
15.000035076525
  7
2.6 mm rechts
100
AcDbText
  0
LINE
  5
6D5
330
4
100
AcDbEntity
  8
Beschriftumg +Trassierung
  6
Continuous
 62
     7
370
    25
100
AcDbLine
 10
3318933.760759
 20
5810052.790647
 30
0.0
 11
3318940.127664
 21
5810061.001569
 31
0.0
  0
TEXT
  5
6D7
330
4
100
AcDbEntity
  8
Beschriftumg +Trassierung
 62
     7
370
    25
100
AcDbText
 10
3318938.276352
 20
5810050.73384
 30
0.0
 40
0.48
  1
%%U 0.0 %%U
 50
87.230468641943
 51
15.000035076525
  7
2.6 mm rechts
100
AcDbText
  0
LINE
  5
6D8
330
4
100
AcDbEntity
  8
Beschriftumg +Trassierung
  6
Continuous
 62
     7
370
    25
100
AcDbLine
 10
3318938.550667
 20
5810052.430801
 30
0.0
 11
3318940.159597
 21
5810058.601939
 31
0.0
  0
TEXT
  5
6DA
330
4
100
AcDbEntity
  8
Beschriftumg +Trassierung
 62
     7
370
    25
100
AcDbText
 10
3318877.762259
 20
5810102.648781
 30
0.0
 40
0.5
  1
Red.:DN50/DN40
 50
357.106044158755
  7
2.5mm gerade
100
AcDbText
  0
TEXT
  5
6DC
330
4
100
AcDbEntity
  8
Beschriftumg +Trassierung
 62
     7
370
    25
100
AcDbText
 10
3318879.405276
 20
5810120.924468
 30
0.0
 40
0.5
  1
Anhebung senkr.ca.0,7m
 50
357.10604415741
  7
2.5mm gerade
100
AcDbText
  0
LINE
  5
6DD
330
4
100
AcDbEntity
  8
Beschriftumg +Trassierung
  6
Continuous
 62
     7
370
    25
100
AcDbLine
 10
3318883.15563
 20
5810121.335646
 30
0.0
 11
3318883.078441
 21
5810124.952939
 31
0.0
  0
TEXT
  5
6DF
330
4
100
AcDbEntity
  8
Fernwärmeleitung
 62
     7
370
    35
100
AcDbText
 10
3318872.420254
 20
5810114.37114
 30
0.0
 40
0.8
  1
KMR DN40/140
 50
87.106044158756
  7
3.5mm gerade
100
AcDbText
  0
LINE
  5
6E0
330
4
100
AcDbEntity
  8
Fernwärmeleitung
  6
Continuous
 62
     7
370
    35
100
AcDbLine
 10
3318872.72369
 20
5810114.035392
 30
0.0
 11
3318871.285526
 21
5810114.108094
 31
0.0
  0
LINE
  5
6E1
330
4
100
AcDbEntity
  8
Fernwärmeleitung
  6
Continuous
 62
     7
370
    35
100
AcDbLine
 10
3318871.285526
 20
5810114.108094
 30
0.0
 11
3318871.693466
 21
5810122.177789
 31
0.0
  0
LINE
  5
6E2
330
4
100
AcDbEntity
  8
Fernwärmeleitung
  6
Continuous
 62
     7
370
    35
100
AcDbLine
 10
3318871.693466
 20
5810122.177789
 30
0.0
 11
3318873.131629
 21
5810122.105087
 31
0.0
  0
LINE
  5
6E3
330
4
100
AcDbEntity
  8
Fernwärmeleitung
  6
Continuous
 62
     7
370
    35
100
AcDbLine
 10
3318873.131629
 20
5810122.105087
 30
0.0
 11
3318872.72369
 21
5810114.035392
 31
0.0
  0
TEXT
  5
6E5
330
4
100
AcDbEntity
  8
Beschriftumg +Trassierung
 62
     7
370
    25
100
AcDbText
 10
3318866.585916
 20
5810104.281338
 30
0.0
 40
0.5
  1
PA(o) DN50/DN40
 50
357.106044158755
  7
2.5mm gerade
100
AcDbText
  0
LINE
  5
6E6
330
4
100
AcDbEntity
  8
Beschriftumg +Trassierung
  6
Continuous
 62
     7
370
    25
100
AcDbLine
 10
3318869.53527
 20
5810104.032114
 30
0.0
 11
3318871.762382
 21
5810099.816881
 31
0.0
  0
TEXT
  5
6E8
330
4
100
AcDbEntity
  8
Fernwärmeleitung
 62
     7
370
    35
100
AcDbText
 10
3318876.919349
 20
5810085.982033
 30
0.0
 40
0.8
  1
KMR DN40/140
 50
87.106044158756
  7
3.5mm gerade
100
AcDbText
  0
LINE
  5
6E9
330
4
100
AcDbEntity
  8
Fernwärmeleitung
  6
Continuous
 62
     7
370
    35
100
AcDbLine
 10
3318877.222785
 20
5810085.646285
 30
0.0
 11
3318875.784622
 21
5810085.718987
 31
0.0
  0
LINE
  5
6EA
330
4
100
AcDbEntity
  8
Fernwärmeleitung
  6
Continuous
 62
     7
370
    35
100
AcDbLine
 10
3318875.784622
 20
5810085.718987
 30
0.0
 11
3318876.192561
 21
5810093.788683
 31
0.0
  0
LINE
  5
6EB
330
4
100
AcDbEntity
  8
Fernwärmeleitung
  6
Continuous
 62
     7
370
    35
100
AcDbLine
 10
3318876.192561
 20
5810093.788683
 30
0.0
 11
3318877.630725
 21
5810093.715981
 31
0.0
  0
LINE
  5
6EC
330
4
100
AcDbEntity
  8
Fernwärmeleitung
  6
Continuous
 62
     7
370
    35
100
AcDbLine
 10
3318877.630725
 20
5810093.715981
 30
0.0
 11
3318877.222785
 21
5810085.646285
 31
0.0
  0
TEXT
  5
6EE
330
4
100
AcDbEntity
  8
Fernwärmeleitung
 62
     7
370
    35
100
AcDbText
 10
3318863.861423
 20
5810108.514812
 30
0.0
 40
0.8
  1
KMR DN40/140
 50
87.106044158756
  7
3.5mm gerade
100
AcDbText
  0
LINE
  5
6EF
330
4
100
AcDbEntity
  8
Fernwärmeleitung
  6
Continuous
 62
     7
370
    35
100
AcDbLine
 10
3318864.164859
 20
5810108.179064
 30
0.0
 11
3318862.726695
 21
5810108.251766
 31
0.0
  0
LINE
  5
6F0
330
4
100
AcDbEntity
  8
Fernwärmeleitung
  6
Continuous
 62
     7
370
    35
100
AcDbLine
 10
3318862.726695
 20
5810108.251766
 30
0.0
 11
3318863.134635
 21
5810116.321462
 31
0.0
  0
LINE
  5
6F1
330
4
100
AcDbEntity
  8
Fernwärmeleitung
  6
Continuous
 62
     7
370
    35
100
AcDbLine
 10
3318863.134635
 20
5810116.321462
 30
0.0
 11
3318864.572798
 21
5810116.24876
 31
0.0
  0
LINE
  5
6F2
330
4
100
AcDbEntity
  8
Fernwärmeleitung
  6
Continuous
 62
     7
370
    35
100
AcDbLine
 10
3318864.572798
 20
5810116.24876
 30
0.0
 11
3318864.164859
 21
5810108.179064
 31
0.0
  0
TEXT
  5
6F4
330
4
100
AcDbEntity
  8
Fernwärmeleitung
 62
     7
370
    35
100
AcDbText
 10
3318883.670444
 20
5810133.211245
 30
0.0
 40
0.8
  1
KMR DN40/140
 50
87.106044132134
  7
3.5mm gerade
100
AcDbText
  0
LINE
  5
6F5
330
4
100
AcDbEntity
  8
Fernwärmeleitung
  6
Continuous
 62
     7
370
    35
100
AcDbLine
 10
3318883.97388
 20
5810132.875497
 30
0.0
 11
3318882.535716
 21
5810132.9482
 31
0.0
  0
LINE
  5
6F6
330
4
100
AcDbEntity
  8
Fernwärmeleitung
  6
Continuous
 62
     7
370
    35
100
AcDbLine
 10
3318882.535716
 20
5810132.9482
 30
0.0
 11
3318882.943656
 21
5810141.017895
 31
0.0
  0
LINE
  5
6F7
330
4
100
AcDbEntity
  8
Fernwärmeleitung
  6
Continuous
 62
     7
370
    35
100
AcDbLine
 10
3318882.943656
 20
5810141.017895
 30
0.0
 11
3318884.381819
 21
5810140.945193
 31
0.0
  0
LINE
  5
6F8
330
4
100
AcDbEntity
  8
Fernwärmeleitung
  6
Continuous
 62
     7
370
    35
100
AcDbLine
 10
3318884.381819
 20
5810140.945193
 30
0.0
 11
3318883.97388
 21
5810132.875497
 31
0.0
  0
TEXT
  5
6FA
330
4
100
AcDbEntity
  8
Fernwärmeleitung
 62
     7
370
    35
100
AcDbText
 10
3318864.118348
 20
5810101.606139
 30
0.0
 40
0.7
  1
KMR DN50/160
 50
358.413457213693
  7
3.5mm gerade
100
AcDbText
  0
LINE
  5
6FB
330
4
100
AcDbEntity
  8
Fernwärmeleitung
  6
Continuous
 62
     7
370
    35
100
AcDbLine
 10
3318863.830703
 20
5810101.333999
 30
0.0
 11
3318863.865588
 21
5810102.593516
 31
0.0
  0
LINE
  5
6FC
330
4
100
AcDbEntity
  8
Fernwärmeleitung
  6
Continuous
 62
     7
370
    35
100
AcDbLine
 10
3318863.865588
 20
5810102.593516
 30
0.0
 11
3318870.792931
 21
5810102.401646
 31
0.0
  0
LINE
  5
6FD
330
4
100
AcDbEntity
  8
Fernwärmeleitung
  6
Continuous
 62
     7
370
    35
100
AcDbLine
 10
3318870.792931
 20
5810102.401646
 30
0.0
 11
3318870.758046
 21
5810101.142129
 31
0.0
  0
LINE
  5
6FE
330
4
100
AcDbEntity
  8
Fernwärmeleitung
  6
Continuous
 62
     7
370
    35
100
AcDbLine
 10
3318870.758046
 20
5810101.142129
 30
0.0
 11
3318863.830703
 21
5810101.333999
 31
0.0
  0
TEXT
  5
700
330
4
100
AcDbEntity
  8
Beschriftumg +Trassierung
 62
     7
370
    25
100
AcDbText
 10
3318854.872542
 20
5810103.366769
 30
0.0
 40
0.5
  1
PA(o) DN50/DN40
 50
357.106044158755
  7
2.5mm gerade
100
AcDbText
  0
LINE
  5
701
330
4
100
AcDbEntity
  8
Beschriftumg +Trassierung
  6
Continuous
 62
     7
370
    25
100
AcDbLine
 10
3318858.08158
 20
5810103.104418
 30
0.0
 11
3318861.60365
 21
5810100.183016
 31
0.0
  0
TEXT
  5
703
330
4
100
AcDbEntity
  8
Fernwärmeleitung
 62
     7
370
    35
100
AcDbText
 10
3318806.189243
 20
5810113.313168
 30
0.0
 40
0.8
  1
KMR DN40/140
 50
87.10604415606402
  7
3.5mm gerade
100
AcDbText
  0
LINE
  5
704
330
4
100
AcDbEntity
  8
Fernwärmeleitung
  6
Continuous
 62
     7
370
    35
100
AcDbLine
 10
3318806.492679
 20
5810112.97742
 30
0.0
 11
3318805.054516
 21
5810113.050122
 31
0.0
  0
LINE
  5
705
330
4
100
AcDbEntity
  8
Fernwärmeleitung
  6
Continuous
 62
     7
370
    35
100
AcDbLine
 10
3318805.054516
 20
5810113.050122
 30
0.0
 11
3318805.462455
 21
5810121.119818
 31
0.0
  0
LINE
  5
706
330
4
100
AcDbEntity
  8
Fernwärmeleitung
  6
Continuous
 62
     7
370
    35
100
AcDbLine
 10
3318805.462455
 20
5810121.119818
 30
0.0
 11
3318806.900619
 21
5810121.047116
 31
0.0
  0
LINE
  5
707
330
4
100
AcDbEntity
  8
Fernwärmeleitung
  6
Continuous
 62
     7
370
    35
100
AcDbLine
 10
3318806.900619
 20
5810121.047116
 30
0.0
 11
3318806.492679
 21
5810112.97742
 31
0.0
  0
TEXT
  5
709
330
4
100
AcDbEntity
  8
Fernwärmeleitung
 62
     7
370
    35
100
AcDbText
 10
3318810.331273
 20
5810088.93204
 30
0.0
 40
0.8
  1
KMR DN40/140
 50
87.106044158756
  7
3.5mm gerade
100
AcDbText
  0
LINE
  5
70A
330
4
100
AcDbEntity
  8
Fernwärmeleitung
  6
Continuous
 62
     7
370
    35
100
AcDbLine
 10
3318810.634709
 20
5810088.596292
 30
0.0
 11
3318809.196546
 21
5810088.668994
 31
0.0
  0
LINE
  5
70B
330
4
100
AcDbEntity
  8
Fernwärmeleitung
  6
Continuous
 62
     7
370
    35
100
AcDbLine
 10
3318809.196546
 20
5810088.668994
 30
0.0
 11
3318809.604485
 21
5810096.73869
 31
0.0
  0
LINE
  5
70C
330
4
100
AcDbEntity
  8
Fernwärmeleitung
  6
Continuous
 62
     7
370
    35
100
AcDbLine
 10
3318809.604485
 20
5810096.73869
 30
0.0
 11
3318811.042649
 21
5810096.665988
 31
0.0
  0
LINE
  5
70D
330
4
100
AcDbEntity
  8
Fernwärmeleitung
  6
Continuous
 62
     7
370
    35
100
AcDbLine
 10
3318811.042649
 20
5810096.665988
 30
0.0
 11
3318810.634709
 21
5810088.596292
 31
0.0
  0
TEXT
  5
70F
330
4
100
AcDbEntity
  8
Beschriftumg +Trassierung
 62
     7
370
    25
100
AcDbText
 10
3318825.662726
 20
5810095.335562
 30
0.0
 40
0.5
  1
PA(45%%d,o) DN50/DN40
 50
357.10604415741
  7
2.5mm gerade
100
AcDbText
  0
TEXT
  5
711
330
4
100
AcDbEntity
  8
Fernwärmeleitung
 62
     7
370
    35
100
AcDbText
 10
3318825.712736
 20
5810102.590337
 30
0.0
 40
0.75
  1
DN40/140
 50
87.977218268527
  7
3.5mm gerade
100
AcDbText
  0
LINE
  5
712
330
4
100
AcDbEntity
  8
Fernwärmeleitung
  6
Continuous
 62
     7
370
    35
100
AcDbLine
 10
3318826.00196
 20
5810102.279935
 30
0.0
 11
3318824.652801
 21
5810102.327586
 31
0.0
  0
LINE
  5
713
330
4
100
AcDbEntity
  8
Fernwärmeleitung
  6
Continuous
 62
     7
370
    35
100
AcDbLine
 10
3318824.652801
 20
5810102.327586
 30
0.0
 11
3318824.830168
 21
5810107.349455
 31
0.0
  0
LINE
  5
714
330
4
100
AcDbEntity
  8
Fernwärmeleitung
  6
Continuous
 62
     7
370
    35
100
AcDbLine
 10
3318824.830168
 20
5810107.349455
 30
0.0
 11
3318826.179327
 21
5810107.301804
 31
0.0
  0
LINE
  5
715
330
4
100
AcDbEntity
  8
Fernwärmeleitung
  6
Continuous
 62
     7
370
    35
100
AcDbLine
 10
3318826.179327
 20
5810107.301804
 30
0.0
 11
3318826.00196
 21
5810102.279935
 31
0.0
  0
TEXT
  5
717
330
4
100
AcDbEntity
  8
Fernwärmeleitung
 62
     7
370
    35
100
AcDbText
 10
3318827.06687
 20
5810109.805878
 30
0.0
 40
0.8
  1
KMR DN40/140
 50
87.977218297048
  7
3.5mm gerade
100
AcDbText
  0
LINE
  5
718
330
4
100
AcDbEntity
  8
Fernwärmeleitung
  6
Continuous
 62
     7
370
    35
100
AcDbLine
 10
3318827.375376
 20
5810109.474783
 30
0.0
 11
3318825.936273
 21
5810109.52561
 31
0.0
  0
LINE
  5
719
330
4
100
AcDbEntity
  8
Fernwärmeleitung
  6
Continuous
 62
     7
370
    35
100
AcDbLine
 10
3318825.936273
 20
5810109.52561
 30
0.0
 11
3318826.221472
 21
5810117.600575
 31
0.0
  0
LINE
  5
71A
330
4
100
AcDbEntity
  8
Fernwärmeleitung
  6
Continuous
 62
     7
370
    35
100
AcDbLine
 10
3318826.221472
 20
5810117.600575
 30
0.0
 11
3318827.660575
 21
5810117.549748
 31
0.0
  0
LINE
  5
71B
330
4
100
AcDbEntity
  8
Fernwärmeleitung
  6
Continuous
 62
     7
370
    35
100
AcDbLine
 10
3318827.660575
 20
5810117.549748
 30
0.0
 11
3318827.375376
 21
5810109.474783
 31
0.0
  0
TEXT
  5
71D
330
4
100
AcDbEntity
  8
Fernwärmeleitung
 62
     7
370
    35
100
AcDbText
 10
3318814.41643
 20
5810102.541751
 30
0.0
 40
0.8
  1
KMR DN50/160
 50
358.3430606622329
  7
3.5mm gerade
100
AcDbText
  0
LINE
  5
71E
330
4
100
AcDbEntity
  8
Fernwärmeleitung
  6
Continuous
 62
     7
370
    35
100
AcDbLine
 10
3318814.087311
 20
5810102.231137
 30
0.0
 11
3318814.128949
 21
5810103.670535
 31
0.0
  0
LINE
  5
71F
330
4
100
AcDbEntity
  8
Fernwärmeleitung
  6
Continuous
 62
     7
370
    35
100
AcDbLine
 10
3318814.128949
 20
5810103.670535
 30
0.0
 11
3318822.045637
 21
5810103.441528
 31
0.0
  0
LINE
  5
720
330
4
100
AcDbEntity
  8
Fernwärmeleitung
  6
Continuous
 62
     7
370
    35
100
AcDbLine
 10
3318822.045637
 20
5810103.441528
 30
0.0
 11
3318822.004
 21
5810102.002131
 31
0.0
  0
LINE
  5
721
330
4
100
AcDbEntity
  8
Fernwärmeleitung
  6
Continuous
 62
     7
370
    35
100
AcDbLine
 10
3318822.004
 20
5810102.002131
 30
0.0
 11
3318814.087311
 21
5810102.231137
 31
0.0
  0
TEXT
  5
723
330
4
100
AcDbEntity
  8
Beschriftumg +Trassierung
 62
     7
370
    25
100
AcDbText
 10
3318812.506287
 20
5810103.390617
 30
0.0
 40
0.5
  1
TA(45%%d,o) DN50/DN40
 50
86.897642612327
  7
2.5mm gerade
100
AcDbText
  0
TEXT
  5
725
330
4
100
AcDbEntity
  8
Beschriftumg +Trassierung
 62
     7
370
    25
100
AcDbText
 10
3318856.592884
 20
5810068.924166
 30
0.0
 40
0.75
  1
Kunststoffmantelrohr Innen%%c:200, Au%%223en%%c:400
 50
357.113688626229
  7
2.5mm gerade
100
AcDbText
  0
TEXT
  5
727
330
4
100
AcDbEntity
  8
Beschriftumg +Trassierung
 62
     7
370
    25
100
AcDbText
 10
3318937.890077
 20
5810048.902995
 30
0.0
 40
0.7
  1
Hosenst%%252ck
 50
357.2217983668779
  7
2.5mm gerade
100
AcDbText
  0
TEXT
  5
729
330
4
100
AcDbEntity
  8
Fernwärmeleitung
 62
     7
370
    35
100
AcDbText
 10
3318734.136371
 20
5810077.826252
 30
0.0
 40
0.8
  1
KMR-Flex DN20/75
 50
357.4668419990459
  7
3.5mm gerade
100
AcDbText
  0
LINE
  5
72A
330
4
100
AcDbEntity
  8
Fernwärmeleitung
  6
Continuous
 62
     7
370
    35
100
AcDbLine
 10
3318733.80254
 20
5810077.520708
 30
0.0
 11
3318733.866185
 21
5810078.959301
 31
0.0
  0
LINE
  5
72B
330
4
100
AcDbEntity
  8
Fernwärmeleitung
  6
Continuous
 62
     7
370
    35
100
AcDbLine
 10
3318733.866185
 20
5810078.959301
 30
0.0
 11
3318744.415866
 21
5810078.492575
 31
0.0
  0
LINE
  5
72C
330
4
100
AcDbEntity
  8
Fernwärmeleitung
  6
Continuous
 62
     7
370
    35
100
AcDbLine
 10
3318744.415866
 20
5810078.492575
 30
0.0
 11
3318744.352222
 21
5810077.053982
 31
0.0
  0
LINE
  5
72D
330
4
100
AcDbEntity
  8
Fernwärmeleitung
  6
Continuous
 62
     7
370
    35
100
AcDbLine
 10
3318744.352222
 20
5810077.053982
 30
0.0
 11
3318733.80254
 21
5810077.520708
 31
0.0
  0
TEXT
  5
72F
330
4
100
AcDbEntity
  8
Beschriftumg +Trassierung
 62
     7
370
    25
100
AcDbText
 10
3318815.979103
 20
5810099.373263
 30
0.0
 40
0.48
  1
3.0
 50
87.61874980752
 51
15.000035076525
  7
2.6 mm rechts
 72
     1
 11
3318815.996641
 21
5810099.795015
 31
0.0
100
AcDbText
  0
TEXT
  5
731
330
4
100
AcDbEntity
  8
Beschriftumg +Trassierung
 62
     7
370
    25
100
AcDbText
 10
3318819.843157
 20
5810098.326061
 30
0.0
 40
0.48
  1
8.2
 50
357.497984171882
 51
15.000035076525
  7
2.6 mm rechts
 72
     1
 11
3318820.288848
 21
5810098.306586
 31
0.0
100
AcDbText
  0
TEXT
  5
733
330
4
100
AcDbEntity
  8
Beschriftumg +Trassierung
 62
     7
370
    25
100
AcDbText
 10
3318827.158859
 20
5810107.842836
 30
0.0
 40
0.48
  1
1,8
 50
357.10604415741
 51
15.000035076525
  7
2.6 mm rechts
100
AcDbText
  0
TEXT
  5
735
330
4
100
AcDbEntity
  8
Beschriftumg +Trassierung
 62
     7
370
    25
100
AcDbText
 10
3318813.239478
 20
5810097.718178
 30
0.0
 40
0.48
  1
5,6
 50
357.10604415741
 51
15.000035076525
  7
2.6 mm rechts
100
AcDbText
  0
TEXT
  5
737
330
4
100
AcDbEntity
  8
Beschriftumg +Trassierung
 62
     7
370
    25
100
AcDbText
 10
3318883.55791
 20
5810130.713231
 30
0.0
 40
0.48
  1
1,7
 50
357.106044158755
 51
15.000035076525
  7
2.6 mm rechts
100
AcDbText
  0
TEXT
  5
739
330
4
100
AcDbEntity
  8
Beschriftumg +Trassierung
 62
     7
370
    25
100
AcDbText
 10
3318870.134764
 20
5810123.651648
 30
0.0
 40
0.48
  1
8.9
 50
357.661070267595
 51
15.000035076525
  7
2.6 mm rechts
 72
     1
 11
3318870.556529
 21
5810123.634421
 31
0.0
100
AcDbText
  0
TEXT
  5
73B
330
4
100
AcDbEntity
  8
Beschriftumg +Trassierung
 62
     7
370
    25
100
AcDbText
 10
3318864.202396
 20
5810106.345213
 30
0.0
 40
0.48
  1
1,9
 50
357.10604415741
 51
15.000035076525
  7
2.6 mm rechts
100
AcDbText
  0
TEXT
  5
73D
330
4
100
AcDbEntity
  8
Beschriftumg +Trassierung
 62
     7
370
    25
100
AcDbText
 10
3318879.417053
 20
5810094.85631
 30
0.0
 40
0.48
  1
5,6
 50
357.1060441041669
 51
15.000035076525
  7
2.6 mm rechts
100
AcDbText
  0
TEXT
  5
73F
330
4
100
AcDbEntity
  8
Beschriftumg +Trassierung
 62
     7
370
    25
100
AcDbText
 10
3318866.686435
 20
5810097.646649
 30
0.0
 40
0.48
  1
3.0
 50
86.30455661300302
 51
15.000035076525
  7
2.6 mm rechts
 72
     1
 11
3318866.713641
 21
5810098.067888
 31
0.0
100
AcDbText
  0
TEXT
  5
741
330
4
100
AcDbEntity
  8
Beschriftumg +Trassierung
 62
     7
370
    25
100
AcDbText
 10
3318853.792457
 20
5810096.91924
 30
0.0
 40
0.48
  1
7.2
 50
357.716685529222
 51
15.000035076525
  7
2.6 mm rechts
 72
     1
 11
3318854.2622
 21
5810096.90051
 31
0.0
100
AcDbText
  0
TEXT
  5
743
330
4
100
AcDbEntity
  8
Beschriftumg +Trassierung
 62
     7
370
    25
100
AcDbText
 10
3318854.116873
 20
5810077.609929
 30
0.0
 40
0.48
  1
5.1
 50
357.620543143991
 51
15.000035076525
  7
2.6 mm rechts
 72
     1
 11
3318854.514646
 21
5810077.5934
 31
0.0
100
AcDbText
  0
TEXT
  5
745
330
4
100
AcDbEntity
  8
Beschriftumg +Trassierung
 62
     7
370
    25
100
AcDbText
 10
3318856.92413
 20
5810080.290353
 30
0.0
 40
0.48
  1
6.8
 50
87.62054309293998
 51
15.000035076525
  7
2.6 mm rechts
 72
     1
 11
3318856.941655
 21
5810080.712106
 31
0.0
100
AcDbText
  0
TEXT
  5
747
330
4
100
AcDbEntity
  8
Lageplan sonstiges
 62
     7
370
    18
100
AcDbText
 10
3318867.511729
 20
5810095.859545
 30
0.0
 40
0.36
  1
48.60
 50
357.10604415741
  7
1.8mm gerade
 72
     1
 11
3318868.069215
 21
5810096.191822
 31
0.0
100
AcDbText
 73
     3
  0
TEXT
  5
749
330
4
100
AcDbEntity
  8
Lageplan sonstiges
 62
     7
370
    18
100
AcDbText
 10
3318872.324359
 20
5810095.659925
 30
0.0
 40
0.36
  1
48.61
 50
357.10604415741
  7
1.8mm gerade
 72
     1
 11
3318872.863869
 21
5810095.993111
 31
0.0
100
AcDbText
 73
     3
  0
TEXT
  5
74B
330
4
100
AcDbEntity
  8
Lageplan sonstiges
 62
     7
370
    18
100
AcDbText
 10
3318861.960391
 20
5810082.611425
 30
0.0
 40
0.36
  1
49.48
 50
357.10604415741
  7
1.8mm gerade
 11
3318861.969479
 21
5810082.791195
 31
0.0
100
AcDbText
 73
     2
  0
TEXT
  5
74D
330
4
100
AcDbEntity
  8
Lageplan sonstiges
 62
     7
370
    18
100
AcDbText
 10
3318847.175393
 20
5810101.127013
 30
0.0
 40
0.36
  1
48.55
 50
357.106044158755
  7
1.8mm gerade
 72
     2
 11
3318848.254016
 21
5810101.072487
 31
0.0
100
AcDbText
  0
TEXT
  5
74F
330
4
100
AcDbEntity
  8
Lageplan sonstiges
 62
     7
370
    18
100
AcDbText
 10
3318865.199458
 20
5810103.707265
 30
0.0
 40
0.36
  1
48.53
 50
357.10604415741
  7
1.8mm gerade
 72
     2
 11
3318866.278081
 21
5810103.652739
 31
0.0
100
AcDbText
  0
TEXT
  5
751
330
4
100
AcDbEntity
  8
Lageplan sonstiges
 62
     7
370
    18
100
AcDbText
 10
3318871.829087
 20
5810101.834654
 30
0.0
 40
0.36
  1
48.29
 50
357.10604415741
  7
1.8mm gerade
100
AcDbText
  0
TEXT
  5
753
330
4
100
AcDbEntity
  8
Lageplan sonstiges
 62
     7
370
    18
100
AcDbText
 10
3318871.459423
 20
5810126.261792
 30
0.0
 40
0.36
  1
48.80
 50
357.10604415741
  7
1.8mm gerade
 72
     2
 11
3318872.538045
 21
5810126.207265
 31
0.0
100
AcDbText
  0
TEXT
  5
755
330
4
100
AcDbEntity
  8
Lageplan sonstiges
 62
     7
370
    18
100
AcDbText
 10
3318853.623542
 20
5810083.022174
 30
0.0
 40
0.36
  1
48.89
 50
357.10604415741
  7
1.8mm gerade
 72
     1
 11
3318854.162853
 21
5810082.994911
 31
0.0
100
AcDbText
  0
TEXT
  5
757
330
4
100
AcDbEntity
  8
Lageplan sonstiges
 62
     7
370
    18
100
AcDbText
 10
3318854.695556
 20
5810068.42434
 30
0.0
 40
0.36
  1
48.23
 50
357.106044158755
  7
1.8mm gerade
 11
3318854.704644
 21
5810068.604111
 31
0.0
100
AcDbText
 73
     2
  0
TEXT
  5
759
330
4
100
AcDbEntity
  8
Lageplan sonstiges
 62
     7
370
    18
100
AcDbText
 10
3318902.080041
 20
5810058.646216
 30
0.0
 40
0.44
  1
48.16
 50
357.106044158755
  7
1.8mm gerade
 72
     2
 11
3318903.376628
 21
5810059.021233
 31
0.0
100
AcDbText
 73
     3
  0
TEXT
  5
75B
330
4
100
AcDbEntity
  8
Lageplan sonstiges
 62
     7
370
    18
100
AcDbText
 10
3318884.63796
 20
5810059.436184
 30
0.0
 40
0.36
  1
48.18
 50
357.10604415741
  7
1.8mm gerade
 72
     2
 11
3318885.698805
 21
5810059.743015
 31
0.0
100
AcDbText
 73
     3
  0
TEXT
  5
75D
330
4
100
AcDbEntity
  8
Lageplan sonstiges
 62
     7
370
    18
100
AcDbText
 10
3318849.028519
 20
5810061.123607
 30
0.0
 40
0.36
  1
48.06
 50
357.106044105513
  7
1.8mm gerade
 72
     2
 11
3318850.125317
 21
5810061.428621
 31
0.0
100
AcDbText
 73
     3
  0
TEXT
  5
75F
330
4
100
AcDbEntity
  8
Lageplan sonstiges
 62
     7
370
    18
100
AcDbText
 10
3318868.210681
 20
5810059.577817
 30
0.0
 40
0.36
  1
48.11
 50
357.10604415741
  7
1.8mm gerade
 11
3318868.228856
 21
5810059.937357
 31
0.0
100
AcDbText
 73
     3
  0
TEXT
  5
761
330
4
100
AcDbEntity
  8
Lageplan sonstiges
 62
     7
370
    18
100
AcDbText
 10
3318832.470044
 20
5810062.00878
 30
0.0
 40
0.36
  1
48.01
 50
357.10604415741
  7
1.8mm gerade
 11
3318832.488219
 21
5810062.368321
 31
0.0
100
AcDbText
 73
     3
  0
TEXT
  5
763
330
4
100
AcDbEntity
  8
Lageplan sonstiges
 62
     7
370
    18
100
AcDbText
 10
3318809.566294
 20
5810063.115847
 30
0.0
 40
0.36
  1
47.90
 50
357.106044158755
  7
1.8mm gerade
 11
3318809.584469
 21
5810063.475388
 31
0.0
100
AcDbText
 73
     3
  0
TEXT
  5
765
330
4
100
AcDbEntity
  8
Lageplan sonstiges
 62
     7
370
    18
100
AcDbText
 10
3318779.239862
 20
5810065.029793
 30
0.0
 40
0.36
  1
47.87
 50
357.106044158755
  7
1.8mm gerade
 72
     2
 11
3318780.390392
 21
5810064.971632
 31
0.0
100
AcDbText
  0
TEXT
  5
767
330
4
100
AcDbEntity
  8
Lageplan sonstiges
 62
     7
370
    18
100
AcDbText
 10
3318797.318686
 20
5810063.603004
 30
0.0
 40
0.36
  1
47.90
 50
357.10604415741
  7
1.8mm gerade
 11
3318797.336862
 21
5810063.962545
 31
0.0
100
AcDbText
 73
     3
  0
TEXT
  5
769
330
4
100
AcDbEntity
  8
Lageplan sonstiges
 62
     7
370
    18
100
AcDbText
 10
3318842.067026
 20
5810073.845208
 30
0.0
 40
0.36
  1
48.02
 50
357.106044105513
  7
1.8mm gerade
 11
3318842.085202
 21
5810074.204748
 31
0.0
100
AcDbText
 73
     3
  0
TEXT
  5
76B
330
4
100
AcDbEntity
  8
Lageplan sonstiges
 62
     7
370
    18
100
AcDbText
 10
3318819.341456
 20
5810074.804431
 30
0.0
 40
0.36
  1
47.99
 50
357.106044158755
  7
1.8mm gerade
 72
     2
 11
3318820.474208
 21
5810075.107628
 31
0.0
100
AcDbText
 73
     3
  0
TEXT
  5
76D
330
4
100
AcDbEntity
  8
Lageplan sonstiges
 62
     7
370
    18
100
AcDbText
 10
3318816.218802
 20
5810077.803652
 30
0.0
 40
0.36
  1
48.08
 50
357.10604415741
  7
1.8mm gerade
 72
     2
 11
3318817.3156
 21
5810078.108666
 31
0.0
100
AcDbText
 73
     3
  0
TEXT
  5
76F
330
4
100
AcDbEntity
  8
Lageplan sonstiges
 62
     7
370
    18
100
AcDbText
 10
3318806.960543
 20
5810077.56149
 30
0.0
 40
0.36
  1
47.90
 50
357.10604415741
  7
1.8mm gerade
 11
3318806.969631
 21
5810077.741261
 31
0.0
100
AcDbText
 73
     2
  0
TEXT
  5
771
330
4
100
AcDbEntity
  8
Lageplan sonstiges
 62
     7
370
    18
100
AcDbText
 10
3318792.557412
 20
5810077.206587
 30
0.0
 40
0.36
  1
47.83
 50
357.10604415741
  7
1.8mm gerade
100
AcDbText
  0
TEXT
  5
773
330
4
100
AcDbEntity
  8
Lageplan sonstiges
 62
     7
370
    18
100
AcDbText
 10
3318781.511591
 20
5810079.873952
 30
0.0
 40
0.36
  1
47.85
 50
357.106044158755
  7
1.8mm gerade
 72
     2
 11
3318782.644343
 21
5810080.177148
 31
0.0
100
AcDbText
 73
     3
  0
TEXT
  5
775
330
4
100
AcDbEntity
  8
Lageplan sonstiges
 62
     7
370
    18
100
AcDbText
 10
3318785.84142
 20
5810082.532626
 30
0.0
 40
0.36
  1
47.89
 50
357.106044158755
  7
1.8mm gerade
100
AcDbText
  0
TEXT
  5
777
330
4
100
AcDbEntity
  8
Lageplan sonstiges
 62
     7
370
    18
100
AcDbText
 10
3318817.405126
 20
5810083.474782
 30
0.0
 40
0.36
  1
48.80
 50
357.106044158755
  7
1.8mm gerade
 72
     2
 11
3318818.501924
 21
5810083.779796
 31
0.0
100
AcDbText
 73
     3
  0
TEXT
  5
779
330
4
100
AcDbEntity
  8
Lageplan sonstiges
 62
     7
370
    18
100
AcDbText
 10
3318820.128538
 20
5810099.318442
 30
0.0
 40
0.36
  1
48.87
 50
357.106044105513
  7
1.8mm gerade
100
AcDbText
  0
TEXT
  5
77B
330
4
100
AcDbEntity
  8
Lageplan sonstiges
 62
     7
370
    18
100
AcDbText
 10
3318816.838374
 20
5810099.322391
 30
0.0
 40
0.36
  1
48.87
 50
357.106044158755
  7
1.8mm gerade
100
AcDbText
  0
MTEXT
  5
77D
330
4
100
AcDbEntity
  8
sonstige Leitungen TW_SW_RW_El
 62
     7
370
    25
100
AcDbMText
 10
3318789.63733
 20
5810101.036311
 30
0.0
 40
0.4
 41
0.0
 71
     1
 72
     1
  1
SW-Schacht\PDeckeloberkante:48.84
  7
2.5mm gerade
 11
0.9987246685388178
 21
-0.05048798324382371
 31
0.0
 73
     1
 44
0.69
  0
TEXT
  5
77F
330
4
100
AcDbEntity
  8
Lageplan sonstiges
 62
     7
370
    18
100
AcDbText
 10
3318805.613424
 20
5810098.53623
 30
0.0
 40
0.36
  1
48.67
 50
357.106044158755
  7
1.8mm gerade
 72
     1
 11
3318806.188888
 21
5810098.867599
 31
0.0
100
AcDbText
 73
     3
  0
TEXT
  5
781
330
4
100
AcDbEntity
  8
Lageplan sonstiges
 62
     7
370
    18
100
AcDbText
 10
3318800.754419
 20
5810098.738649
 30
0.0
 40
0.36
  1
48.66
 50
357.106044158755
  7
1.8mm gerade
 72
     1
 11
3318801.311906
 21
5810099.070927
 31
0.0
100
AcDbText
 73
     3
  0
TEXT
  5
783
330
4
100
AcDbEntity
  8
Lageplan sonstiges
 62
     7
370
    18
100
AcDbText
 10
3318814.654198
 20
5810096.051524
 30
0.0
 40
0.36
  1
49.50
 50
357.106044158755
  7
1.8mm gerade
 72
     2
 11
3318815.741908
 21
5810096.176768
 31
0.0
100
AcDbText
 73
     2
  0
TEXT
  5
785
330
4
100
AcDbEntity
  8
Lageplan sonstiges
 62
     7
370
    18
100
AcDbText
 10
3318809.824929
 20
5810084.771713
 30
0.0
 40
0.36
  1
49.50
 50
357.1060441041669
  7
1.8mm gerade
 72
     2
 11
3318810.912639
 21
5810084.896956
 31
0.0
100
AcDbText
 73
     2
  0
TEXT
  5
787
330
4
100
AcDbEntity
  8
Beschriftumg +Trassierung
 62
     7
370
    25
100
AcDbText
 10
3318794.739563
 20
5810082.097903
 30
0.0
 40
0.48
  1
3.5
 50
87.205500578057
 51
15.000035076525
  7
2.6 mm rechts
 72
     1
 11
3318794.760143
 21
5810082.519517
 31
0.0
100
AcDbText
  0
TEXT
  5
789
330
4
100
AcDbEntity
  8
Fernwärmeleitung
 62
     7
370
    35
100
AcDbText
 10
3318809.65146
 20
5810097.2905
 30
0.0
 40
0.7
  1
VR
 50
357.106044158755
  7
3.5mm gerade
100
AcDbText
  0
TEXT
  5
78B
330
4
100
AcDbEntity
  8
Fernwärmeleitung
 62
     7
370
    35
100
AcDbText
 10
3318825.841705
 20
5810108.224239
 30
0.0
 40
0.7
  1
RV
 50
357.106044105513
  7
3.5mm gerade
100
AcDbText
  0
TEXT
  5
78D
330
4
100
AcDbEntity
  8
Fernwärmeleitung
 62
     7
370
    35
100
AcDbText
 10
3318862.717828
 20
5810106.986626
 30
0.0
 40
0.7
  1
RV
 50
357.106044158755
  7
3.5mm gerade
100
AcDbText
  0
TEXT
  5
78F
330
4
100
AcDbEntity
  8
Fernwärmeleitung
 62
     7
370
    35
100
AcDbText
 10
3318882.499439
 20
5810131.510574
 30
0.0
 40
0.7
  1
RV
 50
357.106044158755
  7
3.5mm gerade
100
AcDbText
  0
TEXT
  5
791
330
4
100
AcDbEntity
  8
Fernwärmeleitung
 62
     7
370
    35
100
AcDbText
 10
3318876.300793
 20
5810094.246346
 30
0.0
 40
0.7
  1
VR
 50
357.10604415741
  7
3.5mm gerade
100
AcDbText
  0
TEXT
  5
793
330
4
100
AcDbEntity
  8
Lageplan sonstiges
 62
     7
370
    18
100
AcDbText
 10
3318881.108066
 20
5810131.06445
 30
0.0
 40
0.36
  1
49.35
 50
357.106044158755
  7
1.8mm gerade
 72
     2
 11
3318882.186689
 21
5810131.009923
 31
0.0
100
AcDbText
  0
TEXT
  5
795
330
4
100
AcDbEntity
  8
Lageplan sonstiges
 62
     7
370
    18
100
AcDbText
 10
3318876.563875
 20
5810131.250959
 30
0.0
 40
0.36
  1
49.34
 50
357.106044158755
  7
1.8mm gerade
 72
     1
 11
3318877.121163
 21
5810131.222787
 31
0.0
100
AcDbText
  0
TEXT
  5
797
330
4
100
AcDbEntity
  8
Lageplan sonstiges
 62
     7
370
    18
100
AcDbText
 10
3318873.390563
 20
5810131.346332
 30
0.0
 40
0.36
  1
49.34
 50
357.106044158755
  7
1.8mm gerade
 72
     1
 11
3318873.947852
 21
5810131.31816
 31
0.0
100
AcDbText
  0
TEXT
  5
799
330
4
100
AcDbEntity
  8
Rohroberkante
 62
   212
420
 13238474
370
    25
100
AcDbText
 10
3318882.841661
 20
5810127.903205
 30
0.0
 40
0.4
  1
ROK:47.74
 50
87.12625331092
 51
15.000035076525
  7
2.0 mm rechts lila
 72
     2
 11
3318882.969182
 21
5810130.443534
 31
0.0
100
AcDbText
  0
TEXT
  5
79B
330
4
100
AcDbEntity
  8
Rohroberkante
 62
   212
420
 13238474
370
    25
100
AcDbText
 10
3318880.449581
 20
5810124.586267
 30
0.0
 40
0.4
  1
ROK:47.00
 50
358.2437910263079
 51
15.000035076525
  7
2.0 mm rechts lila
 72
     2
 11
3318882.92421
 21
5810124.91058
 31
0.0
100
AcDbText
 73
     3
  0
TEXT
  5
79D
330
4
100
AcDbEntity
  8
Rohroberkante
 62
   212
420
 13238474
370
    25
100
AcDbText
 10
3318883.294933
 20
5810125.488764
 30
0.0
 40
0.4
  1
ROK:47.70
 50
358.243791027125
 51
15.000035076525
  7
2.0 mm rechts lila
100
AcDbText
  0
TEXT
  5
79F
330
4
100
AcDbEntity
  8
Rohroberkante
 62
   212
420
 13238474
370
    25
100
AcDbText
 10
3318874.734385
 20
5810126.085572
 30
0.0
 40
0.4
  1
ROK:47.19
 50
356.680059269452
 51
15.000035076525
  7
2.0 mm rechts lila
100
AcDbText
  0
TEXT
  5
7A1
330
4
100
AcDbEntity
  8
Rohroberkante
 62
   212
420
 13238474
370
    25
100
AcDbText
 10
3318863.135152
 20
5810103.497532
 30
0.0
 40
0.4
  1
ROK:47.97
 50
88.334649622784
 51
15.000035076525
  7
2.0 mm rechts lila
 72
     2
 11
3318863.207909
 21
5810106.000002
 31
0.0
100
AcDbText
  0
TEXT
  5
7A3
330
4
100
AcDbEntity
  8
Rohroberkante
 62
   212
420
 13238474
370
    25
100
AcDbText
 10
3318860.361934
 20
5810100.490596
 30
0.0
 40
0.4
  1
ROK:47.54
 50
357.776201451616
 51
15.000035076525
  7
2.0 mm rechts lila
 72
     1
 11
3318861.612756
 21
5810100.442024
 31
0.0
100
AcDbText
  0
TEXT
  5
7A5
330
4
100
AcDbEntity
  8
Rohroberkante
 62
   212
420
 13238474
370
    25
100
AcDbText
 10
3318850.380234
 20
5810100.785318
 30
0.0
 40
0.4
  1
ROK:47.32
 50
357.776201398346
 51
15.000035076525
  7
2.0 mm rechts lila
100
AcDbText
  0
TEXT
  5
7A7
330
4
100
AcDbEntity
  8
Rohroberkante
 62
   212
420
 13238474
370
    25
100
AcDbText
 10
3318863.084216
 20
5810099.069694
 30
0.0
 40
0.4
  1
ROK:47.29
 50
357.776201451616
 51
15.000035076525
  7
2.0 mm rechts lila
 72
     1
 11
3318864.350558
 21
5810099.42082
 31
0.0
100
AcDbText
 73
     3
  0
TEXT
  5
7A9
330
4
100
AcDbEntity
  8
Rohroberkante
 62
   212
420
 13238474
370
    25
100
AcDbText
 10
3318872.24136
 20
5810098.735279
 30
0.0
 40
0.4
  1
ROK:47.30
 50
357.776201398346
 51
15.000035076525
  7
2.0 mm rechts lila
 11
3318872.256881
 21
5810099.134978
 31
0.0
100
AcDbText
 73
     3
  0
TEXT
  5
7AB
330
4
100
AcDbEntity
  8
Rohroberkante
 62
   212
420
 13238474
370
    25
100
AcDbText
 10
3318870.615848
 20
5810100.096031
 30
0.0
 40
0.4
  1
ROK:47.56
 50
357.776201398346
 51
15.000035076525
  7
2.0 mm rechts lila
 72
     1
 11
3318871.846684
 21
5810100.048235
 31
0.0
100
AcDbText
  0
TEXT
  5
7AD
330
4
100
AcDbEntity
  8
Rohroberkante
 62
   212
420
 13238474
370
    25
100
AcDbText
 10
3318877.616087
 20
5810096.250312
 30
0.0
 40
0.4
  1
ROK:47.81
 50
357.776201398346
 51
15.000035076525
  7
2.0 mm rechts lila
100
AcDbText
  0
TEXT
  5
7AF
330
4
100
AcDbEntity
  8
Rohroberkante
 62
   212
420
 13238474
370
    25
100
AcDbText
 10
3318876.556842
 20
5810099.82018
 30
0.0
 40
0.4
  1
ROK:47.70
 50
357.776201451616
 51
15.000035076525
  7
2.0 mm rechts lila
100
AcDbText
  0
TEXT
  5
7B1
330
4
100
AcDbEntity
  8
Rohroberkante
 62
   212
420
 13238474
370
    25
100
AcDbText
 10
3318874.39684
 20
5810101.616633
 30
0.0
 40
0.4
  1
ROK:47.22
 50
86.601371547223
 51
15.000035076525
  7
2.0 mm rechts lila
 11
3318873.997543
 21
5810101.640346
 31
0.0
100
AcDbText
 73
     3
  0
TEXT
  5
7B3
330
4
100
AcDbEntity
  8
Rohroberkante
 62
   212
420
 13238474
370
    25
100
AcDbText
 10
3318873.780824
 20
5810113.202428
 30
0.0
 40
0.4
  1
ROK:47.17
 50
86.601371573832
 51
15.000035076525
  7
2.0 mm rechts lila
100
AcDbText
  0
TEXT
  5
7B5
330
4
100
AcDbEntity
  8
Beschriftumg +Trassierung
 62
     7
370
    25
100
AcDbText
 10
3318881.487714
 20
5810093.68883
 30
0.0
 40
0.48
  1
 8.3 
 50
176.698797589256
 51
15.000035076525
  7
2.6 mm rechts
100
AcDbText
  0
LINE
  5
7B6
330
4
100
AcDbEntity
  8
Beschriftumg +Trassierung
  6
Continuous
 62
     7
370
    25
100
AcDbLine
 10
3318881.685477
 20
5810093.783199
 30
0.0
 11
3318879.788396
 21
5810093.892624
 31
0.0
  0
LINE
  5
7B7
330
4
100
AcDbEntity
  8
Beschriftumg +Trassierung
  6
Continuous
 62
     7
370
    25
100
AcDbLine
 10
3318881.690452
 20
5810093.869455
 30
0.0
 11
3318879.793372
 21
5810093.97888
 31
0.0
  0
LINE
  5
7B8
330
4
100
AcDbEntity
  8
Beschriftumg +Trassierung
  6
Continuous
 62
     7
370
    25
100
AcDbLine
 10
3318879.793372
 20
5810093.97888
 30
0.0
 11
3318876.896871
 21
5810095.729604
 31
0.0
  0
TEXT
  5
7BA
330
4
100
AcDbEntity
  8
Beschriftumg +Trassierung
 62
     7
370
    25
100
AcDbText
 10
3318881.873227
 20
5810099.178406
 30
0.0
 40
0.48
  1
%%U 4.8 %%U
 50
177.117161505945
 51
15.000035076525
  7
2.6 mm rechts
100
AcDbText
  0
LINE
  5
7BB
330
4
100
AcDbEntity
  8
Beschriftumg +Trassierung
  6
Continuous
 62
     7
370
    25
100
AcDbLine
 10
3318880.128873
 20
5810099.458491
 30
0.0
 11
3318876.988846
 21
5810099.177154
 31
0.0
  0
TEXT
  5
7BD
330
4
100
AcDbEntity
  8
Beschriftumg +Trassierung
 62
     7
370
    25
100
AcDbText
 10
3318871.283306
 20
5810098.201394
 30
0.0
 40
0.48
  1
%%U 0.0 %%U
 50
266.662719328025
 51
15.000035076525
  7
2.6 mm rechts
100
AcDbText
  0
LINE
  5
7BE
330
4
100
AcDbEntity
  8
Beschriftumg +Trassierung
  6
Continuous
 62
     7
370
    25
100
AcDbLine
 10
3318871.102809
 20
5810098.404245
 30
0.0
 11
3318872.151602
 21
5810099.395966
 31
0.0
  0
TEXT
  5
7C0
330
4
100
AcDbEntity
  8
Beschriftumg +Trassierung
 62
     7
370
    25
100
AcDbText
 10
3318866.435888
 20
5810105.572295
 30
0.0
 40
0.48
  1
 8.2 
 50
357.654949972929
 51
15.000035076525
  7
2.6 mm rechts
100
AcDbText
  0
LINE
  5
7C1
330
4
100
AcDbEntity
  8
Beschriftumg +Trassierung
  6
Continuous
 62
     7
370
    25
100
AcDbLine
 10
3318866.239728
 20
5810105.47464
 30
0.0
 11
3318868.18633
 21
5810105.394923
 31
0.0
  0
LINE
  5
7C2
330
4
100
AcDbEntity
  8
Beschriftumg +Trassierung
  6
Continuous
 62
     7
370
    25
100
AcDbLine
 10
3318866.236193
 20
5810105.388312
 30
0.0
 11
3318868.182795
 21
5810105.308595
 31
0.0
  0
LINE
  5
7C3
330
4
100
AcDbEntity
  8
Beschriftumg +Trassierung
  6
Continuous
 62
     7
370
    25
100
AcDbLine
 10
3318866.236193
 20
5810105.388312
 30
0.0
 11
3318863.721634
 21
5810106.156037
 31
0.0
  0
TEXT
  5
7C5
330
4
100
AcDbEntity
  8
Beschriftumg +Trassierung
 62
     7
370
    25
100
AcDbText
 10
3318865.467744
 20
5810100.522618
 30
0.0
 40
0.48
  1
%%U 1.7 %%U
 50
359.0698488693761
 51
15.000035076525
  7
2.6 mm rechts
100
AcDbText
  0
LINE
  5
7C6
330
4
100
AcDbEntity
  8
Beschriftumg +Trassierung
  6
Continuous
 62
     7
370
    25
100
AcDbLine
 10
3318865.272652
 20
5810100.33376
 30
0.0
 11
3318863.571408
 21
5810099.704197
 31
0.0
  0
TEXT
  5
7C8
330
4
100
AcDbEntity
  8
Beschriftumg +Trassierung
 62
     7
370
    25
100
AcDbText
 10
3318863.336302
 20
5810096.828549
 30
0.0
 40
0.48
  1
%%U 0.0 %%U
 50
357.2905324978601
 51
15.000035076525
  7
2.6 mm rechts
100
AcDbText
  0
LINE
  5
7C9
330
4
100
AcDbEntity
  8
Beschriftumg +Trassierung
  6
Continuous
 62
     7
370
    25
100
AcDbLine
 10
3318863.135441
 20
5810096.64584
 30
0.0
 11
3318861.894988
 21
5810099.694806
 31
0.0
  0
TEXT
  5
7CB
330
4
100
AcDbEntity
  8
Beschriftumg +Trassierung
 62
     7
370
    25
100
AcDbText
 10
3318886.471269
 20
5810129.451413
 30
0.0
 40
0.48
  1
 86.1 
 50
357.566736628626
 51
15.000035076525
  7
2.6 mm rechts
100
AcDbText
  0
LINE
  5
7CC
330
4
100
AcDbEntity
  8
Beschriftumg +Trassierung
  6
Continuous
 62
     7
370
    25
100
AcDbLine
 10
3318886.274959
 20
5810129.35406
 30
0.0
 11
3318888.461219
 21
5810129.261157
 31
0.0
  0
LINE
  5
7CD
330
4
100
AcDbEntity
  8
Beschriftumg +Trassierung
  6
Continuous
 62
     7
370
    25
100
AcDbLine
 10
3318886.271291
 20
5810129.267738
 30
0.0
 11
3318888.457551
 21
5810129.174835
 31
0.0
  0
LINE
  5
7CE
330
4
100
AcDbEntity
  8
Beschriftumg +Trassierung
  6
Continuous
 62
     7
370
    25
100
AcDbLine
 10
3318886.271291
 20
5810129.267738
 30
0.0
 11
3318883.412316
 21
5810130.529745
 31
0.0
  0
TEXT
  5
7D0
330
4
100
AcDbEntity
  8
Beschriftumg +Trassierung
 62
     7
370
    25
100
AcDbText
 10
3318886.173757
 20
5810123.561369
 30
0.0
 40
0.48
  1
%%U 80.7 %%U
 50
357.952817981261
 51
15.000035076525
  7
2.6 mm rechts
100
AcDbText
  0
LINE
  5
7D1
330
4
100
AcDbEntity
  8
Beschriftumg +Trassierung
  6
Continuous
 62
     7
370
    25
100
AcDbLine
 10
3318885.97502
 20
5810123.37635
 30
0.0
 11
3318883.191549
 21
5810125.124692
 31
0.0
  0
TEXT
  5
7D3
330
4
100
AcDbEntity
  8
Beschriftumg +Trassierung
 62
     7
370
    25
100
AcDbText
 10
3318830.206867
 20
5810106.722202
 30
0.0
 40
0.48
  1
 10.8 
 50
357.106044158755
 51
15.000035076525
  7
2.6 mm rechts
100
AcDbText
  0
LINE
  5
7D4
330
4
100
AcDbEntity
  8
Beschriftumg +Trassierung
  6
Continuous
 62
     7
370
    25
100
AcDbLine
 10
3318830.00978
 20
5810106.62643
 30
0.0
 11
3318832.195223
 21
5810106.515952
 31
0.0
  0
LINE
  5
7D5
330
4
100
AcDbEntity
  8
Beschriftumg +Trassierung
  6
Continuous
 62
     7
370
    25
100
AcDbLine
 10
3318830.005418
 20
5810106.54014
 30
0.0
 11
3318832.190861
 21
5810106.429662
 31
0.0
  0
LINE
  5
7D6
330
4
100
AcDbEntity
  8
Beschriftumg +Trassierung
  6
Continuous
 62
     7
370
    25
100
AcDbLine
 10
3318830.005418
 20
5810106.54014
 30
0.0
 11
3318826.861128
 21
5810107.661897
 31
0.0
  0
TEXT
  5
7D8
330
4
100
AcDbEntity
  8
Beschriftumg +Trassierung
 62
     7
370
    25
100
AcDbText
 10
3318829.705991
 20
5810100.689349
 30
0.0
 40
0.48
  1
%%U 3.7 %%U
 50
357.10604415741
 51
15.000035076525
  7
2.6 mm rechts
100
AcDbText
  0
LINE
  5
7D9
330
4
100
AcDbEntity
  8
Beschriftumg +Trassierung
  6
Continuous
 62
     7
370
    25
100
AcDbLine
 10
3318829.504542
 20
5810100.507287
 30
0.0
 11
3318826.641116
 21
5810100.552054
 31
0.0
  0
TEXT
  5
7DB
330
4
100
AcDbEntity
  8
Beschriftumg +Trassierung
 62
     7
370
    25
100
AcDbText
 10
3318829.693457
 20
5810098.629562
 30
0.0
 40
0.48
  1
%%U 1.7 %%U
 50
357.106044158755
 51
15.000035076525
  7
2.6 mm rechts
100
AcDbText
  0
LINE
  5
7DC
330
4
100
AcDbEntity
  8
Beschriftumg +Trassierung
  6
Continuous
 62
     7
370
    25
100
AcDbLine
 10
3318829.492008
 20
5810098.447501
 30
0.0
 11
3318824.739461
 21
5810100.533988
 31
0.0
  0
TEXT
  5
7DE
330
4
100
AcDbEntity
  8
Beschriftumg +Trassierung
 62
     7
370
    25
100
AcDbText
 10
3318874.267062
 20
5810129.633931
 30
0.0
 40
0.48
  1
%%U 72.7 %%U
 50
265.459294866889
 51
15.000035076525
  7
2.6 mm rechts
100
AcDbText
  0
LINE
  5
7DF
330
4
100
AcDbEntity
  8
Beschriftumg +Trassierung
  6
Continuous
 62
     7
370
    25
100
AcDbLine
 10
3318873.902428
 20
5810127.467766
 30
0.0
 11
3318875.183124
 21
5810125.448258
 31
0.0
  0
TEXT
  5
7E1
330
4
100
AcDbEntity
  8
Beschriftumg +Trassierung
 62
     7
370
    25
100
AcDbText
 10
3318876.400899
 20
5810122.843236
 30
0.0
 40
0.48
  1
%%U 70.5 %%U
 50
357.123567217714
 51
15.000035076525
  7
2.6 mm rechts
100
AcDbText
  0
LINE
  5
7E2
330
4
100
AcDbEntity
  8
Beschriftumg +Trassierung
  6
Continuous
 62
     7
370
    25
100
AcDbLine
 10
3318876.199506
 20
5810122.661113
 30
0.0
 11
3318874.981524
 21
5810123.261408
 31
0.0
  0
TEXT
  5
7E4
330
4
100
AcDbEntity
  8
Beschriftumg +Trassierung
 62
     7
370
    25
100
AcDbText
 10
3318878.047065
 20
5810103.729335
 30
0.0
 40
0.48
  1
%%U 47.6 %%U
 50
356.7829856612431
 51
15.000035076525
  7
2.6 mm rechts
100
AcDbText
  0
LINE
  5
7E5
330
4
100
AcDbEntity
  8
Beschriftumg +Trassierung
  6
Continuous
 62
     7
370
    25
100
AcDbLine
 10
3318877.844593
 20
5810103.548412
 30
0.0
 11
3318873.841131
 21
5810100.336289
 31
0.0
  0
TEXT
  5
7E7
330
4
100
AcDbEntity
  8
Beschriftumg +Trassierung
 62
     7
370
    25
100
AcDbText
 10
3318878.042994
 20
5810101.367285
 30
0.0
 40
0.48
  1
%%U 46.5 %%U
 50
357.1197873258239
 51
15.000035076525
  7
2.6 mm rechts
100
AcDbText
  0
LINE
  5
7E8
330
4
100
AcDbEntity
  8
Beschriftumg +Trassierung
  6
Continuous
 62
     7
370
    25
100
AcDbLine
 10
3318877.841589
 20
5810101.185175
 30
0.0
 11
3318873.695239
 21
5810099.33285
 31
0.0
  0
TEXT
  5
7EA
330
4
100
AcDbEntity
  8
Beschriftumg +Trassierung
 62
     7
370
    25
100
AcDbText
 10
3318872.137318
 20
5810094.109836
 30
0.0
 40
0.48
  1
%%U 45.0 %%U
 50
267.633271925173
 51
15.000035076525
  7
2.6 mm rechts
100
AcDbText
  0
LINE
  5
7EB
330
4
100
AcDbEntity
  8
Beschriftumg +Trassierung
  6
Continuous
 62
     7
370
    25
100
AcDbLine
 10
3318871.953411
 20
5810094.309601
 30
0.0
 11
3318872.151602
 21
5810099.395966
 31
0.0
  0
TEXT
  5
7ED
330
4
100
AcDbEntity
  8
Beschriftumg +Trassierung
 62
     7
370
    25
100
AcDbText
 10
3318867.401456
 20
5810094.499906
 30
0.0
 40
0.48
  1
%%U 39.8 %%U
 50
268.389772979717
 51
15.000035076525
  7
2.6 mm rechts
100
AcDbText
  0
LINE
  5
7EE
330
4
100
AcDbEntity
  8
Beschriftumg +Trassierung
  6
Continuous
 62
     7
370
    25
100
AcDbLine
 10
3318867.214927
 20
5810094.697226
 30
0.0
 11
3318867.002277
 21
5810099.556994
 31
0.0
  0
TEXT
  5
7F0
330
4
100
AcDbEntity
  8
Beschriftumg +Trassierung
 62
     7
370
    25
100
AcDbText
 10
3318861.362005
 20
5810094.768657
 30
0.0
 40
0.48
  1
%%U 34.7 %%U
 50
267.619513445112
 51
15.000035076525
  7
2.6 mm rechts
100
AcDbText
  0
LINE
  5
7F1
330
4
100
AcDbEntity
  8
Beschriftumg +Trassierung
  6
Continuous
 62
     7
370
    25
100
AcDbLine
 10
3318861.178146
 20
5810094.968466
 30
0.0
 11
3318861.894988
 21
5810099.694806
 31
0.0
  0
TEXT
  5
7F3
330
4
100
AcDbEntity
  8
Beschriftumg +Trassierung
 62
     7
370
    25
100
AcDbText
 10
3318829.691682
 20
5810097.625661
 30
0.0
 40
0.48
  1
%%U 0.0 %%U
 50
357.106044158755
 51
15.000035076525
  7
2.6 mm rechts
100
AcDbText
  0
LINE
  5
7F4
330
4
100
AcDbEntity
  8
Beschriftumg +Trassierung
  6
Continuous
 62
     7
370
    25
100
AcDbLine
 10
3318829.490233
 20
5810097.4436
 30
0.0
 11
3318824.425792
 21
5810098.989642
 31
0.0
  0
TEXT
  5
7F6
330
4
100
AcDbEntity
  8
Beschriftumg +Trassierung
 62
     7
370
    25
100
AcDbText
 10
3318845.63514
 20
5810097.379044
 30
0.0
 40
0.48
  1
%%U 20.5 %%U
 50
357.43456872674
 51
15.000035076525
  7
2.6 mm rechts
100
AcDbText
  0
LINE
  5
7F7
330
4
100
AcDbEntity
  8
Beschriftumg +Trassierung
  6
Continuous
 62
     7
370
    25
100
AcDbLine
 10
3318847.716682
 20
5810097.093587
 30
0.0
 11
3318850.648288
 21
5810096.852303
 31
0.0
  0
TEXT
  5
7F9
330
4
100
AcDbEntity
  8
Beschriftumg +Trassierung
 62
     7
370
    25
100
AcDbText
 10
3318849.814189
 20
5810104.412543
 30
0.0
 40
0.48
  1
%%U 23.8 %%U
 50
266.401229719845
 51
15.000035076525
  7
2.6 mm rechts
100
AcDbText
  0
LINE
  5
7FA
330
4
100
AcDbEntity
  8
Beschriftumg +Trassierung
  6
Continuous
 62
     7
370
    25
100
AcDbLine
 10
3318849.49124
 20
5810102.336487
 30
0.0
 11
3318851.009438
 21
5810100.058363
 31
0.0
  0
TEXT
  5
7FC
330
4
100
AcDbEntity
  8
Beschriftumg +Trassierung
 62
     7
370
    25
100
AcDbText
 10
3318843.362938
 20
5810083.66278
 30
0.0
 40
0.48
  1
%%U 3.6 %%U
 50
357.0998750314071
 51
15.000035076525
  7
2.6 mm rechts
100
AcDbText
  0
LINE
  5
7FD
330
4
100
AcDbEntity
  8
Beschriftumg +Trassierung
  6
Continuous
 62
     7
370
    25
100
AcDbLine
 10
3318845.059269
 20
5810083.384597
 30
0.0
 11
3318849.080622
 21
5810079.9756
 31
0.0
  0
TEXT
  5
7FF
330
4
100
AcDbEntity
  8
Beschriftumg +Trassierung
 62
     7
370
    25
100
AcDbText
 10
3318843.359085
 20
5810082.301132
 30
0.0
 40
0.48
  1
%%U 1.7 %%U
 50
357.1251380150809
 51
15.000035076525
  7
2.6 mm rechts
100
AcDbText
  0
LINE
  5
800
330
4
100
AcDbEntity
  8
Beschriftumg +Trassierung
  6
Continuous
 62
     7
370
    25
100
AcDbLine
 10
3318845.055539
 20
5810082.023698
 30
0.0
 11
3318849.022793
 21
5810078.109161
 31
0.0
  0
TEXT
  5
802
330
4
100
AcDbEntity
  8
Beschriftumg +Trassierung
 62
     7
370
    25
100
AcDbText
 10
3318851.117933
 20
5810080.482204
 30
0.0
 40
0.48
  1
%%U 0.0 %%U
 50
82.863213735105
 51
15.000035076525
  7
2.6 mm rechts
100
AcDbText
  0
LINE
  5
803
330
4
100
AcDbEntity
  8
Beschriftumg +Trassierung
  6
Continuous
 62
     7
370
    25
100
AcDbLine
 10
3318851.284591
 20
5810080.267837
 30
0.0
 11
3318850.579222
 21
5810077.841178
 31
0.0
  0
TEXT
  5
805
330
4
100
AcDbEntity
  8
Beschriftumg +Trassierung
 62
     7
370
    25
100
AcDbText
 10
3318809.840003
 20
5810099.131992
 30
0.0
 40
0.48
  1
2,8
 50
87.609512274574
 51
15.000035076525
  7
2.6 mm rechts
100
AcDbText
  0
TEXT
  5
807
330
4
100
AcDbEntity
  8
Beschriftumg +Trassierung
 62
     7
370
    25
100
AcDbText
 10
3318809.633964
 20
5810126.150338
 30
0.0
 40
0.48
  1
1,8
 50
357.454622184832
 51
15.000035076525
  7
2.6 mm rechts
 72
     1
 11
3318810.031688
 21
5810126.132658
 31
0.0
100
AcDbText
  0
TEXT
  5
809
330
4
100
AcDbEntity
  8
Beschriftumg +Trassierung
 62
     7
370
    25
100
AcDbText
 10
3318816.896212
 20
5810104.497035
 30
0.0
 40
0.48
  1
%%U 32.2 %%U
 50
88.48703095425101
 51
15.000035076525
  7
2.6 mm rechts
100
AcDbText
  0
LINE
  5
80A
330
4
100
AcDbEntity
  8
Beschriftumg +Trassierung
  6
Continuous
 62
     7
370
    25
100
AcDbLine
 10
3318817.083075
 20
5810104.300032
 30
0.0
 11
3318816.31898
 21
5810101.27564
 31
0.0
  0
TEXT
  5
80C
330
4
100
AcDbEntity
  8
Beschriftumg +Trassierung
 62
     7
370
    25
100
AcDbText
 10
3318823.583211
 20
5810103.763889
 30
0.0
 40
0.48
  1
%%U 23.9 %%U
 50
87.41350339603501
 51
15.000035076525
  7
2.6 mm rechts
100
AcDbText
  0
LINE
  5
80D
330
4
100
AcDbEntity
  8
Beschriftumg +Trassierung
  6
Continuous
 62
     7
370
    25
100
AcDbLine
 10
3318823.76635
 20
5810103.56342
 30
0.0
 11
3318824.543959
 21
5810100.940481
 31
0.0
  0
TEXT
  5
80F
330
4
100
AcDbEntity
  8
Beschriftumg +Trassierung
 62
     7
370
    25
100
AcDbText
 10
3318826.878601
 20
5810096.598785
 30
0.0
 40
0.48
  1
%%U 22.0 %%U
 50
357.106044158755
 51
15.000035076525
  7
2.6 mm rechts
100
AcDbText
  0
LINE
  5
810
330
4
100
AcDbEntity
  8
Beschriftumg +Trassierung
  6
Continuous
 62
     7
370
    25
100
AcDbLine
 10
3318826.677152
 20
5810096.416723
 30
0.0
 11
3318824.425792
 21
5810098.989642
 31
0.0
  0
TEXT
  5
812
330
4
100
AcDbEntity
  8
Beschriftumg +Trassierung
 62
     7
370
    25
100
AcDbText
 10
3318819.603654
 20
5810096.246669
 30
0.0
 40
0.48
  1
%%U 20.9 %%U
 50
357.10604415741
 51
15.000035076525
  7
2.6 mm rechts
100
AcDbText
  0
LINE
  5
813
330
4
100
AcDbEntity
  8
Beschriftumg +Trassierung
  6
Continuous
 62
     7
370
    25
100
AcDbLine
 10
3318821.683525
 20
5810095.949282
 30
0.0
 11
3318824.366358
 21
5810097.93605
 31
0.0
  0
TEXT
  5
815
330
4
100
AcDbEntity
  8
Beschriftumg +Trassierung
 62
     7
370
    25
100
AcDbText
 10
3318817.466666
 20
5810084.398886
 30
0.0
 40
0.48
  1
%%U 4.2 %%U
 50
357.106044158755
 51
15.000035076525
  7
2.6 mm rechts
100
AcDbText
  0
LINE
  5
816
330
4
100
AcDbEntity
  8
Beschriftumg +Trassierung
  6
Continuous
 62
     7
370
    25
100
AcDbLine
 10
3318819.258904
 20
5810084.116039
 30
0.0
 11
3318823.038911
 21
5810081.303379
 31
0.0
  0
TEXT
  5
818
330
4
100
AcDbEntity
  8
Beschriftumg +Trassierung
 62
     7
370
    25
100
AcDbText
 10
3318817.347955
 20
5810081.333553
 30
0.0
 40
0.48
  1
%%U 2.6 %%U
 50
357.106044158755
 51
15.000035076525
  7
2.6 mm rechts
100
AcDbText
  0
LINE
  5
819
330
4
100
AcDbEntity
  8
Beschriftumg +Trassierung
  6
Continuous
 62
     7
370
    25
100
AcDbLine
 10
3318819.092255
 20
5810081.05313
 30
0.0
 11
3318823.061307
 21
5810079.670541
 31
0.0
  0
TEXT
  5
81B
330
4
100
AcDbEntity
  8
Beschriftumg +Trassierung
 62
     7
370
    25
100
AcDbText
 10
3318826.857899
 20
5810080.467584
 30
0.0
 40
0.48
  1
%%U 0.0 %%U
 50
87.146424983304
 51
15.000035076525
  7
2.6 mm rechts
100
AcDbText
  0
LINE
  5
81C
330
4
100
AcDbEntity
  8
Beschriftumg +Trassierung
  6
Continuous
 62
     7
370
    25
100
AcDbLine
 10
3318827.040103
 20
5810080.266264
 30
0.0
 11
3318825.464415
 21
5810079.340724
 31
0.0
  0
TEXT
  5
81E
330
4
100
AcDbEntity
  8
Beschriftumg +Trassierung
 62
     7
370
    25
100
AcDbText
 10
3318794.098442
 20
5810073.344843
 30
0.0
 40
0.48
  1
%%U 160.2 %%U
 50
87.205500607279
 51
15.000035076525
  7
2.6 mm rechts
100
AcDbText
  0
LINE
  5
81F
330
4
100
AcDbEntity
  8
Beschriftumg +Trassierung
  6
Continuous
 62
     7
370
    25
100
AcDbLine
 10
3318794.406259
 20
5810075.712885
 30
0.0
 11
3318794.854566
 21
5810080.756426
 31
0.0
  0
TEXT
  5
821
330
4
100
AcDbEntity
  8
Rohroberkante
 62
   212
420
 13238474
370
    25
100
AcDbText
 10
3318782.906145
 20
5810081.869052
 30
0.0
 40
0.4
  1
ROK:47.13
 50
357.10604415741
 51
15.000035076525
  7
2.0 mm rechts lila
 72
     2
 11
3318785.326582
 21
5810081.746694
 31
0.0
100
AcDbText
  0
TEXT
  5
823
330
4
100
AcDbEntity
  8
Rohroberkante
 62
   212
420
 13238474
370
    25
100
AcDbText
 10
3318827.365629
 20
5810104.820372
 30
0.0
 40
0.4
  1
ROK:47.60
 50
88.526519227029
 51
15.000035076525
  7
2.0 mm rechts lila
 72
     2
 11
3318827.029109
 21
5810107.293371
 31
0.0
100
AcDbText
 73
     3
  0
TEXT
  5
825
330
4
100
AcDbEntity
  8
Rohroberkante
 62
   212
420
 13238474
370
    25
100
AcDbText
 10
3318824.921812
 20
5810095.842985
 30
0.0
 40
0.4
  1
ROK:47.50
 50
88.526519227029
 51
15.000035076525
  7
2.0 mm rechts lila
 72
     2
 11
3318824.585292
 21
5810098.315984
 31
0.0
100
AcDbText
 73
     3
  0
TEXT
  5
827
330
4
100
AcDbEntity
  8
Rohroberkante
 62
   212
420
 13238474
370
    25
100
AcDbText
 10
3318821.057767
 20
5810101.374301
 30
0.0
 40
0.4
  1
ROK:47.54
 50
358.146429630212
 51
15.000035076525
  7
2.0 mm rechts lila
 72
     2
 11
3318823.559985
 21
5810101.293324
 31
0.0
100
AcDbText
  0
TEXT
  5
829
330
4
100
AcDbEntity
  8
Rohroberkante
 62
   212
420
 13238474
370
    25
100
AcDbText
 10
3318826.416848
 20
5810099.876054
 30
0.0
 40
0.4
  1
ROK:47.66
 50
356.566366024271
 51
15.000035076525
  7
2.0 mm rechts lila
 11
3318826.440805
 21
5810100.275336
 31
0.0
100
AcDbText
 73
     3
  0
MTEXT
  5
82B
330
4
100
AcDbEntity
  8
Beschriftumg +Trassierung
 62
     7
370
    25
100
AcDbMText
 10
3318802.264498
 20
5810131.830434
 30
0.0
 40
0.5
 41
0.0
 71
     7
 72
     1
  1
Anhebung\P(2x90%%d,50cm)
  7
2.5mm gerade
 11
0.9987246685388178
 21
-0.05048798324382371
 31
0.0
 73
     1
 44
0.69
  0
LINE
  5
82C
330
4
100
AcDbEntity
  8
Beschriftumg +Trassierung
  6
Continuous
 62
     7
370
    25
100
AcDbLine
 10
3318806.257885
 20
5810132.588909
 30
0.0
 11
3318808.728847
 21
5810132.899425
 31
0.0
  0
TEXT
  5
82E
330
4
100
AcDbEntity
  8
Fernwärmeleitung
 62
     7
370
    35
100
AcDbText
 10
3318809.698155
 20
5810137.001623
 30
0.0
 40
0.8
  1
DN40/140
 50
87.106044132134
  7
3.5mm gerade
100
AcDbText
  0
LINE
  5
82F
330
4
100
AcDbEntity
  8
Fernwärmeleitung
  6
Continuous
 62
     7
370
    35
100
AcDbLine
 10
3318810.001591
 20
5810136.665875
 30
0.0
 11
3318808.563427
 21
5810136.738577
 31
0.0
  0
LINE
  5
830
330
4
100
AcDbEntity
  8
Fernwärmeleitung
  6
Continuous
 62
     7
370
    35
100
AcDbLine
 10
3318808.563427
 20
5810136.738577
 30
0.0
 11
3318808.834041
 21
5810142.091742
 31
0.0
  0
LINE
  5
831
330
4
100
AcDbEntity
  8
Fernwärmeleitung
  6
Continuous
 62
     7
370
    35
100
AcDbLine
 10
3318808.834041
 20
5810142.091742
 30
0.0
 11
3318810.272204
 21
5810142.01904
 31
0.0
  0
LINE
  5
832
330
4
100
AcDbEntity
  8
Fernwärmeleitung
  6
Continuous
 62
     7
370
    35
100
AcDbLine
 10
3318810.272204
 20
5810142.01904
 30
0.0
 11
3318810.001591
 21
5810136.665875
 31
0.0
  0
TEXT
  5
834
330
4
100
AcDbEntity
  8
Beschriftumg +Trassierung
 62
     7
370
    25
100
AcDbText
 10
3318810.620646
 20
5810103.454048
 30
0.0
 40
0.5
  1
Red.:DN50/DN40
 50
86.408603092527
  7
2.5mm gerade
100
AcDbText
  0
TEXT
  5
836
330
4
100
AcDbEntity
  8
Kataster AMT+Grunddiestbarkeit
 62
     7
370
    25
100
AcDbText
 10
3318888.647891
 20
5810067.188471
 30
0.0
 40
0.5
  1
4,0m
 50
267.3288476007509
  7
2.5mm gerade
100
AcDbText
  0
LINE
  5
837
330
4
100
AcDbEntity
  8
Kataster AMT+Grunddiestbarkeit
  6
Continuous
 62
     7
370
    25
100
AcDbLine
 10
3318888.495849
 20
5810066.075318
 30
0.0
 11
3318886.821114
 21
5810063.930765
 31
0.0
  0
TEXT
  5
839
330
4
100
AcDbEntity
  8
Beschriftumg +Trassierung
 62
     7
370
    25
100
AcDbText
 10
3318770.84243
 20
5810091.853039
 30
0.0
 40
0.48
  1
%%U 190.1 %%U
 50
88.250830468235
 51
15.000035076525
  7
2.6 mm rechts
100
AcDbText
  0
LINE
  5
83A
330
4
100
AcDbEntity
  8
Beschriftumg +Trassierung
  6
Continuous
 62
     7
370
    25
100
AcDbLine
 10
3318771.02848
 20
5810091.655268
 30
0.0
 11
3318770.721131
 21
5810087.733993
 31
0.0
  0
TEXT
  5
83C
330
4
100
AcDbEntity
  8
Beschriftumg +Trassierung
 62
     7
370
    25
100
AcDbText
 10
3318752.940449
 20
5810093.705634
 30
0.0
 40
0.48
  1
%%U 206.5 %%U
 50
86.278650369441
 51
15.000035076525
  7
2.6 mm rechts
100
AcDbText
  0
LINE
  5
83D
330
4
100
AcDbEntity
  8
Beschriftumg +Trassierung
  6
Continuous
 62
     7
370
    25
100
AcDbLine
 10
3318753.119582
 20
5810093.501577
 30
0.0
 11
3318754.407911
 21
5810089.185229
 31
0.0
  0
TEXT
  5
83F
330
4
100
AcDbEntity
  8
Rohroberkante
 62
   212
420
 13238474
370
    25
100
AcDbText
 10
3318771.042842
 20
5810082.485402
 30
0.0
 40
0.4
  1
ROK:47.07
 50
357.10604415741
 51
15.000035076525
  7
2.0 mm rechts lila
100
AcDbText
  0
TEXT
  5
841
330
4
100
AcDbEntity
  8
Rohroberkante
 62
   212
420
 13238474
370
    25
100
AcDbText
 10
3318768.087173
 20
5810088.260569
 30
0.0
 40
0.4
  1
ROK:47.08
 50
355.90327683102
 51
15.000035076525
  7
2.0 mm rechts lila
 72
     2
 11
3318770.544407
 21
5810088.084573
 31
0.0
100
AcDbText
  0
TEXT
  5
843
330
4
100
AcDbEntity
  8
Rohroberkante
 62
   212
420
 13238474
370
    25
100
AcDbText
 10
3318810.898213
 20
5810098.808639
 30
0.0
 40
0.4
  1
ROK:47.82
 50
357.739318981925
 51
15.000035076525
  7
2.0 mm rechts lila
 11
3318810.913992
 21
5810099.208327
 31
0.0
100
AcDbText
 73
     3
  0
TEXT
  5
845
330
4
100
AcDbEntity
  8
Rohroberkante
 62
   212
420
 13238474
370
    25
100
AcDbText
 10
3318807.705569
 20
5810108.140584
 30
0.0
 40
0.4
  1
ROK:47.47
 50
87.68160266758699
 51
15.000035076525
  7
2.0 mm rechts lila
100
AcDbText
  0
TEXT
  5
847
330
4
100
AcDbEntity
  8
Rohroberkante
 62
   212
420
 13238474
370
    25
100
AcDbText
 10
3318808.196613
 20
5810119.696274
 30
0.0
 40
0.4
  1
ROK:47.57
 50
87.68160264095299
 51
15.000035076525
  7
2.0 mm rechts lila
100
AcDbText
  0
TEXT
  5
849
330
4
100
AcDbEntity
  8
Rohroberkante
 62
   212
420
 13238474
370
    25
100
AcDbText
 10
3318808.570137
 20
5810129.290657
 30
0.0
 40
0.4
  1
ROK:47.59
 50
87.68160266543
 51
15.000035076525
  7
2.0 mm rechts lila
 72
     2
 11
3318808.669793
 21
5810131.752169
 31
0.0
100
AcDbText
  0
TEXT
  5
84B
330
4
100
AcDbEntity
  8
Rohroberkante
 62
   212
420
 13238474
370
    25
100
AcDbText
 10
3318806.382984
 20
5810133.838092
 30
0.0
 40
0.4
  1
ROK:48.12
 50
357.648406809828
 51
15.000035076525
  7
2.0 mm rechts lila
 72
     2
 11
3318808.804471
 21
5810133.738651
 31
0.0
100
AcDbText
  0
TEXT
  5
84D
330
4
100
AcDbEntity
  8
Beschriftumg +Trassierung
 62
     7
370
    25
100
AcDbText
 10
3318809.671219
 20
5810133.899318
 30
0.0
 40
0.48
  1
1,9
 50
357.648406863094
 51
15.000035076525
  7
2.6 mm rechts
100
AcDbText
  0
TEXT
  5
84F
330
4
100
AcDbEntity
  8
Fernwärmeleitung
 62
     7
370
    35
100
AcDbText
 10
3318808.483236
 20
5810134.842902
 30
0.0
 40
0.7
  1
RV
 50
357.106044158755
  7
3.5mm gerade
100
AcDbText
  0
TEXT
  5
851
330
4
100
AcDbEntity
  8
Beschriftumg +Trassierung
 62
     7
370
    25
100
AcDbText
 10
3318812.006015
 20
5810132.317467
 30
0.0
 40
0.48
  1
 72.4 
 50
357.10604415741
 51
15.000035076525
  7
2.6 mm rechts
100
AcDbText
  0
LINE
  5
852
330
4
100
AcDbEntity
  8
Beschriftumg +Trassierung
  6
Continuous
 62
     7
370
    25
100
AcDbLine
 10
3318811.808928
 20
5810132.221695
 30
0.0
 11
3318814.186126
 21
5810132.101523
 31
0.0
  0
LINE
  5
853
330
4
100
AcDbEntity
  8
Beschriftumg +Trassierung
  6
Continuous
 62
     7
370
    25
100
AcDbLine
 10
3318811.804566
 20
5810132.135405
 30
0.0
 11
3318814.181764
 21
5810132.015233
 31
0.0
  0
LINE
  5
854
330
4
100
AcDbEntity
  8
Beschriftumg +Trassierung
  6
Continuous
 62
     7
370
    25
100
AcDbLine
 10
3318811.804566
 20
5810132.135405
 30
0.0
 11
3318809.414815
 21
5810133.597233
 31
0.0
  0
TEXT
  5
856
330
4
100
AcDbEntity
  8
Beschriftumg +Trassierung
 62
     7
370
    25
100
AcDbText
 10
3318811.895533
 20
5810130.548516
 30
0.0
 40
0.48
  1
%%U 71.7 %%U
 50
357.106044158755
 51
15.000035076525
  7
2.6 mm rechts
100
AcDbText
  0
LINE
  5
857
330
4
100
AcDbEntity
  8
Beschriftumg +Trassierung
  6
Continuous
 62
     7
370
    25
100
AcDbLine
 10
3318811.694085
 20
5810130.366454
 30
0.0
 11
3318809.368494
 21
5810132.88466
 31
0.0
  0
TEXT
  5
859
330
4
100
AcDbEntity
  8
Beschriftumg +Trassierung
 62
     7
370
    25
100
AcDbText
 10
3318803.821698
 20
5810126.344299
 30
0.0
 40
0.48
  1
%%U 64.8 %%U
 50
357.106044158755
 51
15.000035076525
  7
2.6 mm rechts
100
AcDbText
  0
LINE
  5
85A
330
4
100
AcDbEntity
  8
Beschriftumg +Trassierung
  6
Continuous
 62
     7
370
    25
100
AcDbLine
 10
3318805.901569
 20
5810126.046912
 30
0.0
 11
3318809.136979
 21
5810125.97987
 31
0.0
  0
TEXT
  5
85C
330
4
100
AcDbEntity
  8
Beschriftumg +Trassierung
 62
     7
370
    25
100
AcDbText
 10
3318803.971581
 20
5810102.393557
 30
0.0
 40
0.48
  1
%%U 40.3 %%U
 50
357.106044158755
 51
15.000035076525
  7
2.6 mm rechts
100
AcDbText
  0
LINE
  5
85D
330
4
100
AcDbEntity
  8
Beschriftumg +Trassierung
  6
Continuous
 62
     7
370
    25
100
AcDbLine
 10
3318806.051452
 20
5810102.09617
 30
0.0
 11
3318808.241643
 21
5810101.462828
 31
0.0
  0
TEXT
  5
85F
330
4
100
AcDbEntity
  8
Beschriftumg +Trassierung
 62
     7
370
    25
100
AcDbText
 10
3318811.568804
 20
5810104.541711
 30
0.0
 40
0.48
  1
%%U 38.1 %%U
 50
87.102658035633
 51
15.000035076525
  7
2.6 mm rechts
100
AcDbText
  0
LINE
  5
860
330
4
100
AcDbEntity
  8
Beschriftumg +Trassierung
  6
Continuous
 62
     7
370
    25
100
AcDbLine
 10
3318811.750853
 20
5810104.340252
 30
0.0
 11
3318810.425601
 21
5810101.350151
 31
0.0
  0
TEXT
  5
862
330
4
100
AcDbEntity
  8
Lageplan sonstiges
 62
     7
370
    18
100
AcDbText
 10
3318811.360505
 20
5810133.505824
 30
0.0
 40
0.36
  1
48.75
 50
357.10604415741
  7
1.8mm gerade
100
AcDbText
  0
TEXT
  5
864
330
4
100
AcDbEntity
  8
Lageplan sonstiges
 62
     7
370
    18
100
AcDbText
 10
3318811.932124
 20
5810126.058376
 30
0.0
 40
0.36
  1
48.68
 50
357.106044158755
  7
1.8mm gerade
 11
3318811.9503
 21
5810126.417917
 31
0.0
100
AcDbText
 73
     3
  0
TEXT
  5
866
330
4
100
AcDbEntity
  8
Lageplan sonstiges
 62
     7
370
    18
100
AcDbText
 10
3318810.486634
 20
5810120.652584
 30
0.0
 40
0.36
  1
48.67
 50
87.10604415606402
  7
1.8mm gerade
 11
3318810.127093
 21
5810120.67076
 31
0.0
100
AcDbText
 73
     3
  0
TEXT
  5
868
330
4
100
AcDbEntity
  8
Lageplan sonstiges
 62
     7
370
    18
100
AcDbText
 10
3318810.149248
 20
5810112.273346
 30
0.0
 40
0.36
  1
48.67
 50
87.10604418537699
  7
1.8mm gerade
 11
3318809.789707
 21
5810112.291522
 31
0.0
100
AcDbText
 73
     3
  0
TEXT
  5
86A
330
4
100
AcDbEntity
  8
Lageplan sonstiges
 62
     7
370
    18
100
AcDbText
 10
3318818.135166
 20
5810126.50376
 30
0.0
 40
0.36
  1
48.86
 50
357.106044160101
  7
1.8mm gerade
 72
     1
 11
3318818.692653
 21
5810126.836037
 31
0.0
100
AcDbText
 73
     3
  0
TEXT
  5
86C
330
4
100
AcDbEntity
  8
Lageplan sonstiges
 62
     7
370
    18
100
AcDbText
 10
3318826.00742
 20
5810129.515498
 30
0.0
 40
0.36
  1
48.77
 50
357.106044158755
  7
1.8mm gerade
 11
3318826.016508
 21
5810129.695269
 31
0.0
100
AcDbText
 73
     2
  0
TEXT
  5
86E
330
4
100
AcDbEntity
  8
Lageplan sonstiges
 62
     7
370
    18
100
AcDbText
 10
3318833.267559
 20
5810130.077751
 30
0.0
 40
0.36
  1
48.89
 50
357.106044158755
  7
1.8mm gerade
100
AcDbText
  0
TEXT
  5
870
330
4
100
AcDbEntity
  8
Lageplan sonstiges
 62
     7
370
    18
100
AcDbText
 10
3318798.867354
 20
5810123.710806
 30
0.0
 40
0.36
  1
48.65
 50
357.106044160101
  7
1.8mm gerade
 72
     1
 11
3318799.406666
 21
5810123.683543
 31
0.0
100
AcDbText
  0
TEXT
  5
872
330
4
100
AcDbEntity
  8
Lageplan sonstiges
 62
     7
370
    18
100
AcDbText
 10
3318789.878697
 20
5810130.09312
 30
0.0
 40
0.36
  1
48.76
 50
357.106044160101
  7
1.8mm gerade
 11
3318789.896872
 21
5810130.452661
 31
0.0
100
AcDbText
 73
     3
  0
TEXT
  5
874
330
4
100
AcDbEntity
  8
Lageplan sonstiges
 62
     7
370
    18
100
AcDbText
 10
3318791.626748
 20
5810119.115394
 30
0.0
 40
0.36
  1
48.63
 50
357.106044158755
  7
1.8mm gerade
 11
3318791.644924
 21
5810119.474935
 31
0.0
100
AcDbText
 73
     3
  0
TEXT
  5
876
330
4
100
AcDbEntity
  8
Lageplan sonstiges
 62
     7
370
    18
100
AcDbText
 10
3318779.584241
 20
5810084.522066
 30
0.0
 40
0.36
  1
47.93
 50
357.106044160101
  7
1.8mm gerade
 72
     2
 11
3318780.716993
 21
5810084.825263
 31
0.0
100
AcDbText
 73
     3
  0
TEXT
  5
878
330
4
100
AcDbEntity
  8
Lageplan sonstiges
 62
     7
370
    18
100
AcDbText
 10
3318755.962151
 20
5810083.680482
 30
0.0
 40
0.36
  1
47.86
 50
357.106044213344
  7
1.8mm gerade
 72
     1
 11
3318756.537615
 21
5810084.011851
 31
0.0
100
AcDbText
 73
     3
  0
TEXT
  5
87A
330
4
100
AcDbEntity
  8
Lageplan sonstiges
 62
     7
370
    18
100
AcDbText
 10
3318756.445288
 20
5810095.9
 30
0.0
 40
0.36
  1
48.12
 50
357.106044160101
  7
1.8mm gerade
 72
     1
 11
3318756.9846
 21
5810095.872737
 31
0.0
100
AcDbText
  0
TEXT
  5
87C
330
4
100
AcDbEntity
  8
Lageplan sonstiges
 62
     7
370
    18
100
AcDbText
 10
3318886.482708
 20
5810154.598063
 30
0.0
 40
0.36
  1
49.48
 50
359.2242104681459
  7
1.8mm gerade
100
AcDbText
  0
TEXT
  5
87E
330
4
100
AcDbEntity
  8
Lageplan sonstiges
 62
     7
370
    18
100
AcDbText
 10
3318871.634729
 20
5810155.534858
 30
0.0
 40
0.36
  1
49.48
 50
359.229546258935
  7
1.8mm gerade
100
AcDbText
  0
TEXT
  5
880
330
4
100
AcDbEntity
  8
Lageplan sonstiges
 62
     7
370
    18
100
AcDbText
 10
3318812.357095
 20
5810158.088194
 30
0.0
 40
0.36
  1
49.20
 50
358.292656927942
  7
1.8mm gerade
100
AcDbText
  0
TEXT
  5
882
330
4
100
AcDbEntity
  8
Lageplan sonstiges
 62
     7
370
    18
100
AcDbText
 10
3318798.795627
 20
5810158.628381
 30
0.0
 40
0.36
  1
49.14
 50
358.292656927942
  7
1.8mm gerade
100
AcDbText
  0
TEXT
  5
884
330
4
100
AcDbEntity
  8
Lageplan sonstiges
 62
     7
370
    18
100
AcDbText
 10
3318833.652049
 20
5810157.228097
 30
0.0
 40
0.36
  1
49.35
 50
358.292656927942
  7
1.8mm gerade
100
AcDbText
  0
TEXT
  5
886
330
4
100
AcDbEntity
  8
Lageplan sonstiges
 62
     7
370
    18
100
AcDbText
 10
3318784.652328
 20
5810104.395281
 30
0.0
 40
0.36
  1
48.19
 50
358.292656927942
  7
1.8mm gerade
 72
     1
 11
3318785.184822
 21
5810104.739568
 31
0.0
100
AcDbText
 73
     3
  0
TEXT
  5
888
330
4
100
AcDbEntity
  8
Lageplan sonstiges
 62
     7
370
    18
100
AcDbText
 10
3318758.53756
 20
5810065.499084
 30
0.0
 40
0.36
  1
47.79
 50
358.588365360253
  7
1.8mm gerade
 72
     2
 11
3318759.698079
 21
5810065.830595
 31
0.0
100
AcDbText
 73
     3
  0
TEXT
  5
88A
330
4
100
AcDbEntity
  8
Fernwärmeleitung
 62
     7
370
    25
100
AcDbText
 10
3318739.006206
 20
5810087.607058
 30
0.0
 40
0.5
  1
PA(o) DN200/DN65
 50
85.778008710972
  7
2.5mm gerade
100
AcDbText
  0
TEXT
  5
88C
330
4
100
AcDbEntity
  8
Fernwärmeleitung
 62
     7
370
    35
100
AcDbText
 10
3318739.992803
 20
5810087.759341
 30
0.0
 40
0.66
  1
KMR DN65/180
 50
86.09695375314402
  7
3.5mm gerade
100
AcDbText
  0
LINE
  5
88D
330
4
100
AcDbEntity
  8
Fernwärmeleitung
  6
Continuous
 62
     7
370
    35
100
AcDbLine
 10
3318740.238221
 20
5810087.477983
 30
0.0
 11
3318739.052976
 21
5810087.558848
 31
0.0
  0
LINE
  5
88E
330
4
100
AcDbEntity
  8
Fernwärmeleitung
  6
Continuous
 62
     7
370
    35
100
AcDbLine
 10
3318739.052976
 20
5810087.558848
 30
0.0
 11
3318739.497735
 21
5810094.077694
 31
0.0
  0
LINE
  5
88F
330
4
100
AcDbEntity
  8
Fernwärmeleitung
  6
Continuous
 62
     7
370
    35
100
AcDbLine
 10
3318739.497735
 20
5810094.077694
 30
0.0
 11
3318740.682979
 21
5810093.996829
 31
0.0
  0
LINE
  5
890
330
4
100
AcDbEntity
  8
Fernwärmeleitung
  6
Continuous
 62
     7
370
    35
100
AcDbLine
 10
3318740.682979
 20
5810093.996829
 30
0.0
 11
3318740.238221
 21
5810087.477983
 31
0.0
  0
TEXT
  5
892
330
4
100
AcDbEntity
  8
Lageplan sonstiges
 62
     7
370
    18
100
AcDbText
 10
3318742.643695
 20
5810083.091754
 30
0.0
 40
0.36
  1
48.20
 50
356.408764940319
  7
1.8mm gerade
100
AcDbText
  0
TEXT
  5
894
330
4
100
AcDbEntity
  8
Lageplan sonstiges
 62
     7
370
    18
100
AcDbText
 10
3318719.080366
 20
5810083.440237
 30
0.0
 40
0.36
  1
48.13
 50
356.4087649386499
  7
1.8mm gerade
 11
3318719.102916
 21
5810083.79953
 31
0.0
100
AcDbText
 73
     3
  0
TEXT
  5
896
330
4
100
AcDbEntity
  8
Lageplan sonstiges
 62
     7
370
    18
100
AcDbText
 10
3318712.667656
 20
5810067.765006
 30
0.0
 40
0.36
  1
47.67
 50
356.408764991856
  7
1.8mm gerade
 11
3318712.690206
 21
5810068.124299
 31
0.0
100
AcDbText
 73
     3
  0
TEXT
  5
898
330
4
100
AcDbEntity
  8
Lageplan sonstiges
 62
     7
370
    18
100
AcDbText
 10
3318736.213882
 20
5810066.656488
 30
0.0
 40
0.36
  1
47.68
 50
356.408764940319
  7
1.8mm gerade
 11
3318736.236432
 21
5810067.015781
 31
0.0
100
AcDbText
 73
     3
  0
TEXT
  5
89A
330
4
100
AcDbEntity
  8
Lageplan sonstiges
 62
     7
370
    18
100
AcDbText
 10
3318778.345733
 20
5810091.920745
 30
0.0
 40
0.36
  1
48.20
 50
356.408764993525
  7
1.8mm gerade
 11
3318778.357008
 21
5810092.100391
 31
0.0
100
AcDbText
 73
     2
  0
TEXT
  5
89C
330
4
100
AcDbEntity
  8
Rohroberkante
 62
   212
420
 13238474
370
    25
100
AcDbText
 10
3318745.030698
 20
5810084.365749
 30
0.0
 40
0.4
  1
ROK:46.54
 50
357.100860082219
 51
15.000035076525
  7
2.0 mm rechts lila
 72
     2
 11
3318747.511304
 21
5810084.640637
 31
0.0
100
AcDbText
 73
     3
  0
TEXT
  5
89E
330
4
100
AcDbEntity
  8
Rohroberkante
 62
   212
420
 13238474
370
    25
100
AcDbText
 10
3318737.456752
 20
5810084.696006
 30
0.0
 40
0.4
  1
ROK:46.45
 50
356.0913472404421
 51
15.000035076525
  7
2.0 mm rechts lila
 11
3318737.484018
 21
5810085.095076
 31
0.0
100
AcDbText
 73
     3
  0
TEXT
  5
8A0
330
4
100
AcDbEntity
  8
Rohroberkante
 62
   212
420
 13238474
370
    25
100
AcDbText
 10
3318725.951543
 20
5810087.062091
 30
0.0
 40
0.4
  1
ROK:46.51
 50
357.100860027629
 51
15.000035076525
  7
2.0 mm rechts lila
100
AcDbText
  0
TEXT
  5
8A2
330
4
100
AcDbEntity
  8
Rohroberkante
 62
   212
420
 13238474
370
    25
100
AcDbText
 10
3318714.807509
 20
5810087.322076
 30
0.0
 40
0.4
  1
ROK:46.52
 50
357.100859974386
 51
15.000035076525
  7
2.0 mm rechts lila
100
AcDbText
  0
TEXT
  5
8A4
330
4
100
AcDbEntity
  8
Rohroberkante
 62
   212
420
 13238474
370
    25
100
AcDbText
 10
3318736.067144
 20
5810086.873925
 30
0.0
 40
0.4
  1
ROK:46.68
 50
357.106044158755
 51
15.000035076525
  7
2.0 mm rechts lila
 72
     2
 11
3318738.487581
 21
5810086.751566
 31
0.0
100
AcDbText
  0
LINE
  5
8A7
330
4
100
AcDbEntity
  8
Kataster AMT+Grunddiestbarkeit
  6
9020
 62
     2
370
    70
100
AcDbLine
 10
3318941.788433
 20
5810062.811439
 30
0.0
 11
3318886.761108
 21
5810065.475811
 31
0.0
  0
LINE
  5
8A9
330
4
100
AcDbEntity
  8
Kataster AMT+Grunddiestbarkeit
  6
4
 62
     7
370
    70
100
AcDbLine
 10
3318706.59095
 20
5810070.220708
 30
0.0
 11
3318759.943083
 21
5810067.629079
 31
0.0
  0
LINE
  5
8AB
330
4
100
AcDbEntity
  8
sonstige Leitungen TW_SW_RW_El
  6
9023
 62
   131
370
    70
100
AcDbLine
 10
3318926.492607
 20
5810056.273564
 30
0.0
 11
3318860.241505
 21
5810059.256462
 31
0.0
  0
LINE
  5
8AD
330
4
100
AcDbEntity
  8
Fernwärmeleitung
  6
60
 62
     1
370
    50
100
AcDbLine
 10
3318997.8936
 20
5810055.528705
 30
0.0
 11
3318993.037897
 21
5810055.669144
 31
0.0
  0
LINE
  5
8AE
330
4
100
AcDbEntity
  8
Kataster AMT+Grunddiestbarkeit
  6
4
 62
     7
370
    70
100
AcDbLine
 10
3318890.330089
 20
5810154.290832
 30
0.0
 11
3318830.091776
 21
5810156.743462
 31
0.0
  0
LINE
  5
8AF
330
4
100
AcDbEntity
  8
Kataster AMT+Grunddiestbarkeit
  6
4
 62
     7
370
    70
100
AcDbLine
 10
3318705.873326
 20
5810051.040324
 30
0.0
 11
3318997.221759
 21
5810037.571993
 31
0.0
  0
LINE
  5
8B0
330
4
100
AcDbEntity
  8
Kataster AMT+Grunddiestbarkeit
  6
4
 62
     7
370
    70
100
AcDbLine
 10
3318785.478186
 20
5810079.525276
 30
0.0
 11
3318760.469125
 21
5810080.546038
 31
0.0
  0
LINE
  5
8B1
330
4
100
AcDbEntity
  8
Kataster AMT+Grunddiestbarkeit
  6
4
 62
     7
370
    70
100
AcDbLine
 10
3318788.702685
 20
5810158.428588
 30
0.0
 11
3318785.478186
 21
5810079.525276
 31
0.0
  0
LINE
  5
8B2
330
4
100
AcDbEntity
  8
Kataster AMT+Grunddiestbarkeit
  6
4
 62
     7
370
    70
100
AcDbLine
 10
3318805.090945
 20
5810157.761689
 30
0.0
 11
3318788.702685
 21
5810158.428588
 31
0.0
  0
LINE
  5
8B3
330
4
100
AcDbEntity
  8
Kataster AMT+Grunddiestbarkeit
  6
4
 62
     7
370
    70
100
AcDbLine
 10
3318830.091776
 20
5810156.743462
 30
0.0
 11
3318805.090945
 21
5810157.761689
 31
0.0
  0
LINE
  5
8B4
330
4
100
AcDbEntity
  8
Kataster AMT+Grunddiestbarkeit
  6
4
 62
     7
370
    70
100
AcDbLine
 10
3318849.83453
 20
5810063.261699
 30
0.0
 11
3318843.250154
 21
5810077.167239
 31
0.0
  0
LINE
  5
8B5
330
4
100
AcDbEntity
  8
Kataster AMT+Grunddiestbarkeit
  6
4
 62
     7
370
    70
100
AcDbLine
 10
3318872.986489
 20
5810062.137478
 30
0.0
 11
3318849.83453
 21
5810063.261699
 31
0.0
  0
LINE
  5
8B6
330
4
100
AcDbEntity
  8
Kataster AMT+Grunddiestbarkeit
  6
4
 62
     7
370
    70
100
AcDbLine
 10
3318843.250154
 20
5810077.167239
 30
0.0
 11
3318785.478186
 21
5810079.525276
 31
0.0
  0
LINE
  5
8B7
330
4
100
AcDbEntity
  8
Kataster AMT+Grunddiestbarkeit
  6
4
 62
     7
370
    70
100
AcDbLine
 10
3318886.600392
 20
5810061.476341
 30
0.0
 11
3318872.986489
 21
5810062.137478
 31
0.0
  0
LINE
  5
8B8
330
4
100
AcDbEntity
  8
Kataster AMT+Grunddiestbarkeit
  6
4
 62
     7
370
    70
100
AcDbLine
 10
3318890.330089
 20
5810154.290832
 30
0.0
 11
3318886.600392
 21
5810061.476341
 31
0.0
  0
LINE
  5
8B9
330
4
100
AcDbEntity
  8
Kataster AMT+Grunddiestbarkeit
  6
4
 62
     7
370
    70
100
AcDbLine
 10
3318941.02973
 20
5810058.831486
 30
0.0
 11
3318886.600392
 21
5810061.476341
 31
0.0
  0
LINE
  5
8BA
330
4
100
AcDbEntity
  8
Kataster AMT+Grunddiestbarkeit
  6
9020
 62
     2
370
    70
100
AcDbLine
 10
3318941.675877
 20
5810058.810324
 30
0.0
 11
3318941.788433
 21
5810062.811439
 31
0.0
  0
LINE
  5
8BB
330
4
100
AcDbEntity
  8
Kataster AMT+Grunddiestbarkeit
  6
4
 62
     7
370
    70
100
AcDbLine
 10
3318760.469125
 20
5810080.546038
 30
0.0
 11
3318759.943083
 21
5810067.629079
 31
0.0
  0
LINE
  5
8BC
330
4
100
AcDbEntity
  8
Kataster AMT+Grunddiestbarkeit
  6
4
 62
     7
370
    70
100
AcDbLine
 10
3318849.83453
 20
5810063.261699
 30
0.0
 11
3318759.943083
 21
5810067.629079
 31
0.0
  0
LINE
  5
8BE
330
4
100
AcDbEntity
  8
sonstige Leitungen TW_SW_RW_El
  6
14
 62
     1
370
    25
100
AcDbLine
 10
3318877.614585
 20
5810059.877739
 30
0.0
 11
3318883.071754
 21
5810059.574058
 31
0.0
  0
LINE
  5
8BF
330
4
100
AcDbEntity
  8
sonstige Leitungen TW_SW_RW_El
  6
9020
 62
     2
370
    70
100
AcDbLine
 10
3318796.721361
 20
5810063.035133
 30
0.0
 11
3318783.512989
 21
5810063.589855
 31
0.0
  0
LINE
  5
8C0
330
4
100
AcDbEntity
  8
sonstige Leitungen TW_SW_RW_El
  6
14
 62
     1
370
    25
100
AcDbLine
 10
3318878.085023
 20
5810062.774682
 30
0.0
 11
3318877.614585
 21
5810059.877739
 31
0.0
  0
LINE
  5
8C1
330
4
100
AcDbEntity
  8
sonstige Leitungen TW_SW_RW_El
  6
9020
 62
     2
370
    70
100
AcDbLine
 10
3318796.721361
 20
5810063.035133
 30
0.0
 11
3318806.33091
 21
5810062.610885
 31
0.0
  0
LINE
  5
8C2
330
4
100
AcDbEntity
  8
sonstige Leitungen TW_SW_RW_El
  6
9020
 62
     2
370
    70
100
AcDbLine
 10
3318796.721361
 20
5810063.035133
 30
0.0
 11
3318797.660769
 21
5810084.148016
 31
0.0
  0
LINE
  5
8C3
330
4
100
AcDbEntity
  8
sonstige Leitungen TW_SW_RW_El
  6
9023
 62
   131
370
    70
100
AcDbLine
 10
3318809.530525
 20
5810061.570351
 30
0.0
 11
3318781.955641
 21
5810062.713622
 31
0.0
  0
LINE
  5
8C5
330
4
100
AcDbEntity
  8
sonstige Leitungen TW_SW_RW_El
  6
9003
 62
   173
420
  4671487
370
    70
100
AcDbLine
 10
3318786.801265
 20
5810060.608355
 30
0.0
 11
3318798.683655
 21
5810060.135252
 31
0.0
  0
LINE
  5
8C6
330
4
100
AcDbEntity
  8
sonstige Leitungen TW_SW_RW_El
  6
14
 62
     1
370
    25
100
AcDbLine
 10
3318878.764368
 20
5810065.501563
 30
0.0
 11
3318882.040348
 21
5810065.334461
 31
0.0
  0
LINE
  5
8C7
330
4
100
AcDbEntity
  8
sonstige Leitungen TW_SW_RW_El
  6
9003
 62
   173
420
  4671487
370
    70
100
AcDbLine
 10
3318787.459377
 20
5810077.029159
 30
0.0
 11
3318786.801265
 21
5810060.608355
 31
0.0
  0
LINE
  5
8C8
330
4
100
AcDbEntity
  8
sonstige Leitungen TW_SW_RW_El
  6
9023
 62
   131
370
    70
100
AcDbLine
 10
3318860.241505
 20
5810059.256462
 30
0.0
 11
3318860.346969
 21
5810061.368536
 31
0.0
  0
LINE
  5
8C9
330
4
100
AcDbEntity
  8
sonstige Leitungen TW_SW_RW_El
  6
14
 62
     1
370
    25
100
AcDbLine
 10
3318878.567575
 20
5810065.318964
 30
0.0
 11
3318878.764368
 21
5810065.501563
 31
0.0
  0
LINE
  5
8CA
330
4
100
AcDbEntity
  8
sonstige Leitungen TW_SW_RW_El
  6
14
 62
     1
370
    25
100
AcDbLine
 10
3318878.449684
 20
5810064.566092
 30
0.0
 11
3318878.567575
 21
5810065.318964
 31
0.0
  0
LINE
  5
8CB
330
4
100
AcDbEntity
  8
sonstige Leitungen TW_SW_RW_El
  6
9023
 62
   131
370
    70
100
AcDbLine
 10
3318795.451074
 20
5810062.169035
 30
0.0
 11
3318796.600455
 21
5810084.204034
 31
0.0
  0
LINE
  5
8CC
330
4
100
AcDbEntity
  8
sonstige Leitungen TW_SW_RW_El
  6
9003
 62
   173
420
  4671487
370
    70
100
AcDbLine
 10
3318786.801265
 20
5810060.608355
 30
0.0
 11
3318770.441606
 21
5810061.408317
 31
0.0
  0
LINE
  5
8CD
330
4
100
AcDbEntity
  8
sonstige Leitungen TW_SW_RW_El
  6
14
 62
     1
370
    25
100
AcDbLine
 10
3318877.614585
 20
5810059.877739
 30
0.0
 11
3318873.068382
 21
5810060.166124
 31
0.0
  0
LINE
  5
8CF
330
4
100
AcDbEntity
  8
Fernwärmeleitung
  6
49
 62
   173
420
  4671487
370
    35
100
AcDbLine
 10
3318740.969357
 20
5810082.97907
 30
0.0
 11
3318740.940164
 21
5810081.960891
 31
0.0
  0
LINE
  5
8D0
330
4
100
AcDbEntity
  8
Fernwärmeleitung
  6
49
 62
   173
420
  4671487
370
    35
100
AcDbLine
 10
3318740.940164
 20
5810081.960891
 30
0.0
 11
3318742.037053
 21
5810080.846152
 31
0.0
  0
LINE
  5
8D1
330
4
100
AcDbEntity
  8
Fernwärmeleitung
  6
49
 62
   173
420
  4671487
370
    35
100
AcDbLine
 10
3318741.030404
 20
5810085.556388
 30
0.0
 11
3318741.072035
 21
5810085.311862
 31
0.0
  0
LINE
  5
8D3
330
4
100
AcDbEntity
  8
sonstige Leitungen TW_SW_RW_El
  6
7
 62
    35
420
 12679219
370
    50
100
AcDbLine
 10
3318789.259748
 20
5810101.210427
 30
0.0
 11
3318788.09052
 21
5810076.99868
 31
0.0
  0
LINE
  5
8D4
330
4
100
AcDbEntity
  8
sonstige Leitungen TW_SW_RW_El
  6
7
 62
    35
420
 12679219
370
    50
100
AcDbLine
 10
3318801.707607
 20
5810100.664299
 30
0.0
 11
3318801.648545
 21
5810099.302938
 31
0.0
  0
LINE
  5
8D5
330
4
100
AcDbEntity
  8
sonstige Leitungen TW_SW_RW_El
  6
7
 62
    35
420
 12679219
370
    50
100
AcDbLine
 10
3318789.259748
 20
5810101.210427
 30
48.835
 11
3318801.707607
 21
5810100.664299
 31
-49.123
  0
LINE
  5
8D6
330
4
100
AcDbEntity
  8
sonstige Leitungen TW_SW_RW_El
  6
7
 62
    35
420
 12679219
370
    50
100
AcDbLine
 10
3318801.707607
 20
5810100.664299
 30
-49.123
 11
3318872.839349
 21
5810097.762016
 31
-48.913
  0
LINE
  5
8D7
330
4
100
AcDbEntity
  8
sonstige Leitungen TW_SW_RW_El
  6
7
 62
    35
420
 12679219
370
    50
100
AcDbLine
 10
3318872.839349
 20
5810097.762016
 30
0.0
 11
3318872.783157
 21
5810096.320862
 31
0.0
  0
LINE
  5
8D8
330
4
100
AcDbEntity
  8
Fernwärmeleitung
  6
60
 62
     1
370
    50
100
AcDbLine
 10
3318746.319397
 20
5810080.642575
 30
0.0
 11
3318746.656076
 21
5810079.713084
 31
0.0
  0
LINE
  5
8D9
330
4
100
AcDbEntity
  8
Fernwärmeleitung
  6
60
 62
     1
370
    50
100
AcDbLine
 10
3318746.656076
 20
5810079.713084
 30
0.0
 11
3318746.582811
 21
5810076.918934
 31
0.0
  0
LINE
  5
8DA
330
4
100
AcDbEntity
  8
Fernwärmeleitung
  6
49
 62
   173
420
  4671487
370
    35
100
AcDbLine
 10
3318745.988459
 20
5810079.604898
 30
0.0
 11
3318745.918488
 21
5810076.936353
 31
0.0
  0
LINE
  5
8DB
330
4
100
AcDbEntity
  8
Fernwärmeleitung
  6
60
 62
     1
370
    50
100
AcDbLine
 10
3318745.365847
 20
5810080.893214
 30
0.0
 11
3318746.319397
 21
5810080.642575
 31
0.0
  0
LINE
  5
8DC
330
4
100
AcDbEntity
  8
Fernwärmeleitung
  6
49
 62
   173
420
  4671487
370
    35
100
AcDbLine
 10
3318743.681544
 20
5810080.355278
 30
0.0
 11
3318745.19691
 21
5810080.250494
 31
0.0
  0
LINE
  5
8DD
330
4
100
AcDbEntity
  8
Fernwärmeleitung
  6
49
 62
   173
420
  4671487
370
    35
100
AcDbLine
 10
3318745.813298
 20
5810080.088477
 30
0.0
 11
3318745.988459
 21
5810079.604898
 31
0.0
  0
LINE
  5
8DE
330
4
100
AcDbEntity
  8
Fernwärmeleitung
  6
49
 62
   173
420
  4671487
370
    35
100
AcDbLine
 10
3318738.961075
 20
5810085.636691
 30
0.0
 11
3318740.753962
 21
5810085.644082
 31
0.0
  0
LINE
  5
8DF
330
4
100
AcDbEntity
  8
Fernwärmeleitung
  6
49
 62
   173
420
  4671487
370
    35
100
AcDbLine
 10
3318742.037053
 20
5810080.846152
 30
0.0
 11
3318743.681544
 21
5810080.355278
 31
0.0
  0
LINE
  5
8E0
330
4
100
AcDbEntity
  8
Fernwärmeleitung
  6
60
 62
     1
370
    50
100
AcDbLine
 10
3318743.8031
 20
5810081.024959
 30
0.0
 11
3318745.365847
 21
5810080.893214
 31
0.0
  0
LINE
  5
8E1
330
4
100
AcDbEntity
  8
Fernwärmeleitung
  6
60
 62
     1
370
    50
100
AcDbLine
 10
3318741.645401
 20
5810082.954502
 30
0.0
 11
3318741.624622
 21
5810082.229784
 31
0.0
  0
LINE
  5
8E2
330
4
100
AcDbEntity
  8
Fernwärmeleitung
  6
60
 62
     1
370
    50
100
AcDbLine
 10
3318742.397228
 20
5810081.444606
 30
0.0
 11
3318743.8031
 21
5810081.024959
 31
0.0
  0
LINE
  5
8E3
330
4
100
AcDbEntity
  8
Fernwärmeleitung
  6
60
 62
     1
370
    50
100
AcDbLine
 10
3318741.644165
 20
5810085.981896
 30
0.0
 11
3318741.751026
 21
5810085.354234
 31
0.0
  0
LINE
  5
8E4
330
4
100
AcDbEntity
  8
Fernwärmeleitung
  6
60
 62
     1
370
    50
100
AcDbLine
 10
3318740.472338
 20
5810134.52018
 30
0.0
 11
3318745.471539
 21
5810134.315881
 31
0.0
  0
LINE
  5
8E5
330
4
100
AcDbEntity
  8
Fernwärmeleitung
  6
60
 62
     1
370
    50
100
AcDbLine
 10
3318738.709733
 20
5810086.448675
 30
0.0
 11
3318741.005
 21
5810086.353849
 31
0.0
  0
LINE
  5
8E6
330
4
100
AcDbEntity
  8
Fernwärmeleitung
  6
49
 62
   173
420
  4671487
370
    35
100
AcDbLine
 10
3318740.753962
 20
5810085.644082
 30
0.0
 11
3318741.030404
 21
5810085.556388
 31
0.0
  0
LINE
  5
8E7
330
4
100
AcDbEntity
  8
Fernwärmeleitung
  6
60
 62
     1
370
    50
100
AcDbLine
 10
3318741.624622
 20
5810082.229784
 30
0.0
 11
3318742.397228
 21
5810081.444606
 31
0.0
  0
LINE
  5
8E8
330
4
100
AcDbEntity
  8
Fernwärmeleitung
  6
60
 62
     1
370
    50
100
AcDbLine
 10
3318741.751026
 20
5810085.354234
 30
0.0
 11
3318741.645401
 21
5810082.954502
 31
0.0
  0
LINE
  5
8E9
330
4
100
AcDbEntity
  8
Fernwärmeleitung
  6
60
 62
     1
370
    50
100
AcDbLine
 10
3318741.005
 20
5810086.353849
 30
0.0
 11
3318741.644165
 21
5810085.981896
 31
0.0
  0
LINE
  5
8EA
330
4
100
AcDbEntity
  8
Fernwärmeleitung
  6
49
 62
   173
420
  4671487
370
    35
100
AcDbLine
 10
3318740.554058
 20
5810136.519861
 30
0.0
 11
3318745.553259
 21
5810136.315561
 31
0.0
  0
LINE
  5
8EB
330
4
100
AcDbEntity
  8
Fernwärmeleitung
  6
60
 62
     1
370
    50
100
AcDbLine
 10
3318740.635777
 20
5810138.519541
 30
0.0
 11
3318745.634978
 21
5810138.315242
 31
0.0
  0
LINE
  5
8EC
330
4
100
AcDbEntity
  8
Fernwärmeleitung
  6
60
 62
     1
370
    50
100
AcDbLine
 10
3318735.636577
 20
5810138.723841
 30
0.0
 11
3318740.635777
 21
5810138.519541
 31
0.0
  0
LINE
  5
8ED
330
4
100
AcDbEntity
  8
Fernwärmeleitung
  6
14
 62
     1
370
    25
100
AcDbLine
 10
3318808.096934
 20
5810101.199859
 30
0.0
 11
3318809.373373
 21
5810101.167489
 31
0.0
  0
LINE
  5
8EE
330
4
100
AcDbEntity
  8
Fernwärmeleitung
  6
14
 62
     1
370
    25
100
AcDbLine
 10
3318808.218102
 20
5810108.684266
 30
0.0
 11
3318808.792794
 21
5810120.633211
 31
0.0
  0
LINE
  5
8EF
330
4
100
AcDbEntity
  8
Fernwärmeleitung
  6
14
 62
     1
370
    25
100
AcDbLine
 10
3318808.792794
 20
5810120.633211
 30
0.0
 11
3318809.227409
 21
5810134.124379
 31
0.0
  0
LINE
  5
8F0
330
4
100
AcDbEntity
  8
Fernwärmeleitung
  6
14
 62
     1
370
    25
100
AcDbLine
 10
3318808.096934
 20
5810101.199859
 30
0.0
 11
3318808.218102
 21
5810108.684266
 31
0.0
  0
LINE
  5
8F1
330
4
100
AcDbEntity
  8
sonstige Leitungen TW_SW_RW_El
  6
14
 62
     1
370
    25
100
AcDbLine
 10
3318878.752695
 20
5810065.189572
 30
0.0
 11
3318882.050469
 21
5810065.009825
 31
0.0
  0
LINE
  5
8F2
330
4
100
AcDbEntity
  8
sonstige Leitungen TW_SW_RW_El
  6
9023
 62
   131
370
    70
100
AcDbLine
 10
3318860.241505
 20
5810059.256462
 30
0.0
 11
3318809.530525
 21
5810061.570351
 31
0.0
  0
LINE
  5
8F3
330
4
100
AcDbEntity
  8
Kataster AMT+Grunddiestbarkeit
  6
4
 62
     7
370
    70
100
AcDbLine
 10
3318886.600392
 20
5810061.476341
 30
0.0
 11
3318941.02973
 21
5810058.831486
 31
0.0
  0
LINE
  5
8F4
330
4
100
AcDbEntity
  8
Kataster AMT+Grunddiestbarkeit
  6
4
 62
     7
370
    70
100
AcDbLine
 10
3318872.986489
 20
5810062.137478
 30
0.0
 11
3318886.600392
 21
5810061.476341
 31
0.0
  0
LINE
  5
8F5
330
4
100
AcDbEntity
  8
Kataster AMT+Grunddiestbarkeit
  6
4
 62
     7
370
    70
100
AcDbLine
 10
3318849.83453
 20
5810063.261699
 30
0.0
 11
3318872.986489
 21
5810062.137478
 31
0.0
  0
LINE
  5
8F6
330
4
100
AcDbEntity
  8
Kataster AMT+Grunddiestbarkeit
  6
4
 62
     7
370
    70
100
AcDbLine
 10
3318759.943083
 20
5810067.629079
 30
0.0
 11
3318849.83453
 21
5810063.261699
 31
0.0
  0
LINE
  5
8F7
330
4
100
AcDbEntity
  8
Fernwärmeleitung
  6
60
 62
     1
370
    50
100
AcDbLine
 10
3318713.987882
 20
5810086.92997
 30
0.0
 11
3318707.224693
 21
5810087.159134
 31
0.0
  0
LINE
  5
8F8
330
4
100
AcDbEntity
  8
Fernwärmeleitung
  6
60
 62
     1
370
    50
100
AcDbLine
 10
3318851.708884
 20
5810077.65508
 30
47.142
 11
3318851.12047
 21
5810077.682833
 31
47.171
  0
LINE
  5
8F9
330
4
100
AcDbEntity
  8
Fernwärmeleitung
  6
60
 62
     1
370
    50
100
AcDbLine
 10
3318850.579267
 20
5810077.841295
 30
47.117
 11
3318850.045258
 21
5810077.76584
 31
47.105
  0
LINE
  5
8FA
330
4
100
AcDbEntity
  8
Fernwärmeleitung
  6
60
 62
     1
370
    50
100
AcDbLine
 10
3318851.12047
 20
5810077.682833
 30
47.171
 11
3318850.579267
 21
5810077.841295
 31
47.117
  0
LINE
  5
8FB
330
4
100
AcDbEntity
  8
Fernwärmeleitung
  6
60
 62
     1
370
    50
100
AcDbLine
 10
3318784.869183
 20
5810081.243607
 30
47.128
 11
3318773.089214
 21
5810081.840135
 31
47.133
  0
LINE
  5
8FC
330
4
100
AcDbEntity
  8
Fernwärmeleitung
  6
60
 62
     1
370
    50
100
AcDbLine
 10
3318850.045258
 20
5810077.76584
 30
47.105
 11
3318838.050444
 21
5810078.570405
 31
47.079
  0
LINE
  5
8FD
330
4
100
AcDbEntity
  8
Fernwärmeleitung
  6
49
 62
   173
420
  4671487
370
    35
100
AcDbLine
 10
3318735.554857
 20
5810136.72416
 30
0.0
 11
3318740.554058
 21
5810136.519861
 31
0.0
  0
LINE
  5
8FE
330
4
100
AcDbEntity
  8
Fernwärmeleitung
  6
60
 62
     1
370
    50
100
AcDbLine
 10
3318735.473137
 20
5810134.72448
 30
0.0
 11
3318740.472338
 21
5810134.52018
 31
0.0
  0
LINE
  5
8FF
330
4
100
AcDbEntity
  8
sonstige Leitungen TW_SW_RW_El
  6
9023
 62
   131
370
    70
100
AcDbLine
 10
3318997.801691
 20
5810053.072185
 30
0.0
 11
3318926.492607
 21
5810056.273564
 31
0.0
  0
LINE
  5
900
330
4
100
AcDbEntity
  8
Fernwärmeleitung
  6
49
 62
   173
420
  4671487
370
    35
100
AcDbLine
 10
3318993.056207
 20
5810055.545394
 30
0.0
 11
3318997.889052
 21
5810055.407124
 31
0.0
  0
LINE
  5
901
330
4
100
AcDbEntity
  8
Fernwärmeleitung
  6
60
 62
     1
370
    50
100
AcDbLine
 10
3318993.037897
 20
5810055.669144
 30
46.631
 11
3318992.795561
 21
5810055.688414
 31
46.624
  0
LINE
  5
902
330
4
100
AcDbEntity
  8
Fernwärmeleitung
  6
60
 62
     1
370
    50
100
AcDbLine
 10
3318940.764698
 20
5810058.562852
 30
0.0
 11
3318940.014388
 21
5810058.61108
 31
0.0
  0
LINE
  5
903
330
4
100
AcDbEntity
  8
Fernwärmeleitung
  6
60
 62
     1
370
    50
100
AcDbLine
 10
3318991.835307
 20
5810055.752415
 30
46.65
 11
3318991.645527
 21
5810055.754739
 31
46.671
  0
LINE
  5
904
330
4
100
AcDbEntity
  8
Fernwärmeleitung
  6
60
 62
     1
370
    50
100
AcDbLine
 10
3318991.645527
 20
5810055.754739
 30
46.671
 11
3318979.635616
 21
5810056.326306
 31
47.0
  0
LINE
  5
905
330
4
100
AcDbEntity
  8
Fernwärmeleitung
  6
60
 62
     1
370
    50
100
AcDbLine
 10
3318979.635616
 20
5810056.326306
 30
47.0
 11
3318967.63028
 21
5810056.921651
 31
47.153
  0
LINE
  5
906
330
4
100
AcDbEntity
  8
Fernwärmeleitung
  6
60
 62
     1
370
    50
100
AcDbLine
 10
3318967.63028
 20
5810056.921651
 30
47.153
 11
3318955.612302
 21
5810057.570809
 31
47.187
  0
LINE
  5
907
330
4
100
AcDbEntity
  8
Fernwärmeleitung
  6
60
 62
     1
370
    50
100
AcDbLine
 10
3318955.612302
 20
5810057.570809
 30
47.187
 11
3318943.632676
 21
5810058.361442
 31
47.28
  0
LINE
  5
908
330
4
100
AcDbEntity
  8
Fernwärmeleitung
  6
60
 62
     1
370
    50
100
AcDbLine
 10
3318943.632676
 20
5810058.361442
 30
47.28
 11
3318941.012215
 21
5810058.54187
 31
47.248
  0
LINE
  5
909
330
4
100
AcDbEntity
  8
Fernwärmeleitung
  6
60
 62
     1
370
    50
100
AcDbLine
 10
3318941.012215
 20
5810058.54187
 30
47.248
 11
3318940.764698
 21
5810058.562852
 31
47.387
  0
LINE
  5
90A
330
4
100
AcDbEntity
  8
Fernwärmeleitung
  6
60
 62
     1
370
    50
100
AcDbLine
 10
3318992.486505
 20
5810056.030404
 30
46.315
 11
3318992.513561
 21
5810056.443462
 31
46.28
  0
LINE
  5
90B
330
4
100
AcDbEntity
  8
Fernwärmeleitung
  6
60
 62
     1
370
    50
100
AcDbLine
 10
3318992.513561
 20
5810056.443462
 30
46.28
 11
3318992.545807
 21
5810057.202165
 31
46.272
  0
LINE
  5
90C
330
4
100
AcDbEntity
  8
Fernwärmeleitung
  6
60
 62
     1
370
    50
100
AcDbLine
 10
3318992.545807
 20
5810057.202165
 30
46.272
 11
3318992.570775
 21
5810057.96372
 31
46.298
  0
LINE
  5
90D
330
4
100
AcDbEntity
  8
Fernwärmeleitung
  6
49
 62
   173
420
  4671487
370
    35
100
AcDbLine
 10
3318992.19146
 20
5810055.915296
 30
46.529
 11
3318992.227415
 21
5810056.428373
 31
46.549
  0
LINE
  5
90E
330
4
100
AcDbEntity
  8
Fernwärmeleitung
  6
49
 62
   173
420
  4671487
370
    35
100
AcDbLine
 10
3318992.227415
 20
5810056.428373
 30
46.549
 11
3318992.315331
 21
5810057.945139
 31
46.596
  0
LINE
  5
90F
330
4
100
AcDbEntity
  8
Fernwärmeleitung
  6
49
 62
   173
420
  4671487
370
    35
100
AcDbLine
 10
3318992.315331
 20
5810057.945139
 30
46.596
 11
3318992.348511
 21
5810058.659845
 31
46.601
  0
LINE
  5
910
330
4
100
AcDbEntity
  8
Fernwärmeleitung
  6
60
 62
     1
370
    50
100
AcDbLine
 10
3318992.486505
 20
5810056.030404
 30
0.0
 11
3318992.461204
 21
5810055.703911
 31
0.0
  0
LINE
  5
911
330
4
100
AcDbEntity
  8
Fernwärmeleitung
  6
60
 62
     1
370
    50
100
AcDbLine
 10
3318940.179567
 20
5810058.910296
 30
47.131
 11
3318940.190182
 21
5810059.375903
 31
47.141
  0
LINE
  5
912
330
4
100
AcDbEntity
  8
Fernwärmeleitung
  6
60
 62
     1
370
    50
100
AcDbLine
 10
3318940.190182
 20
5810059.375903
 30
47.141
 11
3318940.229307
 21
5810060.766709
 31
47.143
  0
LINE
  5
913
330
4
100
AcDbEntity
  8
Fernwärmeleitung
  6
60
 62
     1
370
    50
100
AcDbLine
 10
3318940.229307
 20
5810060.766709
 30
47.143
 11
3318940.128104
 21
5810061.000976
 31
47.151
  0
LINE
  5
914
330
4
100
AcDbEntity
  8
Fernwärmeleitung
  6
60
 62
     1
370
    50
100
AcDbLine
 10
3318940.128104
 20
5810061.000976
 30
47.151
 11
3318939.891397
 21
5810061.151096
 31
47.141
  0
LINE
  5
915
330
4
100
AcDbEntity
  8
Fernwärmeleitung
  6
60
 62
     1
370
    50
100
AcDbLine
 10
3318939.891397
 20
5810061.151096
 30
47.141
 11
3318939.272911
 21
5810061.174112
 31
47.128
  0
LINE
  5
916
330
4
100
AcDbEntity
  8
Fernwärmeleitung
  6
60
 62
     1
370
    50
100
AcDbLine
 10
3318939.272911
 20
5810061.174112
 30
47.128
 11
3318938.698107
 21
5810061.199011
 31
47.129
  0
LINE
  5
917
330
4
100
AcDbEntity
  8
Fernwärmeleitung
  6
60
 62
     1
370
    50
100
AcDbLine
 10
3318938.698107
 20
5810061.199011
 30
47.129
 11
3318938.165403
 21
5810061.227377
 31
47.116
  0
LINE
  5
918
330
4
100
AcDbEntity
  8
Fernwärmeleitung
  6
60
 62
     1
370
    50
100
AcDbLine
 10
3318926.178404
 20
5810061.764473
 30
47.138
 11
3318914.109733
 21
5810062.280709
 31
47.165
  0
LINE
  5
919
330
4
100
AcDbEntity
  8
Fernwärmeleitung
  6
60
 62
     1
370
    50
100
AcDbLine
 10
3318914.109733
 20
5810062.280709
 30
47.165
 11
3318902.13222
 21
5810062.789315
 31
47.182
  0
LINE
  5
91A
330
4
100
AcDbEntity
  8
Fernwärmeleitung
  6
60
 62
     1
370
    50
100
AcDbLine
 10
3318902.13222
 20
5810062.789315
 30
47.182
 11
3318890.186033
 21
5810063.270372
 31
47.199
  0
LINE
  5
91B
330
4
100
AcDbEntity
  8
Fernwärmeleitung
  6
60
 62
     1
370
    50
100
AcDbLine
 10
3318938.698107
 20
5810061.199011
 30
47.129
 11
3318938.701334
 21
5810061.366769
 31
47.337
  0
LINE
  5
91C
330
4
100
AcDbEntity
  8
Fernwärmeleitung
  6
60
 62
     1
370
    50
100
AcDbLine
 10
3318938.701334
 20
5810061.366769
 30
47.337
 11
3318938.577585
 21
5810061.402582
 31
47.389
  0
LINE
  5
91D
330
4
100
AcDbEntity
  8
Fernwärmeleitung
  6
60
 62
     1
370
    50
100
AcDbLine
 10
3318938.577585
 20
5810061.402582
 30
47.389
 11
3318938.015136
 21
5810061.456914
 31
47.363
  0
LINE
  5
91E
330
4
100
AcDbEntity
  8
Fernwärmeleitung
  6
49
 62
   173
420
  4671487
370
    35
100
AcDbLine
 10
3318939.545459
 20
5810058.625337
 30
47.305
 11
3318939.57327
 21
5810059.372014
 31
47.44
  0
LINE
  5
91F
330
4
100
AcDbEntity
  8
Fernwärmeleitung
  6
49
 62
   173
420
  4671487
370
    35
100
AcDbLine
 10
3318939.57327
 20
5810059.372014
 30
47.44
 11
3318939.625107
 21
5810060.037018
 31
47.408
  0
LINE
  5
921
330
4
100
AcDbEntity
  8
Fernwärmeleitung
  6
37
 62
     7
370
    25
100
AcDbLine
 10
3318939.625107
 20
5810060.037018
 30
47.408
 11
3318939.48466
 21
5810060.287759
 31
47.34
  0
LINE
  5
922
330
4
100
AcDbEntity
  8
Fernwärmeleitung
  6
37
 62
     7
370
    25
100
AcDbLine
 10
3318939.48466
 20
5810060.287759
 30
47.34
 11
3318939.256812
 21
5810060.427114
 31
47.3
  0
LINE
  5
923
330
4
100
AcDbEntity
  8
Fernwärmeleitung
  6
37
 62
     7
370
    25
100
AcDbLine
 10
3318939.256812
 20
5810060.427114
 30
47.3
 11
3318938.634221
 21
5810060.475137
 31
47.108
  0
LINE
  5
924
330
4
100
AcDbEntity
  8
Fernwärmeleitung
  6
49
 62
   173
420
  4671487
370
    35
100
AcDbLine
 10
3318938.634221
 20
5810060.475137
 30
47.108
 11
3318938.065429
 21
5810060.494653
 31
47.084
  0
LINE
  5
925
330
4
100
AcDbEntity
  8
Fernwärmeleitung
  6
49
 62
   173
420
  4671487
370
    35
100
AcDbLine
 10
3318938.065429
 20
5810060.494653
 30
47.084
 11
3318937.497596
 21
5810060.539808
 31
47.112
  0
LINE
  5
926
330
4
100
AcDbEntity
  8
Fernwärmeleitung
  6
49
 62
   173
420
  4671487
370
    35
100
AcDbLine
 10
3318938.065429
 20
5810060.494653
 30
47.084
 11
3318938.062321
 21
5810060.652918
 31
47.268
  0
LINE
  5
927
330
4
100
AcDbEntity
  8
Fernwärmeleitung
  6
49
 62
   173
420
  4671487
370
    35
100
AcDbLine
 10
3318938.062321
 20
5810060.652918
 30
47.268
 11
3318937.937312
 21
5810060.705191
 31
47.346
  0
LINE
  5
928
330
4
100
AcDbEntity
  8
Fernwärmeleitung
  6
49
 62
   173
420
  4671487
370
    35
100
AcDbLine
 10
3318937.937312
 20
5810060.705191
 30
47.346
 11
3318937.370741
 21
5810060.73705
 31
47.383
  0
LINE
  5
929
330
4
100
AcDbEntity
  8
Fernwärmeleitung
  6
49
 62
   173
420
  4671487
370
    35
100
AcDbLine
 10
3318937.497596
 20
5810060.539808
 30
47.112
 11
3318925.502068
 21
5810061.124703
 31
47.122
  0
LINE
  5
92A
330
4
100
AcDbEntity
  8
Fernwärmeleitung
  6
49
 62
   173
420
  4671487
370
    35
100
AcDbLine
 10
3318925.502068
 20
5810061.124703
 30
47.122
 11
3318913.512197
 21
5810061.597546
 31
47.16
  0
LINE
  5
92B
330
4
100
AcDbEntity
  8
Fernwärmeleitung
  6
49
 62
   173
420
  4671487
370
    35
100
AcDbLine
 10
3318913.512197
 20
5810061.597546
 30
47.16
 11
3318901.441621
 21
5810062.097323
 31
47.19
  0
LINE
  5
92C
330
4
100
AcDbEntity
  8
Fernwärmeleitung
  6
60
 62
     1
370
    50
100
AcDbLine
 10
3318940.179567
 20
5810058.910296
 30
0.0
 11
3318940.159733
 21
5810058.601737
 31
0.0
  0
LINE
  5
92E
330
4
100
AcDbEntity
  8
Häuser
  6
10
 62
     7
370
    50
100
AcDbLine
 10
3318882.081023
 20
5810066.424662
 30
0.0
 11
3318884.895893
 21
5810066.326437
 31
0.0
  0
LINE
  5
92F
330
4
100
AcDbEntity
  8
Häuser
  6
10
 62
     7
370
    50
100
AcDbLine
 10
3318884.895893
 20
5810066.326437
 30
0.0
 11
3318884.857079
 21
5810064.645281
 31
0.0
  0
LINE
  5
930
330
4
100
AcDbEntity
  8
Häuser
  6
10
 62
     7
370
    50
100
AcDbLine
 10
3318884.857079
 20
5810064.645281
 30
0.0
 11
3318882.007343
 21
5810064.772356
 31
0.0
  0
LINE
  5
931
330
4
100
AcDbEntity
  8
Häuser
  6
10
 62
     7
370
    50
100
AcDbLine
 10
3318882.081023
 20
5810066.424662
 30
0.0
 11
3318882.007343
 21
5810064.772356
 31
0.0
  0
LINE
  5
932
330
4
100
AcDbEntity
  8
Fernwärmeleitung
  6
49
 62
   173
420
  4671487
370
    35
100
AcDbLine
 10
3318901.441621
 20
5810062.097323
 30
47.19
 11
3318889.450194
 21
5810062.641385
 31
47.217
  0
LINE
  5
933
330
4
100
AcDbEntity
  8
Fernwärmeleitung
  6
49
 62
   173
420
  4671487
370
    35
100
AcDbLine
 10
3318889.450194
 20
5810062.641385
 30
47.217
 11
3318877.416105
 21
5810063.376961
 31
47.228
  0
LINE
  5
934
330
4
100
AcDbEntity
  8
Fernwärmeleitung
  6
49
 62
   173
420
  4671487
370
    35
100
AcDbLine
 10
3318877.416105
 20
5810063.376961
 30
47.228
 11
3318865.517547
 21
5810064.269485
 31
47.158
  0
LINE
  5
935
330
4
100
AcDbEntity
  8
Fernwärmeleitung
  6
49
 62
   173
420
  4671487
370
    35
100
AcDbLine
 10
3318865.517547
 20
5810064.269485
 30
47.158
 11
3318853.502822
 21
5810065.156038
 31
47.161
  0
LINE
  5
936
330
4
100
AcDbEntity
  8
Fernwärmeleitung
  6
49
 62
   173
420
  4671487
370
    35
100
AcDbLine
 10
3318853.502822
 20
5810065.156038
 30
47.161
 11
3318851.285277
 21
5810065.276496
 31
47.17
  0
LINE
  5
937
330
4
100
AcDbEntity
  8
Fernwärmeleitung
  6
60
 62
     1
370
    50
100
AcDbLine
 10
3318852.187616
 20
5810065.925047
 30
47.22
 11
3318851.46848
 21
5810065.962027
 31
47.201
  0
LINE
  5
938
330
4
100
AcDbEntity
  8
Fernwärmeleitung
  6
60
 62
     1
370
    50
100
AcDbLine
 10
3318851.46848
 20
5810065.962027
 30
47.201
 11
3318851.263747
 21
5810066.123847
 31
47.172
  0
LINE
  5
939
330
4
100
AcDbEntity
  8
Fernwärmeleitung
  6
60
 62
     1
370
    50
100
AcDbLine
 10
3318851.263747
 20
5810066.123847
 30
47.172
 11
3318851.141651
 21
5810066.354323
 31
47.18
  0
LINE
  5
93A
330
4
100
AcDbEntity
  8
Fernwärmeleitung
  6
60
 62
     1
370
    50
100
AcDbLine
 10
3318851.141651
 20
5810066.354323
 30
47.18
 11
3318851.178914
 21
5810066.980716
 31
47.19
  0
LINE
  5
93B
330
4
100
AcDbEntity
  8
sonstige Leitungen TW_SW_RW_El
  6
9003
 62
   173
420
  4671487
370
    70
100
AcDbLine
 10
3318787.459377
 20
5810077.029159
 30
0.0
 11
3318788.658949
 21
5810101.869272
 31
0.0
  0
LINE
  5
93C
330
4
100
AcDbEntity
  8
Fernwärmeleitung
  6
60
 62
     1
370
    50
100
AcDbLine
 10
3318878.21016
 20
5810063.938823
 30
47.224
 11
3318866.205904
 21
5810064.892159
 31
47.157
  0
LINE
  5
93D
330
4
100
AcDbEntity
  8
Fernwärmeleitung
  6
60
 62
     1
370
    50
100
AcDbLine
 10
3318866.205904
 20
5810064.892159
 30
47.157
 11
3318854.236436
 21
5810065.76002
 31
47.189
  0
LINE
  5
93E
330
4
100
AcDbEntity
  8
Fernwärmeleitung
  6
60
 62
     1
370
    50
100
AcDbLine
 10
3318854.236436
 20
5810065.76002
 30
47.189
 11
3318852.187616
 21
5810065.925047
 31
47.22
  0
LINE
  5
93F
330
4
100
AcDbEntity
  8
Fernwärmeleitung
  6
60
 62
     1
370
    50
100
AcDbLine
 10
3318851.178914
 20
5810066.980716
 30
47.19
 11
3318852.049098
 21
5810076.645868
 31
47.141
  0
LINE
  5
940
330
4
100
AcDbEntity
  8
Fernwärmeleitung
  6
60
 62
     1
370
    50
100
AcDbLine
 10
3318852.060724
 20
5810077.276385
 30
47.161
 11
3318851.953189
 21
5810077.507489
 31
47.165
  0
LINE
  5
941
330
4
100
AcDbEntity
  8
Fernwärmeleitung
  6
60
 62
     1
370
    50
100
AcDbLine
 10
3318852.049098
 20
5810076.645868
 30
47.141
 11
3318852.060724
 21
5810077.276385
 31
47.161
  0
LINE
  5
942
330
4
100
AcDbEntity
  8
Fernwärmeleitung
  6
60
 62
     1
370
    50
100
AcDbLine
 10
3318851.953189
 20
5810077.507489
 30
47.165
 11
3318851.708884
 21
5810077.65508
 31
47.142
  0
LINE
  5
943
330
4
100
AcDbEntity
  8
sonstige Leitungen TW_SW_RW_El
  6
14
 62
     1
370
    25
100
AcDbLine
 10
3318878.377188
 20
5810062.803379
 30
47.407
 11
3318878.625022
 21
5810064.517916
 31
47.42
  0
LINE
  5
944
330
4
100
AcDbEntity
  8
sonstige Leitungen TW_SW_RW_El
  6
14
 62
     1
370
    25
100
AcDbLine
 10
3318878.449684
 20
5810064.566092
 30
47.395
 11
3318878.085023
 21
5810062.774682
 31
47.427
  0
LINE
  5
945
330
4
100
AcDbEntity
  8
Fernwärmeleitung
  6
49
 62
   173
420
  4671487
370
    35
100
AcDbLine
 10
3318991.631402
 20
5810055.637306
 30
0.0
 11
3318979.641419
 21
5810056.21769
 31
0.0
  0
LINE
  5
946
330
4
100
AcDbEntity
  8
Fernwärmeleitung
  6
49
 62
   173
420
  4671487
370
    35
100
AcDbLine
 10
3318979.641419
 20
5810056.21769
 30
0.0
 11
3318967.611871
 21
5810056.779018
 31
0.0
  0
LINE
  5
947
330
4
100
AcDbEntity
  8
Fernwärmeleitung
  6
49
 62
   173
420
  4671487
370
    35
100
AcDbLine
 10
3318967.611871
 20
5810056.779018
 30
0.0
 11
3318955.612724
 21
5810057.455785
 31
0.0
  0
LINE
  5
948
330
4
100
AcDbEntity
  8
Fernwärmeleitung
  6
49
 62
   173
420
  4671487
370
    35
100
AcDbLine
 10
3318955.612724
 20
5810057.455785
 30
0.0
 11
3318943.617803
 21
5810058.285578
 31
0.0
  0
LINE
  5
949
330
4
100
AcDbEntity
  8
Fernwärmeleitung
  6
49
 62
   173
420
  4671487
370
    35
100
AcDbLine
 10
3318943.617803
 20
5810058.285578
 30
0.0
 11
3318941.016436
 21
5810058.474401
 31
0.0
  0
LINE
  5
94A
330
4
100
AcDbEntity
  8
Fernwärmeleitung
  6
49
 62
   173
420
  4671487
370
    35
100
AcDbLine
 10
3318941.016436
 20
5810058.474401
 30
0.0
 11
3318940.762254
 21
5810058.490759
 31
0.0
  0
LINE
  5
94B
330
4
100
AcDbEntity
  8
Fernwärmeleitung
  6
49
 62
   173
420
  4671487
370
    35
100
AcDbLine
 10
3318940.762254
 20
5810058.490759
 30
0.0
 11
3318939.26208
 21
5810058.59584
 31
0.0
  0
LINE
  5
94C
330
4
100
AcDbEntity
  8
Fernwärmeleitung
  6
49
 62
   173
420
  4671487
370
    35
100
AcDbLine
 10
3318991.631402
 20
5810055.637306
 30
0.0
 11
3318993.056207
 21
5810055.545394
 31
0.0
  0
LINE
  5
94D
330
4
100
AcDbEntity
  8
Fernwärmeleitung
  6
60
 62
     1
370
    50
100
AcDbLine
 10
3318838.050444
 20
5810078.570405
 30
47.079
 11
3318826.013187
 21
5810079.296486
 31
47.126
  0
LINE
  5
94E
330
4
100
AcDbEntity
  8
Fernwärmeleitung
  6
60
 62
     1
370
    50
100
AcDbLine
 10
3318822.980384
 20
5810079.733136
 30
47.292
 11
3318823.048164
 21
5810080.717827
 31
47.332
  0
LINE
  5
94F
330
4
100
AcDbEntity
  8
Fernwärmeleitung
  6
60
 62
     1
370
    50
100
AcDbLine
 10
3318825.464661
 20
5810079.340684
 30
47.157
 11
3318824.888868
 21
5810079.257648
 31
47.162
  0
LINE
  5
950
330
4
100
AcDbEntity
  8
Fernwärmeleitung
  6
60
 62
     1
370
    50
100
AcDbLine
 10
3318823.048164
 20
5810080.717827
 30
47.332
 11
3318823.038883
 21
5810081.303406
 31
47.335
  0
LINE
  5
951
330
4
100
AcDbEntity
  8
Fernwärmeleitung
  6
60
 62
     1
370
    50
100
AcDbLine
 10
3318823.038883
 20
5810081.303406
 30
47.335
 11
3318823.097494
 21
5810082.315638
 31
47.376
  0
LINE
  5
952
330
4
100
AcDbEntity
  8
Fernwärmeleitung
  6
60
 62
     1
370
    50
100
AcDbLine
 10
3318823.061392
 20
5810079.670434
 30
47.3
 11
3318822.980384
 21
5810079.733136
 31
47.292
  0
LINE
  5
953
330
4
100
AcDbEntity
  8
Fernwärmeleitung
  6
60
 62
     1
370
    50
100
AcDbLine
 10
3318850.579267
 20
5810077.841295
 30
47.117
 11
3318850.578051
 21
5810077.978035
 31
47.262
  0
LINE
  5
954
330
4
100
AcDbEntity
  8
Fernwärmeleitung
  6
60
 62
     1
370
    50
100
AcDbLine
 10
3318850.578051
 20
5810077.978035
 30
47.262
 11
3318850.487237
 21
5810078.057516
 31
47.312
  0
LINE
  5
955
330
4
100
AcDbEntity
  8
Fernwärmeleitung
  6
60
 62
     1
370
    50
100
AcDbLine
 10
3318850.487237
 20
5810078.057516
 30
47.312
 11
3318849.948818
 21
5810078.039671
 31
47.337
  0
LINE
  5
956
330
4
100
AcDbEntity
  8
Fernwärmeleitung
  6
60
 62
     1
370
    50
100
AcDbLine
 10
3318849.948818
 20
5810078.039671
 30
47.337
 11
3318849.022685
 21
5810078.109012
 31
47.31
  0
LINE
  5
957
330
4
100
AcDbEntity
  8
Fernwärmeleitung
  6
60
 62
     1
370
    50
100
AcDbLine
 10
3318849.022685
 20
5810078.109012
 30
47.31
 11
3318848.96859
 21
5810078.195444
 31
47.284
  0
LINE
  5
958
330
4
100
AcDbEntity
  8
Fernwärmeleitung
  6
60
 62
     1
370
    50
100
AcDbLine
 10
3318848.96859
 20
5810078.195444
 30
47.284
 11
3318849.043644
 21
5810079.161457
 31
47.324
  0
LINE
  5
959
330
4
100
AcDbEntity
  8
Fernwärmeleitung
  6
60
 62
     1
370
    50
100
AcDbLine
 10
3318849.043644
 20
5810079.161457
 30
47.324
 11
3318849.080659
 21
5810079.975551
 31
47.341
  0
LINE
  5
95A
330
4
100
AcDbEntity
  8
Fernwärmeleitung
  6
60
 62
     1
370
    50
100
AcDbLine
 10
3318849.080659
 20
5810079.975551
 30
47.341
 11
3318849.135275
 21
5810080.451588
 31
47.302
  0
LINE
  5
95B
330
4
100
AcDbEntity
  8
Fernwärmeleitung
  6
60
 62
     1
370
    50
100
AcDbLine
 10
3318938.015136
 20
5810061.456914
 30
47.363
 11
3318937.271613
 21
5810061.453071
 31
47.341
  0
LINE
  5
95C
330
4
100
AcDbEntity
  8
Fernwärmeleitung
  6
60
 62
     1
370
    50
100
AcDbLine
 10
3318937.271613
 20
5810061.453071
 30
47.341
 11
3318937.163069
 21
5810061.52243
 31
47.368
  0
LINE
  5
95D
330
4
100
AcDbEntity
  8
Fernwärmeleitung
  6
60
 62
     1
370
    50
100
AcDbLine
 10
3318937.163069
 20
5810061.52243
 30
47.368
 11
3318937.123223
 21
5810061.619935
 31
47.379
  0
LINE
  5
95E
330
4
100
AcDbEntity
  8
Fernwärmeleitung
  6
60
 62
     1
370
    50
100
AcDbLine
 10
3318937.123223
 20
5810061.619935
 30
47.379
 11
3318937.175768
 21
5810062.491947
 31
47.373
  0
LINE
  5
95F
330
4
100
AcDbEntity
  8
Fernwärmeleitung
  6
60
 62
     1
370
    50
100
AcDbLine
 10
3318937.175768
 20
5810062.491947
 30
47.373
 11
3318937.238439
 21
5810063.352562
 31
47.336
  0
LINE
  5
960
330
4
100
AcDbEntity
  8
Fernwärmeleitung
  6
60
 62
     1
370
    50
100
AcDbLine
 10
3318937.238439
 20
5810063.352562
 30
47.336
 11
3318937.283738
 21
5810063.450985
 31
47.302
  0
LINE
  5
961
330
4
100
AcDbEntity
  8
Fernwärmeleitung
  6
60
 62
     1
370
    50
100
AcDbLine
 10
3318937.283738
 20
5810063.450985
 30
47.302
 11
3318937.376182
 21
5810063.499696
 31
47.297
  0
LINE
  5
962
330
4
100
AcDbEntity
  8
Fernwärmeleitung
  6
60
 62
     1
370
    50
100
AcDbLine
 10
3318937.376182
 20
5810063.499696
 30
47.297
 11
3318938.216863
 21
5810063.458873
 31
47.301
  0
LINE
  5
963
330
4
100
AcDbEntity
  8
Fernwärmeleitung
  6
60
 62
     1
370
    50
100
AcDbLine
 10
3318938.216863
 20
5810063.458873
 30
47.301
 11
3318939.260427
 21
5810063.38854
 31
47.285
  0
LINE
  5
964
330
4
100
AcDbEntity
  8
Fernwärmeleitung
  6
60
 62
     1
370
    50
100
AcDbLine
 10
3318939.260427
 20
5810063.38854
 30
47.285
 11
3318940.121356
 21
5810063.321754
 31
47.264
  0
LINE
  5
965
330
4
100
AcDbEntity
  8
Fernwärmeleitung
  6
60
 62
     1
370
    50
100
AcDbLine
 10
3318940.121356
 20
5810063.321754
 30
47.264
 11
3318940.19101
 21
5810063.372373
 31
47.244
  0
LINE
  5
966
330
4
100
AcDbEntity
  8
Fernwärmeleitung
  6
60
 62
     1
370
    50
100
AcDbLine
 10
3318940.19101
 20
5810063.372373
 30
47.244
 11
3318940.249917
 21
5810063.461612
 31
47.256
  0
LINE
  5
967
330
4
100
AcDbEntity
  8
Fernwärmeleitung
  6
60
 62
     1
370
    50
100
AcDbLine
 10
3318940.249917
 20
5810063.461612
 30
47.256
 11
3318940.311314
 21
5810064.303868
 31
47.274
  0
LINE
  5
968
330
4
100
AcDbEntity
  8
Fernwärmeleitung
  6
60
 62
     1
370
    50
100
AcDbLine
 10
3318940.311314
 20
5810064.303868
 30
47.274
 11
3318940.436312
 21
5810065.085011
 31
47.247
  0
LINE
  5
969
330
4
100
AcDbEntity
  8
Fernwärmeleitung
  6
60
 62
     1
370
    50
100
AcDbLine
 10
3318940.436312
 20
5810065.085011
 30
47.247
 11
3318940.477709
 21
5810065.765529
 31
47.295
  0
LINE
  5
96A
330
4
100
AcDbEntity
  8
Fernwärmeleitung
  6
60
 62
     1
370
    50
100
AcDbLine
 10
3318940.477709
 20
5810065.765529
 30
47.295
 11
3318941.169601
 21
5810071.729595
 31
47.349
  0
LINE
  5
96B
330
4
100
AcDbEntity
  8
Fernwärmeleitung
  6
49
 62
   173
420
  4671487
370
    35
100
AcDbLine
 10
3318851.285277
 20
5810065.276496
 30
47.17
 11
3318850.669032
 21
5810065.365665
 31
47.136
  0
LINE
  5
96C
330
4
100
AcDbEntity
  8
Fernwärmeleitung
  6
49
 62
   173
420
  4671487
370
    35
100
AcDbLine
 10
3318850.669032
 20
5810065.365665
 30
47.136
 11
3318850.438026
 21
5810065.527179
 31
47.112
  0
LINE
  5
96D
330
4
100
AcDbEntity
  8
Fernwärmeleitung
  6
49
 62
   173
420
  4671487
370
    35
100
AcDbLine
 10
3318850.438026
 20
5810065.527179
 30
47.112
 11
3318850.333023
 21
5810065.757016
 31
47.166
  0
LINE
  5
96E
330
4
100
AcDbEntity
  8
Fernwärmeleitung
  6
49
 62
   173
420
  4671487
370
    35
100
AcDbLine
 10
3318850.333023
 20
5810065.757016
 30
47.166
 11
3318850.360464
 21
5810066.35904
 31
47.174
  0
LINE
  5
96F
330
4
100
AcDbEntity
  8
Fernwärmeleitung
  6
49
 62
   173
420
  4671487
370
    35
100
AcDbLine
 10
3318850.360464
 20
5810066.35904
 30
47.174
 11
3318851.32244
 21
5810076.020992
 31
47.23
  0
LINE
  5
970
330
4
100
AcDbEntity
  8
Fernwärmeleitung
  6
49
 62
   173
420
  4671487
370
    35
100
AcDbLine
 10
3318851.32244
 20
5810076.020992
 30
47.23
 11
3318851.359077
 21
5810076.668277
 31
47.143
  0
LINE
  5
971
330
4
100
AcDbEntity
  8
Fernwärmeleitung
  6
49
 62
   173
420
  4671487
370
    35
100
AcDbLine
 10
3318851.359077
 20
5810076.668277
 30
47.143
 11
3318851.273076
 21
5810076.926594
 31
47.198
  0
LINE
  5
972
330
4
100
AcDbEntity
  8
Fernwärmeleitung
  6
49
 62
   173
420
  4671487
370
    35
100
AcDbLine
 10
3318851.273076
 20
5810076.926594
 30
47.198
 11
3318851.029717
 21
5810077.06184
 31
47.191
  0
LINE
  5
973
330
4
100
AcDbEntity
  8
Fernwärmeleitung
  6
49
 62
   173
420
  4671487
370
    35
100
AcDbLine
 10
3318851.029717
 20
5810077.06184
 30
47.191
 11
3318850.40681
 21
5810077.113978
 31
47.186
  0
LINE
  5
974
330
4
100
AcDbEntity
  8
Fernwärmeleitung
  6
49
 62
   173
420
  4671487
370
    35
100
AcDbLine
 10
3318850.40681
 20
5810077.113978
 30
47.186
 11
3318849.876024
 21
5810077.193621
 31
47.131
  0
LINE
  5
975
330
4
100
AcDbEntity
  8
Fernwärmeleitung
  6
49
 62
   173
420
  4671487
370
    35
100
AcDbLine
 10
3318849.876024
 20
5810077.193621
 30
47.131
 11
3318849.335715
 21
5810077.200465
 31
47.127
  0
LINE
  5
976
330
4
100
AcDbEntity
  8
Fernwärmeleitung
  6
49
 62
   173
420
  4671487
370
    35
100
AcDbLine
 10
3318849.335715
 20
5810077.200465
 30
47.127
 11
3318837.333319
 21
5810078.046815
 31
47.086
  0
LINE
  5
977
330
4
100
AcDbEntity
  8
Fernwärmeleitung
  6
49
 62
   173
420
  4671487
370
    35
100
AcDbLine
 10
3318848.354598
 20
5810077.520516
 30
47.316
 11
3318848.277713
 21
5810077.60569
 31
47.312
  0
LINE
  5
978
330
4
100
AcDbEntity
  8
Fernwärmeleitung
  6
49
 62
   173
420
  4671487
370
    35
100
AcDbLine
 10
3318848.277713
 20
5810077.60569
 30
47.312
 11
3318848.337556
 21
5810078.525496
 31
47.334
  0
LINE
  5
979
330
4
100
AcDbEntity
  8
Fernwärmeleitung
  6
49
 62
   173
420
  4671487
370
    35
100
AcDbLine
 10
3318848.337556
 20
5810078.525496
 30
47.334
 11
3318848.417945
 21
5810079.367745
 31
47.348
  0
LINE
  5
97A
330
4
100
AcDbEntity
  8
Fernwärmeleitung
  6
49
 62
   173
420
  4671487
370
    35
100
AcDbLine
 10
3318848.417945
 20
5810079.367745
 30
47.348
 11
3318848.375132
 21
5810080.009677
 31
47.334
  0
LINE
  5
97B
330
4
100
AcDbEntity
  8
Fernwärmeleitung
  6
49
 62
   173
420
  4671487
370
    35
100
AcDbLine
 10
3318849.876024
 20
5810077.193621
 30
47.131
 11
3318849.861526
 21
5810077.363918
 31
47.312
  0
LINE
  5
97C
330
4
100
AcDbEntity
  8
Fernwärmeleitung
  6
49
 62
   173
420
  4671487
370
    35
100
AcDbLine
 10
3318849.861526
 20
5810077.363918
 30
47.312
 11
3318849.74601
 21
5810077.409856
 31
47.349
  0
LINE
  5
97D
330
4
100
AcDbEntity
  8
Fernwärmeleitung
  6
49
 62
   173
420
  4671487
370
    35
100
AcDbLine
 10
3318849.74601
 20
5810077.409856
 30
47.349
 11
3318849.280098
 21
5810077.453074
 31
47.328
  0
LINE
  5
97E
330
4
100
AcDbEntity
  8
Fernwärmeleitung
  6
49
 62
   173
420
  4671487
370
    35
100
AcDbLine
 10
3318849.280098
 20
5810077.453074
 30
47.328
 11
3318848.354598
 21
5810077.520516
 31
47.316
  0
LINE
  5
97F
330
4
100
AcDbEntity
  8
Fernwärmeleitung
  6
49
 62
   173
420
  4671487
370
    35
100
AcDbLine
 10
3318837.333319
 20
5810078.046815
 30
47.086
 11
3318825.319739
 21
5810078.603546
 31
47.159
  0
LINE
  5
980
330
4
100
AcDbEntity
  8
Fernwärmeleitung
  6
60
 62
     1
370
    50
100
AcDbLine
 10
3318823.97583
 20
5810079.645727
 30
47.285
 11
3318823.061392
 21
5810079.670434
 31
47.3
  0
LINE
  5
981
330
4
100
AcDbEntity
  8
Fernwärmeleitung
  6
60
 62
     1
370
    50
100
AcDbLine
 10
3318826.013187
 20
5810079.296486
 30
47.126
 11
3318825.464661
 21
5810079.340684
 31
47.157
  0
LINE
  5
982
330
4
100
AcDbEntity
  8
Fernwärmeleitung
  6
60
 62
     1
370
    50
100
AcDbLine
 10
3318824.933301
 20
5810079.583655
 30
47.284
 11
3318823.97583
 21
5810079.645727
 31
47.285
  0
LINE
  5
983
330
4
100
AcDbEntity
  8
Fernwärmeleitung
  6
60
 62
     1
370
    50
100
AcDbLine
 10
3318825.375803
 20
5810079.575896
 30
47.299
 11
3318824.933301
 21
5810079.583655
 31
47.284
  0
LINE
  5
984
330
4
100
AcDbEntity
  8
Fernwärmeleitung
  6
60
 62
     1
370
    50
100
AcDbLine
 10
3318825.464661
 20
5810079.340684
 30
47.157
 11
3318825.375803
 21
5810079.575896
 31
47.299
  0
LINE
  5
985
330
4
100
AcDbEntity
  8
Fernwärmeleitung
  6
49
 62
   173
420
  4671487
370
    35
100
AcDbLine
 10
3318937.370741
 20
5810060.73705
 30
47.383
 11
3318936.617746
 21
5810060.799681
 31
47.359
  0
LINE
  5
986
330
4
100
AcDbEntity
  8
Fernwärmeleitung
  6
49
 62
   173
420
  4671487
370
    35
100
AcDbLine
 10
3318936.617746
 20
5810060.799681
 30
47.359
 11
3318936.52344
 21
5810060.851626
 31
47.372
  0
LINE
  5
987
330
4
100
AcDbEntity
  8
Fernwärmeleitung
  6
49
 62
   173
420
  4671487
370
    35
100
AcDbLine
 10
3318936.52344
 20
5810060.851626
 30
47.372
 11
3318936.472205
 21
5810060.967494
 31
47.37
  0
LINE
  5
988
330
4
100
AcDbEntity
  8
Fernwärmeleitung
  6
49
 62
   173
420
  4671487
370
    35
100
AcDbLine
 10
3318936.472205
 20
5810060.967494
 30
47.37
 11
3318936.522836
 21
5810061.797726
 31
47.346
  0
LINE
  5
989
330
4
100
AcDbEntity
  8
Fernwärmeleitung
  6
49
 62
   173
420
  4671487
370
    35
100
AcDbLine
 10
3318936.522836
 20
5810061.797726
 30
47.346
 11
3318936.622721
 21
5810063.154957
 31
47.336
  0
LINE
  5
98A
330
4
100
AcDbEntity
  8
Fernwärmeleitung
  6
49
 62
   173
420
  4671487
370
    35
100
AcDbLine
 10
3318936.622721
 20
5810063.154957
 30
47.336
 11
3318936.701825
 21
5810063.94403
 31
47.349
  0
LINE
  5
98B
330
4
100
AcDbEntity
  8
Fernwärmeleitung
  6
49
 62
   173
420
  4671487
370
    35
100
AcDbLine
 10
3318936.701825
 20
5810063.94403
 30
47.349
 11
3318936.753773
 21
5810064.047832
 31
47.343
  0
LINE
  5
98C
330
4
100
AcDbEntity
  8
Fernwärmeleitung
  6
49
 62
   173
420
  4671487
370
    35
100
AcDbLine
 10
3318936.753773
 20
5810064.047832
 30
47.343
 11
3318936.845906
 21
5810064.110154
 31
47.333
  0
LINE
  5
98D
330
4
100
AcDbEntity
  8
Fernwärmeleitung
  6
49
 62
   173
420
  4671487
370
    35
100
AcDbLine
 10
3318936.845906
 20
5810064.110154
 30
47.333
 11
3318937.665693
 21
5810064.062375
 31
47.292
  0
LINE
  5
98E
330
4
100
AcDbEntity
  8
Fernwärmeleitung
  6
49
 62
   173
420
  4671487
370
    35
100
AcDbLine
 10
3318937.665693
 20
5810064.062375
 30
47.292
 11
3318938.72414
 21
5810064.007546
 31
47.311
  0
LINE
  5
98F
330
4
100
AcDbEntity
  8
Fernwärmeleitung
  6
49
 62
   173
420
  4671487
370
    35
100
AcDbLine
 10
3318938.72414
 20
5810064.007546
 30
47.311
 11
3318939.568601
 21
5810063.917344
 31
47.26
  0
LINE
  5
990
330
4
100
AcDbEntity
  8
Fernwärmeleitung
  6
49
 62
   173
420
  4671487
370
    35
100
AcDbLine
 10
3318939.568601
 20
5810063.917344
 30
47.26
 11
3318939.66485
 21
5810063.986311
 31
47.276
  0
LINE
  5
991
330
4
100
AcDbEntity
  8
Fernwärmeleitung
  6
49
 62
   173
420
  4671487
370
    35
100
AcDbLine
 10
3318939.66485
 20
5810063.986311
 30
47.276
 11
3318939.706982
 21
5810064.078405
 31
47.261
  0
LINE
  5
992
330
4
100
AcDbEntity
  8
Fernwärmeleitung
  6
49
 62
   173
420
  4671487
370
    35
100
AcDbLine
 10
3318939.706982
 20
5810064.078405
 30
47.261
 11
3318939.78358
 21
5810064.941546
 31
47.274
  0
LINE
  5
993
330
4
100
AcDbEntity
  8
Fernwärmeleitung
  6
49
 62
   173
420
  4671487
370
    35
100
AcDbLine
 10
3318939.78358
 20
5810064.941546
 30
47.274
 11
3318939.958908
 21
5810065.729951
 31
47.302
  0
LINE
  5
994
330
4
100
AcDbEntity
  8
Fernwärmeleitung
  6
49
 62
   173
420
  4671487
370
    35
100
AcDbLine
 10
3318939.958908
 20
5810065.729951
 30
47.302
 11
3318939.981936
 21
5810066.380089
 31
47.324
  0
LINE
  5
995
330
4
100
AcDbEntity
  8
Fernwärmeleitung
  6
49
 62
   173
420
  4671487
370
    35
100
AcDbLine
 10
3318939.981936
 20
5810066.380089
 30
47.324
 11
3318940.695988
 21
5810072.353643
 31
47.347
  0
LINE
  5
996
330
4
100
AcDbEntity
  8
Fernwärmeleitung
  6
60
 62
     1
370
    50
100
AcDbLine
 10
3318941.694995
 20
5810083.739072
 30
47.362
 11
3318941.962218
 21
5810090.870961
 31
47.337
  0
LINE
  5
997
330
4
100
AcDbEntity
  8
Fernwärmeleitung
  6
60
 62
     1
370
    50
100
AcDbLine
 10
3318941.962218
 20
5810090.870961
 30
47.337
 11
3318942.012111
 21
5810091.411887
 31
47.343
  0
LINE
  5
998
330
4
100
AcDbEntity
  8
Fernwärmeleitung
  6
60
 62
     1
370
    50
100
AcDbLine
 10
3318942.012111
 20
5810091.411887
 30
47.343
 11
3318942.009495
 21
5810092.050323
 31
47.326
  0
LINE
  5
999
330
4
100
AcDbEntity
  8
Fernwärmeleitung
  6
60
 62
     1
370
    50
100
AcDbLine
 10
3318942.526353
 20
5810104.088607
 30
47.26
 11
3318943.090045
 21
5810116.093955
 31
47.267
  0
LINE
  5
99A
330
4
100
AcDbEntity
  8
Fernwärmeleitung
  6
60
 62
     1
370
    50
100
AcDbLine
 10
3318936.160724
 20
5810094.690081
 30
0.0
 11
3318935.894187
 21
5810094.700969
 31
0.0
  0
LINE
  5
99B
330
4
100
AcDbEntity
  8
Fernwärmeleitung
  6
60
 62
     1
370
    50
100
AcDbLine
 10
3318942.012111
 20
5810091.411887
 30
47.343
 11
3318941.853218
 21
5810091.42334
 31
47.471
  0
LINE
  5
99C
330
4
100
AcDbEntity
  8
Fernwärmeleitung
  6
60
 62
     1
370
    50
100
AcDbLine
 10
3318941.853218
 20
5810091.42334
 30
47.471
 11
3318941.804822
 21
5810091.511669
 31
47.507
  0
LINE
  5
99D
330
4
100
AcDbEntity
  8
Fernwärmeleitung
  6
60
 62
     1
370
    50
100
AcDbLine
 10
3318941.804822
 20
5810091.511669
 30
47.507
 11
3318941.818934
 21
5810092.017474
 31
47.502
  0
LINE
  5
99E
330
4
100
AcDbEntity
  8
Fernwärmeleitung
  6
60
 62
     1
370
    50
100
AcDbLine
 10
3318941.818934
 20
5810092.017474
 30
47.502
 11
3318941.885265
 21
5810093.367754
 31
47.487
  0
LINE
  5
99F
330
4
100
AcDbEntity
  8
Fernwärmeleitung
  6
60
 62
     1
370
    50
100
AcDbLine
 10
3318941.885265
 20
5810093.367754
 30
47.487
 11
3318941.914395
 21
5810094.2594
 31
47.468
  0
LINE
  5
9A0
330
4
100
AcDbEntity
  8
Fernwärmeleitung
  6
60
 62
     1
370
    50
100
AcDbLine
 10
3318941.914395
 20
5810094.2594
 30
47.468
 11
3318941.873912
 21
5810094.346143
 31
47.467
  0
LINE
  5
9A1
330
4
100
AcDbEntity
  8
Fernwärmeleitung
  6
60
 62
     1
370
    50
100
AcDbLine
 10
3318941.873912
 20
5810094.346143
 30
47.467
 11
3318941.817264
 21
5810094.376867
 31
47.464
  0
LINE
  5
9A2
330
4
100
AcDbEntity
  8
Fernwärmeleitung
  6
60
 62
     1
370
    50
100
AcDbLine
 10
3318941.817264
 20
5810094.376867
 30
47.464
 11
3318940.909479
 21
5810094.416449
 31
47.455
  0
LINE
  5
9A3
330
4
100
AcDbEntity
  8
Fernwärmeleitung
  6
60
 62
     1
370
    50
100
AcDbLine
 10
3318940.909479
 20
5810094.416449
 30
47.455
 11
3318937.42839
 21
5810094.621564
 31
47.416
  0
LINE
  5
9A4
330
4
100
AcDbEntity
  8
Fernwärmeleitung
  6
60
 62
     1
370
    50
100
AcDbLine
 10
3318937.42839
 20
5810094.621564
 30
47.416
 11
3318936.160724
 21
5810094.690081
 31
47.411
  0
LINE
  5
9A5
330
4
100
AcDbEntity
  8
Fernwärmeleitung
  6
60
 62
     1
370
    50
100
AcDbLine
 10
3318824.888868
 20
5810079.257648
 30
47.162
 11
3318822.708991
 21
5810079.379042
 31
47.21
  0
LINE
  5
9A6
330
4
100
AcDbEntity
  8
Fernwärmeleitung
  6
60
 62
     1
370
    50
100
AcDbLine
 10
3318822.708991
 20
5810079.379042
 30
47.21
 11
3318821.828751
 21
5810079.437288
 31
47.178
  0
LINE
  5
9A8
330
4
100
AcDbEntity
  8
Beschriftumg +Trassierung
  6
36
 62
     7
370
    18
100
AcDbLine
 10
3318795.02574
 20
5810084.26526
 30
0.0
 11
3318794.854457
 21
5810080.756207
 31
0.0
  0
LINE
  5
9A9
330
4
100
AcDbEntity
  8
Fernwärmeleitung
  6
49
 62
   173
420
  4671487
370
    35
100
AcDbLine
 10
3318940.695988
 20
5810072.353643
 30
47.347
 11
3318941.230877
 21
5810084.359951
 31
47.356
  0
LINE
  5
9AA
330
4
100
AcDbEntity
  8
Fernwärmeleitung
  6
49
 62
   173
420
  4671487
370
    35
100
AcDbLine
 10
3318941.230877
 20
5810084.359951
 30
47.356
 11
3318941.466652
 21
5810090.318802
 31
47.357
  0
LINE
  5
9AB
330
4
100
AcDbEntity
  8
Fernwärmeleitung
  6
49
 62
   173
420
  4671487
370
    35
100
AcDbLine
 10
3318941.466652
 20
5810090.318802
 30
47.357
 11
3318941.496618
 21
5810090.900568
 31
47.36
  0
LINE
  5
9AC
330
4
100
AcDbEntity
  8
Fernwärmeleitung
  6
49
 62
   173
420
  4671487
370
    35
100
AcDbLine
 10
3318941.496618
 20
5810090.900568
 30
47.36
 11
3318941.513923
 21
5810091.482339
 31
47.35
  0
LINE
  5
9AD
330
4
100
AcDbEntity
  8
Fernwärmeleitung
  6
49
 62
   173
420
  4671487
370
    35
100
AcDbLine
 10
3318941.513923
 20
5810091.482339
 30
47.35
 11
3318942.056752
 21
5810103.563027
 31
47.257
  0
LINE
  5
9AE
330
4
100
AcDbEntity
  8
Fernwärmeleitung
  6
49
 62
   173
420
  4671487
370
    35
100
AcDbLine
 10
3318942.056752
 20
5810103.563027
 30
47.257
 11
3318942.647982
 21
5810115.571214
 31
47.248
  0
LINE
  5
9AF
330
4
100
AcDbEntity
  8
Fernwärmeleitung
  6
49
 62
   173
420
  4671487
370
    35
100
AcDbLine
 10
3318941.496618
 20
5810090.900568
 30
47.36
 11
3318941.340258
 21
5810090.913919
 31
47.487
  0
LINE
  5
9B0
330
4
100
AcDbEntity
  8
sonstige Leitungen TW_SW_RW_El
  6
7
 62
    35
420
 12679219
370
    50
100
AcDbLine
 10
3318939.948178
 20
5810093.526726
 30
-50.122
 11
3318939.989405
 21
5810094.607018
 31
-50.133
  0
LINE
  5
9B1
330
4
100
AcDbEntity
  8
Fernwärmeleitung
  6
49
 62
   173
420
  4671487
370
    35
100
AcDbLine
 10
3318941.340258
 20
5810090.913919
 30
47.487
 11
3318941.298516
 21
5810091.020288
 31
47.523
  0
LINE
  5
9B2
330
4
100
AcDbEntity
  8
Fernwärmeleitung
  6
49
 62
   173
420
  4671487
370
    35
100
AcDbLine
 10
3318941.298516
 20
5810091.020288
 30
47.523
 11
3318941.318955
 21
5810091.516595
 31
47.526
  0
LINE
  5
9B3
330
4
100
AcDbEntity
  8
Fernwärmeleitung
  6
49
 62
   173
420
  4671487
370
    35
100
AcDbLine
 10
3318941.318955
 20
5810091.516595
 30
47.526
 11
3318941.394217
 21
5810093.052356
 31
47.504
  0
LINE
  5
9B4
330
4
100
AcDbEntity
  8
Fernwärmeleitung
  6
49
 62
   173
420
  4671487
370
    35
100
AcDbLine
 10
3318941.394217
 20
5810093.052356
 30
47.504
 11
3318941.441072
 21
5810093.944629
 31
47.48
  0
LINE
  5
9B5
330
4
100
AcDbEntity
  8
Fernwärmeleitung
  6
49
 62
   173
420
  4671487
370
    35
100
AcDbLine
 10
3318941.441072
 20
5810093.944629
 30
47.48
 11
3318941.390772
 21
5810094.019664
 31
47.477
  0
LINE
  5
9B6
330
4
100
AcDbEntity
  8
Fernwärmeleitung
  6
49
 62
   173
420
  4671487
370
    35
100
AcDbLine
 10
3318941.390772
 20
5810094.019664
 30
47.477
 11
3318941.327795
 21
5810094.053556
 31
47.473
  0
LINE
  5
9B7
330
4
100
AcDbEntity
  8
Fernwärmeleitung
  6
49
 62
   173
420
  4671487
370
    35
100
AcDbLine
 10
3318941.327795
 20
5810094.053556
 30
47.473
 11
3318940.437736
 21
5810094.093763
 31
47.45
  0
LINE
  5
9B8
330
4
100
AcDbEntity
  8
Fernwärmeleitung
  6
49
 62
   173
420
  4671487
370
    35
100
AcDbLine
 10
3318940.437736
 20
5810094.093763
 30
47.45
 11
3318937.379826
 21
5810094.250929
 31
47.407
  0
LINE
  5
9B9
330
4
100
AcDbEntity
  8
Fernwärmeleitung
  6
49
 62
   173
420
  4671487
370
    35
100
AcDbLine
 10
3318937.379826
 20
5810094.250929
 30
47.407
 11
3318936.083994
 21
5810094.331167
 31
47.406
  0
LINE
  5
9BA
330
4
100
AcDbEntity
  8
Fernwärmeleitung
  6
49
 62
   173
420
  4671487
370
    35
100
AcDbLine
 10
3318825.319739
 20
5810078.603546
 30
47.159
 11
3318824.789585
 21
5810078.681289
 31
47.128
  0
LINE
  5
9BB
330
4
100
AcDbEntity
  8
Fernwärmeleitung
  6
49
 62
   173
420
  4671487
370
    35
100
AcDbLine
 10
3318824.789585
 20
5810078.681289
 30
47.128
 11
3318824.273618
 21
5810078.605511
 31
47.195
  0
LINE
  5
9BC
330
4
100
AcDbEntity
  8
Fernwärmeleitung
  6
49
 62
   173
420
  4671487
370
    35
100
AcDbLine
 10
3318824.273618
 20
5810078.605511
 30
47.195
 11
3318821.846526
 21
5810078.708953
 31
47.211
  0
LINE
  5
9BD
330
4
100
AcDbEntity
  8
Fernwärmeleitung
  6
49
 62
   173
420
  4671487
370
    35
100
AcDbLine
 10
3318821.846526
 20
5810078.708953
 30
47.211
 11
3318821.078332
 21
5810078.753864
 31
47.164
  0
LINE
  5
9BE
330
4
100
AcDbEntity
  8
Fernwärmeleitung
  6
49
 62
   173
420
  4671487
370
    35
100
AcDbLine
 10
3318821.078332
 20
5810078.753864
 30
47.164
 11
3318820.400042
 21
5810078.829762
 31
47.241
  0
LINE
  5
9BF
330
4
100
AcDbEntity
  8
Fernwärmeleitung
  6
49
 62
   173
420
  4671487
370
    35
100
AcDbLine
 10
3318824.789585
 20
5810078.681289
 30
47.128
 11
3318824.676353
 21
5810078.913661
 31
47.284
  0
LINE
  5
9C0
330
4
100
AcDbEntity
  8
Fernwärmeleitung
  6
49
 62
   173
420
  4671487
370
    35
100
AcDbLine
 10
3318824.676353
 20
5810078.913661
 30
47.284
 11
3318824.153133
 21
5810078.91037
 31
47.338
  0
LINE
  5
9C1
330
4
100
AcDbEntity
  8
Fernwärmeleitung
  6
49
 62
   173
420
  4671487
370
    35
100
AcDbLine
 10
3318824.153133
 20
5810078.91037
 30
47.338
 11
3318823.282698
 21
5810078.951837
 31
47.342
  0
LINE
  5
9C2
330
4
100
AcDbEntity
  8
Fernwärmeleitung
  6
49
 62
   173
420
  4671487
370
    35
100
AcDbLine
 10
3318823.282698
 20
5810078.951837
 30
47.342
 11
3318822.346748
 21
5810079.006305
 31
47.344
  0
LINE
  5
9C3
330
4
100
AcDbEntity
  8
Fernwärmeleitung
  6
49
 62
   173
420
  4671487
370
    35
100
AcDbLine
 10
3318822.346748
 20
5810079.006305
 30
47.344
 11
3318822.274288
 21
5810079.075018
 31
47.366
  0
LINE
  5
9C4
330
4
100
AcDbEntity
  8
Fernwärmeleitung
  6
49
 62
   173
420
  4671487
370
    35
100
AcDbLine
 10
3318822.274288
 20
5810079.075018
 30
47.366
 11
3318822.291721
 21
5810080.004968
 31
47.362
  0
LINE
  5
9C5
330
4
100
AcDbEntity
  8
Fernwärmeleitung
  6
49
 62
   173
420
  4671487
370
    35
100
AcDbLine
 10
3318822.291721
 20
5810080.004968
 30
47.362
 11
3318822.334432
 21
5810080.817794
 31
47.311
  0
LINE
  5
9C6
330
4
100
AcDbEntity
  8
Fernwärmeleitung
  6
49
 62
   173
420
  4671487
370
    35
100
AcDbLine
 10
3318822.334432
 20
5810080.817794
 30
47.311
 11
3318822.367647
 21
5810081.627458
 31
47.355
  0
LINE
  5
9C7
330
4
100
AcDbEntity
  8
sonstige Leitungen TW_SW_RW_El
  6
7
 62
    35
420
 12679219
370
    50
100
AcDbLine
 10
3318788.09052
 20
5810076.99868
 30
0.0
 11
3318787.477263
 21
5810059.297168
 31
0.0
  0
LINE
  5
9C8
330
4
100
AcDbEntity
  8
Fernwärmeleitung
  6
49
 62
   173
420
  4671487
370
    35
100
AcDbLine
 10
3318796.350691
 20
5810079.848274
 30
47.173
 11
3318784.137703
 21
5810080.417739
 31
47.074
  0
LINE
  5
9C9
330
4
100
AcDbEntity
  8
sonstige Leitungen TW_SW_RW_El
  6
9003
 62
   173
420
  4671487
370
    70
100
AcDbLine
 10
3318788.658949
 20
5810101.869272
 30
0.0
 11
3318803.900348
 21
5810101.182174
 31
0.0
  0
LINE
  5
9CB
330
4
100
AcDbEntity
  8
Häuser
  6
1
 62
     7
370
    18
100
AcDbLine
 10
3318882.743624
 20
5810095.558849
 30
0.0
 11
3318882.239777
 21
5810083.094539
 31
0.0
  0
LINE
  5
9CC
330
4
100
AcDbEntity
  8
Fernwärmeleitung
  6
60
 62
     1
370
    50
100
AcDbLine
 10
3318942.009495
 20
5810092.050323
 30
47.326
 11
3318942.526353
 21
5810104.088607
 31
47.26
  0
LINE
  5
9CD
330
4
100
AcDbEntity
  8
sonstige Leitungen TW_SW_RW_El
  6
14
 62
     1
370
    25
100
AcDbLine
 10
3318878.625022
 20
5810064.517916
 30
0.0
 11
3318878.752695
 21
5810065.189572
 31
0.0
  0
LINE
  5
9CE
330
4
100
AcDbEntity
  8
sonstige Leitungen TW_SW_RW_El
  6
7
 62
    35
420
 12679219
370
    50
100
AcDbLine
 10
3318787.477263
 20
5810059.297168
 30
0.0
 11
3318813.645998
 21
5810058.068275
 31
0.0
  0
LINE
  5
9CF
330
4
100
AcDbEntity
  8
sonstige Leitungen TW_SW_RW_El
  6
7
 62
    35
420
 12679219
370
    50
100
AcDbLine
 10
3318787.477263
 20
5810059.297168
 30
0.0
 11
3318770.059251
 21
5810060.115853
 31
0.0
  0
LINE
  5
9D0
330
4
100
AcDbEntity
  8
Kataster AMT+Grunddiestbarkeit
  6
4
 62
     7
370
    70
100
AcDbLine
 10
3318886.600392
 20
5810061.476341
 30
0.0
 11
3318941.02973
 21
5810058.831486
 31
0.0
  0
LINE
  5
9D1
330
4
100
AcDbEntity
  8
Kataster AMT+Grunddiestbarkeit
  6
4
 62
     7
370
    70
100
AcDbLine
 10
3318872.986489
 20
5810062.137478
 30
0.0
 11
3318886.600392
 21
5810061.476341
 31
0.0
  0
LINE
  5
9D2
330
4
100
AcDbEntity
  8
Kataster AMT+Grunddiestbarkeit
  6
4
 62
     7
370
    70
100
AcDbLine
 10
3318849.83453
 20
5810063.261699
 30
0.0
 11
3318872.986489
 21
5810062.137478
 31
0.0
  0
LINE
  5
9D3
330
4
100
AcDbEntity
  8
Kataster AMT+Grunddiestbarkeit
  6
4
 62
     7
370
    70
100
AcDbLine
 10
3318759.943083
 20
5810067.629079
 30
0.0
 11
3318849.83453
 21
5810063.261699
 31
0.0
  0
LINE
  5
9D4
330
4
100
AcDbEntity
  8
Fernwärmeleitung
  6
60
 62
     1
370
    50
100
AcDbLine
 10
3318992.795561
 20
5810055.688414
 30
0.0
 11
3318992.313408
 21
5810055.715365
 31
0.0
  0
LINE
  5
9D5
330
4
100
AcDbEntity
  8
Fernwärmeleitung
  6
60
 62
     1
370
    50
100
AcDbLine
 10
3318992.313408
 20
5810055.715365
 30
0.0
 11
3318991.835307
 21
5810055.752415
 31
0.0
  0
LINE
  5
9D6
330
4
100
AcDbEntity
  8
Fernwärmeleitung
  6
60
 62
     1
370
    50
100
AcDbLine
 10
3318940.014388
 20
5810058.61108
 30
0.0
 11
3318939.264079
 21
5810058.659308
 31
0.0
  0
LINE
  5
9D7
330
4
100
AcDbEntity
  8
Beschriftumg +Trassierung
  6
36
 62
     7
370
    18
100
AcDbLine
 10
3318926.484692
 20
5810056.268819
 30
0.0
 11
3318926.729827
 21
5810061.739766
 31
0.0
  0
LINE
  5
9D8
330
4
100
AcDbEntity
  8
Beschriftumg +Trassierung
  6
36
 62
     7
370
    18
100
AcDbLine
 10
3318940.008546
 20
5810075.964835
 30
0.0
 11
3318941.352314
 21
5810075.906047
 31
0.0
  0
LINE
  5
9D9
330
4
100
AcDbEntity
  8
Kataster AMT+Grunddiestbarkeit
  6
4
 62
     7
370
    70
100
AcDbLine
 10
3318997.913789
 20
5810056.068297
 30
0.0
 11
3318941.02973
 21
5810058.831486
 31
0.0
  0
LINE
  5
9DA
330
4
100
AcDbEntity
  8
Fernwärmeleitung
  6
60
 62
     1
370
    50
100
AcDbLine
 10
3318938.165403
 20
5810061.227377
 30
47.116
 11
3318926.178404
 21
5810061.764473
 31
47.138
  0
LINE
  5
9DB
330
4
100
AcDbEntity
  8
Fernwärmeleitung
  6
60
 62
     1
370
    50
100
AcDbLine
 10
3318890.186033
 20
5810063.270372
 30
47.199
 11
3318878.21016
 21
5810063.938823
 31
47.224
  0
LINE
  5
9DC
330
4
100
AcDbEntity
  8
Fernwärmeleitung
  6
60
 62
     1
370
    50
100
AcDbLine
 10
3318824.070433
 20
5810094.261012
 30
47.515
 11
3318824.411616
 21
5810098.499501
 31
47.483
  0
LINE
  5
9DD
330
4
100
AcDbEntity
  8
Beschriftumg +Trassierung
  6
36
 62
     7
370
    18
100
AcDbLine
 10
3318882.007343
 20
5810064.772356
 30
0.0
 11
3318881.94917
 21
5810063.730125
 31
0.0
  0
LINE
  5
9DE
330
4
100
AcDbEntity
  8
Fernwärmeleitung
  6
60
 62
     1
370
    50
100
AcDbLine
 10
3318941.169601
 20
5810071.729595
 30
47.349
 11
3318941.694995
 21
5810083.739072
 31
47.362
  0
LINE
  5
9DF
330
4
100
AcDbEntity
  8
Häuser
  6
1
 62
     7
370
    18
100
AcDbLine
 10
3318866.115639
 20
5810123.623466
 30
-48.716
 11
3318865.381217
 21
5810106.088137
 31
-49.459
  0
LINE
  5
9E0
330
4
100
AcDbEntity
  8
Häuser
  6
1
 62
     7
370
    18
100
AcDbLine
 10
3318865.381217
 20
5810106.088137
 30
-49.459
 11
3318847.04603
 21
5810106.838994
 31
-47.709
  0
LINE
  5
9E1
330
4
100
AcDbEntity
  8
Häuser
  6
1
 62
     7
370
    18
100
AcDbLine
 10
3318847.04603
 20
5810106.838994
 30
0.0
 11
3318847.81346
 21
5810125.807289
 31
0.0
  0
LINE
  5
9E2
330
4
100
AcDbEntity
  8
Häuser
  6
1
 62
     7
370
    18
100
AcDbLine
 10
3318884.892952
 20
5810130.496317
 30
-49.405
 11
3318866.573285
 21
5810131.273441
 31
-47.247
  0
LINE
  5
9E3
330
4
100
AcDbEntity
  8
Häuser
  6
1
 62
     7
370
    18
100
AcDbLine
 10
3318811.806864
 20
5810151.109585
 30
0.0
 11
3318811.083116
 21
5810133.511313
 31
0.0
  0
LINE
  5
9E4
330
4
100
AcDbEntity
  8
Häuser
  6
1
 62
     7
370
    18
100
AcDbLine
 10
3318793.480225
 20
5810151.863288
 30
0.0
 11
3318792.756477
 21
5810134.265016
 31
0.0
  0
LINE
  5
9E5
330
4
100
AcDbEntity
  8
Häuser
  6
1
 62
     7
370
    18
100
AcDbLine
 10
3318811.083116
 20
5810133.511313
 30
-48.743
 11
3318792.756477
 21
5810134.265016
 31
-48.632
  0
LINE
  5
9E6
330
4
100
AcDbEntity
  8
Häuser
  6
1
 62
     7
370
    18
100
AcDbLine
 10
3318810.169132
 20
5810108.366898
 30
0.0
 11
3318828.464587
 21
5810107.594373
 31
0.0
  0
LINE
  5
9E7
330
4
100
AcDbEntity
  8
Häuser
  6
1
 62
     7
370
    18
100
AcDbLine
 10
3318828.464587
 20
5810107.594373
 30
0.0
 11
3318829.258113
 21
5810126.589332
 31
0.0
  0
LINE
  5
9E8
330
4
100
AcDbEntity
  8
Häuser
  6
1
 62
     7
370
    18
100
AcDbLine
 10
3318795.02574
 20
5810084.26526
 30
-48.515
 11
3318811.243372
 21
5810083.543664
 31
-48.231
  0
LINE
  5
9E9
330
4
100
AcDbEntity
  8
Häuser
  6
1
 62
     7
370
    18
100
AcDbLine
 10
3318811.243372
 20
5810083.543664
 30
-48.231
 11
3318811.349348
 21
5810085.975819
 31
-48.772
  0
LINE
  5
9EA
330
4
100
AcDbEntity
  8
Häuser
  6
1
 62
     7
370
    18
100
AcDbLine
 10
3318811.349348
 20
5810085.975819
 30
-48.772
 11
3318815.67526
 21
5810085.802997
 31
-48.899
  0
LINE
  5
9EB
330
4
100
AcDbEntity
  8
Häuser
  6
1
 62
     7
370
    18
100
AcDbLine
 10
3318815.67526
 20
5810085.802997
 30
0.0
 11
3318816.194657
 21
5810098.293122
 31
0.0
  0
LINE
  5
9EC
330
4
100
AcDbEntity
  8
Häuser
  6
1
 62
     7
370
    18
100
AcDbLine
 10
3318857.860852
 20
5810096.564689
 30
-48.683
 11
3318857.343208
 21
5810084.107323
 31
-49.585
  0
LINE
  5
9ED
330
4
100
AcDbEntity
  8
Häuser
  6
1
 62
     7
370
    18
100
AcDbLine
 10
3318857.343208
 20
5810084.107323
 30
-49.585
 11
3318861.671965
 21
5810083.925954
 31
-48.006
  0
LINE
  5
9EE
330
4
100
AcDbEntity
  8
Häuser
  6
1
 62
     7
370
    18
100
AcDbLine
 10
3318861.671965
 20
5810083.925954
 30
-48.006
 11
3318861.555541
 21
5810081.487155
 31
-47.84
  0
LINE
  5
9EF
330
4
100
AcDbEntity
  8
Häuser
  6
1
 62
     7
370
    18
100
AcDbLine
 10
3318857.860852
 20
5810096.564689
 30
-48.683
 11
3318866.786151
 21
5810096.208815
 31
-48.646
  0
LINE
  5
9F0
330
4
100
AcDbEntity
  8
Häuser
  6
1
 62
     7
370
    18
100
AcDbLine
 10
3318866.786151
 20
5810096.208815
 30
-48.646
 11
3318866.808434
 21
5810096.553821
 31
-48.84
  0
LINE
  5
9F1
330
4
100
AcDbEntity
  8
Häuser
  6
1
 62
     7
370
    18
100
AcDbLine
 10
3318866.808434
 20
5810096.553821
 30
-48.84
 11
3318873.823206
 21
5810096.28031
 31
-49.125
  0
LINE
  5
9F2
330
4
100
AcDbEntity
  8
Häuser
  6
1
 62
     7
370
    18
100
AcDbLine
 10
3318873.823206
 20
5810096.28031
 30
-49.125
 11
3318873.809147
 21
5810095.920107
 31
-49.003
  0
LINE
  5
9F3
330
4
100
AcDbEntity
  8
Häuser
  6
1
 62
     7
370
    18
100
AcDbLine
 10
3318873.809147
 20
5810095.920107
 30
-49.003
 11
3318882.743624
 21
5810095.558849
 31
-47.724
  0
LINE
  5
9F4
330
4
100
AcDbEntity
  8
Häuser
  6
1
 62
     7
370
    18
100
AcDbLine
 10
3318861.904827
 20
5810125.209223
 30
0.0
 11
3318861.847178
 21
5810123.79781
 31
0.0
  0
LINE
  5
9F5
330
4
100
AcDbEntity
  8
Fernwärmeleitung
  6
60
 62
     1
370
    50
100
AcDbLine
 10
3318797.015058
 20
5810080.650744
 30
47.185
 11
3318809.021034
 21
5810080.075657
 31
47.18
  0
LINE
  5
9F6
330
4
100
AcDbEntity
  8
Fernwärmeleitung
  6
49
 62
   173
420
  4671487
370
    35
100
AcDbLine
 10
3318820.400042
 20
5810078.829762
 30
47.241
 11
3318808.298768
 21
5810079.342528
 31
47.176
  0
LINE
  5
9F7
330
4
100
AcDbEntity
  8
Fernwärmeleitung
  6
60
 62
     1
370
    50
100
AcDbLine
 10
3318849.135275
 20
5810080.451588
 30
47.302
 11
3318849.783099
 21
5810087.086707
 31
47.2
  0
LINE
  5
9F8
330
4
100
AcDbEntity
  8
Fernwärmeleitung
  6
60
 62
     1
370
    50
100
AcDbLine
 10
3318850.841819
 20
5810099.037431
 30
47.276
 11
3318850.900727
 21
5810099.994904
 31
47.31
  0
LINE
  5
9F9
330
4
100
AcDbEntity
  8
Fernwärmeleitung
  6
60
 62
     1
370
    50
100
AcDbLine
 10
3318850.900727
 20
5810099.994904
 30
47.31
 11
3318851.009319
 21
5810100.058486
 31
47.311
  0
LINE
  5
9FA
330
4
100
AcDbEntity
  8
Fernwärmeleitung
  6
60
 62
     1
370
    50
100
AcDbLine
 10
3318851.009319
 20
5810100.058486
 30
47.311
 11
3318851.915203
 21
5810100.015107
 31
47.292
  0
LINE
  5
9FB
330
4
100
AcDbEntity
  8
Fernwärmeleitung
  6
60
 62
     1
370
    50
100
AcDbLine
 10
3318851.915203
 20
5810100.015107
 30
47.292
 11
3318861.461549
 21
5810099.714082
 31
47.258
  0
LINE
  5
9FC
330
4
100
AcDbEntity
  8
Fernwärmeleitung
  6
60
 62
     1
370
    50
100
AcDbLine
 10
3318861.461549
 20
5810099.714082
 30
47.258
 11
3318861.895184
 21
5810099.694932
 31
47.257
  0
LINE
  5
9FD
330
4
100
AcDbEntity
  8
Fernwärmeleitung
  6
60
 62
     1
370
    50
100
AcDbLine
 10
3318861.895184
 20
5810099.694932
 30
47.257
 11
3318862.48455
 21
5810099.676991
 31
47.219
  0
LINE
  5
9FE
330
4
100
AcDbEntity
  8
Fernwärmeleitung
  6
60
 62
     1
370
    50
100
AcDbLine
 10
3318862.48455
 20
5810099.676991
 30
47.219
 11
3318863.497417
 21
5810099.622811
 31
47.616
  0
LINE
  5
9FF
330
4
100
AcDbEntity
  8
Fernwärmeleitung
  6
60
 62
     1
370
    50
100
AcDbLine
 10
3318863.497417
 20
5810099.622811
 30
47.616
 11
3318863.571514
 21
5810099.704448
 31
47.626
  0
LINE
  5
A00
330
4
100
AcDbEntity
  8
Fernwärmeleitung
  6
60
 62
     1
370
    50
100
AcDbLine
 10
3318863.571514
 20
5810099.704448
 30
47.626
 11
3318863.585789
 21
5810100.656556
 31
47.737
  0
LINE
  5
A01
330
4
100
AcDbEntity
  8
Fernwärmeleitung
  6
60
 62
     1
370
    50
100
AcDbLine
 10
3318863.585789
 20
5810100.656556
 30
47.737
 11
3318863.626408
 21
5810102.670287
 31
47.877
  0
LINE
  5
A02
330
4
100
AcDbEntity
  8
Fernwärmeleitung
  6
60
 62
     1
370
    50
100
AcDbLine
 10
3318863.626408
 20
5810102.670287
 30
47.877
 11
3318863.681798
 21
5810105.260724
 31
47.97
  0
LINE
  5
A03
330
4
100
AcDbEntity
  8
Fernwärmeleitung
  6
60
 62
     1
370
    50
100
AcDbLine
 10
3318863.681798
 20
5810105.260724
 30
47.97
 11
3318863.715623
 21
5810106.008348
 31
47.988
  0
LINE
  5
A04
330
4
100
AcDbEntity
  8
Fernwärmeleitung
  6
60
 62
     1
370
    50
100
AcDbLine
 10
3318863.715623
 20
5810106.008348
 30
0.0
 11
3318863.721673
 21
5810106.156098
 31
0.0
  0
LINE
  5
A05
330
4
100
AcDbEntity
  8
Fernwärmeleitung
  6
60
 62
     1
370
    50
100
AcDbLine
 10
3318861.895184
 20
5810099.694932
 30
47.257
 11
3318862.057566
 21
5810099.704685
 31
47.532
  0
LINE
  5
A06
330
4
100
AcDbEntity
  8
Fernwärmeleitung
  6
60
 62
     1
370
    50
100
AcDbLine
 10
3318862.057566
 20
5810099.704685
 30
47.532
 11
3318862.577609
 21
5810099.676324
 31
47.573
  0
LINE
  5
A07
330
4
100
AcDbEntity
  8
Fernwärmeleitung
  6
60
 62
     1
370
    50
100
AcDbLine
 10
3318862.577609
 20
5810099.676324
 30
47.573
 11
3318863.804774
 21
5810099.647072
 31
47.291
  0
LINE
  5
A08
330
4
100
AcDbEntity
  8
Fernwärmeleitung
  6
60
 62
     1
370
    50
100
AcDbLine
 10
3318871.665009
 20
5810099.426111
 30
47.313
 11
3318872.151816
 21
5810099.39618
 31
47.296
  0
LINE
  5
A09
330
4
100
AcDbEntity
  8
Fernwärmeleitung
  6
60
 62
     1
370
    50
100
AcDbLine
 10
3318872.834878
 20
5810099.385168
 30
47.571
 11
3318876.111505
 21
5810099.220643
 31
47.576
  0
LINE
  5
A0A
330
4
100
AcDbEntity
  8
Fernwärmeleitung
  6
60
 62
     1
370
    50
100
AcDbLine
 10
3318872.77442
 20
5810099.382975
 30
47.271
 11
3318873.695179
 21
5810099.332943
 31
47.294
  0
LINE
  5
A0B
330
4
100
AcDbEntity
  8
Fernwärmeleitung
  6
60
 62
     1
370
    50
100
AcDbLine
 10
3318876.111505
 20
5810099.220643
 30
47.576
 11
3318876.988902
 21
5810099.177274
 31
47.574
  0
LINE
  5
A0C
330
4
100
AcDbEntity
  8
Fernwärmeleitung
  6
60
 62
     1
370
    50
100
AcDbLine
 10
3318876.988902
 20
5810099.177274
 30
47.574
 11
3318877.044902
 21
5810099.107301
 31
47.577
  0
LINE
  5
A0D
330
4
100
AcDbEntity
  8
Fernwärmeleitung
  6
60
 62
     1
370
    50
100
AcDbLine
 10
3318877.044902
 20
5810099.107301
 30
47.577
 11
3318877.000577
 21
5810098.210596
 31
47.653
  0
LINE
  5
A0E
330
4
100
AcDbEntity
  8
Fernwärmeleitung
  6
60
 62
     1
370
    50
100
AcDbLine
 10
3318877.000577
 20
5810098.210596
 30
47.653
 11
3318876.918458
 21
5810096.099708
 31
47.785
  0
LINE
  5
A0F
330
4
100
AcDbEntity
  8
Fernwärmeleitung
  6
60
 62
     1
370
    50
100
AcDbLine
 10
3318876.918458
 20
5810096.099708
 30
47.785
 11
3318876.897115
 21
5810095.729695
 31
47.814
  0
LINE
  5
A10
330
4
100
AcDbEntity
  8
Fernwärmeleitung
  6
60
 62
     1
370
    50
100
AcDbLine
 10
3318872.151816
 20
5810099.39618
 30
47.296
 11
3318872.312299
 21
5810099.4053
 31
47.561
  0
LINE
  5
A11
330
4
100
AcDbEntity
  8
Fernwärmeleitung
  6
60
 62
     1
370
    50
100
AcDbLine
 10
3318872.312299
 20
5810099.4053
 30
47.561
 11
3318872.834878
 21
5810099.385168
 31
47.571
  0
LINE
  5
A12
330
4
100
AcDbEntity
  8
Fernwärmeleitung
  6
60
 62
     1
370
    50
100
AcDbLine
 10
3318873.782567
 20
5810099.406346
 30
47.288
 11
3318873.78416
 21
5810099.43325
 31
47.253
  0
LINE
  5
A13
330
4
100
AcDbEntity
  8
Fernwärmeleitung
  6
60
 62
     1
370
    50
100
AcDbLine
 10
3318873.78416
 20
5810099.43325
 30
47.253
 11
3318873.841148
 21
5810100.336281
 31
47.216
  0
LINE
  5
A14
330
4
100
AcDbEntity
  8
Fernwärmeleitung
  6
60
 62
     1
370
    50
100
AcDbLine
 10
3318873.841148
 20
5810100.336281
 30
47.216
 11
3318874.436837
 21
5810112.416634
 31
47.138
  0
LINE
  5
A15
330
4
100
AcDbEntity
  8
Fernwärmeleitung
  6
60
 62
     1
370
    50
100
AcDbLine
 10
3318875.04137
 20
5810124.448238
 30
47.236
 11
3318875.114831
 21
5810125.387347
 31
47.22
  0
LINE
  5
A16
330
4
100
AcDbEntity
  8
Fernwärmeleitung
  6
60
 62
     1
370
    50
100
AcDbLine
 10
3318875.114831
 20
5810125.387347
 30
47.22
 11
3318875.183223
 21
5810125.448095
 31
47.216
  0
LINE
  5
A17
330
4
100
AcDbEntity
  8
Fernwärmeleitung
  6
60
 62
     1
370
    50
100
AcDbLine
 10
3318875.183223
 20
5810125.448095
 30
47.216
 11
3318876.098274
 21
5810125.370845
 31
47.212
  0
LINE
  5
A18
330
4
100
AcDbEntity
  8
Fernwärmeleitung
  6
60
 62
     1
370
    50
100
AcDbLine
 10
3318876.098274
 20
5810125.370845
 30
47.212
 11
3318882.152699
 21
5810125.085656
 31
47.026
  0
LINE
  5
A19
330
4
100
AcDbEntity
  8
Fernwärmeleitung
  6
60
 62
     1
370
    50
100
AcDbLine
 10
3318882.152699
 20
5810125.085656
 30
47.026
 11
3318883.016493
 21
5810125.064133
 31
46.998
  0
LINE
  5
A1A
330
4
100
AcDbEntity
  8
Fernwärmeleitung
  6
60
 62
     1
370
    50
100
AcDbLine
 10
3318883.016493
 20
5810125.064133
 30
46.998
 11
3318883.067768
 21
5810125.055885
 31
46.997
  0
LINE
  5
A1B
330
4
100
AcDbEntity
  8
Fernwärmeleitung
  6
60
 62
     1
370
    50
100
AcDbLine
 10
3318883.067768
 20
5810125.055885
 30
46.997
 11
3318883.191555
 21
5810125.124526
 31
47.699
  0
LINE
  5
A1C
330
4
100
AcDbEntity
  8
Fernwärmeleitung
  6
60
 62
     1
370
    50
100
AcDbLine
 10
3318883.191555
 20
5810125.124526
 30
47.699
 11
3318883.186205
 21
5810125.210307
 31
47.701
  0
LINE
  5
A1D
330
4
100
AcDbEntity
  8
Fernwärmeleitung
  6
60
 62
     1
370
    50
100
AcDbLine
 10
3318883.186205
 20
5810125.210307
 30
47.701
 11
3318883.412251
 21
5810130.529777
 31
47.573
  0
LINE
  5
A1E
330
4
100
AcDbEntity
  8
Fernwärmeleitung
  6
60
 62
     1
370
    50
100
AcDbLine
 10
3318821.059948
 20
5810079.550569
 30
47.269
 11
3318821.828751
 21
5810079.437288
 31
47.178
  0
LINE
  5
A1F
330
4
100
AcDbEntity
  8
Fernwärmeleitung
  6
49
 62
   173
420
  4671487
370
    35
100
AcDbLine
 10
3318848.375132
 20
5810080.009677
 30
47.334
 11
3318849.165103
 21
5810087.580399
 31
47.203
  0
LINE
  5
A20
330
4
100
AcDbEntity
  8
Fernwärmeleitung
  6
49
 62
   173
420
  4671487
370
    35
100
AcDbLine
 10
3318849.165103
 20
5810087.580399
 30
47.203
 11
3318850.491277
 21
5810099.500955
 31
47.291
  0
LINE
  5
A21
330
4
100
AcDbEntity
  8
Fernwärmeleitung
  6
49
 62
   173
420
  4671487
370
    35
100
AcDbLine
 10
3318850.491277
 20
5810099.500955
 30
47.291
 11
3318850.546064
 21
5810100.442286
 31
47.319
  0
LINE
  5
A22
330
4
100
AcDbEntity
  8
Fernwärmeleitung
  6
49
 62
   173
420
  4671487
370
    35
100
AcDbLine
 10
3318850.546064
 20
5810100.442286
 30
47.319
 11
3318850.627127
 21
5810100.531517
 31
47.32
  0
LINE
  5
A23
330
4
100
AcDbEntity
  8
Fernwärmeleitung
  6
49
 62
   173
420
  4671487
370
    35
100
AcDbLine
 10
3318850.627127
 20
5810100.531517
 30
47.32
 11
3318851.527623
 21
5810100.4663
 31
47.298
  0
LINE
  5
A24
330
4
100
AcDbEntity
  8
Fernwärmeleitung
  6
49
 62
   173
420
  4671487
370
    35
100
AcDbLine
 10
3318851.527623
 20
5810100.4663
 30
47.298
 11
3318861.067944
 21
5810100.139006
 31
47.297
  0
LINE
  5
A25
330
4
100
AcDbEntity
  8
Fernwärmeleitung
  6
49
 62
   173
420
  4671487
370
    35
100
AcDbLine
 10
3318861.067944
 20
5810100.139006
 30
47.297
 11
3318861.513293
 21
5810100.125865
 31
47.284
  0
LINE
  5
A26
330
4
100
AcDbEntity
  8
Fernwärmeleitung
  6
49
 62
   173
420
  4671487
370
    35
100
AcDbLine
 10
3318861.513293
 20
5810100.125865
 30
47.284
 11
3318862.204583
 21
5810100.112318
 31
47.233
  0
LINE
  5
A27
330
4
100
AcDbEntity
  8
Fernwärmeleitung
  6
49
 62
   173
420
  4671487
370
    35
100
AcDbLine
 10
3318862.204583
 20
5810100.112318
 30
47.233
 11
3318863.726428
 21
5810100.066182
 31
47.298
  0
LINE
  5
A28
330
4
100
AcDbEntity
  8
Fernwärmeleitung
  6
49
 62
   173
420
  4671487
370
    35
100
AcDbLine
 10
3318863.726428
 20
5810100.066182
 30
47.298
 11
3318871.328698
 21
5810099.856394
 31
47.313
  0
LINE
  5
A29
330
4
100
AcDbEntity
  8
Fernwärmeleitung
  6
49
 62
   173
420
  4671487
370
    35
100
AcDbLine
 10
3318871.328698
 20
5810099.856394
 30
47.313
 11
3318871.760753
 21
5810099.845158
 31
47.291
  0
LINE
  5
A2A
330
4
100
AcDbEntity
  8
Fernwärmeleitung
  6
49
 62
   173
420
  4671487
370
    35
100
AcDbLine
 10
3318871.968715
 20
5810099.854261
 30
47.55
 11
3318872.43464
 21
5810099.849027
 31
47.563
  0
LINE
  5
A2B
330
4
100
AcDbEntity
  8
Fernwärmeleitung
  6
49
 62
   173
420
  4671487
370
    35
100
AcDbLine
 10
3318872.43464
 20
5810099.849027
 30
47.563
 11
3318876.529779
 21
5810099.608868
 31
47.704
  0
LINE
  5
A2C
330
4
100
AcDbEntity
  8
Fernwärmeleitung
  6
49
 62
   173
420
  4671487
370
    35
100
AcDbLine
 10
3318876.529779
 20
5810099.608868
 30
47.704
 11
3318877.379965
 21
5810099.593364
 31
47.743
  0
LINE
  5
A2D
330
4
100
AcDbEntity
  8
Fernwärmeleitung
  6
49
 62
   173
420
  4671487
370
    35
100
AcDbLine
 10
3318877.379965
 20
5810099.593364
 30
47.743
 11
3318877.439766
 21
5810099.530987
 31
47.747
  0
LINE
  5
A2E
330
4
100
AcDbEntity
  8
Fernwärmeleitung
  6
49
 62
   173
420
  4671487
370
    35
100
AcDbLine
 10
3318877.439766
 20
5810099.530987
 30
47.747
 11
3318877.413812
 21
5810098.667827
 31
47.77
  0
LINE
  5
A2F
330
4
100
AcDbEntity
  8
Fernwärmeleitung
  6
49
 62
   173
420
  4671487
370
    35
100
AcDbLine
 10
3318877.413812
 20
5810098.667827
 30
47.77
 11
3318877.304492
 21
5810095.748221
 31
47.815
  0
LINE
  5
A30
330
4
100
AcDbEntity
  8
Fernwärmeleitung
  6
49
 62
   173
420
  4671487
370
    35
100
AcDbLine
 10
3318871.760753
 20
5810099.845158
 30
47.291
 11
3318871.968715
 21
5810099.854261
 31
47.55
  0
LINE
  5
A31
330
4
100
AcDbEntity
  8
Fernwärmeleitung
  6
49
 62
   173
420
  4671487
370
    35
100
AcDbLine
 10
3318871.760753
 20
5810099.845158
 30
47.291
 11
3318872.398868
 21
5810099.836062
 31
47.262
  0
LINE
  5
A32
330
4
100
AcDbEntity
  8
Fernwärmeleitung
  6
49
 62
   173
420
  4671487
370
    35
100
AcDbLine
 10
3318872.398868
 20
5810099.836062
 30
47.262
 11
3318873.318998
 21
5810099.797426
 31
47.279
  0
LINE
  5
A33
330
4
100
AcDbEntity
  8
Fernwärmeleitung
  6
49
 62
   173
420
  4671487
370
    35
100
AcDbLine
 10
3318873.318998
 20
5810099.797426
 30
47.279
 11
3318873.406075
 21
5810099.884439
 31
47.24
  0
LINE
  5
A34
330
4
100
AcDbEntity
  8
Fernwärmeleitung
  6
49
 62
   173
420
  4671487
370
    35
100
AcDbLine
 10
3318873.406075
 20
5810099.884439
 30
47.24
 11
3318873.442805
 21
5810100.784945
 31
47.205
  0
LINE
  5
A35
330
4
100
AcDbEntity
  8
Fernwärmeleitung
  6
49
 62
   173
420
  4671487
370
    35
100
AcDbLine
 10
3318873.442805
 20
5810100.784945
 30
47.205
 11
3318874.045454
 21
5810112.857066
 31
47.17
  0
LINE
  5
A36
330
4
100
AcDbEntity
  8
Fernwärmeleitung
  6
49
 62
   173
420
  4671487
370
    35
100
AcDbLine
 10
3318874.045454
 20
5810112.857066
 30
47.17
 11
3318874.709173
 21
5810124.875671
 31
47.208
  0
LINE
  5
A37
330
4
100
AcDbEntity
  8
Fernwärmeleitung
  6
49
 62
   173
420
  4671487
370
    35
100
AcDbLine
 10
3318874.709173
 20
5810124.875671
 30
47.208
 11
3318874.759857
 21
5810125.851505
 31
47.197
  0
LINE
  5
A38
330
4
100
AcDbEntity
  8
Fernwärmeleitung
  6
49
 62
   173
420
  4671487
370
    35
100
AcDbLine
 10
3318874.759857
 20
5810125.851505
 30
47.197
 11
3318874.838382
 21
5810125.923012
 31
47.191
  0
LINE
  5
A39
330
4
100
AcDbEntity
  8
Fernwärmeleitung
  6
49
 62
   173
420
  4671487
370
    35
100
AcDbLine
 10
3318874.838382
 20
5810125.923012
 30
47.191
 11
3318875.783819
 21
5810125.843218
 31
47.188
  0
LINE
  5
A3A
330
4
100
AcDbEntity
  8
Fernwärmeleitung
  6
49
 62
   173
420
  4671487
370
    35
100
AcDbLine
 10
3318875.783819
 20
5810125.843218
 30
47.188
 11
3318881.830319
 21
5810125.524797
 31
47.032
  0
LINE
  5
A3B
330
4
100
AcDbEntity
  8
Fernwärmeleitung
  6
49
 62
   173
420
  4671487
370
    35
100
AcDbLine
 10
3318881.830319
 20
5810125.524797
 30
47.032
 11
3318882.633651
 21
5810125.488419
 31
46.997
  0
LINE
  5
A3C
330
4
100
AcDbEntity
  8
Fernwärmeleitung
  6
49
 62
   173
420
  4671487
370
    35
100
AcDbLine
 10
3318882.633651
 20
5810125.488419
 30
46.997
 11
3318882.695377
 21
5810125.49631
 31
46.994
  0
LINE
  5
A3D
330
4
100
AcDbEntity
  8
Fernwärmeleitung
  6
49
 62
   173
420
  4671487
370
    35
100
AcDbLine
 10
3318882.695377
 20
5810125.49631
 30
46.994
 11
3318882.805545
 21
5810125.542483
 31
47.727
  0
LINE
  5
A3E
330
4
100
AcDbEntity
  8
Fernwärmeleitung
  6
49
 62
   173
420
  4671487
370
    35
100
AcDbLine
 10
3318882.805545
 20
5810125.542483
 30
47.727
 11
3318882.809069
 21
5810125.658647
 31
47.73
  0
LINE
  5
A3F
330
4
100
AcDbEntity
  8
Fernwärmeleitung
  6
49
 62
   173
420
  4671487
370
    35
100
AcDbLine
 10
3318882.809069
 20
5810125.658647
 30
47.73
 11
3318883.019749
 21
5810130.507764
 31
47.577
  0
LINE
  5
A40
330
4
100
AcDbEntity
  8
Fernwärmeleitung
  6
49
 62
   173
420
  4671487
370
    35
100
AcDbLine
 10
3318861.513293
 20
5810100.125865
 30
47.284
 11
3318861.681373
 21
5810100.137515
 31
47.543
  0
LINE
  5
A41
330
4
100
AcDbEntity
  8
Fernwärmeleitung
  6
49
 62
   173
420
  4671487
370
    35
100
AcDbLine
 10
3318861.681373
 20
5810100.137515
 30
47.543
 11
3318862.191921
 21
5810100.109158
 31
47.583
  0
LINE
  5
A42
330
4
100
AcDbEntity
  8
Fernwärmeleitung
  6
49
 62
   173
420
  4671487
370
    35
100
AcDbLine
 10
3318862.191921
 20
5810100.109158
 30
47.583
 11
3318863.131986
 21
5810100.055004
 31
47.616
  0
LINE
  5
A43
330
4
100
AcDbEntity
  8
Fernwärmeleitung
  6
49
 62
   173
420
  4671487
370
    35
100
AcDbLine
 10
3318863.131986
 20
5810100.055004
 30
47.616
 11
3318863.204811
 21
5810100.118283
 31
47.631
  0
LINE
  5
A44
330
4
100
AcDbEntity
  8
Fernwärmeleitung
  6
49
 62
   173
420
  4671487
370
    35
100
AcDbLine
 10
3318863.204811
 20
5810100.118283
 30
47.631
 11
3318863.224799
 21
5810101.113437
 31
47.764
  0
LINE
  5
A45
330
4
100
AcDbEntity
  8
Fernwärmeleitung
  6
49
 62
   173
420
  4671487
370
    35
100
AcDbLine
 10
3318863.224799
 20
5810101.113437
 30
47.764
 11
3318863.313358
 21
5810106.120229
 31
47.989
  0
LINE
  5
A46
330
4
100
AcDbEntity
  8
Häuser
  6
1
 62
     7
370
    18
100
AcDbLine
 10
3318810.90952
 20
5810125.901262
 30
0.0
 11
3318810.169132
 21
5810108.366898
 31
0.0
  0
LINE
  5
A47
330
4
100
AcDbEntity
  8
Häuser
  6
1
 62
     7
370
    18
100
AcDbLine
 10
3318791.32505
 20
5810099.379829
 30
0.0
 11
3318790.778623
 21
5810086.874682
 31
0.0
  0
LINE
  5
A48
330
4
100
AcDbEntity
  8
Häuser
  6
1
 62
     7
370
    18
100
AcDbLine
 10
3318807.269982
 20
5810099.059056
 30
0.0
 11
3318807.253586
 21
5810098.683813
 31
0.0
  0
LINE
  5
A49
330
4
100
AcDbEntity
  8
Häuser
  6
1
 62
     7
370
    18
100
AcDbLine
 10
3318795.02574
 20
5810084.26526
 30
0.0
 11
3318795.131451
 21
5810086.68448
 31
0.0
  0
LINE
  5
A4A
330
4
100
AcDbEntity
  8
Häuser
  6
1
 62
     7
370
    18
100
AcDbLine
 10
3318790.778623
 20
5810086.874682
 30
0.0
 11
3318795.131451
 21
5810086.68448
 31
0.0
  0
LINE
  5
A4B
330
4
100
AcDbEntity
  8
Häuser
  6
1
 62
     7
370
    18
100
AcDbLine
 10
3318800.27263
 20
5810099.362631
 30
-50.487
 11
3318807.269982
 21
5810099.059056
 31
-49.202
  0
LINE
  5
A4C
330
4
100
AcDbEntity
  8
Häuser
  6
1
 62
     7
370
    18
100
AcDbLine
 10
3318800.27263
 20
5810099.362631
 30
0.0
 11
3318800.256329
 21
5810098.989566
 31
0.0
  0
LINE
  5
A4D
330
4
100
AcDbEntity
  8
Häuser
  6
1
 62
     7
370
    18
100
AcDbLine
 10
3318816.194657
 20
5810098.293122
 30
0.0
 11
3318807.253586
 21
5810098.683813
 31
0.0
  0
LINE
  5
A4E
330
4
100
AcDbEntity
  8
Fernwärmeleitung
  6
49
 62
   173
420
  4671487
370
    35
100
AcDbLine
 10
3318808.298768
 20
5810079.342528
 30
47.176
 11
3318796.350691
 21
5810079.848274
 31
47.173
  0
LINE
  5
A4F
330
4
100
AcDbEntity
  8
Häuser
  6
1
 62
     7
370
    18
100
AcDbLine
 10
3318800.256329
 20
5810098.989566
 30
0.0
 11
3318791.32505
 21
5810099.379829
 31
0.0
  0
LINE
  5
A50
330
4
100
AcDbEntity
  8
Häuser
  6
1
 62
     7
370
    18
100
AcDbLine
 10
3318861.555541
 20
5810081.487155
 30
-47.84
 11
3318877.792811
 21
5810080.801637
 31
-48.587
  0
LINE
  5
A51
330
4
100
AcDbEntity
  8
Häuser
  6
1
 62
     7
370
    18
100
AcDbLine
 10
3318877.792811
 20
5810080.801637
 30
0.0
 11
3318877.892601
 21
5810083.270265
 31
0.0
  0
LINE
  5
A52
330
4
100
AcDbEntity
  8
Häuser
  6
1
 62
     7
370
    18
100
AcDbLine
 10
3318882.239777
 20
5810083.094539
 30
0.0
 11
3318877.892601
 21
5810083.270265
 31
0.0
  0
LINE
  5
A53
330
4
100
AcDbEntity
  8
Fernwärmeleitung
  6
60
 62
     1
370
    50
100
AcDbLine
 10
3318823.097494
 20
5810082.315638
 30
47.376
 11
3318824.070433
 21
5810094.261012
 31
47.515
  0
LINE
  5
A54
330
4
100
AcDbEntity
  8
Fernwärmeleitung
  6
60
 62
     1
370
    50
100
AcDbLine
 10
3318824.411616
 20
5810098.499501
 30
47.483
 11
3318824.425722
 21
5810098.989479
 31
47.479
  0
LINE
  5
A55
330
4
100
AcDbEntity
  8
Fernwärmeleitung
  6
60
 62
     1
370
    50
100
AcDbLine
 10
3318824.425722
 20
5810098.989479
 30
47.479
 11
3318824.4544
 21
5810099.511739
 31
47.501
  0
LINE
  5
A56
330
4
100
AcDbEntity
  8
Fernwärmeleitung
  6
60
 62
     1
370
    50
100
AcDbLine
 10
3318824.4544
 20
5810099.511739
 30
47.501
 11
3318824.552346
 21
5810100.757553
 31
47.52
  0
LINE
  5
A57
330
4
100
AcDbEntity
  8
Fernwärmeleitung
  6
60
 62
     1
370
    50
100
AcDbLine
 10
3318824.552346
 20
5810100.757553
 30
47.52
 11
3318824.544183
 21
5810100.940509
 31
47.534
  0
LINE
  5
A58
330
4
100
AcDbEntity
  8
Fernwärmeleitung
  6
60
 62
     1
370
    50
100
AcDbLine
 10
3318824.544183
 20
5810100.940509
 30
47.534
 11
3318824.417616
 21
5810101.060835
 31
47.526
  0
LINE
  5
A59
330
4
100
AcDbEntity
  8
Fernwärmeleitung
  6
60
 62
     1
370
    50
100
AcDbLine
 10
3318824.417616
 20
5810101.060835
 30
47.526
 11
3318824.134328
 21
5810101.068852
 31
47.537
  0
LINE
  5
A5A
330
4
100
AcDbEntity
  8
Fernwärmeleitung
  6
60
 62
     1
370
    50
100
AcDbLine
 10
3318873.695179
 20
5810099.332943
 30
47.294
 11
3318873.782567
 21
5810099.406346
 31
47.288
  0
LINE
  5
A5B
330
4
100
AcDbEntity
  8
Fernwärmeleitung
  6
60
 62
     1
370
    50
100
AcDbLine
 10
3318812.528976
 20
5810101.375378
 30
47.572
 11
3318810.886518
 21
5810101.378194
 31
47.583
  0
LINE
  5
A5C
330
4
100
AcDbEntity
  8
Fernwärmeleitung
  6
60
 62
     1
370
    50
100
AcDbLine
 10
3318809.895456
 20
5810101.335192
 30
47.61
 11
3318809.034831
 21
5810101.366209
 31
47.634
  0
LINE
  5
A5D
330
4
100
AcDbEntity
  8
Fernwärmeleitung
  6
60
 62
     1
370
    50
100
AcDbLine
 10
3318809.034831
 20
5810101.366209
 30
47.634
 11
3318808.302398
 21
5810101.395598
 31
47.661
  0
LINE
  5
A5E
330
4
100
AcDbEntity
  8
Fernwärmeleitung
  6
60
 62
     1
370
    50
100
AcDbLine
 10
3318824.425722
 20
5810098.989479
 30
47.479
 11
3318824.596338
 21
5810099.012524
 31
47.618
  0
LINE
  5
A5F
330
4
100
AcDbEntity
  8
Fernwärmeleitung
  6
60
 62
     1
370
    50
100
AcDbLine
 10
3318824.596338
 20
5810099.012524
 30
47.618
 11
3318824.64575
 21
5810099.104931
 31
47.659
  0
LINE
  5
A60
330
4
100
AcDbEntity
  8
Fernwärmeleitung
  6
60
 62
     1
370
    50
100
AcDbLine
 10
3318824.64575
 20
5810099.104931
 30
47.659
 11
3318824.67506
 21
5810099.622126
 31
47.69
  0
LINE
  5
A61
330
4
100
AcDbEntity
  8
Fernwärmeleitung
  6
60
 62
     1
370
    50
100
AcDbLine
 10
3318824.67506
 20
5810099.622126
 30
47.69
 11
3318824.739648
 21
5810100.534017
 31
47.703
  0
LINE
  5
A62
330
4
100
AcDbEntity
  8
Fernwärmeleitung
  6
60
 62
     1
370
    50
100
AcDbLine
 10
3318824.739648
 20
5810100.534017
 30
47.703
 11
3318824.808994
 21
5810100.604577
 31
47.701
  0
LINE
  5
A63
330
4
100
AcDbEntity
  8
Fernwärmeleitung
  6
60
 62
     1
370
    50
100
AcDbLine
 10
3318824.808994
 20
5810100.604577
 30
47.701
 11
3318825.689228
 21
5810100.530504
 31
47.657
  0
LINE
  5
A64
330
4
100
AcDbEntity
  8
Fernwärmeleitung
  6
60
 62
     1
370
    50
100
AcDbLine
 10
3318825.689228
 20
5810100.530504
 30
47.657
 11
3318826.571374
 21
5810100.488717
 31
47.604
  0
LINE
  5
A65
330
4
100
AcDbEntity
  8
Fernwärmeleitung
  6
60
 62
     1
370
    50
100
AcDbLine
 10
3318826.571374
 20
5810100.488717
 30
47.604
 11
3318826.641033
 21
5810100.551997
 31
47.602
  0
LINE
  5
A66
330
4
100
AcDbEntity
  8
Fernwärmeleitung
  6
60
 62
     1
370
    50
100
AcDbLine
 10
3318826.641033
 20
5810100.551997
 30
47.602
 11
3318826.678081
 21
5810101.457883
 31
47.6
  0
LINE
  5
A67
330
4
100
AcDbEntity
  8
Fernwärmeleitung
  6
60
 62
     1
370
    50
100
AcDbLine
 10
3318826.678081
 20
5810101.457883
 30
47.6
 11
3318826.825645
 21
5810106.822963
 31
47.595
  0
LINE
  5
A68
330
4
100
AcDbEntity
  8
Fernwärmeleitung
  6
60
 62
     1
370
    50
100
AcDbLine
 10
3318826.825645
 20
5810106.822963
 30
0.0
 11
3318826.861076
 21
5810107.662081
 31
0.0
  0
LINE
  5
A69
330
4
100
AcDbEntity
  8
Fernwärmeleitung
  6
49
 62
   173
420
  4671487
370
    35
100
AcDbLine
 10
3318822.367647
 20
5810081.627458
 30
47.355
 11
3318823.454205
 21
5810093.532592
 31
47.53
  0
LINE
  5
A6A
330
4
100
AcDbEntity
  8
Fernwärmeleitung
  6
49
 62
   173
420
  4671487
370
    35
100
AcDbLine
 10
3318823.454205
 20
5810093.532592
 30
47.53
 11
3318823.901225
 21
5810098.958335
 31
47.511
  0
LINE
  5
A6B
330
4
100
AcDbEntity
  8
Fernwärmeleitung
  6
49
 62
   173
420
  4671487
370
    35
100
AcDbLine
 10
3318823.901225
 20
5810098.958335
 30
47.511
 11
3318823.925144
 21
5810099.447361
 31
47.498
  0
LINE
  5
A6C
330
4
100
AcDbEntity
  8
Fernwärmeleitung
  6
49
 62
   173
420
  4671487
370
    35
100
AcDbLine
 10
3318823.925144
 20
5810099.447361
 30
47.498
 11
3318823.98579
 21
5810099.965493
 31
47.518
  0
LINE
  5
A6D
330
4
100
AcDbEntity
  8
Fernwärmeleitung
  6
49
 62
   173
420
  4671487
370
    35
100
AcDbLine
 10
3318823.98579
 20
5810099.965493
 30
47.518
 11
3318824.004934
 21
5810100.383302
 31
47.521
  0
LINE
  5
A6E
330
4
100
AcDbEntity
  8
Fernwärmeleitung
  6
49
 62
   173
420
  4671487
370
    35
100
AcDbLine
 10
3318824.004934
 20
5810100.383302
 30
47.521
 11
3318824.024004
 21
5810100.598533
 31
47.535
  0
LINE
  5
A6F
330
4
100
AcDbEntity
  8
Fernwärmeleitung
  6
49
 62
   173
420
  4671487
370
    35
100
AcDbLine
 10
3318824.024004
 20
5810100.598533
 30
47.535
 11
3318823.918645
 21
5810100.718535
 31
47.545
  0
LINE
  5
A70
330
4
100
AcDbEntity
  8
Fernwärmeleitung
  6
49
 62
   173
420
  4671487
370
    35
100
AcDbLine
 10
3318823.918645
 20
5810100.718535
 30
47.545
 11
3318823.652454
 21
5810100.741739
 31
47.55
  0
LINE
  5
A71
330
4
100
AcDbEntity
  8
Fernwärmeleitung
  6
49
 62
   173
420
  4671487
370
    35
100
AcDbLine
 10
3318823.652454
 20
5810100.741739
 30
47.55
 11
3318812.005938
 21
5810101.003966
 31
47.621
  0
LINE
  5
A72
330
4
100
AcDbEntity
  8
Fernwärmeleitung
  6
49
 62
   173
420
  4671487
370
    35
100
AcDbLine
 10
3318812.005938
 20
5810101.003966
 30
47.621
 11
3318811.289962
 21
5810101.028284
 31
47.612
  0
LINE
  5
A73
330
4
100
AcDbEntity
  8
Fernwärmeleitung
  6
60
 62
     1
370
    50
100
AcDbLine
 10
3318810.886518
 20
5810101.378194
 30
47.583
 11
3318810.425328
 21
5810101.350191
 31
47.577
  0
LINE
  5
A74
330
4
100
AcDbEntity
  8
Fernwärmeleitung
  6
60
 62
     1
370
    50
100
AcDbLine
 10
3318810.425328
 20
5810101.350191
 30
47.577
 11
3318809.895456
 21
5810101.335192
 31
47.61
  0
LINE
  5
A75
330
4
100
AcDbEntity
  8
Fernwärmeleitung
  6
49
 62
   173
420
  4671487
370
    35
100
AcDbLine
 10
3318810.826557
 20
5810101.000599
 30
47.598
 11
3318810.735356
 21
5810100.887949
 31
47.77
  0
LINE
  5
A76
330
4
100
AcDbEntity
  8
Fernwärmeleitung
  6
49
 62
   173
420
  4671487
370
    35
100
AcDbLine
 10
3318810.735356
 20
5810100.887949
 30
47.77
 11
3318810.734051
 21
5810100.780963
 31
47.811
  0
LINE
  5
A77
330
4
100
AcDbEntity
  8
Fernwärmeleitung
  6
49
 62
   173
420
  4671487
370
    35
100
AcDbLine
 10
3318810.734051
 20
5810100.780963
 30
47.811
 11
3318810.744644
 21
5810098.58806
 31
47.836
  0
LINE
  5
A78
330
4
100
AcDbEntity
  8
Fernwärmeleitung
  6
49
 62
   173
420
  4671487
370
    35
100
AcDbLine
 10
3318810.744644
 20
5810098.58806
 30
0.0
 11
3318810.742167
 21
5810098.531375
 31
0.0
  0
LINE
  5
A79
330
4
100
AcDbEntity
  8
Fernwärmeleitung
  6
60
 62
     1
370
    50
100
AcDbLine
 10
3318810.425328
 20
5810101.350191
 30
47.577
 11
3318810.391111
 21
5810101.262842
 31
47.744
  0
LINE
  5
A7A
330
4
100
AcDbEntity
  8
Fernwärmeleitung
  6
60
 62
     1
370
    50
100
AcDbLine
 10
3318810.391111
 20
5810101.262842
 30
47.744
 11
3318810.379042
 21
5810101.150163
 31
47.79
  0
LINE
  5
A7B
330
4
100
AcDbEntity
  8
Fernwärmeleitung
  6
60
 62
     1
370
    50
100
AcDbLine
 10
3318810.379042
 20
5810101.150163
 30
47.79
 11
3318810.352898
 21
5810100.632968
 31
47.809
  0
LINE
  5
A7C
330
4
100
AcDbEntity
  8
Fernwärmeleitung
  6
60
 62
     1
370
    50
100
AcDbLine
 10
3318810.352898
 20
5810100.632968
 30
47.809
 11
3318810.337918
 21
5810098.618278
 31
47.836
  0
LINE
  5
A7D
330
4
100
AcDbEntity
  8
Fernwärmeleitung
  6
60
 62
     1
370
    50
100
AcDbLine
 10
3318810.337918
 20
5810098.618278
 30
0.0
 11
3318810.334898
 21
5810098.549171
 31
0.0
  0
LINE
  5
A7E
330
4
100
AcDbEntity
  8
Fernwärmeleitung
  6
49
 62
   173
420
  4671487
370
    35
100
AcDbLine
 10
3318823.925144
 20
5810099.447361
 30
47.498
 11
3318824.073909
 21
5810099.440976
 31
47.654
  0
LINE
  5
A7F
330
4
100
AcDbEntity
  8
Fernwärmeleitung
  6
49
 62
   173
420
  4671487
370
    35
100
AcDbLine
 10
3318824.073909
 20
5810099.440976
 30
47.654
 11
3318824.117311
 21
5810099.545097
 31
47.703
  0
LINE
  5
A80
330
4
100
AcDbEntity
  8
Fernwärmeleitung
  6
49
 62
   173
420
  4671487
370
    35
100
AcDbLine
 10
3318824.117311
 20
5810099.545097
 30
47.703
 11
3318824.162761
 21
5810100.055006
 31
47.729
  0
LINE
  5
A81
330
4
100
AcDbEntity
  8
Fernwärmeleitung
  6
49
 62
   173
420
  4671487
370
    35
100
AcDbLine
 10
3318824.162761
 20
5810100.055006
 30
47.729
 11
3318824.229248
 21
5810100.964363
 31
47.735
  0
LINE
  5
A82
330
4
100
AcDbEntity
  8
Fernwärmeleitung
  6
49
 62
   173
420
  4671487
370
    35
100
AcDbLine
 10
3318824.229248
 20
5810100.964363
 30
47.735
 11
3318824.302712
 21
5810101.0479
 31
47.734
  0
LINE
  5
A83
330
4
100
AcDbEntity
  8
Fernwärmeleitung
  6
49
 62
   173
420
  4671487
370
    35
100
AcDbLine
 10
3318824.302712
 20
5810101.0479
 30
47.734
 11
3318825.210479
 21
5810100.957674
 31
47.694
  0
LINE
  5
A84
330
4
100
AcDbEntity
  8
Fernwärmeleitung
  6
49
 62
   173
420
  4671487
370
    35
100
AcDbLine
 10
3318825.210479
 20
5810100.957674
 30
47.694
 11
3318826.167007
 21
5810100.911112
 31
47.614
  0
LINE
  5
A85
330
4
100
AcDbEntity
  8
Fernwärmeleitung
  6
49
 62
   173
420
  4671487
370
    35
100
AcDbLine
 10
3318826.167007
 20
5810100.911112
 30
47.614
 11
3318826.232553
 21
5810100.980407
 31
47.604
  0
LINE
  5
A86
330
4
100
AcDbEntity
  8
Fernwärmeleitung
  6
49
 62
   173
420
  4671487
370
    35
100
AcDbLine
 10
3318826.232553
 20
5810100.980407
 30
47.604
 11
3318826.28194
 21
5810101.871413
 31
47.577
  0
LINE
  5
A87
330
4
100
AcDbEntity
  8
Fernwärmeleitung
  6
49
 62
   173
420
  4671487
370
    35
100
AcDbLine
 10
3318826.28194
 20
5810101.871413
 30
47.577
 11
3318826.416718
 21
5810106.894647
 31
47.579
  0
LINE
  5
A88
330
4
100
AcDbEntity
  8
Fernwärmeleitung
  6
49
 62
   173
420
  4671487
370
    35
100
AcDbLine
 10
3318826.416718
 20
5810106.894647
 30
0.0
 11
3318826.437788
 21
5810107.679955
 31
0.0
  0
LINE
  5
A89
330
4
100
AcDbEntity
  8
Beschriftumg +Trassierung
  6
36
 62
     7
370
    18
100
AcDbLine
 10
3318816.194657
 20
5810098.293122
 30
0.0
 11
3318816.318669
 21
5810101.275283
 31
0.0
  0
LINE
  5
A8A
330
4
100
AcDbEntity
  8
Beschriftumg +Trassierung
  6
36
 62
     7
370
    18
100
AcDbLine
 10
3318816.194657
 20
5810098.293122
 30
0.0
 11
3318824.36626
 21
5810097.936054
 31
0.0
  0
LINE
  5
A8B
330
4
100
AcDbEntity
  8
Fernwärmeleitung
  6
60
 62
     1
370
    50
100
AcDbLine
 10
3318809.021034
 20
5810080.075657
 30
47.18
 11
3318821.059948
 21
5810079.550569
 31
47.269
  0
LINE
  5
A8C
330
4
100
AcDbEntity
  8
Beschriftumg +Trassierung
  6
36
 62
     7
370
    18
100
AcDbLine
 10
3318866.115639
 20
5810123.623466
 30
0.0
 11
3318874.981733
 21
5810123.261333
 31
0.0
  0
LINE
  5
A8D
330
4
100
AcDbEntity
  8
Beschriftumg +Trassierung
  6
36
 62
     7
370
    18
100
AcDbLine
 10
3318866.808434
 20
5810096.553821
 30
0.0
 11
3318867.002413
 21
5810099.557182
 31
0.0
  0
LINE
  5
A8E
330
4
100
AcDbEntity
  8
Beschriftumg +Trassierung
  6
36
 62
     7
370
    18
100
AcDbLine
 10
3318857.860852
 20
5810096.564689
 30
0.0
 11
3318850.648235
 21
5810096.852273
 31
0.0
  0
LINE
  5
A8F
330
4
100
AcDbEntity
  8
Beschriftumg +Trassierung
  6
36
 62
     7
370
    18
100
AcDbLine
 10
3318851.953189
 20
5810077.507489
 30
0.0
 11
3318857.060145
 21
5810077.295279
 31
0.0
  0
LINE
  5
A90
330
4
100
AcDbEntity
  8
Beschriftumg +Trassierung
  6
36
 62
     7
370
    18
100
AcDbLine
 10
3318857.060145
 20
5810077.295279
 30
0.0
 11
3318857.343208
 21
5810084.107323
 31
0.0
  0
LINE
  5
A91
330
4
100
AcDbEntity
  8
Fernwärmeleitung
  6
60
 62
     1
370
    50
100
AcDbLine
 10
3318808.951071
 20
5810119.879273
 30
47.567
 11
3318809.317579
 21
5810131.919194
 31
47.589
  0
LINE
  5
A92
330
4
100
AcDbEntity
  8
Fernwärmeleitung
  6
60
 62
     1
370
    50
100
AcDbLine
 10
3318863.804774
 20
5810099.647072
 30
47.291
 11
3318871.665009
 21
5810099.426111
 31
47.313
  0
LINE
  5
A93
330
4
100
AcDbEntity
  8
Fernwärmeleitung
  6
60
 62
     1
370
    50
100
AcDbLine
 10
3318849.783099
 20
5810087.086707
 30
47.2
 11
3318850.841819
 21
5810099.037431
 31
47.276
  0
LINE
  5
A94
330
4
100
AcDbEntity
  8
Fernwärmeleitung
  6
60
 62
     1
370
    50
100
AcDbLine
 10
3318872.151816
 20
5810099.39618
 30
47.296
 11
3318872.77442
 21
5810099.382975
 31
47.271
  0
LINE
  5
A95
330
4
100
AcDbEntity
  8
Fernwärmeleitung
  6
60
 62
     1
370
    50
100
AcDbLine
 10
3318784.869183
 20
5810081.243607
 30
47.128
 11
3318797.015058
 21
5810080.650744
 31
47.185
  0
LINE
  5
A96
330
4
100
AcDbEntity
  8
Häuser
  6
1
 62
     7
370
    18
100
AcDbLine
 10
3318866.573285
 20
5810131.273441
 30
-47.247
 11
3318867.274795
 21
5810148.828406
 31
-45.49
  0
LINE
  5
A97
330
4
100
AcDbEntity
  8
Häuser
  6
1
 62
     7
370
    18
100
AcDbLine
 10
3318813.389675
 20
5810125.791008
 30
-48.281
 11
3318813.448747
 21
5810127.19795
 31
-48.311
  0
LINE
  5
A98
330
4
100
AcDbEntity
  8
Häuser
  6
1
 62
     7
370
    18
100
AcDbLine
 10
3318813.448747
 20
5810127.19795
 30
0.0
 11
3318829.258113
 21
5810126.589332
 31
0.0
  0
LINE
  5
A99
330
4
100
AcDbEntity
  8
Häuser
  6
1
 62
     7
370
    18
100
AcDbLine
 10
3318847.81346
 20
5810125.807289
 30
0.0
 11
3318861.904827
 21
5810125.209223
 31
0.0
  0
LINE
  5
A9A
330
4
100
AcDbEntity
  8
Häuser
  6
1
 62
     7
370
    18
100
AcDbLine
 10
3318885.637559
 20
5810148.049455
 30
0.0
 11
3318884.892952
 21
5810130.496317
 31
0.0
  0
LINE
  5
A9B
330
4
100
AcDbEntity
  8
Häuser
  6
1
 62
     7
370
    18
100
AcDbLine
 10
3318813.389675
 20
5810125.791008
 30
0.0
 11
3318810.90952
 21
5810125.901262
 31
0.0
  0
LINE
  5
A9C
330
4
100
AcDbEntity
  8
Fernwärmeleitung
  6
60
 62
     1
370
    50
100
AcDbLine
 10
3318808.302398
 20
5810101.395598
 30
47.661
 11
3318808.241966
 21
5810101.46304
 31
47.664
  0
LINE
  5
A9D
330
4
100
AcDbEntity
  8
Häuser
  6
1
 62
     7
370
    18
100
AcDbLine
 10
3318861.847178
 20
5810123.79781
 30
0.0
 11
3318866.115639
 21
5810123.623466
 31
0.0
  0
LINE
  5
A9E
330
4
100
AcDbEntity
  8
Häuser
  6
1
 62
     7
370
    18
100
AcDbLine
 10
3318867.274795
 20
5810148.828406
 30
0.0
 11
3318885.637559
 21
5810148.049455
 31
0.0
  0
LINE
  5
A9F
330
4
100
AcDbEntity
  8
Häuser
  6
1
 62
     7
370
    18
100
AcDbLine
 10
3318811.806864
 20
5810151.109585
 30
0.0
 11
3318793.480225
 21
5810151.863288
 31
0.0
  0
LINE
  5
AA0
330
4
100
AcDbEntity
  8
Häuser
  6
1
 62
     7
370
    18
100
AcDbLine
 10
3318881.388514
 20
5810148.2297
 30
0.0
 11
3318885.637559
 21
5810148.049455
 31
0.0
  0
LINE
  5
AA1
330
4
100
AcDbEntity
  8
Häuser
  6
1
 62
     7
370
    18
100
AcDbLine
 10
3318811.806864
 20
5810151.109585
 30
0.0
 11
3318807.557589
 21
5810151.284341
 31
0.0
  0
LINE
  5
AA2
330
4
100
AcDbEntity
  8
Fernwärmeleitung
  6
60
 62
     1
370
    50
100
AcDbLine
 10
3318808.241966
 20
5810101.46304
 30
47.664
 11
3318808.269154
 21
5810102.236939
 31
47.646
  0
LINE
  5
AA3
330
4
100
AcDbEntity
  8
Fernwärmeleitung
  6
60
 62
     1
370
    50
100
AcDbLine
 10
3318808.269154
 20
5810102.236939
 30
47.646
 11
3318808.414916
 21
5810107.870433
 31
47.454
  0
LINE
  5
AA4
330
4
100
AcDbEntity
  8
Fernwärmeleitung
  6
60
 62
     1
370
    50
100
AcDbLine
 10
3318808.414916
 20
5810107.870433
 30
47.454
 11
3318808.951071
 21
5810119.879273
 31
47.567
  0
LINE
  5
AA5
330
4
100
AcDbEntity
  8
Fernwärmeleitung
  6
60
 62
     1
370
    50
100
AcDbLine
 10
3318824.134328
 20
5810101.068852
 30
47.537
 11
3318812.528976
 21
5810101.375378
 31
47.572
  0
LINE
  5
AA6
330
4
100
AcDbEntity
  8
Fernwärmeleitung
  6
60
 62
     1
370
    50
100
AcDbLine
 10
3318809.317579
 20
5810131.919194
 30
47.589
 11
3318809.369481
 21
5810132.761454
 31
47.624
  0
LINE
  5
AA7
330
4
100
AcDbEntity
  8
Fernwärmeleitung
  6
60
 62
     1
370
    50
100
AcDbLine
 10
3318809.369481
 20
5810132.761454
 30
47.624
 11
3318809.368577
 21
5810132.884583
 31
48.022
  0
LINE
  5
AA8
330
4
100
AcDbEntity
  8
Fernwärmeleitung
  6
60
 62
     1
370
    50
100
AcDbLine
 10
3318809.368577
 20
5810132.884583
 30
48.022
 11
3318809.373703
 21
5810133.052974
 31
48.111
  0
LINE
  5
AA9
330
4
100
AcDbEntity
  8
Fernwärmeleitung
  6
60
 62
     1
370
    50
100
AcDbLine
 10
3318809.373703
 20
5810133.052974
 30
48.111
 11
3318809.41505
 21
5810133.597385
 31
48.104
  0
LINE
  5
AAA
330
4
100
AcDbEntity
  8
Fernwärmeleitung
  6
49
 62
   173
420
  4671487
370
    35
100
AcDbLine
 10
3318810.200464
 20
5810100.995763
 30
47.613
 11
3318808.77674
 21
5810101.035533
 31
47.643
  0
LINE
  5
AAB
330
4
100
AcDbEntity
  8
Fernwärmeleitung
  6
49
 62
   173
420
  4671487
370
    35
100
AcDbLine
 10
3318808.77674
 20
5810101.035533
 30
47.643
 11
3318807.904401
 21
5810101.060541
 31
47.692
  0
LINE
  5
AAC
330
4
100
AcDbEntity
  8
Fernwärmeleitung
  6
49
 62
   173
420
  4671487
370
    35
100
AcDbLine
 10
3318807.904401
 20
5810101.060541
 30
47.692
 11
3318807.837951
 21
5810101.11754
 31
47.696
  0
LINE
  5
AAD
330
4
100
AcDbEntity
  8
Fernwärmeleitung
  6
49
 62
   173
420
  4671487
370
    35
100
AcDbLine
 10
3318807.837951
 20
5810101.11754
 30
47.696
 11
3318807.863614
 21
5810102.04812
 31
47.668
  0
LINE
  5
AAE
330
4
100
AcDbEntity
  8
Fernwärmeleitung
  6
49
 62
   173
420
  4671487
370
    35
100
AcDbLine
 10
3318807.863614
 20
5810102.04812
 30
47.668
 11
3318808.008205
 21
5810107.941801
 31
47.474
  0
LINE
  5
AAF
330
4
100
AcDbEntity
  8
Fernwärmeleitung
  6
49
 62
   173
420
  4671487
370
    35
100
AcDbLine
 10
3318808.008205
 20
5810107.941801
 30
47.474
 11
3318808.558921
 21
5810119.951268
 31
47.557
  0
LINE
  5
AB0
330
4
100
AcDbEntity
  8
Fernwärmeleitung
  6
49
 62
   173
420
  4671487
370
    35
100
AcDbLine
 10
3318808.558921
 20
5810119.951268
 30
47.557
 11
3318808.972885
 21
5810131.927866
 31
47.59
  0
LINE
  5
AB1
330
4
100
AcDbEntity
  8
Fernwärmeleitung
  6
49
 62
   173
420
  4671487
370
    35
100
AcDbLine
 10
3318808.972885
 20
5810131.927866
 30
47.59
 11
3318808.98111
 21
5810132.780904
 31
47.636
  0
LINE
  5
AB2
330
4
100
AcDbEntity
  8
Fernwärmeleitung
  6
49
 62
   173
420
  4671487
370
    35
100
AcDbLine
 10
3318808.98111
 20
5810132.780904
 30
47.636
 11
3318808.97166
 21
5810132.907518
 31
48.023
  0
LINE
  5
AB3
330
4
100
AcDbEntity
  8
Fernwärmeleitung
  6
49
 62
   173
420
  4671487
370
    35
100
AcDbLine
 10
3318808.97166
 20
5810132.907518
 30
48.023
 11
3318808.981533
 21
5810133.074324
 31
48.123
  0
LINE
  5
AB4
330
4
100
AcDbEntity
  8
Fernwärmeleitung
  6
49
 62
   173
420
  4671487
370
    35
100
AcDbLine
 10
3318808.981533
 20
5810133.074324
 30
48.123
 11
3318809.00895
 21
5810133.609878
 31
48.111
  0
LINE
  5
AB5
330
4
100
AcDbEntity
  8
Beschriftumg +Trassierung
  6
36
 62
     7
370
    18
100
AcDbLine
 10
3318810.90952
 20
5810125.901262
 30
0.0
 11
3318809.136786
 21
5810125.980068
 31
0.0
  0
LINE
  5
AB6
330
4
100
AcDbEntity
  8
Fernwärmeleitung
  6
60
 62
     1
370
    50
100
AcDbLine
 10
3318773.089214
 20
5810081.840135
 30
47.133
 11
3318771.530347
 21
5810081.918254
 31
47.07
  0
LINE
  5
AB7
330
4
100
AcDbEntity
  8
Fernwärmeleitung
  6
60
 62
     1
370
    50
100
AcDbLine
 10
3318771.530347
 20
5810081.918254
 30
47.07
 11
3318770.874212
 21
5810081.987814
 31
47.035
  0
LINE
  5
AB8
330
4
100
AcDbEntity
  8
Fernwärmeleitung
  6
60
 62
     1
370
    50
100
AcDbLine
 10
3318770.874212
 20
5810081.987814
 30
47.035
 11
3318770.685924
 21
5810082.112911
 31
47.026
  0
LINE
  5
AB9
330
4
100
AcDbEntity
  8
Fernwärmeleitung
  6
60
 62
     1
370
    50
100
AcDbLine
 10
3318770.685924
 20
5810082.112911
 30
47.026
 11
3318770.608127
 21
5810082.299057
 31
47.045
  0
LINE
  5
ABA
330
4
100
AcDbEntity
  8
Fernwärmeleitung
  6
60
 62
     1
370
    50
100
AcDbLine
 10
3318770.608127
 20
5810082.299057
 30
47.045
 11
3318770.581192
 21
5810083.083421
 31
47.07
  0
LINE
  5
ABB
330
4
100
AcDbEntity
  8
Fernwärmeleitung
  6
60
 62
     1
370
    50
100
AcDbLine
 10
3318770.581192
 20
5810083.083421
 30
47.07
 11
3318770.77122
 21
5810086.853821
 31
47.026
  0
LINE
  5
ABC
330
4
100
AcDbEntity
  8
Fernwärmeleitung
  6
60
 62
     1
370
    50
100
AcDbLine
 10
3318770.77122
 20
5810086.853821
 30
47.026
 11
3318770.865461
 21
5810087.48969
 31
47.047
  0
LINE
  5
ABD
330
4
100
AcDbEntity
  8
Fernwärmeleitung
  6
60
 62
     1
370
    50
100
AcDbLine
 10
3318770.865461
 20
5810087.48969
 30
47.047
 11
3318770.720898
 21
5810087.733785
 31
46.985
  0
LINE
  5
ABE
330
4
100
AcDbEntity
  8
Fernwärmeleitung
  6
60
 62
     1
370
    50
100
AcDbLine
 10
3318770.720898
 20
5810087.733785
 30
46.985
 11
3318770.538618
 21
5810087.844003
 31
47.067
  0
LINE
  5
ABF
330
4
100
AcDbEntity
  8
Fernwärmeleitung
  6
60
 62
     1
370
    50
100
AcDbLine
 10
3318757.902278
 20
5810088.851696
 30
46.918
 11
3318754.315189
 21
5810089.156557
 31
46.902
  0
LINE
  5
AC0
330
4
100
AcDbEntity
  8
Fernwärmeleitung
  6
49
 62
   173
420
  4671487
370
    35
100
AcDbLine
 10
3318757.025606
 20
5810088.281318
 30
46.942
 11
3318754.080732
 21
5810088.53625
 31
46.879
  0
LINE
  5
AC1
330
4
100
AcDbEntity
  8
Fernwärmeleitung
  6
49
 62
   173
420
  4671487
370
    35
100
AcDbLine
 10
3318784.137703
 20
5810080.417739
 30
47.074
 11
3318772.350831
 21
5810081.177598
 31
47.062
  0
LINE
  5
AC2
330
4
100
AcDbEntity
  8
Fernwärmeleitung
  6
49
 62
   173
420
  4671487
370
    35
100
AcDbLine
 10
3318772.350831
 20
5810081.177598
 30
47.062
 11
3318770.5546
 21
5810081.341266
 31
47.0
  0
LINE
  5
AC3
330
4
100
AcDbEntity
  8
Fernwärmeleitung
  6
49
 62
   173
420
  4671487
370
    35
100
AcDbLine
 10
3318770.5546
 20
5810081.341266
 30
47.0
 11
3318769.949424
 21
5810081.406692
 31
47.044
  0
LINE
  5
AC4
330
4
100
AcDbEntity
  8
Fernwärmeleitung
  6
49
 62
   173
420
  4671487
370
    35
100
AcDbLine
 10
3318769.949424
 20
5810081.406692
 30
47.044
 11
3318769.718079
 21
5810081.505849
 31
47.056
  0
LINE
  5
AC5
330
4
100
AcDbEntity
  8
Fernwärmeleitung
  6
49
 62
   173
420
  4671487
370
    35
100
AcDbLine
 10
3318769.718079
 20
5810081.505849
 30
47.056
 11
3318769.596315
 21
5810081.776524
 31
47.039
  0
LINE
  5
AC6
330
4
100
AcDbEntity
  8
Fernwärmeleitung
  6
49
 62
   173
420
  4671487
370
    35
100
AcDbLine
 10
3318769.596315
 20
5810081.776524
 30
47.039
 11
3318769.656995
 21
5810082.38645
 31
47.053
  0
LINE
  5
AC7
330
4
100
AcDbEntity
  8
Fernwärmeleitung
  6
49
 62
   173
420
  4671487
370
    35
100
AcDbLine
 10
3318769.656995
 20
5810082.38645
 30
47.053
 11
3318769.960373
 21
5810086.247335
 31
47.049
  0
LINE
  5
AC8
330
4
100
AcDbEntity
  8
Fernwärmeleitung
  6
49
 62
   173
420
  4671487
370
    35
100
AcDbLine
 10
3318769.960373
 20
5810086.247335
 30
47.049
 11
3318769.991942
 21
5810086.884493
 31
47.049
  0
LINE
  5
AC9
330
4
100
AcDbEntity
  8
Fernwärmeleitung
  6
49
 62
   173
420
  4671487
370
    35
100
AcDbLine
 10
3318769.991942
 20
5810086.884493
 30
47.049
 11
3318769.889466
 21
5810087.100402
 31
47.079
  0
LINE
  5
ACA
330
4
100
AcDbEntity
  8
Fernwärmeleitung
  6
49
 62
   173
420
  4671487
370
    35
100
AcDbLine
 10
3318769.889466
 20
5810087.100402
 30
47.079
 11
3318769.649912
 21
5810087.255904
 31
47.09
  0
LINE
  5
ACB
330
4
100
AcDbEntity
  8
Fernwärmeleitung
  6
60
 62
     1
370
    50
100
AcDbLine
 10
3318770.538618
 20
5810087.844003
 30
47.067
 11
3318769.899251
 21
5810087.891716
 31
47.059
  0
LINE
  5
ACC
330
4
100
AcDbEntity
  8
Fernwärmeleitung
  6
49
 62
   173
420
  4671487
370
    35
100
AcDbLine
 10
3318769.649912
 20
5810087.255904
 30
47.09
 11
3318769.097908
 21
5810087.307383
 31
47.067
  0
LINE
  5
ACD
330
4
100
AcDbEntity
  8
Fernwärmeleitung
  6
60
 62
     1
370
    50
100
AcDbLine
 10
3318769.899251
 20
5810087.891716
 30
47.059
 11
3318757.902278
 21
5810088.851696
 31
46.918
  0
LINE
  5
ACE
330
4
100
AcDbEntity
  8
Fernwärmeleitung
  6
49
 62
   173
420
  4671487
370
    35
100
AcDbLine
 10
3318769.097908
 20
5810087.307383
 30
47.067
 11
3318757.025606
 21
5810088.281318
 31
46.942
  0
LINE
  5
ACF
330
4
100
AcDbEntity
  8
Fernwärmeleitung
  6
60
 62
     1
370
    50
100
AcDbLine
 10
3318874.436837
 20
5810112.416634
 30
47.138
 11
3318875.04137
 21
5810124.448238
 31
47.236
  0
LINE
  5
AD0
330
4
100
AcDbEntity
  8
Fernwärmeleitung
  6
60
 62
     1
370
    50
100
AcDbLine
 10
3318754.315189
 20
5810089.156557
 30
46.902
 11
3318747.604069
 21
5810089.712616
 31
46.677
  0
LINE
  5
AD1
330
4
100
AcDbEntity
  8
Fernwärmeleitung
  6
60
 62
     1
370
    50
100
AcDbLine
 10
3318747.604069
 20
5810089.712616
 30
46.677
 11
3318746.862151
 21
5810089.770495
 31
46.621
  0
LINE
  5
AD2
330
4
100
AcDbEntity
  8
Fernwärmeleitung
  6
60
 62
     1
370
    50
100
AcDbLine
 10
3318746.862151
 20
5810089.770495
 30
46.621
 11
3318746.65352
 21
5810089.662002
 31
46.608
  0
LINE
  5
AD3
330
4
100
AcDbEntity
  8
Fernwärmeleitung
  6
60
 62
     1
370
    50
100
AcDbLine
 10
3318746.65352
 20
5810089.662002
 30
46.608
 11
3318746.526833
 21
5810089.453141
 31
46.593
  0
LINE
  5
AD4
330
4
100
AcDbEntity
  8
Fernwärmeleitung
  6
60
 62
     1
370
    50
100
AcDbLine
 10
3318746.526833
 20
5810089.453141
 30
46.593
 11
3318746.503497
 21
5810088.826109
 31
46.595
  0
LINE
  5
AD5
330
4
100
AcDbEntity
  8
Fernwärmeleitung
  6
60
 62
     1
370
    50
100
AcDbLine
 10
3318746.503497
 20
5810088.826109
 30
46.595
 11
3318746.297317
 21
5810086.761479
 31
46.529
  0
LINE
  5
AD6
330
4
100
AcDbEntity
  8
Fernwärmeleitung
  6
60
 62
     1
370
    50
100
AcDbLine
 10
3318746.297317
 20
5810086.761479
 30
46.529
 11
3318746.269568
 21
5810086.185726
 31
46.493
  0
LINE
  5
AD7
330
4
100
AcDbEntity
  8
Fernwärmeleitung
  6
60
 62
     1
370
    50
100
AcDbLine
 10
3318746.269568
 20
5810086.185726
 30
46.493
 11
3318746.106482
 21
5810085.981626
 31
46.505
  0
LINE
  5
AD8
330
4
100
AcDbEntity
  8
Fernwärmeleitung
  6
60
 62
     1
370
    50
100
AcDbLine
 10
3318746.106482
 20
5810085.981626
 30
46.505
 11
3318745.854164
 21
5810085.855424
 31
46.489
  0
LINE
  5
AD9
330
4
100
AcDbEntity
  8
Fernwärmeleitung
  6
60
 62
     1
370
    50
100
AcDbLine
 10
3318745.854164
 20
5810085.855424
 30
46.489
 11
3318745.2474
 21
5810085.906607
 31
46.498
  0
LINE
  5
ADA
330
4
100
AcDbEntity
  8
Fernwärmeleitung
  6
60
 62
     1
370
    50
100
AcDbLine
 10
3318745.2474
 20
5810085.906607
 30
46.498
 11
3318739.164826
 21
5810086.250996
 31
46.396
  0
LINE
  5
ADB
330
4
100
AcDbEntity
  8
Fernwärmeleitung
  6
60
 62
     1
370
    50
100
AcDbLine
 10
3318739.164826
 20
5810086.250996
 30
46.396
 11
3318738.58906
 21
5810086.240761
 31
46.374
  0
LINE
  5
ADC
330
4
100
AcDbEntity
  8
Fernwärmeleitung
  6
60
 62
     1
370
    50
100
AcDbLine
 10
3318738.58906
 20
5810086.240761
 30
46.374
 11
3318737.995583
 21
5810086.271048
 31
46.404
  0
LINE
  5
ADD
330
4
100
AcDbEntity
  8
Fernwärmeleitung
  6
60
 62
     1
370
    50
100
AcDbLine
 10
3318737.995583
 20
5810086.271048
 30
46.404
 11
3318726.049032
 21
5810086.623278
 31
46.461
  0
LINE
  5
ADE
330
4
100
AcDbEntity
  8
Fernwärmeleitung
  6
60
 62
     1
370
    50
100
AcDbLine
 10
3318726.049032
 20
5810086.623278
 30
46.461
 11
3318713.987882
 21
5810086.92997
 31
46.523
  0
LINE
  5
ADF
330
4
100
AcDbEntity
  8
Fernwärmeleitung
  6
49
 62
   173
420
  4671487
370
    35
100
AcDbLine
 10
3318714.230718
 20
5810086.229091
 30
0.0
 11
3318707.199038
 21
5810086.473457
 31
0.0
  0
LINE
  5
AE0
330
4
100
AcDbEntity
  8
Fernwärmeleitung
  6
60
 62
     1
370
    50
100
AcDbLine
 10
3318738.58906
 20
5810086.240761
 30
46.374
 11
3318738.597329
 21
5810086.34901
 31
46.573
  0
LINE
  5
AE1
330
4
100
AcDbEntity
  8
Fernwärmeleitung
  6
60
 62
     1
370
    50
100
AcDbLine
 10
3318738.597329
 20
5810086.34901
 30
46.573
 11
3318738.709733
 21
5810086.448675
 31
46.678
  0
LINE
  5
AE2
330
4
100
AcDbEntity
  8
Fernwärmeleitung
  6
49
 62
   173
420
  4671487
370
    35
100
AcDbLine
 10
3318741.072035
 20
5810085.311862
 30
0.0
 11
3318740.969357
 21
5810082.97907
 31
0.0
  0
LINE
  5
AE3
330
4
100
AcDbEntity
  8
Fernwärmeleitung
  6
49
 62
   173
420
  4671487
370
    35
100
AcDbLine
 10
3318754.080732
 20
5810088.53625
 30
46.879
 11
3318748.190625
 21
5810088.933112
 31
46.732
  0
LINE
  5
AE4
330
4
100
AcDbEntity
  8
Fernwärmeleitung
  6
49
 62
   173
420
  4671487
370
    35
100
AcDbLine
 10
3318748.190625
 20
5810088.933112
 30
46.732
 11
3318747.595563
 21
5810088.955486
 31
46.671
  0
LINE
  5
AE5
330
4
100
AcDbEntity
  8
Fernwärmeleitung
  6
49
 62
   173
420
  4671487
370
    35
100
AcDbLine
 10
3318747.595563
 20
5810088.955486
 30
46.671
 11
3318747.360347
 21
5810088.857132
 31
46.66
  0
LINE
  5
AE6
330
4
100
AcDbEntity
  8
Fernwärmeleitung
  6
49
 62
   173
420
  4671487
370
    35
100
AcDbLine
 10
3318747.360347
 20
5810088.857132
 30
46.66
 11
3318747.220684
 21
5810088.65239
 31
46.672
  0
LINE
  5
AE7
330
4
100
AcDbEntity
  8
Fernwärmeleitung
  6
49
 62
   173
420
  4671487
370
    35
100
AcDbLine
 10
3318747.220684
 20
5810088.65239
 30
46.672
 11
3318747.170724
 21
5810087.927878
 31
46.638
  0
LINE
  5
AE8
330
4
100
AcDbEntity
  8
Fernwärmeleitung
  6
49
 62
   173
420
  4671487
370
    35
100
AcDbLine
 10
3318747.170724
 20
5810087.927878
 30
46.638
 11
3318747.05415
 21
5810085.942663
 31
46.548
  0
LINE
  5
AE9
330
4
100
AcDbEntity
  8
Fernwärmeleitung
  6
49
 62
   173
420
  4671487
370
    35
100
AcDbLine
 10
3318747.05415
 20
5810085.942663
 30
46.548
 11
3318747.011519
 21
5810085.351406
 31
46.525
  0
LINE
  5
AEA
330
4
100
AcDbEntity
  8
Fernwärmeleitung
  6
49
 62
   173
420
  4671487
370
    35
100
AcDbLine
 10
3318747.011519
 20
5810085.351406
 30
46.525
 11
3318746.873746
 21
5810085.121975
 31
46.545
  0
LINE
  5
AEB
330
4
100
AcDbEntity
  8
Fernwärmeleitung
  6
49
 62
   173
420
  4671487
370
    35
100
AcDbLine
 10
3318746.873746
 20
5810085.121975
 30
46.545
 11
3318746.645792
 21
5810084.97329
 31
46.549
  0
LINE
  5
AEC
330
4
100
AcDbEntity
  8
Fernwärmeleitung
  6
49
 62
   173
420
  4671487
370
    35
100
AcDbLine
 10
3318746.645792
 20
5810084.97329
 30
46.549
 11
3318746.043764
 21
5810084.991236
 31
46.55
  0
LINE
  5
AED
330
4
100
AcDbEntity
  8
Fernwärmeleitung
  6
49
 62
   173
420
  4671487
370
    35
100
AcDbLine
 10
3318746.043764
 20
5810084.991236
 30
46.55
 11
3318739.433863
 21
5810085.354176
 31
46.464
  0
LINE
  5
AEE
330
4
100
AcDbEntity
  8
Fernwärmeleitung
  6
49
 62
   173
420
  4671487
370
    35
100
AcDbLine
 10
3318739.433863
 20
5810085.354176
 30
46.464
 11
3318738.826802
 21
5810085.456953
 31
46.385
  0
LINE
  5
AEF
330
4
100
AcDbEntity
  8
Fernwärmeleitung
  6
49
 62
   173
420
  4671487
370
    35
100
AcDbLine
 10
3318738.826802
 20
5810085.456953
 30
46.385
 11
3318738.272548
 21
5810085.416957
 31
46.453
  0
LINE
  5
AF0
330
4
100
AcDbEntity
  8
Fernwärmeleitung
  6
49
 62
   173
420
  4671487
370
    35
100
AcDbLine
 10
3318738.826802
 20
5810085.456953
 30
46.385
 11
3318738.834131
 21
5810085.590208
 31
46.603
  0
LINE
  5
AF1
330
4
100
AcDbEntity
  8
Fernwärmeleitung
  6
49
 62
   173
420
  4671487
370
    35
100
AcDbLine
 10
3318738.834131
 20
5810085.590208
 30
46.603
 11
3318738.961075
 21
5810085.636691
 31
46.64
  0
LINE
  5
AF2
330
4
100
AcDbEntity
  8
Fernwärmeleitung
  6
49
 62
   173
420
  4671487
370
    35
100
AcDbLine
 10
3318745.19691
 20
5810080.250494
 30
0.0
 11
3318745.813298
 21
5810080.088477
 31
0.0
  0
LINE
  5
AF3
330
4
100
AcDbEntity
  8
Fernwärmeleitung
  6
49
 62
   173
420
  4671487
370
    35
100
AcDbLine
 10
3318738.272548
 20
5810085.416957
 30
46.453
 11
3318726.292172
 21
5810085.886631
 31
46.513
  0
LINE
  5
AF4
330
4
100
AcDbEntity
  8
Fernwärmeleitung
  6
49
 62
   173
420
  4671487
370
    35
100
AcDbLine
 10
3318726.292172
 20
5810085.886631
 30
46.513
 11
3318714.230718
 21
5810086.229091
 31
46.457
  0
ENDSEC
  0
SECTION
  2
OBJECTS
  0
DICTIONARY
  5
AF5
330
0
100
AcDbDictionary
281
     1
  3
ACAD_GROUP
350
AF6
  3
ACAD_IMAGE_DICT
350
AF8
  3
ACAD_LAYOUT
350
B09
  3
ACAD_MATERIAL
350
B2E
  3
ACAD_MLEADERSTYLE
350
B6C
  3
ACAD_MLINESTYLE
350
AF7
  3
ACAD_SCALELIST
350
B0C
  3
ACAD_TABLESTYLE
350
B6B
  3
ACAD_VISUALSTYLE
350
B32
  3
AcDbVariableDictionary
350
B43
  0
DICTIONARY
  5
AF6
102
{ACAD_REACTORS
330
AF5
102
}
330
AF5
100
AcDbDictionary
281
     1
  3
*A1
350
546
  3
*A10
350
59D
  3
*A100
350
6FF
  3
*A101
350
702
  3
*A102
350
708
  3
*A103
350
70E
  3
*A104
350
716
  3
*A105
350
71C
  3
*A106
350
722
  3
*A107
350
72E
  3
*A108
350
730
  3
*A109
350
732
  3
*A11
350
59F
  3
*A110
350
73A
  3
*A111
350
740
  3
*A112
350
742
  3
*A113
350
744
  3
*A114
350
746
  3
*A115
350
748
  3
*A116
350
74A
  3
*A117
350
74C
  3
*A118
350
74E
  3
*A119
350
750
  3
*A12
350
5A3
  3
*A120
350
752
  3
*A121
350
754
  3
*A122
350
756
  3
*A123
350
758
  3
*A124
350
75A
  3
*A125
350
76A
  3
*A126
350
76C
  3
*A127
350
76E
  3
*A128
350
770
  3
*A129
350
772
  3
*A13
350
5AB
  3
*A130
350
774
  3
*A131
350
776
  3
*A132
350
778
  3
*A133
350
77A
  3
*A134
350
77C
  3
*A135
350
77E
  3
*A136
350
780
  3
*A137
350
782
  3
*A138
350
784
  3
*A139
350
786
  3
*A14
350
5AD
  3
*A140
350
788
  3
*A141
350
794
  3
*A142
350
796
  3
*A143
350
798
  3
*A144
350
79A
  3
*A145
350
79E
  3
*A146
350
7AA
  3
*A147
350
7AC
  3
*A148
350
7AE
  3
*A149
350
7B0
  3
*A15
350
5B1
  3
*A150
350
7B2
  3
*A151
350
7B4
  3
*A152
350
7B9
  3
*A153
350
7BC
  3
*A154
350
7BF
  3
*A155
350
7C4
  3
*A156
350
7C7
  3
*A157
350
7CA
  3
*A158
350
7CF
  3
*A159
350
7D2
  3
*A16
350
5B3
  3
*A160
350
7D7
  3
*A161
350
7DA
  3
*A162
350
7DD
  3
*A163
350
7E0
  3
*A164
350
7E3
  3
*A165
350
7E6
  3
*A166
350
7E9
  3
*A167
350
7EC
  3
*A168
350
7EF
  3
*A169
350
7F2
  3
*A17
350
5B6
  3
*A170
350
7F5
  3
*A171
350
7F8
  3
*A172
350
7FB
  3
*A173
350
7FE
  3
*A174
350
801
  3
*A175
350
804
  3
*A176
350
808
  3
*A177
350
80B
  3
*A178
350
80E
  3
*A179
350
811
  3
*A18
350
5B9
  3
*A180
350
814
  3
*A181
350
817
  3
*A182
350
81A
  3
*A183
350
81D
  3
*A184
350
820
  3
*A185
350
822
  3
*A186
350
826
  3
*A187
350
828
  3
*A188
350
82A
  3
*A189
350
82D
  3
*A19
350
5BC
  3
*A190
350
833
  3
*A191
350
838
  3
*A192
350
83B
  3
*A193
350
83E
  3
*A194
350
840
  3
*A195
350
844
  3
*A196
350
846
  3
*A197
350
848
  3
*A198
350
84A
  3
*A199
350
855
  3
*A2
350
55B
  3
*A20
350
5BF
  3
*A200
350
858
  3
*A201
350
85B
  3
*A202
350
85E
  3
*A203
350
861
  3
*A204
350
863
  3
*A205
350
865
  3
*A206
350
867
  3
*A207
350
869
  3
*A208
350
86B
  3
*A209
350
86D
  3
*A21
350
5C1
  3
*A210
350
86F
  3
*A211
350
871
  3
*A212
350
873
  3
*A213
350
875
  3
*A214
350
877
  3
*A215
350
879
  3
*A216
350
87B
  3
*A217
350
87F
  3
*A218
350
881
  3
*A219
350
883
  3
*A22
350
5CB
  3
*A220
350
885
  3
*A221
350
891
  3
*A222
350
893
  3
*A223
350
895
  3
*A224
350
89F
  3
*A225
350
8A1
  3
*A226
350
8A3
  3
*A23
350
5D6
  3
*A24
350
5D8
  3
*A25
350
5E1
  3
*A26
350
5E3
  3
*A27
350
5ED
  3
*A28
350
5F2
  3
*A29
350
5F9
  3
*A3
350
564
  3
*A30
350
5FC
  3
*A31
350
602
  3
*A32
350
608
  3
*A33
350
60E
  3
*A34
350
611
  3
*A35
350
617
  3
*A36
350
61D
  3
*A37
350
620
  3
*A38
350
626
  3
*A39
350
62D
  3
*A4
350
568
  3
*A40
350
633
  3
*A41
350
639
  3
*A42
350
63C
  3
*A43
350
63F
  3
*A44
350
649
  3
*A45
350
64F
  3
*A46
350
652
  3
*A47
350
655
  3
*A48
350
65B
  3
*A49
350
661
  3
*A5
350
56D
  3
*A50
350
663
  3
*A51
350
665
  3
*A52
350
668
  3
*A53
350
66C
  3
*A54
350
66E
  3
*A55
350
670
  3
*A56
350
673
  3
*A57
350
675
  3
*A58
350
678
  3
*A59
350
67A
  3
*A6
350
574
  3
*A60
350
67D
  3
*A61
350
681
  3
*A62
350
683
  3
*A63
350
685
  3
*A64
350
689
  3
*A65
350
68B
  3
*A66
350
68D
  3
*A67
350
68F
  3
*A68
350
691
  3
*A69
350
693
  3
*A7
350
57D
  3
*A70
350
695
  3
*A71
350
697
  3
*A72
350
699
  3
*A73
350
69F
  3
*A74
350
6A3
  3
*A75
350
6A5
  3
*A76
350
6A7
  3
*A77
350
6A9
  3
*A78
350
6AB
  3
*A79
350
6AD
  3
*A8
350
587
  3
*A80
350
6B0
  3
*A81
350
6B6
  3
*A82
350
6B8
  3
*A83
350
6BA
  3
*A84
350
6BC
  3
*A85
350
6C1
  3
*A86
350
6C4
  3
*A87
350
6C7
  3
*A88
350
6CA
  3
*A89
350
6CD
  3
*A9
350
59A
  3
*A90
350
6D0
  3
*A91
350
6D3
  3
*A92
350
6D6
  3
*A93
350
6D9
  3
*A94
350
6DE
  3
*A95
350
6E4
  3
*A96
350
6E7
  3
*A97
350
6ED
  3
*A98
350
6F3
  3
*A99
350
6F9
  0
DICTIONARY
  5
AF8
102
{ACAD_REACTORS
330
AF5
102
}
330
AF5
100
AcDbDictionary
281
     1
  0
DICTIONARY
  5
B09
102
{ACAD_REACTORS
330
AF5
102
}
330
AF5
100
AcDbDictionary
281
     1
  3
Layout1
350
B0B
  3
Model
350
B0A
  0
DICTIONARY
  5
B2E
102
{ACAD_REACTORS
330
AF5
102
}
330
AF5
100
AcDbDictionary
281
     1
  3
ByBlock
350
B30
  3
ByLayer
350
B2F
  3
Global
350
B31
  0
DICTIONARY
  5
B6C
102
{ACAD_REACTORS
330
AF5
102
}
330
AF5
100
AcDbDictionary
281
     1
  0
DICTIONARY
  5
AF7
102
{ACAD_REACTORS
330
AF5
102
}
330
AF5
100
AcDbDictionary
281
     1
  3
STANDARD
350
F
  0
DICTIONARY
  5
B0C
102
{ACAD_REACTORS
330
AF5
102
}
330
AF5
100
AcDbDictionary
281
     1
  3
A0
350
B0D
  3
A1
350
B0E
  3
A2
350
B0F
  3
A3
350
B10
  3
A4
350
B11
  3
A5
350
B12
  3
A6
350
B13
  3
A7
350
B14
  3
A8
350
B15
  3
A9
350
B16
  3
B0
350
B17
  3
B1
350
B18
  3
B2
350
B19
  3
B3
350
B1A
  3
B4
350
B1B
  3
B5
350
B1C
  3
B6
350
B1D
  3
B7
350
B1E
  3
B8
350
B1F
  3
B9
350
B20
  3
C0
350
B21
  3
C1
350
B22
  3
C2
350
B23
  3
C3
350
B24
  3
C4
350
B25
  3
C5
350
B26
  3
C6
350
B27
  3
C7
350
B28
  3
C8
350
B29
  3
C9
350
B2A
  3
D0
350
B2B
  3
D1
350
B2C
  3
D2
350
B2D
  0
DICTIONARY
  5
B6B
102
{ACAD_REACTORS
330
AF5
102
}
330
AF5
100
AcDbDictionary
281
     1
  0
DICTIONARY
  5
B32
102
{ACAD_REACTORS
330
AF5
102
}
330
AF5
100
AcDbDictionary
281
     1
  3
2dWireframe
350
B37
  3
3D Hidden
350
B39
  3
3dWireframe
350
B38
  3
Basic
350
B3A
  3
Brighten
350
B3E
  3
ColorChange
350
B42
  3
Conceptual
350
B3C
  3
Dim
350
B3D
  3
Facepattern
350
B41
  3
Flat
350
B33
  3
FlatWithEdges
350
B34
  3
Gouraud
350
B35
  3
GouraudWithEdges
350
B36
  3
Linepattern
350
B40
  3
Realistic
350
B3B
  3
Thicken
350
B3F
  0
DICTIONARY
  5
B43
102
{ACAD_REACTORS
330
AF5
102
}
330
AF5
100
AcDbDictionary
281
     1
  3
CANNOSCALE
350
B44
  0
GROUP
  5
546
102
{ACAD_REACTORS
330
AF6
102
}
330
AF6
100
AcDbGroup
300
TextFrame
 70
     1
 71
     1
340
540
340
542
340
543
340
544
340
545
  0
GROUP
  5
59D
102
{ACAD_REACTORS
330
AF6
102
}
330
AF6
100
AcDbGroup
300
TextFrame
 70
     1
 71
     1
340
59B
340
59C
  0
GROUP
  5
6FF
102
{ACAD_REACTORS
330
AF6
102
}
330
AF6
100
AcDbGroup
300
TextFrame
 70
     1
 71
     1
340
6FA
340
6FB
340
6FC
340
6FD
340
6FE
  0
GROUP
  5
702
102
{ACAD_REACTORS
330
AF6
102
}
330
AF6
100
AcDbGroup
300
TextFrame
 70
     1
 71
     1
340
700
340
701
  0
GROUP
  5
708
102
{ACAD_REACTORS
330
AF6
102
}
330
AF6
100
AcDbGroup
300
TextFrame
 70
     1
 71
     1
340
703
340
704
340
705
340
706
340
707
  0
GROUP
  5
70E
102
{ACAD_REACTORS
330
AF6
102
}
330
AF6
100
AcDbGroup
300
TextFrame
 70
     1
 71
     1
340
709
340
70A
340
70B
340
70C
340
70D
  0
GROUP
  5
716
102
{ACAD_REACTORS
330
AF6
102
}
330
AF6
100
AcDbGroup
300
TextFrame
 70
     1
 71
     1
340
711
340
712
340
713
340
714
340
715
  0
GROUP
  5
71C
102
{ACAD_REACTORS
330
AF6
102
}
330
AF6
100
AcDbGroup
300
TextFrame
 70
     1
 71
     1
340
717
340
718
340
719
340
71A
340
71B
  0
GROUP
  5
722
102
{ACAD_REACTORS
330
AF6
102
}
330
AF6
100
AcDbGroup
300
TextFrame
 70
     1
 71
     1
340
71D
340
71E
340
71F
340
720
340
721
  0
GROUP
  5
72E
102
{ACAD_REACTORS
330
AF6
102
}
330
AF6
100
AcDbGroup
300
TextFrame
 70
     1
 71
     1
340
729
340
72A
340
72B
340
72C
340
72D
  0
GROUP
  5
730
102
{ACAD_REACTORS
330
AF6
102
}
330
AF6
100
AcDbGroup
300
TextRelation
 70
     1
 71
     1
340
72F
340
A89
  0
GROUP
  5
732
102
{ACAD_REACTORS
330
AF6
102
}
330
AF6
100
AcDbGroup
300
TextRelation
 70
     1
 71
     1
340
731
340
A8A
  0
GROUP
  5
59F
102
{ACAD_REACTORS
330
AF6
102
}
330
AF6
100
AcDbGroup
300
TextRelation
 70
     1
 71
     1
340
2B8
340
59E
  0
GROUP
  5
73A
102
{ACAD_REACTORS
330
AF6
102
}
330
AF6
100
AcDbGroup
300
TextRelation
 70
     1
 71
     1
340
739
340
A8C
  0
GROUP
  5
740
102
{ACAD_REACTORS
330
AF6
102
}
330
AF6
100
AcDbGroup
300
TextRelation
 70
     1
 71
     1
340
73F
340
A8D
  0
GROUP
  5
742
102
{ACAD_REACTORS
330
AF6
102
}
330
AF6
100
AcDbGroup
300
TextRelation
 70
     1
 71
     1
340
741
340
A8E
  0
GROUP
  5
744
102
{ACAD_REACTORS
330
AF6
102
}
330
AF6
100
AcDbGroup
300
TextRelation
 70
     1
 71
     1
340
743
340
A8F
  0
GROUP
  5
746
102
{ACAD_REACTORS
330
AF6
102
}
330
AF6
100
AcDbGroup
300
TextRelation
 70
     1
 71
     1
340
745
340
A90
  0
GROUP
  5
748
102
{ACAD_REACTORS
330
AF6
102
}
330
AF6
100
AcDbGroup
300
TextRelation
 70
     1
 71
     1
340
45D
340
747
  0
GROUP
  5
74A
102
{ACAD_REACTORS
330
AF6
102
}
330
AF6
100
AcDbGroup
300
TextRelation
 70
     1
 71
     1
340
45C
340
749
  0
GROUP
  5
74C
102
{ACAD_REACTORS
330
AF6
102
}
330
AF6
100
AcDbGroup
300
TextRelation
 70
     1
 71
     1
340
47B
340
74B
  0
GROUP
  5
74E
102
{ACAD_REACTORS
330
AF6
102
}
330
AF6
100
AcDbGroup
300
TextRelation
 70
     1
 71
     1
340
456
340
74D
  0
GROUP
  5
750
102
{ACAD_REACTORS
330
AF6
102
}
330
AF6
100
AcDbGroup
300
TextRelation
 70
     1
 71
     1
340
457
340
74F
  0
GROUP
  5
5A3
102
{ACAD_REACTORS
330
AF6
102
}
330
AF6
100
AcDbGroup
300
TextRelation
 70
     1
 71
     1
340
2B5
340
5A2
  0
GROUP
  5
752
102
{ACAD_REACTORS
330
AF6
102
}
330
AF6
100
AcDbGroup
300
TextRelation
 70
     1
 71
     1
340
458
340
751
  0
GROUP
  5
754
102
{ACAD_REACTORS
330
AF6
102
}
330
AF6
100
AcDbGroup
300
TextRelation
 70
     1
 71
     1
340
471
340
753
  0
GROUP
  5
756
102
{ACAD_REACTORS
330
AF6
102
}
330
AF6
100
AcDbGroup
300
TextRelation
 70
     1
 71
     1
340
3BC
340
755
  0
GROUP
  5
758
102
{ACAD_REACTORS
330
AF6
102
}
330
AF6
100
AcDbGroup
300
TextRelation
 70
     1
 71
     1
340
3BD
340
757
  0
GROUP
  5
75A
102
{ACAD_REACTORS
330
AF6
102
}
330
AF6
100
AcDbGroup
300
TextRelation
 70
     1
 71
     1
340
3BE
340
759
  0
GROUP
  5
76A
102
{ACAD_REACTORS
330
AF6
102
}
330
AF6
100
AcDbGroup
300
TextRelation
 70
     1
 71
     1
340
3CA
340
769
  0
GROUP
  5
76C
102
{ACAD_REACTORS
330
AF6
102
}
330
AF6
100
AcDbGroup
300
TextRelation
 70
     1
 71
     1
340
3CB
340
76B
  0
GROUP
  5
76E
102
{ACAD_REACTORS
330
AF6
102
}
330
AF6
100
AcDbGroup
300
TextRelation
 70
     1
 71
     1
340
3BB
340
76D
  0
GROUP
  5
770
102
{ACAD_REACTORS
330
AF6
102
}
330
AF6
100
AcDbGroup
300
TextRelation
 70
     1
 71
     1
340
3CC
340
76F
  0
GROUP
  5
772
102
{ACAD_REACTORS
330
AF6
102
}
330
AF6
100
AcDbGroup
300
TextRelation
 70
     1
 71
     1
340
3CD
340
771
  0
GROUP
  5
5AB
102
{ACAD_REACTORS
330
AF6
102
}
330
AF6
100
AcDbGroup
300
TextRelation
 70
     1
 71
     1
340
359
340
5AA
  0
GROUP
  5
774
102
{ACAD_REACTORS
330
AF6
102
}
330
AF6
100
AcDbGroup
300
TextRelation
 70
     1
 71
     1
340
4B6
340
773
  0
GROUP
  5
776
102
{ACAD_REACTORS
330
AF6
102
}
330
AF6
100
AcDbGroup
300
TextRelation
 70
     1
 71
     1
340
4B5
340
775
  0
GROUP
  5
778
102
{ACAD_REACTORS
330
AF6
102
}
330
AF6
100
AcDbGroup
300
TextRelation
 70
     1
 71
     1
340
4A8
340
777
  0
GROUP
  5
77A
102
{ACAD_REACTORS
330
AF6
102
}
330
AF6
100
AcDbGroup
300
TextRelation
 70
     1
 71
     1
340
4A7
340
779
  0
GROUP
  5
77C
102
{ACAD_REACTORS
330
AF6
102
}
330
AF6
100
AcDbGroup
300
TextRelation
 70
     1
 71
     1
340
4A6
340
77B
  0
GROUP
  5
77E
102
{ACAD_REACTORS
330
AF6
102
}
330
AF6
100
AcDbGroup
300
TextRelation
 70
     1
 71
     1
340
4A4
340
77D
  0
GROUP
  5
780
102
{ACAD_REACTORS
330
AF6
102
}
330
AF6
100
AcDbGroup
300
TextRelation
 70
     1
 71
     1
340
4A1
340
77F
  0
GROUP
  5
782
102
{ACAD_REACTORS
330
AF6
102
}
330
AF6
100
AcDbGroup
300
TextRelation
 70
     1
 71
     1
340
4A2
340
781
  0
GROUP
  5
784
102
{ACAD_REACTORS
330
AF6
102
}
330
AF6
100
AcDbGroup
300
TextRelation
 70
     1
 71
     1
340
47A
340
783
  0
GROUP
  5
786
102
{ACAD_REACTORS
330
AF6
102
}
330
AF6
100
AcDbGroup
300
TextRelation
 70
     1
 71
     1
340
479
340
785
  0
GROUP
  5
5AD
102
{ACAD_REACTORS
330
AF6
102
}
330
AF6
100
AcDbGroup
300
TextRelation
 70
     1
 71
     1
340
35A
340
5AC
  0
GROUP
  5
788
102
{ACAD_REACTORS
330
AF6
102
}
330
AF6
100
AcDbGroup
300
TextRelation
 70
     1
 71
     1
340
787
340
9A8
  0
GROUP
  5
794
102
{ACAD_REACTORS
330
AF6
102
}
330
AF6
100
AcDbGroup
300
TextRelation
 70
     1
 71
     1
340
46F
340
793
  0
GROUP
  5
796
102
{ACAD_REACTORS
330
AF6
102
}
330
AF6
100
AcDbGroup
300
TextRelation
 70
     1
 71
     1
340
46E
340
795
  0
GROUP
  5
798
102
{ACAD_REACTORS
330
AF6
102
}
330
AF6
100
AcDbGroup
300
TextRelation
 70
     1
 71
     1
340
470
340
797
  0
GROUP
  5
79A
102
{ACAD_REACTORS
330
AF6
102
}
330
AF6
100
AcDbGroup
300
TextRelation
 70
     1
 71
     1
340
467
340
799
  0
GROUP
  5
79E
102
{ACAD_REACTORS
330
AF6
102
}
330
AF6
100
AcDbGroup
300
TextRelation
 70
     1
 71
     1
340
469
340
79D
  0
GROUP
  5
7AA
102
{ACAD_REACTORS
330
AF6
102
}
330
AF6
100
AcDbGroup
300
TextRelation
 70
     1
 71
     1
340
448
340
7A9
  0
GROUP
  5
7AC
102
{ACAD_REACTORS
330
AF6
102
}
330
AF6
100
AcDbGroup
300
TextRelation
 70
     1
 71
     1
340
44B
340
7AB
  0
GROUP
  5
7AE
102
{ACAD_REACTORS
330
AF6
102
}
330
AF6
100
AcDbGroup
300
TextRelation
 70
     1
 71
     1
340
450
340
7AD
  0
GROUP
  5
7B0
102
{ACAD_REACTORS
330
AF6
102
}
330
AF6
100
AcDbGroup
300
TextRelation
 70
     1
 71
     1
340
44C
340
7AF
  0
GROUP
  5
5B1
102
{ACAD_REACTORS
330
AF6
102
}
330
AF6
100
AcDbGroup
300
TextRelation
 70
     1
 71
     1
340
35E
340
5B0
  0
GROUP
  5
7B2
102
{ACAD_REACTORS
330
AF6
102
}
330
AF6
100
AcDbGroup
300
TextRelation
 70
     1
 71
     1
340
45F
340
7B1
  0
GROUP
  5
7B4
102
{ACAD_REACTORS
330
AF6
102
}
330
AF6
100
AcDbGroup
300
TextRelation
 70
     1
 71
     1
340
461
340
7B3
  0
GROUP
  5
7B9
102
{ACAD_REACTORS
330
AF6
102
}
330
AF6
100
AcDbGroup
300
TextFrame
 70
     1
 71
     1
340
7B5
340
7B6
340
7B7
340
7B8
  0
GROUP
  5
7BC
102
{ACAD_REACTORS
330
AF6
102
}
330
AF6
100
AcDbGroup
300
TextFrame
 70
     1
 71
     1
340
7BA
340
7BB
  0
GROUP
  5
7BF
102
{ACAD_REACTORS
330
AF6
102
}
330
AF6
100
AcDbGroup
300
TextFrame
 70
     1
 71
     1
340
7BD
340
7BE
  0
GROUP
  5
7C4
102
{ACAD_REACTORS
330
AF6
102
}
330
AF6
100
AcDbGroup
300
TextFrame
 70
     1
 71
     1
340
7C0
340
7C1
340
7C2
340
7C3
  0
GROUP
  5
7C7
102
{ACAD_REACTORS
330
AF6
102
}
330
AF6
100
AcDbGroup
300
TextFrame
 70
     1
 71
     1
340
7C5
340
7C6
  0
GROUP
  5
7CA
102
{ACAD_REACTORS
330
AF6
102
}
330
AF6
100
AcDbGroup
300
TextFrame
 70
     1
 71
     1
340
7C8
340
7C9
  0
GROUP
  5
7CF
102
{ACAD_REACTORS
330
AF6
102
}
330
AF6
100
AcDbGroup
300
TextFrame
 70
     1
 71
     1
340
7CB
340
7CC
340
7CD
340
7CE
  0
GROUP
  5
7D2
102
{ACAD_REACTORS
330
AF6
102
}
330
AF6
100
AcDbGroup
300
TextFrame
 70
     1
 71
     1
340
7D0
340
7D1
  0
GROUP
  5
5B3
102
{ACAD_REACTORS
330
AF6
102
}
330
AF6
100
AcDbGroup
300
TextRelation
 70
     1
 71
     1
340
35D
340
5B2
  0
GROUP
  5
7D7
102
{ACAD_REACTORS
330
AF6
102
}
330
AF6
100
AcDbGroup
300
TextFrame
 70
     1
 71
     1
340
7D3
340
7D4
340
7D5
340
7D6
  0
GROUP
  5
7DA
102
{ACAD_REACTORS
330
AF6
102
}
330
AF6
100
AcDbGroup
300
TextFrame
 70
     1
 71
     1
340
7D8
340
7D9
  0
GROUP
  5
7DD
102
{ACAD_REACTORS
330
AF6
102
}
330
AF6
100
AcDbGroup
300
TextFrame
 70
     1
 71
     1
340
7DB
340
7DC
  0
GROUP
  5
7E0
102
{ACAD_REACTORS
330
AF6
102
}
330
AF6
100
AcDbGroup
300
TextFrame
 70
     1
 71
     1
340
7DE
340
7DF
  0
GROUP
  5
7E3
102
{ACAD_REACTORS
330
AF6
102
}
330
AF6
100
AcDbGroup
300
TextFrame
 70
     1
 71
     1
340
7E1
340
7E2
  0
GROUP
  5
7E6
102
{ACAD_REACTORS
330
AF6
102
}
330
AF6
100
AcDbGroup
300
TextFrame
 70
     1
 71
     1
340
7E4
340
7E5
  0
GROUP
  5
7E9
102
{ACAD_REACTORS
330
AF6
102
}
330
AF6
100
AcDbGroup
300
TextFrame
 70
     1
 71
     1
340
7E7
340
7E8
  0
GROUP
  5
7EC
102
{ACAD_REACTORS
330
AF6
102
}
330
AF6
100
AcDbGroup
300
TextFrame
 70
     1
 71
     1
340
7EA
340
7EB
  0
GROUP
  5
7EF
102
{ACAD_REACTORS
330
AF6
102
}
330
AF6
100
AcDbGroup
300
TextFrame
 70
     1
 71
     1
340
7ED
340
7EE
  0
GROUP
  5
7F2
102
{ACAD_REACTORS
330
AF6
102
}
330
AF6
100
AcDbGroup
300
TextFrame
 70
     1
 71
     1
340
7F0
340
7F1
  0
GROUP
  5
5B6
102
{ACAD_REACTORS
330
AF6
102
}
330
AF6
100
AcDbGroup
300
TextFrame
 70
     1
 71
     1
340
5B4
340
5B5
  0
GROUP
  5
7F5
102
{ACAD_REACTORS
330
AF6
102
}
330
AF6
100
AcDbGroup
300
TextFrame
 70
     1
 71
     1
340
7F3
340
7F4
  0
GROUP
  5
7F8
102
{ACAD_REACTORS
330
AF6
102
}
330
AF6
100
AcDbGroup
300
TextFrame
 70
     1
 71
     1
340
7F6
340
7F7
  0
GROUP
  5
7FB
102
{ACAD_REACTORS
330
AF6
102
}
330
AF6
100
AcDbGroup
300
TextFrame
 70
     1
 71
     1
340
7F9
340
7FA
  0
GROUP
  5
7FE
102
{ACAD_REACTORS
330
AF6
102
}
330
AF6
100
AcDbGroup
300
TextFrame
 70
     1
 71
     1
340
7FC
340
7FD
  0
GROUP
  5
801
102
{ACAD_REACTORS
330
AF6
102
}
330
AF6
100
AcDbGroup
300
TextFrame
 70
     1
 71
     1
340
7FF
340
800
  0
GROUP
  5
804
102
{ACAD_REACTORS
330
AF6
102
}
330
AF6
100
AcDbGroup
300
TextFrame
 70
     1
 71
     1
340
802
340
803
  0
GROUP
  5
808
102
{ACAD_REACTORS
330
AF6
102
}
330
AF6
100
AcDbGroup
300
TextRelation
 70
     1
 71
     1
340
807
340
AB5
  0
GROUP
  5
80B
102
{ACAD_REACTORS
330
AF6
102
}
330
AF6
100
AcDbGroup
300
TextFrame
 70
     1
 71
     1
340
809
340
80A
  0
GROUP
  5
80E
102
{ACAD_REACTORS
330
AF6
102
}
330
AF6
100
AcDbGroup
300
TextFrame
 70
     1
 71
     1
340
80C
340
80D
  0
GROUP
  5
811
102
{ACAD_REACTORS
330
AF6
102
}
330
AF6
100
AcDbGroup
300
TextFrame
 70
     1
 71
     1
340
80F
340
810
  0
GROUP
  5
5B9
102
{ACAD_REACTORS
330
AF6
102
}
330
AF6
100
AcDbGroup
300
TextFrame
 70
     1
 71
     1
340
5B7
340
5B8
  0
GROUP
  5
814
102
{ACAD_REACTORS
330
AF6
102
}
330
AF6
100
AcDbGroup
300
TextFrame
 70
     1
 71
     1
340
812
340
813
  0
GROUP
  5
817
102
{ACAD_REACTORS
330
AF6
102
}
330
AF6
100
AcDbGroup
300
TextFrame
 70
     1
 71
     1
340
815
340
816
  0
GROUP
  5
81A
102
{ACAD_REACTORS
330
AF6
102
}
330
AF6
100
AcDbGroup
300
TextFrame
 70
     1
 71
     1
340
818
340
819
  0
GROUP
  5
81D
102
{ACAD_REACTORS
330
AF6
102
}
330
AF6
100
AcDbGroup
300
TextFrame
 70
     1
 71
     1
340
81B
340
81C
  0
GROUP
  5
820
102
{ACAD_REACTORS
330
AF6
102
}
330
AF6
100
AcDbGroup
300
TextFrame
 70
     1
 71
     1
340
81E
340
81F
  0
GROUP
  5
822
102
{ACAD_REACTORS
330
AF6
102
}
330
AF6
100
AcDbGroup
300
TextRelation
 70
     1
 71
     1
340
4B4
340
821
  0
GROUP
  5
826
102
{ACAD_REACTORS
330
AF6
102
}
330
AF6
100
AcDbGroup
300
TextRelation
 70
     1
 71
     1
340
494
340
825
  0
GROUP
  5
828
102
{ACAD_REACTORS
330
AF6
102
}
330
AF6
100
AcDbGroup
300
TextRelation
 70
     1
 71
     1
340
486
340
827
  0
GROUP
  5
82A
102
{ACAD_REACTORS
330
AF6
102
}
330
AF6
100
AcDbGroup
300
TextRelation
 70
     1
 71
     1
340
491
340
829
  0
GROUP
  5
82D
102
{ACAD_REACTORS
330
AF6
102
}
330
AF6
100
AcDbGroup
300
TextFrame
 70
     1
 71
     1
340
82B
340
82C
  0
GROUP
  5
5BC
102
{ACAD_REACTORS
330
AF6
102
}
330
AF6
100
AcDbGroup
300
TextFrame
 70
     1
 71
     1
340
5BA
340
5BB
  0
GROUP
  5
833
102
{ACAD_REACTORS
330
AF6
102
}
330
AF6
100
AcDbGroup
300
TextFrame
 70
     1
 71
     1
340
82E
340
82F
340
830
340
831
340
832
  0
GROUP
  5
838
102
{ACAD_REACTORS
330
AF6
102
}
330
AF6
100
AcDbGroup
300
TextFrame
 70
     1
 71
     1
340
836
340
837
  0
GROUP
  5
83B
102
{ACAD_REACTORS
330
AF6
102
}
330
AF6
100
AcDbGroup
300
TextFrame
 70
     1
 71
     1
340
839
340
83A
  0
GROUP
  5
83E
102
{ACAD_REACTORS
330
AF6
102
}
330
AF6
100
AcDbGroup
300
TextFrame
 70
     1
 71
     1
340
83C
340
83D
  0
GROUP
  5
840
102
{ACAD_REACTORS
330
AF6
102
}
330
AF6
100
AcDbGroup
300
TextRelation
 70
     1
 71
     1
340
4E7
340
83F
  0
GROUP
  5
844
102
{ACAD_REACTORS
330
AF6
102
}
330
AF6
100
AcDbGroup
300
TextRelation
 70
     1
 71
     1
340
48E
340
843
  0
GROUP
  5
846
102
{ACAD_REACTORS
330
AF6
102
}
330
AF6
100
AcDbGroup
300
TextRelation
 70
     1
 71
     1
340
4C8
340
845
  0
GROUP
  5
848
102
{ACAD_REACTORS
330
AF6
102
}
330
AF6
100
AcDbGroup
300
TextRelation
 70
     1
 71
     1
340
4CB
340
847
  0
GROUP
  5
84A
102
{ACAD_REACTORS
330
AF6
102
}
330
AF6
100
AcDbGroup
300
TextRelation
 70
     1
 71
     1
340
4CD
340
849
  0
GROUP
  5
855
102
{ACAD_REACTORS
330
AF6
102
}
330
AF6
100
AcDbGroup
300
TextFrame
 70
     1
 71
     1
340
851
340
852
340
853
340
854
  0
GROUP
  5
55B
102
{ACAD_REACTORS
330
AF6
102
}
330
AF6
100
AcDbGroup
300
TextFrame
 70
     1
 71
     1
340
558
340
55A
  0
GROUP
  5
5BF
102
{ACAD_REACTORS
330
AF6
102
}
330
AF6
100
AcDbGroup
300
TextFrame
 70
     1
 71
     1
340
5BD
340
5BE
  0
GROUP
  5
858
102
{ACAD_REACTORS
330
AF6
102
}
330
AF6
100
AcDbGroup
300
TextFrame
 70
     1
 71
     1
340
856
340
857
  0
GROUP
  5
85B
102
{ACAD_REACTORS
330
AF6
102
}
330
AF6
100
AcDbGroup
300
TextFrame
 70
     1
 71
     1
340
859
340
85A
  0
GROUP
  5
85E
102
{ACAD_REACTORS
330
AF6
102
}
330
AF6
100
AcDbGroup
300
TextFrame
 70
     1
 71
     1
340
85C
340
85D
  0
GROUP
  5
861
102
{ACAD_REACTORS
330
AF6
102
}
330
AF6
100
AcDbGroup
300
TextFrame
 70
     1
 71
     1
340
85F
340
860
  0
GROUP
  5
863
102
{ACAD_REACTORS
330
AF6
102
}
330
AF6
100
AcDbGroup
300
TextRelation
 70
     1
 71
     1
340
4D9
340
862
  0
GROUP
  5
865
102
{ACAD_REACTORS
330
AF6
102
}
330
AF6
100
AcDbGroup
300
TextRelation
 70
     1
 71
     1
340
4E0
340
864
  0
GROUP
  5
867
102
{ACAD_REACTORS
330
AF6
102
}
330
AF6
100
AcDbGroup
300
TextRelation
 70
     1
 71
     1
340
4E1
340
866
  0
GROUP
  5
869
102
{ACAD_REACTORS
330
AF6
102
}
330
AF6
100
AcDbGroup
300
TextRelation
 70
     1
 71
     1
340
4E2
340
868
  0
GROUP
  5
86B
102
{ACAD_REACTORS
330
AF6
102
}
330
AF6
100
AcDbGroup
300
TextRelation
 70
     1
 71
     1
340
4DB
340
86A
  0
GROUP
  5
86D
102
{ACAD_REACTORS
330
AF6
102
}
330
AF6
100
AcDbGroup
300
TextRelation
 70
     1
 71
     1
340
4DE
340
86C
  0
GROUP
  5
5C1
102
{ACAD_REACTORS
330
AF6
102
}
330
AF6
100
AcDbGroup
300
TextRelation
 70
     1
 71
     1
340
361
340
5C0
  0
GROUP
  5
86F
102
{ACAD_REACTORS
330
AF6
102
}
330
AF6
100
AcDbGroup
300
TextRelation
 70
     1
 71
     1
340
4DF
340
86E
  0
GROUP
  5
871
102
{ACAD_REACTORS
330
AF6
102
}
330
AF6
100
AcDbGroup
300
TextRelation
 70
     1
 71
     1
340
4D8
340
870
  0
GROUP
  5
873
102
{ACAD_REACTORS
330
AF6
102
}
330
AF6
100
AcDbGroup
300
TextRelation
 70
     1
 71
     1
340
4D7
340
872
  0
GROUP
  5
875
102
{ACAD_REACTORS
330
AF6
102
}
330
AF6
100
AcDbGroup
300
TextRelation
 70
     1
 71
     1
340
4D6
340
874
  0
GROUP
  5
877
102
{ACAD_REACTORS
330
AF6
102
}
330
AF6
100
AcDbGroup
300
TextRelation
 70
     1
 71
     1
340
2BD
340
876
  0
GROUP
  5
879
102
{ACAD_REACTORS
330
AF6
102
}
330
AF6
100
AcDbGroup
300
TextRelation
 70
     1
 71
     1
340
2BA
340
878
  0
GROUP
  5
87B
102
{ACAD_REACTORS
330
AF6
102
}
330
AF6
100
AcDbGroup
300
TextRelation
 70
     1
 71
     1
340
2B9
340
87A
  0
GROUP
  5
87F
102
{ACAD_REACTORS
330
AF6
102
}
330
AF6
100
AcDbGroup
300
TextRelation
 70
     1
 71
     1
340
2B3
340
87E
  0
GROUP
  5
881
102
{ACAD_REACTORS
330
AF6
102
}
330
AF6
100
AcDbGroup
300
TextRelation
 70
     1
 71
     1
340
2B6
340
880
  0
GROUP
  5
883
102
{ACAD_REACTORS
330
AF6
102
}
330
AF6
100
AcDbGroup
300
TextRelation
 70
     1
 71
     1
340
2B7
340
882
  0
GROUP
  5
5CB
102
{ACAD_REACTORS
330
AF6
102
}
330
AF6
100
AcDbGroup
300
TextFrame
 70
     1
 71
     1
340
5C6
340
5C7
340
5C8
340
5C9
340
5CA
  0
GROUP
  5
885
102
{ACAD_REACTORS
330
AF6
102
}
330
AF6
100
AcDbGroup
300
TextRelation
 70
     1
 71
     1
340
4E4
340
884
  0
GROUP
  5
891
102
{ACAD_REACTORS
330
AF6
102
}
330
AF6
100
AcDbGroup
300
TextFrame
 70
     1
 71
     1
340
88C
340
88D
340
88E
340
88F
340
890
  0
GROUP
  5
893
102
{ACAD_REACTORS
330
AF6
102
}
330
AF6
100
AcDbGroup
300
TextRelation
 70
     1
 71
     1
340
508
340
892
  0
GROUP
  5
895
102
{ACAD_REACTORS
330
AF6
102
}
330
AF6
100
AcDbGroup
300
TextRelation
 70
     1
 71
     1
340
507
340
894
  0
GROUP
  5
89F
102
{ACAD_REACTORS
330
AF6
102
}
330
AF6
100
AcDbGroup
300
TextRelation
 70
     1
 71
     1
340
4F5
340
89E
  0
GROUP
  5
8A1
102
{ACAD_REACTORS
330
AF6
102
}
330
AF6
100
AcDbGroup
300
TextRelation
 70
     1
 71
     1
340
4F3
340
8A0
  0
GROUP
  5
8A3
102
{ACAD_REACTORS
330
AF6
102
}
330
AF6
100
AcDbGroup
300
TextRelation
 70
     1
 71
     1
340
4F2
340
8A2
  0
GROUP
  5
5D6
102
{ACAD_REACTORS
330
AF6
102
}
330
AF6
100
AcDbGroup
300
TextFrame
 70
     1
 71
     1
340
5D1
340
5D2
340
5D3
340
5D4
340
5D5
  0
GROUP
  5
5D8
102
{ACAD_REACTORS
330
AF6
102
}
330
AF6
100
AcDbGroup
300
TextRelation
 70
     1
 71
     1
340
35C
340
5D7
  0
GROUP
  5
5E1
102
{ACAD_REACTORS
330
AF6
102
}
330
AF6
100
AcDbGroup
300
TextRelation
 70
     1
 71
     1
340
35B
340
5E0
  0
GROUP
  5
5E3
102
{ACAD_REACTORS
330
AF6
102
}
330
AF6
100
AcDbGroup
300
TextRelation
 70
     1
 71
     1
340
358
340
5E2
  0
GROUP
  5
5ED
102
{ACAD_REACTORS
330
AF6
102
}
330
AF6
100
AcDbGroup
300
TextRelation
 70
     1
 71
     1
340
357
340
5EC
  0
GROUP
  5
5F2
102
{ACAD_REACTORS
330
AF6
102
}
330
AF6
100
AcDbGroup
300
TextRelation
 70
     1
 71
     1
340
5F0
340
5F1
  0
GROUP
  5
5F9
102
{ACAD_REACTORS
330
AF6
102
}
330
AF6
100
AcDbGroup
300
TextFrame
 70
     1
 71
     1
340
5F3
340
5F4
340
5F5
340
5F6
340
5F7
340
5F8
  0
GROUP
  5
564
102
{ACAD_REACTORS
330
AF6
102
}
330
AF6
100
AcDbGroup
300
TextFrame
 70
     1
 71
     1
340
562
340
563
  0
GROUP
  5
5FC
102
{ACAD_REACTORS
330
AF6
102
}
330
AF6
100
AcDbGroup
300
TextFrame
 70
     1
 71
     1
340
5FA
340
5FB
  0
GROUP
  5
602
102
{ACAD_REACTORS
330
AF6
102
}
330
AF6
100
AcDbGroup
300
TextFrame
 70
     1
 71
     1
340
5FD
340
5FE
340
5FF
340
600
340
601
  0
GROUP
  5
608
102
{ACAD_REACTORS
330
AF6
102
}
330
AF6
100
AcDbGroup
300
TextFrame
 70
     1
 71
     1
340
603
340
604
340
605
340
606
340
607
  0
GROUP
  5
60E
102
{ACAD_REACTORS
330
AF6
102
}
330
AF6
100
AcDbGroup
300
TextFrame
 70
     1
 71
     1
340
609
340
60A
340
60B
340
60C
340
60D
  0
GROUP
  5
611
102
{ACAD_REACTORS
330
AF6
102
}
330
AF6
100
AcDbGroup
300
TextFrame
 70
     1
 71
     1
340
60F
340
610
  0
GROUP
  5
617
102
{ACAD_REACTORS
330
AF6
102
}
330
AF6
100
AcDbGroup
300
TextFrame
 70
     1
 71
     1
340
612
340
613
340
614
340
615
340
616
  0
GROUP
  5
61D
102
{ACAD_REACTORS
330
AF6
102
}
330
AF6
100
AcDbGroup
300
TextFrame
 70
     1
 71
     1
340
618
340
619
340
61A
340
61B
340
61C
  0
GROUP
  5
620
102
{ACAD_REACTORS
330
AF6
102
}
330
AF6
100
AcDbGroup
300
TextFrame
 70
     1
 71
     1
340
61E
340
61F
  0
GROUP
  5
626
102
{ACAD_REACTORS
330
AF6
102
}
330
AF6
100
AcDbGroup
300
TextFrame
 70
     1
 71
     1
340
621
340
622
340
623
340
624
340
625
  0
GROUP
  5
62D
102
{ACAD_REACTORS
330
AF6
102
}
330
AF6
100
AcDbGroup
300
TextFrame
 70
     1
 71
     1
340
62B
340
62C
  0
GROUP
  5
568
102
{ACAD_REACTORS
330
AF6
102
}
330
AF6
100
AcDbGroup
300
TextRelation
 70
     1
 71
     1
340
567
340
9DD
  0
GROUP
  5
633
102
{ACAD_REACTORS
330
AF6
102
}
330
AF6
100
AcDbGroup
300
TextFrame
 70
     1
 71
     1
340
62E
340
62F
340
630
340
631
340
632
  0
GROUP
  5
639
102
{ACAD_REACTORS
330
AF6
102
}
330
AF6
100
AcDbGroup
300
TextFrame
 70
     1
 71
     1
340
634
340
635
340
636
340
637
340
638
  0
GROUP
  5
63C
102
{ACAD_REACTORS
330
AF6
102
}
330
AF6
100
AcDbGroup
300
TextFrame
 70
     1
 71
     1
340
63A
340
63B
  0
GROUP
  5
63F
102
{ACAD_REACTORS
330
AF6
102
}
330
AF6
100
AcDbGroup
300
TextFrame
 70
     1
 71
     1
340
63D
340
63E
  0
GROUP
  5
649
102
{ACAD_REACTORS
330
AF6
102
}
330
AF6
100
AcDbGroup
300
TextFrame
 70
     1
 71
     1
340
644
340
645
340
646
340
647
340
648
  0
GROUP
  5
64F
102
{ACAD_REACTORS
330
AF6
102
}
330
AF6
100
AcDbGroup
300
TextFrame
 70
     1
 71
     1
340
64A
340
64B
340
64C
340
64D
340
64E
  0
GROUP
  5
652
102
{ACAD_REACTORS
330
AF6
102
}
330
AF6
100
AcDbGroup
300
TextFrame
 70
     1
 71
     1
340
650
340
651
  0
GROUP
  5
655
102
{ACAD_REACTORS
330
AF6
102
}
330
AF6
100
AcDbGroup
300
TextFrame
 70
     1
 71
     1
340
653
340
654
  0
GROUP
  5
65B
102
{ACAD_REACTORS
330
AF6
102
}
330
AF6
100
AcDbGroup
300
TextFrame
 70
     1
 71
     1
340
656
340
657
340
658
340
659
340
65A
  0
GROUP
  5
661
102
{ACAD_REACTORS
330
AF6
102
}
330
AF6
100
AcDbGroup
300
TextRelation
 70
     1
 71
     1
340
36A
340
660
  0
GROUP
  5
56D
102
{ACAD_REACTORS
330
AF6
102
}
330
AF6
100
AcDbGroup
300
TextFrame
 70
     1
 71
     1
340
56B
340
56C
  0
GROUP
  5
663
102
{ACAD_REACTORS
330
AF6
102
}
330
AF6
100
AcDbGroup
300
TextRelation
 70
     1
 71
     1
340
369
340
662
  0
GROUP
  5
665
102
{ACAD_REACTORS
330
AF6
102
}
330
AF6
100
AcDbGroup
300
TextRelation
 70
     1
 71
     1
340
364
340
664
  0
GROUP
  5
668
102
{ACAD_REACTORS
330
AF6
102
}
330
AF6
100
AcDbGroup
300
TextFrame
 70
     1
 71
     1
340
666
340
667
  0
GROUP
  5
66C
102
{ACAD_REACTORS
330
AF6
102
}
330
AF6
100
AcDbGroup
300
TextRelation
 70
     1
 71
     1
340
36D
340
66B
  0
GROUP
  5
66E
102
{ACAD_REACTORS
330
AF6
102
}
330
AF6
100
AcDbGroup
300
TextRelation
 70
     1
 71
     1
340
36E
340
66D
  0
GROUP
  5
670
102
{ACAD_REACTORS
330
AF6
102
}
330
AF6
100
AcDbGroup
300
TextRelation
 70
     1
 71
     1
340
36F
340
66F
  0
GROUP
  5
673
102
{ACAD_REACTORS
330
AF6
102
}
330
AF6
100
AcDbGroup
300
TextRelation
 70
     1
 71
     1
340
372
340
671
340
672
  0
GROUP
  5
675
102
{ACAD_REACTORS
330
AF6
102
}
330
AF6
100
AcDbGroup
300
TextRelation
 70
     1
 71
     1
340
370
340
674
  0
GROUP
  5
678
102
{ACAD_REACTORS
330
AF6
102
}
330
AF6
100
AcDbGroup
300
TextRelation
 70
     1
 71
     1
340
375
340
676
340
677
  0
GROUP
  5
67A
102
{ACAD_REACTORS
330
AF6
102
}
330
AF6
100
AcDbGroup
300
TextRelation
 70
     1
 71
     1
340
378
340
679
  0
GROUP
  5
574
102
{ACAD_REACTORS
330
AF6
102
}
330
AF6
100
AcDbGroup
300
TextFrame
 70
     1
 71
     1
340
56E
340
56F
340
570
340
571
340
572
340
573
  0
GROUP
  5
67D
102
{ACAD_REACTORS
330
AF6
102
}
330
AF6
100
AcDbGroup
300
TextRelation
 70
     1
 71
     1
340
67B
340
67C
  0
GROUP
  5
681
102
{ACAD_REACTORS
330
AF6
102
}
330
AF6
100
AcDbGroup
300
TextRelation
 70
     1
 71
     1
340
37C
340
680
  0
GROUP
  5
683
102
{ACAD_REACTORS
330
AF6
102
}
330
AF6
100
AcDbGroup
300
TextRelation
 70
     1
 71
     1
340
3E0
340
682
  0
GROUP
  5
685
102
{ACAD_REACTORS
330
AF6
102
}
330
AF6
100
AcDbGroup
300
TextRelation
 70
     1
 71
     1
340
3E3
340
684
  0
GROUP
  5
689
102
{ACAD_REACTORS
330
AF6
102
}
330
AF6
100
AcDbGroup
300
TextRelation
 70
     1
 71
     1
340
3EF
340
688
  0
GROUP
  5
68B
102
{ACAD_REACTORS
330
AF6
102
}
330
AF6
100
AcDbGroup
300
TextRelation
 70
     1
 71
     1
340
3E6
340
68A
  0
GROUP
  5
68D
102
{ACAD_REACTORS
330
AF6
102
}
330
AF6
100
AcDbGroup
300
TextRelation
 70
     1
 71
     1
340
3E2
340
68C
  0
GROUP
  5
68F
102
{ACAD_REACTORS
330
AF6
102
}
330
AF6
100
AcDbGroup
300
TextRelation
 70
     1
 71
     1
340
3F1
340
68E
  0
GROUP
  5
691
102
{ACAD_REACTORS
330
AF6
102
}
330
AF6
100
AcDbGroup
300
TextRelation
 70
     1
 71
     1
340
383
340
690
  0
GROUP
  5
693
102
{ACAD_REACTORS
330
AF6
102
}
330
AF6
100
AcDbGroup
300
TextRelation
 70
     1
 71
     1
340
37E
340
692
  0
GROUP
  5
57D
102
{ACAD_REACTORS
330
AF6
102
}
330
AF6
100
AcDbGroup
300
TextRelation
 70
     1
 71
     1
340
38E
340
57C
  0
GROUP
  5
695
102
{ACAD_REACTORS
330
AF6
102
}
330
AF6
100
AcDbGroup
300
TextRelation
 70
     1
 71
     1
340
384
340
694
  0
GROUP
  5
697
102
{ACAD_REACTORS
330
AF6
102
}
330
AF6
100
AcDbGroup
300
TextRelation
 70
     1
 71
     1
340
386
340
696
  0
GROUP
  5
699
102
{ACAD_REACTORS
330
AF6
102
}
330
AF6
100
AcDbGroup
300
TextRelation
 70
     1
 71
     1
340
39E
340
698
  0
GROUP
  5
69F
102
{ACAD_REACTORS
330
AF6
102
}
330
AF6
100
AcDbGroup
300
TextRelation
 70
     1
 71
     1
340
3AB
340
69E
  0
GROUP
  5
6A3
102
{ACAD_REACTORS
330
AF6
102
}
330
AF6
100
AcDbGroup
300
TextRelation
 70
     1
 71
     1
340
3B5
340
6A2
  0
GROUP
  5
6A5
102
{ACAD_REACTORS
330
AF6
102
}
330
AF6
100
AcDbGroup
300
TextRelation
 70
     1
 71
     1
340
3D9
340
6A4
  0
GROUP
  5
6A7
102
{ACAD_REACTORS
330
AF6
102
}
330
AF6
100
AcDbGroup
300
TextRelation
 70
     1
 71
     1
340
3D4
340
6A6
  0
GROUP
  5
6A9
102
{ACAD_REACTORS
330
AF6
102
}
330
AF6
100
AcDbGroup
300
TextRelation
 70
     1
 71
     1
340
3DE
340
6A8
  0
GROUP
  5
6AB
102
{ACAD_REACTORS
330
AF6
102
}
330
AF6
100
AcDbGroup
300
TextRelation
 70
     1
 71
     1
340
3D1
340
6AA
  0
GROUP
  5
6AD
102
{ACAD_REACTORS
330
AF6
102
}
330
AF6
100
AcDbGroup
300
TextRelation
 70
     1
 71
     1
340
6AC
340
9D7
  0
GROUP
  5
587
102
{ACAD_REACTORS
330
AF6
102
}
330
AF6
100
AcDbGroup
300
TextFrame
 70
     1
 71
     1
340
582
340
583
340
584
340
585
340
586
  0
GROUP
  5
6B0
102
{ACAD_REACTORS
330
AF6
102
}
330
AF6
100
AcDbGroup
300
TextRelation
 70
     1
 71
     1
340
6AE
340
6AF
340
9D8
  0
GROUP
  5
6B6
102
{ACAD_REACTORS
330
AF6
102
}
330
AF6
100
AcDbGroup
300
TextRelation
 70
     1
 71
     1
340
38F
340
6B5
  0
GROUP
  5
6B8
102
{ACAD_REACTORS
330
AF6
102
}
330
AF6
100
AcDbGroup
300
TextRelation
 70
     1
 71
     1
340
362
340
6B7
  0
GROUP
  5
6BA
102
{ACAD_REACTORS
330
AF6
102
}
330
AF6
100
AcDbGroup
300
TextRelation
 70
     1
 71
     1
340
3F6
340
6B9
  0
GROUP
  5
6BC
102
{ACAD_REACTORS
330
AF6
102
}
330
AF6
100
AcDbGroup
300
TextRelation
 70
     1
 71
     1
340
3F7
340
6BB
  0
GROUP
  5
6C1
102
{ACAD_REACTORS
330
AF6
102
}
330
AF6
100
AcDbGroup
300
TextFrame
 70
     1
 71
     1
340
6BF
340
6C0
  0
GROUP
  5
6C4
102
{ACAD_REACTORS
330
AF6
102
}
330
AF6
100
AcDbGroup
300
TextFrame
 70
     1
 71
     1
340
6C2
340
6C3
  0
GROUP
  5
6C7
102
{ACAD_REACTORS
330
AF6
102
}
330
AF6
100
AcDbGroup
300
TextFrame
 70
     1
 71
     1
340
6C5
340
6C6
  0
GROUP
  5
6CA
102
{ACAD_REACTORS
330
AF6
102
}
330
AF6
100
AcDbGroup
300
TextFrame
 70
     1
 71
     1
340
6C8
340
6C9
  0
GROUP
  5
6CD
102
{ACAD_REACTORS
330
AF6
102
}
330
AF6
100
AcDbGroup
300
TextFrame
 70
     1
 71
     1
340
6CB
340
6CC
  0
GROUP
  5
59A
102
{ACAD_REACTORS
330
AF6
102
}
330
AF6
100
AcDbGroup
300
TextFrame
 70
     1
 71
     1
340
598
340
599
  0
GROUP
  5
6D0
102
{ACAD_REACTORS
330
AF6
102
}
330
AF6
100
AcDbGroup
300
TextFrame
 70
     1
 71
     1
340
6CE
340
6CF
  0
GROUP
  5
6D3
102
{ACAD_REACTORS
330
AF6
102
}
330
AF6
100
AcDbGroup
300
TextFrame
 70
     1
 71
     1
340
6D1
340
6D2
  0
GROUP
  5
6D6
102
{ACAD_REACTORS
330
AF6
102
}
330
AF6
100
AcDbGroup
300
TextFrame
 70
     1
 71
     1
340
6D4
340
6D5
  0
GROUP
  5
6D9
102
{ACAD_REACTORS
330
AF6
102
}
330
AF6
100
AcDbGroup
300
TextFrame
 70
     1
 71
     1
340
6D7
340
6D8
  0
GROUP
  5
6DE
102
{ACAD_REACTORS
330
AF6
102
}
330
AF6
100
AcDbGroup
300
TextFrame
 70
     1
 71
     1
340
6DC
340
6DD
  0
GROUP
  5
6E4
102
{ACAD_REACTORS
330
AF6
102
}
330
AF6
100
AcDbGroup
300
TextFrame
 70
     1
 71
     1
340
6DF
340
6E0
340
6E1
340
6E2
340
6E3
  0
GROUP
  5
6E7
102
{ACAD_REACTORS
330
AF6
102
}
330
AF6
100
AcDbGroup
300
TextFrame
 70
     1
 71
     1
340
6E5
340
6E6
  0
GROUP
  5
6ED
102
{ACAD_REACTORS
330
AF6
102
}
330
AF6
100
AcDbGroup
300
TextFrame
 70
     1
 71
     1
340
6E8
340
6E9
340
6EA
340
6EB
340
6EC
  0
GROUP
  5
6F3
102
{ACAD_REACTORS
330
AF6
102
}
330
AF6
100
AcDbGroup
300
TextFrame
 70
     1
 71
     1
340
6EE
340
6EF
340
6F0
340
6F1
340
6F2
  0
GROUP
  5
6F9
102
{ACAD_REACTORS
330
AF6
102
}
330
AF6
100
AcDbGroup
300
TextFrame
 70
     1
 71
     1
340
6F4
340
6F5
340
6F6
340
6F7
340
6F8
  0
LAYOUT
  5
B0B
102
{ACAD_REACTORS
330
B09
102
}
330
B09
100
AcDbPlotSettings
  1

  2
none_device
  4

  6

 40
0.0
 41
0.0
 42
0.0
 43
0.0
 44
0.0
 45
0.0
 46
0.0
 47
0.0
 48
0.0
 49
0.0
140
0.0
141
0.0
142
1.0
143
1.0
 70
   688
 72
     0
 73
     0
 74
     5
  7

 75
    16
 76
     0
 77
     2
 78
   300
147
1.0
148
0.0
149
0.0
100
AcDbLayout
  1
Layout1
 70
     1
 71
     1
 10
0.0
 20
0.0
 11
12.0
 21
9.0
 12
0.0
 22
0.0
 32
0.0
 14
1.000000000000000E+20
 24
1.000000000000000E+20
 34
1.000000000000000E+20
 15
-1.000000000000000E+20
 25
-1.000000000000000E+20
 35
-1.000000000000000E+20
146
0.0
 13
0.0
 23
0.0
 33
0.0
 16
1.0
 26
0.0
 36
0.0
 17
0.0
 27
1.0
 37
0.0
 76
     0
330
7
  0
LAYOUT
  5
B0A
102
{ACAD_REACTORS
330
B09
102
}
330
B09
100
AcDbPlotSettings
  1

  2
none_device
  4

  6

 40
0.0
 41
0.0
 42
0.0
 43
0.0
 44
0.0
 45
0.0
 46
0.0
 47
0.0
 48
0.0
 49
0.0
140
0.0
141
0.0
142
1.0
143
1.0
 70
  1712
 72
     0
 73
     0
 74
     0
  7

 75
     0
 76
     0
 77
     2
 78
   300
147
1.0
148
0.0
149
0.0
100
AcDbLayout
  1
Model
 70
     1
 71
     0
 10
0.0
 20
0.0
 11
3320333.220563
 21
5810752.3492
 12
0.0
 22
0.0
 32
0.0
 14
3317373.97287
 24
5809445.802196
 34
0.0
 15
3320333.220563
 25
5810752.3492
 35
0.0
146
0.0
 13
0.0
 23
0.0
 33
0.0
 16
1.0
 26
0.0
 36
0.0
 17
0.0
 27
1.0
 37
0.0
 76
     0
330
4
331
1
  0
MATERIAL
  5
B30
102
{ACAD_REACTORS
330
B2E
102
}
102
{ACAD_XDICTIONARY
360
B47
102
}
330
B2E
100
AcDbMaterial
  1
ByBlock
  0
MATERIAL
  5
B2F
102
{ACAD_REACTORS
330
B2E
102
}
102
{ACAD_XDICTIONARY
360
B45
102
}
330
B2E
100
AcDbMaterial
  1
ByLayer
  0
MATERIAL
  5
B31
102
{ACAD_REACTORS
330
B2E
102
}
102
{ACAD_XDICTIONARY
360
B49
102
}
330
B2E
100
AcDbMaterial
  1
Global
  0
MLINESTYLE
  5
F
102
{ACAD_REACTORS
330
AF7
102
}
330
AF7
100
AcDbMlineStyle
  2
STANDARD
 70
     0
  3

 62
   256
 51
90.0
 52
90.0
 71
     2
 49
0.5
 62
     0
  6
CONTINUOUS
 49
-0.5
 62
     0
  6
CONTINUOUS
  0
SCALE
  5
B0D
102
{ACAD_REACTORS
330
B0C
102
}
330
B0C
100
AcDbScale
 70
     0
300
1:1
140
1.0
141
1.0
290
     1
  0
SCALE
  5
B0E
102
{ACAD_REACTORS
330
B0C
102
}
330
B0C
100
AcDbScale
 70
     0
300
1:2
140
1.0
141
2.0
290
     0
  0
SCALE
  5
B0F
102
{ACAD_REACTORS
330
B0C
102
}
330
B0C
100
AcDbScale
 70
     0
300
1:4
140
1.0
141
4.0
290
     0
  0
SCALE
  5
B10
102
{ACAD_REACTORS
330
B0C
102
}
330
B0C
100
AcDbScale
 70
     0
300
1:5
140
1.0
141
5.0
290
     0
  0
SCALE
  5
B11
102
{ACAD_REACTORS
330
B0C
102
}
330
B0C
100
AcDbScale
 70
     0
300
1:8
140
1.0
141
8.0
290
     0
  0
SCALE
  5
B12
102
{ACAD_REACTORS
330
B0C
102
}
330
B0C
100
AcDbScale
 70
     0
300
1:10
140
1.0
141
10.0
290
     0
  0
SCALE
  5
B13
102
{ACAD_REACTORS
330
B0C
102
}
330
B0C
100
AcDbScale
 70
     0
300
1:16
140
1.0
141
16.0
290
     0
  0
SCALE
  5
B14
102
{ACAD_REACTORS
330
B0C
102
}
330
B0C
100
AcDbScale
 70
     0
300
1:20
140
1.0
141
20.0
290
     0
  0
SCALE
  5
B15
102
{ACAD_REACTORS
330
B0C
102
}
330
B0C
100
AcDbScale
 70
     0
300
1:30
140
1.0
141
30.0
290
     0
  0
SCALE
  5
B16
102
{ACAD_REACTORS
330
B0C
102
}
330
B0C
100
AcDbScale
 70
     0
300
1:40
140
1.0
141
40.0
290
     0
  0
SCALE
  5
B17
102
{ACAD_REACTORS
330
B0C
102
}
330
B0C
100
AcDbScale
 70
     0
300
1:50
140
1.0
141
50.0
290
     0
  0
SCALE
  5
B18
102
{ACAD_REACTORS
330
B0C
102
}
330
B0C
100
AcDbScale
 70
     0
300
1:100
140
1.0
141
100.0
290
     0
  0
SCALE
  5
B19
102
{ACAD_REACTORS
330
B0C
102
}
330
B0C
100
AcDbScale
 70
     0
300
2:1
140
2.0
141
1.0
290
     0
  0
SCALE
  5
B1A
102
{ACAD_REACTORS
330
B0C
102
}
330
B0C
100
AcDbScale
 70
     0
300
4:1
140
4.0
141
1.0
290
     0
  0
SCALE
  5
B1B
102
{ACAD_REACTORS
330
B0C
102
}
330
B0C
100
AcDbScale
 70
     0
300
8:1
140
8.0
141
1.0
290
     0
  0
SCALE
  5
B1C
102
{ACAD_REACTORS
330
B0C
102
}
330
B0C
100
AcDbScale
 70
     0
300
10:1
140
10.0
141
1.0
290
     0
  0
SCALE
  5
B1D
102
{ACAD_REACTORS
330
B0C
102
}
330
B0C
100
AcDbScale
 70
     0
300
100:1
140
100.0
141
1.0
290
     0
  0
SCALE
  5
B1E
102
{ACAD_REACTORS
330
B0C
102
}
330
B0C
100
AcDbScale
 70
     0
300
1/128" = 1'-0"
140
0.0078125
141
12.0
290
     0
  0
SCALE
  5
B1F
102
{ACAD_REACTORS
330
B0C
102
}
330
B0C
100
AcDbScale
 70
     0
300
1/64" = 1'-0"
140
0.015625
141
12.0
290
     0
  0
SCALE
  5
B20
102
{ACAD_REACTORS
330
B0C
102
}
330
B0C
100
AcDbScale
 70
     0
300
1/32" = 1'-0"
140
0.03125
141
12.0
290
     0
  0
SCALE
  5
B21
102
{ACAD_REACTORS
330
B0C
102
}
330
B0C
100
AcDbScale
 70
     0
300
1/16" = 1'-0"
140
0.0625
141
12.0
290
     0
  0
SCALE
  5
B22
102
{ACAD_REACTORS
330
B0C
102
}
330
B0C
100
AcDbScale
 70
     0
300
3/32" = 1'-0"
140
0.09375
141
12.0
290
     0
  0
SCALE
  5
B23
102
{ACAD_REACTORS
330
B0C
102
}
330
B0C
100
AcDbScale
 70
     0
300
1/8" = 1'-0"
140
0.125
141
12.0
290
     0
  0
SCALE
  5
B24
102
{ACAD_REACTORS
330
B0C
102
}
330
B0C
100
AcDbScale
 70
     0
300
3/16" = 1'-0"
140
0.1875
141
12.0
290
     0
  0
SCALE
  5
B25
102
{ACAD_REACTORS
330
B0C
102
}
330
B0C
100
AcDbScale
 70
     0
300
1/4" = 1'-0"
140
0.25
141
12.0
290
     0
  0
SCALE
  5
B26
102
{ACAD_REACTORS
330
B0C
102
}
330
B0C
100
AcDbScale
 70
     0
300
3/8" = 1'-0"
140
0.375
141
12.0
290
     0
  0
SCALE
  5
B27
102
{ACAD_REACTORS
330
B0C
102
}
330
B0C
100
AcDbScale
 70
     0
300
1/2" = 1'-0"
140
0.5
141
12.0
290
     0
  0
SCALE
  5
B28
102
{ACAD_REACTORS
330
B0C
102
}
330
B0C
100
AcDbScale
 70
     0
300
3/4" = 1'-0"
140
0.75
141
12.0
290
     0
  0
SCALE
  5
B29
102
{ACAD_REACTORS
330
B0C
102
}
330
B0C
100
AcDbScale
 70
     0
300
1" = 1'-0"
140
1.0
141
12.0
290
     0
  0
SCALE
  5
B2A
102
{ACAD_REACTORS
330
B0C
102
}
330
B0C
100
AcDbScale
 70
     0
300
1-1/2" = 1'-0"
140
1.5
141
12.0
290
     0
  0
SCALE
  5
B2B
102
{ACAD_REACTORS
330
B0C
102
}
330
B0C
100
AcDbScale
 70
     0
300
3" = 1'-0"
140
3.0
141
12.0
290
     0
  0
SCALE
  5
B2C
102
{ACAD_REACTORS
330
B0C
102
}
330
B0C
100
AcDbScale
 70
     0
300
6" = 1'-0"
140
6.0
141
12.0
290
     0
  0
SCALE
  5
B2D
102
{ACAD_REACTORS
330
B0C
102
}
330
B0C
100
AcDbScale
 70
     0
300
1'-0" = 1'-0"
140
12.0
141
12.0
290
     0
  0
VISUALSTYLE
  5
B37
102
{ACAD_REACTORS
330
B32
102
}
102
{ACAD_XDICTIONARY
360
B53
102
}
330
B32
100
AcDbVisualStyle
  2
2dWireframe
 70
     4
 71
     0
 72
     2
 73
     0
 90
        0
 40
-0.6
 41
-30.0
 62
     5
 63
     7
421
 16777215
 74
     1
 91
        4
 64
     7
 65
   257
 75
     1
175
     1
 42
1.0
 92
        0
 66
   257
 43
1.0
 76
     1
 77
     6
 78
     2
 67
     7
 79
     5
170
     0
171
     0
290
     0
174
     0
 93
        1
 44
0.0
173
     0
291
     0
 45
0.0
1001
ACAD
1000
AcDbSavedByObjectVersion
1070
     0
  0
VISUALSTYLE
  5
B39
102
{ACAD_REACTORS
330
B32
102
}
102
{ACAD_XDICTIONARY
360
B57
102
}
330
B32
100
AcDbVisualStyle
  2
3D Hidden
 70
     6
 71
     1
 72
     2
 73
     2
 90
        0
 40
-0.6
 41
-30.0
 62
     5
 63
     7
421
 16777215
 74
     2
 91
        2
 64
     7
 65
   257
 75
     2
175
     1
 42
40.0
 92
        0
 66
   257
 43
1.0
 76
     1
 77
     6
 78
     2
 67
     7
 79
     3
170
     0
171
     0
290
     0
174
     0
 93
        1
 44
0.0
173
     0
291
     0
 45
0.0
1001
ACAD
1000
AcDbSavedByObjectVersion
1070
     0
  0
VISUALSTYLE
  5
B38
102
{ACAD_REACTORS
330
B32
102
}
102
{ACAD_XDICTIONARY
360
B55
102
}
330
B32
100
AcDbVisualStyle
  2
3dWireframe
 70
     5
 71
     0
 72
     2
 73
     0
 90
        0
 40
-0.6
 41
-30.0
 62
     5
 63
     7
421
 16777215
 74
     1
 91
        4
 64
     7
 65
   257
 75
     1
175
     1
 42
1.0
 92
        0
 66
   257
 43
1.0
 76
     1
 77
     6
 78
     2
 67
     7
 79
     5
170
     0
171
     0
290
     0
174
     0
 93
        1
 44
0.0
173
     0
291
     0
 45
0.0
1001
ACAD
1000
AcDbSavedByObjectVersion
1070
     0
  0
VISUALSTYLE
  5
B3A
102
{ACAD_REACTORS
330
B32
102
}
102
{ACAD_XDICTIONARY
360
B59
102
}
330
B32
100
AcDbVisualStyle
  2
Basic
 70
     7
 71
     1
 72
     0
 73
     1
 90
        0
 40
-0.6
 41
-30.0
 62
     5
 63
     7
421
 16777215
 74
     0
 91
        4
 64
     7
 65
   257
 75
     1
175
     1
 42
1.0
 92
        8
 66
     7
 43
1.0
 76
     1
 77
     6
 78
     2
 67
     7
 79
     5
170
     0
171
     0
290
     0
174
     0
 93
        1
 44
0.0
173
     0
291
     1
 45
0.0
1001
ACAD
1000
AcDbSavedByObjectVersion
1070
     0
  0
VISUALSTYLE
  5
B3E
102
{ACAD_REACTORS
330
B32
102
}
102
{ACAD_XDICTIONARY
360
B61
102
}
330
B32
100
AcDbVisualStyle
  2
Brighten
 70
    12
 71
     2
 72
     2
 73
     0
 90
        0
 40
-0.6
 41
-30.0
 62
     5
 63
     7
421
 16777215
 74
     1
 91
        4
 64
     7
 65
   257
 75
     1
175
     1
 42
1.0
 92
        8
 66
     7
 43
1.0
 76
     1
 77
     6
 78
     2
 67
     7
 79
     5
170
     0
171
     0
290
     0
174
     0
 93
        1
 44
50.0
173
     0
291
     1
 45
0.0
1001
ACAD
1000
AcDbSavedByObjectVersion
1070
     0
  0
VISUALSTYLE
  5
B42
102
{ACAD_REACTORS
330
B32
102
}
102
{ACAD_XDICTIONARY
360
B69
102
}
330
B32
100
AcDbVisualStyle
  2
ColorChange
 70
    16
 71
     2
 72
     2
 73
     3
 90
        0
 40
-0.6
 41
-30.0
 62
     5
 63
     8
421
  8421504
 74
     1
 91
        4
 64
     7
 65
   257
 75
     1
175
     1
 42
1.0
 92
        8
 66
     8
424
  8421504
 43
1.0
 76
     1
 77
     6
 78
     2
 67
     7
 79
     5
170
     0
171
     0
290
     0
174
     0
 93
        1
 44
0.0
173
     0
291
     1
 45
0.0
1001
ACAD
1000
AcDbSavedByObjectVersion
1070
     0
  0
VISUALSTYLE
  5
B3C
102
{ACAD_REACTORS
330
B32
102
}
102
{ACAD_XDICTIONARY
360
B5D
102
}
330
B32
100
AcDbVisualStyle
  2
Conceptual
 70
     9
 71
     3
 72
     2
 73
     0
 90
        0
 40
-0.6
 41
-30.0
 62
     5
 63
     7
421
 16777215
 74
     2
 91
        2
 64
     7
 65
   257
 75
     1
175
     1
 42
40.0
 92
        8
 66
     7
 43
1.0
 76
     1
 77
     6
 78
     2
 67
     7
 79
     3
170
     0
171
     0
290
     0
174
     0
 93
        1
 44
0.0
173
     0
291
     0
 45
0.0
1001
ACAD
1000
AcDbSavedByObjectVersion
1070
     0
  0
VISUALSTYLE
  5
B3D
102
{ACAD_REACTORS
330
B32
102
}
102
{ACAD_XDICTIONARY
360
B5F
102
}
330
B32
100
AcDbVisualStyle
  2
Dim
 70
    11
 71
     2
 72
     2
 73
     0
 90
        0
 40
-0.6
 41
-30.0
 62
     5
 63
     7
421
 16777215
 74
     1
 91
        4
 64
     7
 65
   257
 75
     1
175
     1
 42
1.0
 92
        8
 66
     7
 43
1.0
 76
     1
 77
     6
 78
     2
 67
     7
 79
     5
170
     0
171
     0
290
     0
174
     0
 93
        1
 44
-50.0
173
     0
291
     1
 45
0.0
1001
ACAD
1000
AcDbSavedByObjectVersion
1070
     0
  0
VISUALSTYLE
  5
B41
102
{ACAD_REACTORS
330
B32
102
}
102
{ACAD_XDICTIONARY
360
B67
102
}
330
B32
100
AcDbVisualStyle
  2
Facepattern
 70
    15
 71
     2
 72
     2
 73
     0
 90
        0
 40
-0.6
 41
-30.0
 62
     5
 63
     7
421
 16777215
 74
     1
 91
        4
 64
     7
 65
   257
 75
     1
175
     1
 42
1.0
 92
        8
 66
     7
 43
1.0
 76
     1
 77
     6
 78
     2
 67
     7
 79
     5
170
     0
171
     0
290
     0
174
     0
 93
        1
 44
0.0
173
     0
291
     1
 45
0.0
1001
ACAD
1000
AcDbSavedByObjectVersion
1070
     0
  0
VISUALSTYLE
  5
B33
102
{ACAD_REACTORS
330
B32
102
}
102
{ACAD_XDICTIONARY
360
B4B
102
}
330
B32
100
AcDbVisualStyle
  2
Flat
 70
     0
 71
     2
 72
     1
 73
     1
 90
        2
 40
-0.6
 41
30.0
 62
     5
 63
     7
421
 16777215
 74
     0
 91
        4
 64
     7
 65
   257
 75
     1
175
     1
 42
1.0
 92
        8
 66
     7
 43
1.0
 76
     1
 77
     6
 78
     2
 67
     7
 79
     5
170
     0
171
     0
290
     0
174
     0
 93
       13
 44
0.0
173
     0
291
     1
 45
0.0
1001
ACAD
1000
AcDbSavedByObjectVersion
1070
     0
  0
VISUALSTYLE
  5
B34
102
{ACAD_REACTORS
330
B32
102
}
102
{ACAD_XDICTIONARY
360
B4D
102
}
330
B32
100
AcDbVisualStyle
  2
FlatWithEdges
 70
     1
 71
     2
 72
     1
 73
     1
 90
        2
 40
-0.6
 41
30.0
 62
     5
 63
     7
421
 16777215
 74
     1
 91
        4
 64
     7
 65
   257
 75
     1
175
     1
 42
1.0
 92
        0
 66
   257
 43
1.0
 76
     1
 77
     6
 78
     2
 67
     7
 79
     5
170
     0
171
     0
290
     0
174
     0
 93
       13
 44
0.0
173
     0
291
     1
 45
0.0
1001
ACAD
1000
AcDbSavedByObjectVersion
1070
     0
  0
VISUALSTYLE
  5
B35
102
{ACAD_REACTORS
330
B32
102
}
102
{ACAD_XDICTIONARY
360
B4F
102
}
330
B32
100
AcDbVisualStyle
  2
Gouraud
 70
     2
 71
     2
 72
     2
 73
     1
 90
        2
 40
-0.6
 41
30.0
 62
     5
 63
     7
421
 16777215
 74
     0
 91
        4
 64
     7
 65
   257
 75
     1
175
     1
 42
1.0
 92
        0
 66
     7
 43
1.0
 76
     1
 77
     6
 78
     2
 67
     7
 79
     5
170
     0
171
     0
290
     0
174
     0
 93
       13
 44
0.0
173
     0
291
     1
 45
0.0
1001
ACAD
1000
AcDbSavedByObjectVersion
1070
     0
  0
VISUALSTYLE
  5
B36
102
{ACAD_REACTORS
330
B32
102
}
102
{ACAD_XDICTIONARY
360
B51
102
}
330
B32
100
AcDbVisualStyle
  2
GouraudWithEdges
 70
     3
 71
     2
 72
     2
 73
     1
 90
        2
 40
-0.6
 41
30.0
 62
     5
 63
     7
421
 16777215
 74
     1
 91
        4
 64
     7
 65
   257
 75
     1
175
     1
 42
1.0
 92
        0
 66
   257
 43
1.0
 76
     1
 77
     6
 78
     2
 67
     7
 79
     5
170
     0
171
     0
290
     0
174
     0
 93
       13
 44
0.0
173
     0
291
     1
 45
0.0
1001
ACAD
1000
AcDbSavedByObjectVersion
1070
     0
  0
VISUALSTYLE
  5
B40
102
{ACAD_REACTORS
330
B32
102
}
102
{ACAD_XDICTIONARY
360
B65
102
}
330
B32
100
AcDbVisualStyle
  2
Linepattern
 70
    14
 71
     2
 72
     2
 73
     0
 90
        0
 40
-0.6
 41
-30.0
 62
     5
 63
     7
421
 16777215
 74
     1
 91
        4
 64
     7
 65
   257
 75
     7
175
     7
 42
1.0
 92
        8
 66
     7
 43
1.0
 76
     1
 77
     6
 78
     2
 67
     7
 79
     5
170
     0
171
     0
290
     0
174
     0
 93
        1
 44
0.0
173
     0
291
     1
 45
0.0
1001
ACAD
1000
AcDbSavedByObjectVersion
1070
     0
  0
VISUALSTYLE
  5
B3B
102
{ACAD_REACTORS
330
B32
102
}
102
{ACAD_XDICTIONARY
360
B5B
102
}
330
B32
100
AcDbVisualStyle
  2
Realistic
 70
     8
 71
     2
 72
     2
 73
     0
 90
        0
 40
-0.6
 41
-30.0
 62
     5
 63
     7
421
 16777215
 74
     1
 91
        0
 64
     7
 65
   257
 75
     1
175
     1
 42
1.0
 92
        8
 66
     8
424
  7895160
 43
1.0
 76
     1
 77
     6
 78
     2
 67
     7
 79
     5
170
     0
171
     0
290
     0
174
     0
 93
       13
 44
0.0
173
     0
291
     0
 45
0.0
1001
ACAD
1000
AcDbSavedByObjectVersion
1070
     0
  0
VISUALSTYLE
  5
B3F
102
{ACAD_REACTORS
330
B32
102
}
102
{ACAD_XDICTIONARY
360
B63
102
}
330
B32
100
AcDbVisualStyle
  2
Thicken
 70
    13
 71
     2
 72
     2
 73
     0
 90
        0
 40
-0.6
 41
-30.0
 62
     5
 63
     7
421
 16777215
 74
     1
 91
        4
 64
     7
 65
   257
 75
     1
175
     1
 42
1.0
 92
       12
 66
     7
 43
1.0
 76
     1
 77
     6
 78
     2
 67
     7
 79
     5
170
     0
171
     0
290
     0
174
     0
 93
        1
 44
0.0
173
     0
291
     1
 45
0.0
1001
ACAD
1000
AcDbSavedByObjectVersion
1070
     0
  0
DICTIONARYVAR
  5
B44
102
{ACAD_REACTORS
330
B43
102
}
330
B43
100
DictionaryVariables
280
     0
  1
1:1
  0
DICTIONARY
  5
B47
330
B30
100
AcDbDictionary
280
     1
281
     1
  3
ACAD_XREC_ROUNDTRIP
360
B48
  0
DICTIONARY
  5
B45
330
B2F
100
AcDbDictionary
280
     1
281
     1
  3
ACAD_XREC_ROUNDTRIP
360
B46
  0
DICTIONARY
  5
B49
330
B31
100
AcDbDictionary
280
     1
281
     1
  3
ACAD_XREC_ROUNDTRIP
360
B4A
  0
DICTIONARY
  5
B53
330
B37
100
AcDbDictionary
280
     1
281
     1
  3
ACAD_XREC_ROUNDTRIP
360
B54
  0
DICTIONARY
  5
B57
330
B39
100
AcDbDictionary
280
     1
281
     1
  3
ACAD_XREC_ROUNDTRIP
360
B58
  0
DICTIONARY
  5
B55
330
B38
100
AcDbDictionary
280
     1
281
     1
  3
ACAD_XREC_ROUNDTRIP
360
B56
  0
DICTIONARY
  5
B59
330
B3A
100
AcDbDictionary
280
     1
281
     1
  3
ACAD_XREC_ROUNDTRIP
360
B5A
  0
DICTIONARY
  5
B61
330
B3E
100
AcDbDictionary
280
     1
281
     1
  3
ACAD_XREC_ROUNDTRIP
360
B62
  0
DICTIONARY
  5
B69
330
B42
100
AcDbDictionary
280
     1
281
     1
  3
ACAD_XREC_ROUNDTRIP
360
B6A
  0
DICTIONARY
  5
B5D
330
B3C
100
AcDbDictionary
280
     1
281
     1
  3
ACAD_XREC_ROUNDTRIP
360
B5E
  0
DICTIONARY
  5
B5F
330
B3D
100
AcDbDictionary
280
     1
281
     1
  3
ACAD_XREC_ROUNDTRIP
360
B60
  0
DICTIONARY
  5
B67
330
B41
100
AcDbDictionary
280
     1
281
     1
  3
ACAD_XREC_ROUNDTRIP
360
B68
  0
DICTIONARY
  5
B4B
330
B33
100
AcDbDictionary
280
     1
281
     1
  3
ACAD_XREC_ROUNDTRIP
360
B4C
  0
DICTIONARY
  5
B4D
330
B34
100
AcDbDictionary
280
     1
281
     1
  3
ACAD_XREC_ROUNDTRIP
360
B4E
  0
DICTIONARY
  5
B4F
330
B35
100
AcDbDictionary
280
     1
281
     1
  3
ACAD_XREC_ROUNDTRIP
360
B50
  0
DICTIONARY
  5
B51
330
B36
100
AcDbDictionary
280
     1
281
     1
  3
ACAD_XREC_ROUNDTRIP
360
B52
  0
DICTIONARY
  5
B65
330
B40
100
AcDbDictionary
280
     1
281
     1
  3
ACAD_XREC_ROUNDTRIP
360
B66
  0
DICTIONARY
  5
B5B
330
B3B
100
AcDbDictionary
280
     1
281
     1
  3
ACAD_XREC_ROUNDTRIP
360
B5C
  0
DICTIONARY
  5
B63
330
B3F
100
AcDbDictionary
280
     1
281
     1
  3
ACAD_XREC_ROUNDTRIP
360
B64
  0
XRECORD
  5
B48
102
{ACAD_REACTORS
330
B47
102
}
330
B47
100
AcDbXrecord
280
     1
102
MATERIAL
148
0.0
149
0.0
149
0.0
 93
        0
 94
      127
282
     0
 72
     1
 77
     1
171
     1
175
     1
179
     1
273
     0
  0
XRECORD
  5
B46
102
{ACAD_REACTORS
330
B45
102
}
330
B45
100
AcDbXrecord
280
     1
102
MATERIAL
148
0.0
149
0.0
149
0.0
 93
        0
 94
      127
282
     0
 72
     1
 77
     1
171
     1
175
     1
179
     1
273
     0
  0
XRECORD
  5
B4A
102
{ACAD_REACTORS
330
B49
102
}
330
B49
100
AcDbXrecord
280
     1
102
MATERIAL
148
0.0
149
0.0
149
0.0
 93
        0
 94
      127
282
     0
 72
     1
 77
     1
171
     1
175
     1
179
     1
273
     0
  0
XRECORD
  5
B54
102
{ACAD_REACTORS
330
B53
102
}
330
B53
100
AcDbXrecord
280
     1
102
RTVSPropertyOp0
 70
     1
102
RTVSPropertyOp1
 70
     1
102
RTVSPropertyOp2
 70
     1
102
RTVSPropertyOp3
 70
     1
102
RTVSPropertyOp4
 70
     1
102
RTVSPropertyOp5
 70
     1
102
RTVSPropertyOp6
 70
     1
102
RTVSPropertyOp7
 70
     1
102
RTVSPropertyOp8
 70
     1
102
RTVSPropertyOp9
 70
     1
102
RTVSPropertyOp10
 70
     1
102
RTVSPropertyOp11
 70
     1
102
RTVSPropertyOp12
 70
     1
102
RTVSPropertyOp13
 70
     1
102
RTVSPropertyOp14
 70
     1
102
RTVSPropertyOp15
 70
     1
102
RTVSPropertyOp16
 70
     1
102
RTVSPropertyOp17
 70
     1
102
RTVSPropertyOp18
 70
     1
102
RTVSPropertyOp19
 70
     1
102
RTVSPropertyOp20
 70
     1
102
RTVSPropertyOp21
 70
     1
102
RTVSPropertyOp22
 70
     1
102
RTVSPropertyOp23
 70
     1
102
RTVSPropertyOp24
 70
     1
102
RTVSPropertyOp25
 70
     1
102
RTVSPropertyOp26
 70
     1
102
RTVSPropertyOp27
 70
     1
102
RTVSPropertyOp28
 70
     1
102
RTVSPropertyOp29
 70
     1
102
RTVSPropertyOp30
 70
     1
102
RTVSPropertyOp31
 70
     1
102
RTVSPropertyOp32
 70
     1
  0
XRECORD
  5
B58
102
{ACAD_REACTORS
330
B57
102
}
330
B57
100
AcDbXrecord
280
     1
102
RTVSPropertyOp0
 70
     1
102
RTVSPropertyOp1
 70
     1
102
RTVSPropertyOp2
 70
     1
102
RTVSPropertyOp3
 70
     1
102
RTVSPropertyOp4
 70
     1
102
RTVSPropertyOp5
 70
     1
102
RTVSPropertyOp6
 70
     1
102
RTVSPropertyOp7
 70
     1
102
RTVSPropertyOp8
 70
     1
102
RTVSPropertyOp9
 70
     1
102
RTVSPropertyOp10
 70
     1
102
RTVSPropertyOp11
 70
     1
102
RTVSPropertyOp12
 70
     1
102
RTVSPropertyOp13
 70
     1
102
RTVSPropertyOp14
 70
     1
102
RTVSPropertyOp15
 70
     1
102
RTVSPropertyOp16
 70
     1
102
RTVSPropertyOp17
 70
     1
102
RTVSPropertyOp18
 70
     1
102
RTVSPropertyOp19
 70
     1
102
RTVSPropertyOp20
 70
     1
102
RTVSPropertyOp21
 70
     1
102
RTVSPropertyOp22
 70
     1
102
RTVSPropertyOp23
 70
     1
102
RTVSPropertyOp24
 70
     1
102
RTVSPropertyOp25
 70
     1
102
RTVSPropertyOp26
 70
     1
102
RTVSPropertyOp27
 70
     1
102
RTVSPropertyOp28
 70
     1
102
RTVSPropertyOp29
 70
     1
102
RTVSPropertyOp30
 70
     1
102
RTVSPropertyOp31
 70
     1
102
RTVSPropertyOp32
 70
     1
  0
XRECORD
  5
B56
102
{ACAD_REACTORS
330
B55
102
}
330
B55
100
AcDbXrecord
280
     1
102
RTVSPropertyOp0
 70
     1
102
RTVSPropertyOp1
 70
     1
102
RTVSPropertyOp2
 70
     1
102
RTVSPropertyOp3
 70
     1
102
RTVSPropertyOp4
 70
     1
102
RTVSPropertyOp5
 70
     1
102
RTVSPropertyOp6
 70
     1
102
RTVSPropertyOp7
 70
     1
102
RTVSPropertyOp8
 70
     1
102
RTVSPropertyOp9
 70
     1
102
RTVSPropertyOp10
 70
     1
102
RTVSPropertyOp11
 70
     1
102
RTVSPropertyOp12
 70
     1
102
RTVSPropertyOp13
 70
     1
102
RTVSPropertyOp14
 70
     1
102
RTVSPropertyOp15
 70
     1
102
RTVSPropertyOp16
 70
     1
102
RTVSPropertyOp17
 70
     1
102
RTVSPropertyOp18
 70
     1
102
RTVSPropertyOp19
 70
     1
102
RTVSPropertyOp20
 70
     1
102
RTVSPropertyOp21
 70
     1
102
RTVSPropertyOp22
 70
     1
102
RTVSPropertyOp23
 70
     1
102
RTVSPropertyOp24
 70
     1
102
RTVSPropertyOp25
 70
     1
102
RTVSPropertyOp26
 70
     1
102
RTVSPropertyOp27
 70
     1
102
RTVSPropertyOp28
 70
     1
102
RTVSPropertyOp29
 70
     1
102
RTVSPropertyOp30
 70
     1
102
RTVSPropertyOp31
 70
     1
102
RTVSPropertyOp32
 70
     1
  0
XRECORD
  5
B5A
102
{ACAD_REACTORS
330
B59
102
}
330
B59
100
AcDbXrecord
280
     1
102
RTVSPropertyOp0
 70
     1
102
RTVSPropertyOp1
 70
     1
102
RTVSPropertyOp2
 70
     1
102
RTVSPropertyOp3
 70
     1
102
RTVSPropertyOp4
 70
     1
102
RTVSPropertyOp5
 70
     1
102
RTVSPropertyOp6
 70
     1
102
RTVSPropertyOp7
 70
     1
102
RTVSPropertyOp8
 70
     1
102
RTVSPropertyOp9
 70
     1
102
RTVSPropertyOp10
 70
     1
102
RTVSPropertyOp11
 70
     1
102
RTVSPropertyOp12
 70
     1
102
RTVSPropertyOp13
 70
     1
102
RTVSPropertyOp14
 70
     1
102
RTVSPropertyOp15
 70
     1
102
RTVSPropertyOp16
 70
     1
102
RTVSPropertyOp17
 70
     1
102
RTVSPropertyOp18
 70
     1
102
RTVSPropertyOp19
 70
     1
102
RTVSPropertyOp20
 70
     1
102
RTVSPropertyOp21
 70
     1
102
RTVSPropertyOp22
 70
     1
102
RTVSPropertyOp23
 70
     1
102
RTVSPropertyOp24
 70
     1
102
RTVSPropertyOp25
 70
     1
102
RTVSPropertyOp26
 70
     1
102
RTVSPropertyOp27
 70
     1
102
RTVSPropertyOp28
 70
     1
102
RTVSPropertyOp29
 70
     1
102
RTVSPropertyOp30
 70
     1
102
RTVSPropertyOp31
 70
     1
102
RTVSPropertyOp32
 70
     1
  0
XRECORD
  5
B62
102
{ACAD_REACTORS
330
B61
102
}
330
B61
100
AcDbXrecord
280
     1
102
RTVSPropertyOp0
 70
     1
102
RTVSPropertyOp1
 70
     1
102
RTVSPropertyOp2
 70
     1
102
RTVSPropertyOp3
 70
     1
102
RTVSPropertyOp4
 70
     1
102
RTVSPropertyOp5
 70
     1
102
RTVSPropertyOp6
 70
     1
102
RTVSPropertyOp7
 70
     1
102
RTVSPropertyOp8
 70
     1
102
RTVSPropertyOp9
 70
     1
102
RTVSPropertyOp10
 70
     1
102
RTVSPropertyOp11
 70
     1
102
RTVSPropertyOp12
 70
     1
102
RTVSPropertyOp13
 70
     1
102
RTVSPropertyOp14
 70
     1
102
RTVSPropertyOp15
 70
     1
102
RTVSPropertyOp16
 70
     1
102
RTVSPropertyOp17
 70
     1
102
RTVSPropertyOp18
 70
     1
102
RTVSPropertyOp19
 70
     1
102
RTVSPropertyOp20
 70
     1
102
RTVSPropertyOp21
 70
     1
102
RTVSPropertyOp22
 70
     1
102
RTVSPropertyOp23
 70
     1
102
RTVSPropertyOp24
 70
     1
102
RTVSPropertyOp25
 70
     1
102
RTVSPropertyOp26
 70
     1
102
RTVSPropertyOp27
 70
     1
102
RTVSPropertyOp28
 70
     1
102
RTVSPropertyOp29
 70
     1
102
RTVSPropertyOp30
 70
     1
102
RTVSPropertyOp31
 70
     1
102
RTVSPropertyOp32
 70
     1
  0
XRECORD
  5
B6A
102
{ACAD_REACTORS
330
B69
102
}
330
B69
100
AcDbXrecord
280
     1
102
RTVSPropertyOp0
 70
     1
102
RTVSPropertyOp1
 70
     1
102
RTVSPropertyOp2
 70
     1
102
RTVSPropertyOp3
 70
     1
102
RTVSPropertyOp4
 70
     1
102
RTVSPropertyOp5
 70
     1
102
RTVSPropertyOp6
 70
     1
102
RTVSPropertyOp7
 70
     1
102
RTVSPropertyOp8
 70
     1
102
RTVSPropertyOp9
 70
     1
102
RTVSPropertyOp10
 70
     1
102
RTVSPropertyOp11
 70
     1
102
RTVSPropertyOp12
 70
     1
102
RTVSPropertyOp13
 70
     1
102
RTVSPropertyOp14
 70
     1
102
RTVSPropertyOp15
 70
     1
102
RTVSPropertyOp16
 70
     1
102
RTVSPropertyOp17
 70
     1
102
RTVSPropertyOp18
 70
     1
102
RTVSPropertyOp19
 70
     1
102
RTVSPropertyOp20
 70
     1
102
RTVSPropertyOp21
 70
     1
102
RTVSPropertyOp22
 70
     1
102
RTVSPropertyOp23
 70
     1
102
RTVSPropertyOp24
 70
     1
102
RTVSPropertyOp25
 70
     1
102
RTVSPropertyOp26
 70
     1
102
RTVSPropertyOp27
 70
     1
102
RTVSPropertyOp28
 70
     1
102
RTVSPropertyOp29
 70
     1
102
RTVSPropertyOp30
 70
     1
102
RTVSPropertyOp31
 70
     1
102
RTVSPropertyOp32
 70
     1
  0
XRECORD
  5
B5E
102
{ACAD_REACTORS
330
B5D
102
}
330
B5D
100
AcDbXrecord
280
     1
102
RTVSPropertyOp0
 70
     1
102
RTVSPropertyOp1
 70
     1
102
RTVSPropertyOp2
 70
     1
102
RTVSPropertyOp3
 70
     1
102
RTVSPropertyOp4
 70
     1
102
RTVSPropertyOp5
 70
     1
102
RTVSPropertyOp6
 70
     1
102
RTVSPropertyOp7
 70
     1
102
RTVSPropertyOp8
 70
     1
102
RTVSPropertyOp9
 70
     1
102
RTVSPropertyOp10
 70
     1
102
RTVSPropertyOp11
 70
     1
102
RTVSPropertyOp12
 70
     1
102
RTVSPropertyOp13
 70
     1
102
RTVSPropertyOp14
 70
     1
102
RTVSPropertyOp15
 70
     1
102
RTVSPropertyOp16
 70
     1
102
RTVSPropertyOp17
 70
     1
102
RTVSPropertyOp18
 70
     1
102
RTVSPropertyOp19
 70
     1
102
RTVSPropertyOp20
 70
     1
102
RTVSPropertyOp21
 70
     1
102
RTVSPropertyOp22
 70
     1
102
RTVSPropertyOp23
 70
     1
102
RTVSPropertyOp24
 70
     1
102
RTVSPropertyOp25
 70
     1
102
RTVSPropertyOp26
 70
     1
102
RTVSPropertyOp27
 70
     1
102
RTVSPropertyOp28
 70
     1
102
RTVSPropertyOp29
 70
     1
102
RTVSPropertyOp30
 70
     1
102
RTVSPropertyOp31
 70
     1
102
RTVSPropertyOp32
 70
     1
  0
XRECORD
  5
B60
102
{ACAD_REACTORS
330
B5F
102
}
330
B5F
100
AcDbXrecord
280
     1
102
RTVSPropertyOp0
 70
     1
102
RTVSPropertyOp1
 70
     1
102
RTVSPropertyOp2
 70
     1
102
RTVSPropertyOp3
 70
     1
102
RTVSPropertyOp4
 70
     1
102
RTVSPropertyOp5
 70
     1
102
RTVSPropertyOp6
 70
     1
102
RTVSPropertyOp7
 70
     1
102
RTVSPropertyOp8
 70
     1
102
RTVSPropertyOp9
 70
     1
102
RTVSPropertyOp10
 70
     1
102
RTVSPropertyOp11
 70
     1
102
RTVSPropertyOp12
 70
     1
102
RTVSPropertyOp13
 70
     1
102
RTVSPropertyOp14
 70
     1
102
RTVSPropertyOp15
 70
     1
102
RTVSPropertyOp16
 70
     1
102
RTVSPropertyOp17
 70
     1
102
RTVSPropertyOp18
 70
     1
102
RTVSPropertyOp19
 70
     1
102
RTVSPropertyOp20
 70
     1
102
RTVSPropertyOp21
 70
     1
102
RTVSPropertyOp22
 70
     1
102
RTVSPropertyOp23
 70
     1
102
RTVSPropertyOp24
 70
     1
102
RTVSPropertyOp25
 70
     1
102
RTVSPropertyOp26
 70
     1
102
RTVSPropertyOp27
 70
     1
102
RTVSPropertyOp28
 70
     1
102
RTVSPropertyOp29
 70
     1
102
RTVSPropertyOp30
 70
     1
102
RTVSPropertyOp31
 70
     1
102
RTVSPropertyOp32
 70
     1
  0
XRECORD
  5
B68
102
{ACAD_REACTORS
330
B67
102
}
330
B67
100
AcDbXrecord
280
     1
102
RTVSPropertyOp0
 70
     1
102
RTVSPropertyOp1
 70
     1
102
RTVSPropertyOp2
 70
     1
102
RTVSPropertyOp3
 70
     1
102
RTVSPropertyOp4
 70
     1
102
RTVSPropertyOp5
 70
     1
102
RTVSPropertyOp6
 70
     1
102
RTVSPropertyOp7
 70
     1
102
RTVSPropertyOp8
 70
     1
102
RTVSPropertyOp9
 70
     1
102
RTVSPropertyOp10
 70
     1
102
RTVSPropertyOp11
 70
     1
102
RTVSPropertyOp12
 70
     1
102
RTVSPropertyOp13
 70
     1
102
RTVSPropertyOp14
 70
     1
102
RTVSPropertyOp15
 70
     1
102
RTVSPropertyOp16
 70
     1
102
RTVSPropertyOp17
 70
     1
102
RTVSPropertyOp18
 70
     1
102
RTVSPropertyOp19
 70
     1
102
RTVSPropertyOp20
 70
     1
102
RTVSPropertyOp21
 70
     1
102
RTVSPropertyOp22
 70
     1
102
RTVSPropertyOp23
 70
     1
102
RTVSPropertyOp24
 70
     1
102
RTVSPropertyOp25
 70
     1
102
RTVSPropertyOp26
 70
     1
102
RTVSPropertyOp27
 70
     1
102
RTVSPropertyOp28
 70
     1
102
RTVSPropertyOp29
 70
     1
102
RTVSPropertyOp30
 70
     1
102
RTVSPropertyOp31
 70
     1
102
RTVSPropertyOp32
 70
     1
  0
XRECORD
  5
B4C
102
{ACAD_REACTORS
330
B4B
102
}
330
B4B
100
AcDbXrecord
280
     1
102
RTVSPropertyOp0
 70
     1
102
RTVSPropertyOp1
 70
     1
102
RTVSPropertyOp2
 70
     1
102
RTVSPropertyOp3
 70
     1
102
RTVSPropertyOp4
 70
     1
102
RTVSPropertyOp5
 70
     1
102
RTVSPropertyOp6
 70
     1
102
RTVSPropertyOp7
 70
     1
102
RTVSPropertyOp8
 70
     1
102
RTVSPropertyOp9
 70
     1
102
RTVSPropertyOp10
 70
     1
102
RTVSPropertyOp11
 70
     1
102
RTVSPropertyOp12
 70
     1
102
RTVSPropertyOp13
 70
     1
102
RTVSPropertyOp14
 70
     1
102
RTVSPropertyOp15
 70
     1
102
RTVSPropertyOp16
 70
     1
102
RTVSPropertyOp17
 70
     1
102
RTVSPropertyOp18
 70
     1
102
RTVSPropertyOp19
 70
     1
102
RTVSPropertyOp20
 70
     1
102
RTVSPropertyOp21
 70
     1
102
RTVSPropertyOp22
 70
     1
102
RTVSPropertyOp23
 70
     1
102
RTVSPropertyOp24
 70
     1
102
RTVSPropertyOp25
 70
     1
102
RTVSPropertyOp26
 70
     1
102
RTVSPropertyOp27
 70
     1
102
RTVSPropertyOp28
 70
     1
102
RTVSPropertyOp29
 70
     1
102
RTVSPropertyOp30
 70
     1
102
RTVSPropertyOp31
 70
     1
102
RTVSPropertyOp32
 70
     1
  0
XRECORD
  5
B4E
102
{ACAD_REACTORS
330
B4D
102
}
330
B4D
100
AcDbXrecord
280
     1
102
RTVSPropertyOp0
 70
     1
102
RTVSPropertyOp1
 70
     1
102
RTVSPropertyOp2
 70
     1
102
RTVSPropertyOp3
 70
     1
102
RTVSPropertyOp4
 70
     1
102
RTVSPropertyOp5
 70
     1
102
RTVSPropertyOp6
 70
     1
102
RTVSPropertyOp7
 70
     1
102
RTVSPropertyOp8
 70
     1
102
RTVSPropertyOp9
 70
     1
102
RTVSPropertyOp10
 70
     1
102
RTVSPropertyOp11
 70
     1
102
RTVSPropertyOp12
 70
     1
102
RTVSPropertyOp13
 70
     1
102
RTVSPropertyOp14
 70
     1
102
RTVSPropertyOp15
 70
     1
102
RTVSPropertyOp16
 70
     1
102
RTVSPropertyOp17
 70
     1
102
RTVSPropertyOp18
 70
     1
102
RTVSPropertyOp19
 70
     1
102
RTVSPropertyOp20
 70
     1
102
RTVSPropertyOp21
 70
     1
102
RTVSPropertyOp22
 70
     1
102
RTVSPropertyOp23
 70
     1
102
RTVSPropertyOp24
 70
     1
102
RTVSPropertyOp25
 70
     1
102
RTVSPropertyOp26
 70
     1
102
RTVSPropertyOp27
 70
     1
102
RTVSPropertyOp28
 70
     1
102
RTVSPropertyOp29
 70
     1
102
RTVSPropertyOp30
 70
     1
102
RTVSPropertyOp31
 70
     1
102
RTVSPropertyOp32
 70
     1
  0
XRECORD
  5
B50
102
{ACAD_REACTORS
330
B4F
102
}
330
B4F
100
AcDbXrecord
280
     1
102
RTVSPropertyOp0
 70
     1
102
RTVSPropertyOp1
 70
     1
102
RTVSPropertyOp2
 70
     1
102
RTVSPropertyOp3
 70
     1
102
RTVSPropertyOp4
 70
     1
102
RTVSPropertyOp5
 70
     1
102
RTVSPropertyOp6
 70
     1
102
RTVSPropertyOp7
 70
     1
102
RTVSPropertyOp8
 70
     1
102
RTVSPropertyOp9
 70
     1
102
RTVSPropertyOp10
 70
     1
102
RTVSPropertyOp11
 70
     1
102
RTVSPropertyOp12
 70
     1
102
RTVSPropertyOp13
 70
     1
102
RTVSPropertyOp14
 70
     1
102
RTVSPropertyOp15
 70
     1
102
RTVSPropertyOp16
 70
     1
102
RTVSPropertyOp17
 70
     1
102
RTVSPropertyOp18
 70
     1
102
RTVSPropertyOp19
 70
     1
102
RTVSPropertyOp20
 70
     1
102
RTVSPropertyOp21
 70
     1
102
RTVSPropertyOp22
 70
     1
102
RTVSPropertyOp23
 70
     1
102
RTVSPropertyOp24
 70
     1
102
RTVSPropertyOp25
 70
     1
102
RTVSPropertyOp26
 70
     1
102
RTVSPropertyOp27
 70
     1
102
RTVSPropertyOp28
 70
     1
102
RTVSPropertyOp29
 70
     1
102
RTVSPropertyOp30
 70
     1
102
RTVSPropertyOp31
 70
     1
102
RTVSPropertyOp32
 70
     1
  0
XRECORD
  5
B52
102
{ACAD_REACTORS
330
B51
102
}
330
B51
100
AcDbXrecord
280
     1
102
RTVSPropertyOp0
 70
     1
102
RTVSPropertyOp1
 70
     1
102
RTVSPropertyOp2
 70
     1
102
RTVSPropertyOp3
 70
     1
102
RTVSPropertyOp4
 70
     1
102
RTVSPropertyOp5
 70
     1
102
RTVSPropertyOp6
 70
     1
102
RTVSPropertyOp7
 70
     1
102
RTVSPropertyOp8
 70
     1
102
RTVSPropertyOp9
 70
     1
102
RTVSPropertyOp10
 70
     1
102
RTVSPropertyOp11
 70
     1
102
RTVSPropertyOp12
 70
     1
102
RTVSPropertyOp13
 70
     1
102
RTVSPropertyOp14
 70
     1
102
RTVSPropertyOp15
 70
     1
102
RTVSPropertyOp16
 70
     1
102
RTVSPropertyOp17
 70
     1
102
RTVSPropertyOp18
 70
     1
102
RTVSPropertyOp19
 70
     1
102
RTVSPropertyOp20
 70
     1
102
RTVSPropertyOp21
 70
     1
102
RTVSPropertyOp22
 70
     1
102
RTVSPropertyOp23
 70
     1
102
RTVSPropertyOp24
 70
     1
102
RTVSPropertyOp25
 70
     1
102
RTVSPropertyOp26
 70
     1
102
RTVSPropertyOp27
 70
     1
102
RTVSPropertyOp28
 70
     1
102
RTVSPropertyOp29
 70
     1
102
RTVSPropertyOp30
 70
     1
102
RTVSPropertyOp31
 70
     1
102
RTVSPropertyOp32
 70
     1
  0
XRECORD
  5
B66
102
{ACAD_REACTORS
330
B65
102
}
330
B65
100
AcDbXrecord
280
     1
102
RTVSPropertyOp0
 70
     1
102
RTVSPropertyOp1
 70
     1
102
RTVSPropertyOp2
 70
     1
102
RTVSPropertyOp3
 70
     1
102
RTVSPropertyOp4
 70
     1
102
RTVSPropertyOp5
 70
     1
102
RTVSPropertyOp6
 70
     1
102
RTVSPropertyOp7
 70
     1
102
RTVSPropertyOp8
 70
     1
102
RTVSPropertyOp9
 70
     1
102
RTVSPropertyOp10
 70
     1
102
RTVSPropertyOp11
 70
     1
102
RTVSPropertyOp12
 70
     1
102
RTVSPropertyOp13
 70
     1
102
RTVSPropertyOp14
 70
     1
102
RTVSPropertyOp15
 70
     1
102
RTVSPropertyOp16
 70
     1
102
RTVSPropertyOp17
 70
     1
102
RTVSPropertyOp18
 70
     1
102
RTVSPropertyOp19
 70
     1
102
RTVSPropertyOp20
 70
     1
102
RTVSPropertyOp21
 70
     1
102
RTVSPropertyOp22
 70
     1
102
RTVSPropertyOp23
 70
     1
102
RTVSPropertyOp24
 70
     1
102
RTVSPropertyOp25
 70
     1
102
RTVSPropertyOp26
 70
     1
102
RTVSPropertyOp27
 70
     1
102
RTVSPropertyOp28
 70
     1
102
RTVSPropertyOp29
 70
     1
102
RTVSPropertyOp30
 70
     1
102
RTVSPropertyOp31
 70
     1
102
RTVSPropertyOp32
 70
     1
  0
XRECORD
  5
B5C
102
{ACAD_REACTORS
330
B5B
102
}
330
B5B
100
AcDbXrecord
280
     1
102
RTVSPropertyOp0
 70
     1
102
RTVSPropertyOp1
 70
     1
102
RTVSPropertyOp2
 70
     1
102
RTVSPropertyOp3
 70
     1
102
RTVSPropertyOp4
 70
     1
102
RTVSPropertyOp5
 70
     1
102
RTVSPropertyOp6
 70
     1
102
RTVSPropertyOp7
 70
     1
102
RTVSPropertyOp8
 70
     1
102
RTVSPropertyOp9
 70
     1
102
RTVSPropertyOp10
 70
     1
102
RTVSPropertyOp11
 70
     1
102
RTVSPropertyOp12
 70
     1
102
RTVSPropertyOp13
 70
     1
102
RTVSPropertyOp14
 70
     1
102
RTVSPropertyOp15
 70
     1
102
RTVSPropertyOp16
 70
     1
102
RTVSPropertyOp17
 70
     1
102
RTVSPropertyOp18
 70
     1
102
RTVSPropertyOp19
 70
     1
102
RTVSPropertyOp20
 70
     1
102
RTVSPropertyOp21
 70
     1
102
RTVSPropertyOp22
 70
     1
102
RTVSPropertyOp23
 70
     1
102
RTVSPropertyOp24
 70
     1
102
RTVSPropertyOp25
 70
     1
102
RTVSPropertyOp26
 70
     1
102
RTVSPropertyOp27
 70
     1
102
RTVSPropertyOp28
 70
     1
102
RTVSPropertyOp29
 70
     1
102
RTVSPropertyOp30
 70
     1
102
RTVSPropertyOp31
 70
     1
102
RTVSPropertyOp32
 70
     1
  0
XRECORD
  5
B64
102
{ACAD_REACTORS
330
B63
102
}
330
B63
100
AcDbXrecord
280
     1
102
RTVSPropertyOp0
 70
     1
102
RTVSPropertyOp1
 70
     1
102
RTVSPropertyOp2
 70
     1
102
RTVSPropertyOp3
 70
     1
102
RTVSPropertyOp4
 70
     1
102
RTVSPropertyOp5
 70
     1
102
RTVSPropertyOp6
 70
     1
102
RTVSPropertyOp7
 70
     1
102
RTVSPropertyOp8
 70
     1
102
RTVSPropertyOp9
 70
     1
102
RTVSPropertyOp10
 70
     1
102
RTVSPropertyOp11
 70
     1
102
RTVSPropertyOp12
 70
     1
102
RTVSPropertyOp13
 70
     1
102
RTVSPropertyOp14
 70
     1
102
RTVSPropertyOp15
 70
     1
102
RTVSPropertyOp16
 70
     1
102
RTVSPropertyOp17
 70
     1
102
RTVSPropertyOp18
 70
     1
102
RTVSPropertyOp19
 70
     1
102
RTVSPropertyOp20
 70
     1
102
RTVSPropertyOp21
 70
     1
102
RTVSPropertyOp22
 70
     1
102
RTVSPropertyOp23
 70
     1
102
RTVSPropertyOp24
 70
     1
102
RTVSPropertyOp25
 70
     1
102
RTVSPropertyOp26
 70
     1
102
RTVSPropertyOp27
 70
     1
102
RTVSPropertyOp28
 70
     1
102
RTVSPropertyOp29
 70
     1
102
RTVSPropertyOp30
 70
     1
102
RTVSPropertyOp31
 70
     1
102
RTVSPropertyOp32
 70
     1
  0
ENDSEC
  0
EOF
