  0
SECTION
  2
HEADER
999
Auftrag: 'C:\_xProjekte 2023\Fernwärme-Demoprojekt-trans'
999
Erzeugt mit GG-DXF
999
Versionsnummer 7.0a (3403)
999
Installationsdatei: 'C:\Program Files (x86)\GEOgraf\INSTALL\GG-ACAD.ins'
999
Modus AutoCAD
999
NULLPOS x=0.000000 y=0.000000 DIM2=0 SCHRAFFMODE=0 OTYP=0
  9
$ACADVER
  1
AC1015
999
Koordinaten in [m]
  9
$MEASUREMENT
 70
1
  9
$INSUNITS
 70
6
  9
$EXTMIN
 10
3317373.972870
 20
5809445.802196
  9
$EXTMAX
 10
3320333.220563
 20
5810752.349200
  9
$LIMMIN
 10
3317373.972870
 20
5809445.802196
  9
$LIMMAX
 10
3320333.220563
 20
5810752.349200
  9
$COORDS
 70
1
  9
$LTSCALE
 40
1.000000
  9
$TEXTSTYLE
  7
SIMPLEX
  9
$TDCREATE
 40
2461068.595358796
  9
$TILEMODE
 70
1
  9
$PDMODE
 70
0
  9
$PDSIZE
 40
0.000000
  9
$DWGCODEPAGE
  3
iso8859-1
  9
$HANDLING
 70
1
  9
$HANDSEED
  5
b09
  0
ENDSEC
999
========================
  0
SECTION
  2
CLASSES
  0
CLASS
  1
IMAGEDEF
  2
AcDbRasterImageDef
  3
ISM
 90
0
280
0
281
0
  0
CLASS
  1
IMAGEDEF_REACTOR
  2
AcDbRasterImageDefReactor
  3
ISM
 90
1
280
0
281
0
  0
CLASS
  1
IMAGE
  2
AcDbRasterImage
  3
ISM
 90
127
280
0
281
1
  0
ENDSEC
999
========================
  0
SECTION
  2
TABLES
999
------------------------
  0
TABLE
  2
VPORT
  5
afa
100
AcDbSymbolTable
 70
2
  0
VPORT
  5
1
100
AcDbSymbolTableRecord
100
AcDbViewportTableRecord
  2
*ACTIVE
 70
0
 10
0.000000
 20
0.000000
 11
1.000000
 21
1.000000
 12
3318853.596717
 22
5810099.075698
 13
0.000000
 23
0.000000
 14
1.000000
 24
1.000000
 15
0.000000
 25
0.000000
 16
0.000000
 26
0.000000
 36
1.000000
 17
0.000000
 27
0.000000
 37
0.000000
 40
1306.547004
 41
2.264938
 42
50.0
 43
0.0
 44
0.0
 50
0.0
 51
0.000000
 71
0
 72
100
 73
1
 74
3
 75
0
 76
0
 77
0
 78
0
281
0
 65
1
110
0.000000
120
0.000000
130
0.000000
111
1.000000
121
0.000000
131
0.000000
112
0.000000
122
1.000000
132
0.000000
 79
0
146
0.0
  0
VPORT
  5
11
100
AcDbSymbolTableRecord
100
AcDbViewportTableRecord
  2
DEMO
 70
0
 10
0.000000
 20
0.000000
 11
1.000000
 21
1.000000
 12
0.000000
 22
0.000000
 13
0.000000
 23
0.000000
 14
1.000000
 24
1.000000
 15
0.000000
 25
0.000000
 16
0.000000
 26
0.000000
 36
1.000000
 17
3318853.596717
 27
5810099.075698
 37
0.000000
 40
119.834246
 41
2.433764
 42
50.0
 43
0.0
 44
0.0
 50
0.0
 51
2.142693
 71
0
 72
100
 73
1
 74
3
 75
0
 76
0
 77
0
 78
0
281
0
 65
1
110
0.000000
120
0.000000
130
0.000000
111
1.000000
121
0.000000
131
0.000000
112
0.000000
122
1.000000
132
0.000000
 79
0
146
0.0
  0
ENDTAB
999
------------------------
  0
TABLE
  2
LTYPE
  5
afb
100
AcDbSymbolTable
 70
16
  0
LTYPE
  5
a
100
AcDbSymbolTableRecord
100
AcDbLinetypeTableRecord
  2
BYBLOCK
 70
64
  3

 72
65
 73
0
 40
0.000000
  0
LTYPE
  5
b
100
AcDbSymbolTableRecord
100
AcDbLinetypeTableRecord
  2
BYLAYER
 70
64
  3

 72
65
 73
0
 40
0.000000
  0
LTYPE
  5
c
100
AcDbSymbolTableRecord
100
AcDbLinetypeTableRecord
  2
CONTINUOUS
 70
64
  3
solid line
 72
65
 73
0
 40
0.000000
  0
LTYPE
  5
12
100
AcDbSymbolTableRecord
100
AcDbLinetypeTableRecord
  2
502
 70
64
  3
solid line
 72
65
 73
0
 40
0.000000
  0
LTYPE
  5
8a6
100
AcDbSymbolTableRecord
100
AcDbLinetypeTableRecord
  2
9020
 70
64
  3
solid line
 72
65
 73
0
 40
0.000000
  0
LTYPE
  5
8a8
100
AcDbSymbolTableRecord
100
AcDbLinetypeTableRecord
  2
4
 70
64
  3
solid line
 72
65
 73
0
 40
0.000000
  0
LTYPE
  5
8aa
100
AcDbSymbolTableRecord
100
AcDbLinetypeTableRecord
  2
9023
 70
64
  3
solid line
 72
65
 73
0
 40
0.000000
  0
LTYPE
  5
8ac
100
AcDbSymbolTableRecord
100
AcDbLinetypeTableRecord
  2
60
 70
64
  3
solid line
 72
65
 73
0
 40
0.000000
  0
LTYPE
  5
8bd
100
AcDbSymbolTableRecord
100
AcDbLinetypeTableRecord
  2
14
 70
64
  3
___ 
 72
65
 73
2
 40
0.800000
 49
0.600000
 74
0
 49
-0.200000
 74
0
  0
LTYPE
  5
8c4
100
AcDbSymbolTableRecord
100
AcDbLinetypeTableRecord
  2
9003
 70
64
  3
solid line
 72
65
 73
0
 40
0.000000
  0
LTYPE
  5
8ce
100
AcDbSymbolTableRecord
100
AcDbLinetypeTableRecord
  2
49
 70
64
  3
______  
 72
65
 73
2
 40
1.600000
 49
1.200000
 74
0
 49
-0.400000
 74
0
  0
LTYPE
  5
8d2
100
AcDbSymbolTableRecord
100
AcDbLinetypeTableRecord
  2
7
 70
64
  3
solid line
 72
65
 73
0
 40
0.000000
  0
LTYPE
  5
920
100
AcDbSymbolTableRecord
100
AcDbLinetypeTableRecord
  2
37
 70
64
  3
______.
 72
65
 73
4
 40
1.200000
 49
1.200000
 74
0
 49
-0.000000
 74
0
 49
0.000000
 74
0
 49
-0.000000
 74
0
  0
LTYPE
  5
92d
100
AcDbSymbolTableRecord
100
AcDbLinetypeTableRecord
  2
10
 70
64
  3
solid line
 72
65
 73
0
 40
0.000000
  0
LTYPE
  5
9a7
100
AcDbSymbolTableRecord
100
AcDbLinetypeTableRecord
  2
36
 70
64
  3
_ 
 72
65
 73
2
 40
0.400000
 49
0.200000
 74
0
 49
-0.200000
 74
0
  0
LTYPE
  5
9ca
100
AcDbSymbolTableRecord
100
AcDbLinetypeTableRecord
  2
1
 70
64
  3
solid line
 72
65
 73
0
 40
0.000000
  0
ENDTAB
999
------------------------
  0
TABLE
  2
LAYER
  5
afc
100
AcDbSymbolTable
 70
8
  0
LAYER
  5
10
100
AcDbSymbolTableRecord
100
AcDbLayerTableRecord
  2
0
 70
0
 62
1
  6
CONTINUOUS
370
-3
390
0
  0
LAYER
  5
14
100
AcDbSymbolTableRecord
100
AcDbLayerTableRecord
  2
Kataster AMT+Grunddiestbarkeit
 70
0
 62
3
  6
CONTINUOUS
370
50
390
0
  0
LAYER
  5
25
100
AcDbSymbolTableRecord
100
AcDbLayerTableRecord
  2
Lageplan sonstiges
 70
0
 62
52
  6
CONTINUOUS
370
50
390
0
  0
LAYER
  5
41
100
AcDbSymbolTableRecord
100
AcDbLayerTableRecord
  2
Fernwärmeleitung
 70
0
 62
7
  6
CONTINUOUS
370
18
390
0
  0
LAYER
  5
73
100
AcDbSymbolTableRecord
100
AcDbLayerTableRecord
  2
sonstige Leitungen TW_SW_RW_El
 70
0
 62
255
  6
CONTINUOUS
370
70
390
0
  0
LAYER
  5
d1
100
AcDbSymbolTableRecord
100
AcDbLayerTableRecord
  2
Beschriftumg +Trassierung
 70
0
 62
52
  6
CONTINUOUS
370
35
390
0
  0
LAYER
  5
103
100
AcDbSymbolTableRecord
100
AcDbLayerTableRecord
  2
Häuser
 70
0
 62
7
  6
CONTINUOUS
370
18
390
0
  0
LAYER
  5
2d1
100
AcDbSymbolTableRecord
100
AcDbLayerTableRecord
  2
Rohroberkante
 70
0
 62
52
  6
CONTINUOUS
370
25
390
0
  0
ENDTAB
999
------------------------
  0
TABLE
  2
STYLE
  5
afd
100
AcDbSymbolTable
 70
12
  0
STYLE
  5
d
100
AcDbSymbolTableRecord
100
AcDbTextStyleTableRecord
  2
Standard
 70
0
 40
0.0
 41
1.000
 50
0.0
 71
0
 42
1.000
  3
txt
  4

  0
STYLE
  5
e
100
AcDbSymbolTableRecord
100
AcDbTextStyleTableRecord
  2
SIMPLEX
 70
0
 40
0.0
 41
1.000
 50
0.0
 71
0
 42
1.000
  3
SIMPLEX
  4

  0
STYLE
  5
2b0
100
AcDbSymbolTableRecord
100
AcDbTextStyleTableRecord
  2
1.8mm gerade
 70
0
 40
0.0
 41
1.000
 50
0.0
 71
0
 42
0.360
  3
SIMPLEX
  4

  0
STYLE
  5
2b3
100
AcDbSymbolTableRecord
100
AcDbTextStyleTableRecord
  2
2.5mm gerade
 70
0
 40
0.0
 41
1.000
 50
0.0
 71
0
 42
0.500
  3
SIMPLEX
  4

  0
STYLE
  5
2ba
100
AcDbSymbolTableRecord
100
AcDbTextStyleTableRecord
  2
3.5mm gerade
 70
0
 40
0.0
 41
1.000
 50
0.0
 71
0
 42
0.700
  3
SIMPLEX
  4

  0
STYLE
  5
2c1
100
AcDbSymbolTableRecord
100
AcDbTextStyleTableRecord
  2
3.5 mm rechts rot
 70
0
 40
0.0
 41
1.000
 50
0.0
 71
0
 42
0.700
  3
SIMPLEX
  4

  0
STYLE
  5
2c4
100
AcDbSymbolTableRecord
100
AcDbTextStyleTableRecord
  2
5 mm gerade
 70
0
 40
0.0
 41
1.000
 50
0.0
 71
0
 42
1.000
  3
SIMPLEX
  4

  0
STYLE
  5
2cb
100
AcDbSymbolTableRecord
100
AcDbTextStyleTableRecord
  2
2.6 mm rechts
 70
0
 40
0.0
 41
1.000
 50
0.0
 71
0
 42
0.520
  3
SIMPLEX
  4

  0
STYLE
  5
2d2
100
AcDbSymbolTableRecord
100
AcDbTextStyleTableRecord
  2
2.0 mm rechts lila
 70
0
 40
0.0
 41
1.000
 50
0.0
 71
0
 42
0.400
  3
SIMPLEX
  4

  0
STYLE
  5
2ec
100
AcDbSymbolTableRecord
100
AcDbTextStyleTableRecord
  2
Flurst}cksnummer
 70
0
 40
0.0
 41
1.000
 50
0.0
 71
0
 42
0.900
  3
SIMPLEX
  4

  0
STYLE
  5
33f
100
AcDbSymbolTableRecord
100
AcDbTextStyleTableRecord
  2
3.5 mm links
 70
0
 40
0.0
 41
1.000
 50
0.0
 71
0
 42
0.700
  3
SIMPLEX
  4

  0
STYLE
  5
34c
100
AcDbSymbolTableRecord
100
AcDbTextStyleTableRecord
  2
4 mm gerade
 70
0
 40
0.0
 41
1.000
 50
0.0
 71
0
 42
0.800
  3
SIMPLEX
  4

  0
ENDTAB
999
------------------------
  0
TABLE
  2
VIEW
  5
afe
100
AcDbSymbolTable
 70
0
  0
ENDTAB
999
------------------------
  0
TABLE
  2
UCS
  5
aff
100
AcDbSymbolTable
 70
0
  0
ENDTAB
999
------------------------
  0
TABLE
  2
APPID
  5
b00
100
AcDbSymbolTable
 70
1
  0
APPID
  5
2
100
AcDbSymbolTableRecord
100
AcDbRegAppTableRecord
  2
ACAD
 70
0
  0
ENDTAB
999
------------------------
  0
TABLE
  2
DIMSTYLE
  5
b01
100
AcDbSymbolTable
 70
1
100
AcDbDimStyleTable
 71
0
  0
DIMSTYLE
105
3
100
AcDbSymbolTableRecord
100
AcDbDimStyleTableRecord
  2
STANDARD
 70
0
  0
ENDTAB
999
------------------------
  0
TABLE
  2
BLOCK_RECORD
  5
b02
100
AcDbSymbolTable
 70
0
  0
BLOCK_RECORD
  5
4
100
AcDbSymbolTableRecord
100
AcDbBlockTableRecord
  2
*MODEL_SPACE
  0
BLOCK_RECORD
  5
7
100
AcDbSymbolTableRecord
100
AcDbBlockTableRecord
  2
*PAPER_SPACE
  0
BLOCK_RECORD
  5
15
100
AcDbSymbolTableRecord
100
AcDbBlockTableRecord
  2
S4
  0
BLOCK_RECORD
  5
2f
100
AcDbSymbolTableRecord
100
AcDbBlockTableRecord
  2
S67
  0
BLOCK_RECORD
  5
43
100
AcDbSymbolTableRecord
100
AcDbBlockTableRecord
  2
S180
  0
BLOCK_RECORD
  5
4c
100
AcDbSymbolTableRecord
100
AcDbBlockTableRecord
  2
S240
  0
BLOCK_RECORD
  5
56
100
AcDbSymbolTableRecord
100
AcDbBlockTableRecord
  2
S120
  0
BLOCK_RECORD
  5
5e
100
AcDbSymbolTableRecord
100
AcDbBlockTableRecord
  2
S93
  0
BLOCK_RECORD
  5
74
100
AcDbSymbolTableRecord
100
AcDbBlockTableRecord
  2
S152
  0
BLOCK_RECORD
  5
8b
100
AcDbSymbolTableRecord
100
AcDbBlockTableRecord
  2
S5
  0
BLOCK_RECORD
  5
91
100
AcDbSymbolTableRecord
100
AcDbBlockTableRecord
  2
S143
  0
BLOCK_RECORD
  5
9b
100
AcDbSymbolTableRecord
100
AcDbBlockTableRecord
  2
S209
  0
BLOCK_RECORD
  5
aa
100
AcDbSymbolTableRecord
100
AcDbBlockTableRecord
  2
S94
  0
BLOCK_RECORD
  5
c2
100
AcDbSymbolTableRecord
100
AcDbBlockTableRecord
  2
S125
  0
BLOCK_RECORD
  5
132
100
AcDbSymbolTableRecord
100
AcDbBlockTableRecord
  2
S10
  0
BLOCK_RECORD
  5
16c
100
AcDbSymbolTableRecord
100
AcDbBlockTableRecord
  2
S181
  0
BLOCK_RECORD
  5
173
100
AcDbSymbolTableRecord
100
AcDbBlockTableRecord
  2
S96
  0
BLOCK_RECORD
  5
17d
100
AcDbSymbolTableRecord
100
AcDbBlockTableRecord
  2
S33
  0
BLOCK_RECORD
  5
27c
100
AcDbSymbolTableRecord
100
AcDbBlockTableRecord
  2
S183
  0
BLOCK_RECORD
  5
618
100
AcDbSymbolTableRecord
100
AcDbBlockTableRecord
  2
*X3
  0
BLOCK_RECORD
  5
67e
100
AcDbSymbolTableRecord
100
AcDbBlockTableRecord
  2
*X134
  0
BLOCK_RECORD
  5
6f2
100
AcDbSymbolTableRecord
100
AcDbBlockTableRecord
  2
*X343
  0
BLOCK_RECORD
  5
75a
100
AcDbSymbolTableRecord
100
AcDbBlockTableRecord
  2
*X547
  0
BLOCK_RECORD
  5
7c6
100
AcDbSymbolTableRecord
100
AcDbBlockTableRecord
  2
*X574
  0
BLOCK_RECORD
  5
83a
100
AcDbSymbolTableRecord
100
AcDbBlockTableRecord
  2
*X575
  0
ENDTAB
  0
ENDSEC
999
========================
  0
SECTION
  2
BLOCKS
999
- - - - - - - - - - - -
  0
BLOCK
  5
5
100
AcDbEntity
 62
0
100
AcDbBlockBegin
  2
*MODEL_SPACE
 70
0
 10
0.000000
 20
0.000000
 30
0.000000
  3
*MODEL_SPACE
  0
ENDBLK
  5
6
100
AcDbEntity
 62
0
100
AcDbBlockEnd
999
- - - - - - - - - - - -
  0
BLOCK
  5
8
100
AcDbEntity
 67
1
 62
0
100
AcDbBlockBegin
  2
*PAPER_SPACE
 70
0
 10
0.000000
 20
0.000000
 30
0.000000
  3
*PAPER_SPACE
  0
ENDBLK
  5
9
100
AcDbEntity
 67
1
 62
0
100
AcDbBlockEnd
999
- - - - - - - - - - - -
  0
BLOCK
  5
16
100
AcDbEntity
 62
0
100
AcDbBlockBegin
  2
S4
 70
0
 10
0.000000
 20
0.000000
 30
0.000000
  3
S4
  0
CIRCLE
  5
17
100
AcDbEntity
 62
0
370
-2
100
AcDbCircle
 10
0.000000
 20
0.000000
 30
0.000000
 40
0.500000
  0
ENDBLK
  5
18
100
AcDbEntity
 62
0
100
AcDbBlockEnd
999
- - - - - - - - - - - -
  0
BLOCK
  5
30
100
AcDbEntity
 62
0
100
AcDbBlockBegin
  2
S67
 70
0
 10
0.000000
 20
-0.215000
 30
0.000000
  3
S67
  0
LINE
  5
31
100
AcDbEntity
 62
0
370
-2
100
AcDbLine
 10
0.000000
 20
-0.500000
 30
0.000000
 11
0.000000
 21
0.355000
 31
0.000000
  0
LINE
  5
32
100
AcDbEntity
 62
0
370
-2
100
AcDbLine
 10
0.000000
 20
0.355000
 30
0.000000
 11
0.050000
 21
-0.500000
 31
0.000000
  0
LINE
  5
33
100
AcDbEntity
 62
0
370
-2
100
AcDbLine
 10
0.050000
 20
-0.500000
 30
0.000000
 11
0.000000
 21
-0.500000
 31
0.000000
  0
LINE
  5
34
100
AcDbEntity
 62
0
370
-2
100
AcDbLine
 10
-0.050000
 20
-0.500000
 30
0.000000
 11
0.000000
 21
0.355000
 31
0.000000
  0
LINE
  5
35
100
AcDbEntity
 62
0
370
-2
100
AcDbLine
 10
0.000000
 20
0.355000
 30
0.000000
 11
-0.100000
 21
-0.500000
 31
0.000000
  0
LINE
  5
36
100
AcDbEntity
 62
0
370
-2
100
AcDbLine
 10
-0.100000
 20
-0.500000
 30
0.000000
 11
-0.050000
 21
-0.500000
 31
0.000000
  0
LINE
  5
37
100
AcDbEntity
 62
0
370
-2
100
AcDbLine
 10
-0.150000
 20
-0.500000
 30
0.000000
 11
0.000000
 21
0.355000
 31
0.000000
  0
LINE
  5
38
100
AcDbEntity
 62
0
370
-2
100
AcDbLine
 10
0.000000
 20
0.355000
 30
0.000000
 11
0.150000
 21
-0.500000
 31
0.000000
  0
LINE
  5
39
100
AcDbEntity
 62
0
370
-2
100
AcDbLine
 10
0.150000
 20
-0.500000
 30
0.000000
 11
0.100000
 21
-0.500000
 31
0.000000
  0
LINE
  5
3a
100
AcDbEntity
 62
0
370
-2
100
AcDbLine
 10
0.100000
 20
-0.500000
 30
0.000000
 11
0.000000
 21
0.355000
 31
0.000000
  0
LINE
  5
3b
100
AcDbEntity
 62
0
370
-2
100
AcDbLine
 10
0.000000
 20
0.355000
 30
0.000000
 11
-0.200000
 21
-0.500000
 31
0.000000
  0
LINE
  5
3c
100
AcDbEntity
 62
0
370
-2
100
AcDbLine
 10
-0.200000
 20
-0.500000
 30
0.000000
 11
-0.150000
 21
-0.500000
 31
0.000000
  0
LINE
  5
3d
100
AcDbEntity
 62
0
370
-2
100
AcDbLine
 10
-0.200000
 20
-0.500000
 30
0.000000
 11
0.200000
 21
-0.500000
 31
0.000000
  0
LINE
  5
3e
100
AcDbEntity
 62
0
370
-2
100
AcDbLine
 10
0.200000
 20
-0.500000
 30
0.000000
 11
0.000000
 21
0.355000
 31
0.000000
  0
ENDBLK
  5
3f
100
AcDbEntity
 62
0
100
AcDbBlockEnd
999
- - - - - - - - - - - -
  0
BLOCK
  5
44
100
AcDbEntity
 62
0
100
AcDbBlockBegin
  2
S180
 70
0
 10
0.000000
 20
0.000000
 30
0.000000
  3
S180
  0
LINE
  5
45
100
AcDbEntity
 62
0
370
-2
100
AcDbLine
 10
-0.400000
 20
-0.100000
 30
0.000000
 11
-0.500000
 21
0.000000
 31
0.000000
  0
LINE
  5
46
100
AcDbEntity
 62
0
370
-2
100
AcDbLine
 10
-0.500000
 20
0.000000
 30
0.000000
 11
-0.400000
 21
0.100000
 31
0.000000
  0
LINE
  5
47
100
AcDbEntity
 62
0
370
-2
100
AcDbLine
 10
-0.500000
 20
0.000000
 30
0.000000
 11
0.500000
 21
0.000000
 31
0.000000
  0
ENDBLK
  5
48
100
AcDbEntity
 62
0
100
AcDbBlockEnd
999
- - - - - - - - - - - -
  0
BLOCK
  5
4d
100
AcDbEntity
 62
0
100
AcDbBlockBegin
  2
S240
 70
0
 10
-0.000000
 20
-0.013034
 30
0.000000
  3
S240
  0
LINE
  5
4e
100
AcDbEntity
 62
0
370
-2
100
AcDbLine
 10
-0.293053
 20
-0.490850
 30
0.000000
 11
0.286946
 21
-0.492248
 31
0.000000
  0
LINE
  5
4f
100
AcDbEntity
 62
0
370
-2
100
AcDbLine
 10
0.286946
 20
-0.492248
 30
0.000000
 11
-0.001910
 21
-0.016550
 31
0.000000
  0
LINE
  5
50
100
AcDbEntity
 62
0
370
-2
100
AcDbLine
 10
-0.001910
 20
-0.016550
 30
0.000000
 11
-0.293053
 21
-0.490850
 31
0.000000
  0
LINE
  5
51
100
AcDbEntity
 62
0
370
-2
100
AcDbLine
 10
-0.290679
 20
0.494147
 30
0.000000
 11
0.289319
 21
0.492750
 31
0.000000
  0
LINE
  5
52
100
AcDbEntity
 62
0
370
-2
100
AcDbLine
 10
0.289319
 20
0.492750
 30
0.000000
 11
-0.001910
 21
-0.007639
 31
0.000000
  0
LINE
  5
53
100
AcDbEntity
 62
0
370
-2
100
AcDbLine
 10
-0.001910
 20
-0.007639
 30
0.000000
 11
-0.290679
 21
0.494147
 31
0.000000
  0
ENDBLK
  5
54
100
AcDbEntity
 62
0
100
AcDbBlockEnd
999
- - - - - - - - - - - -
  0
BLOCK
  5
57
100
AcDbEntity
 62
0
100
AcDbBlockBegin
  2
S120
 70
0
 10
0.000000
 20
0.000000
 30
0.000000
  3
S120
  0
LINE
  5
58
100
AcDbEntity
 62
0
370
-2
100
AcDbLine
 10
-0.500000
 20
-0.375000
 30
0.000000
 11
0.500000
 21
-0.375000
 31
0.000000
  0
LINE
  5
59
100
AcDbEntity
 62
0
370
-2
100
AcDbLine
 10
0.500000
 20
-0.375000
 30
0.000000
 11
0.500000
 21
0.375000
 31
0.000000
  0
LINE
  5
5a
100
AcDbEntity
 62
0
370
-2
100
AcDbLine
 10
0.500000
 20
0.375000
 30
0.000000
 11
-0.500000
 21
0.375000
 31
0.000000
  0
LINE
  5
5b
100
AcDbEntity
 62
0
370
-2
100
AcDbLine
 10
-0.500000
 20
0.375000
 30
0.000000
 11
-0.500000
 21
-0.375000
 31
0.000000
  0
ENDBLK
  5
5c
100
AcDbEntity
 62
0
100
AcDbBlockEnd
999
- - - - - - - - - - - -
  0
BLOCK
  5
5f
100
AcDbEntity
 62
0
100
AcDbBlockBegin
  2
S93
 70
0
 10
-0.165000
 20
0.000000
 30
0.000000
  3
S93
  0
LINE
  5
60
100
AcDbEntity
 62
0
370
-2
100
AcDbLine
 10
-0.155000
 20
0.010000
 30
0.000000
 11
0.145000
 21
0.010000
 31
0.000000
  0
LINE
  5
61
100
AcDbEntity
 62
0
370
-2
100
AcDbLine
 10
0.145000
 20
0.010000
 30
0.000000
 11
0.145000
 21
-0.010000
 31
0.000000
  0
LINE
  5
62
100
AcDbEntity
 62
0
370
-2
100
AcDbLine
 10
0.145000
 20
-0.010000
 30
0.000000
 11
-0.155000
 21
-0.010000
 31
0.000000
  0
LINE
  5
63
100
AcDbEntity
 62
0
370
-2
100
AcDbLine
 10
-0.155000
 20
-0.010000
 30
0.000000
 11
-0.155000
 21
-0.350000
 31
0.000000
  0
LINE
  5
64
100
AcDbEntity
 62
0
370
-2
100
AcDbLine
 10
-0.155000
 20
-0.350000
 30
0.000000
 11
-0.180000
 21
-0.350000
 31
0.000000
  0
LINE
  5
65
100
AcDbEntity
 62
0
370
-2
100
AcDbLine
 10
-0.180000
 20
-0.350000
 30
0.000000
 11
-0.180000
 21
-0.010000
 31
0.000000
  0
LINE
  5
66
100
AcDbEntity
 62
0
370
-2
100
AcDbLine
 10
-0.180000
 20
-0.010000
 30
0.000000
 11
-0.490000
 21
-0.010000
 31
0.000000
  0
LINE
  5
67
100
AcDbEntity
 62
0
370
-2
100
AcDbLine
 10
-0.490000
 20
-0.010000
 30
0.000000
 11
-0.490000
 21
0.010000
 31
0.000000
  0
LINE
  5
68
100
AcDbEntity
 62
0
370
-2
100
AcDbLine
 10
-0.490000
 20
0.010000
 30
0.000000
 11
-0.180000
 21
0.010000
 31
0.000000
  0
LINE
  5
69
100
AcDbEntity
 62
0
370
-2
100
AcDbLine
 10
-0.180000
 20
0.010000
 30
0.000000
 11
-0.180000
 21
0.350000
 31
0.000000
  0
LINE
  5
6a
100
AcDbEntity
 62
0
370
-2
100
AcDbLine
 10
-0.180000
 20
0.350000
 30
0.000000
 11
-0.155000
 21
0.350000
 31
0.000000
  0
LINE
  5
6b
100
AcDbEntity
 62
0
370
-2
100
AcDbLine
 10
-0.155000
 20
0.350000
 30
0.000000
 11
-0.155000
 21
0.010000
 31
0.000000
  0
LINE
  5
6c
100
AcDbEntity
 62
0
370
-2
100
AcDbLine
 10
0.200000
 20
0.080000
 30
0.000000
 11
0.445000
 21
-0.490000
 31
0.000000
  0
LINE
  5
6d
100
AcDbEntity
 62
0
370
-2
100
AcDbLine
 10
0.445000
 20
-0.490000
 30
0.000000
 11
0.495000
 21
0.480000
 31
0.000000
  0
LINE
  5
6e
100
AcDbEntity
 62
0
370
-2
100
AcDbLine
 10
0.200000
 20
0.080000
 30
0.000000
 11
-0.010000
 21
-0.490000
 31
0.000000
  0
LINE
  5
6f
100
AcDbEntity
 62
0
370
-2
100
AcDbLine
 10
-0.010000
 20
-0.490000
 30
0.000000
 11
-0.105000
 21
0.480000
 31
0.000000
  0
POINT
  5
70
100
AcDbEntity
 62
0
370
-2
100
AcDbPoint
 10
-0.165000
 20
0.000000
 30
0.000000
  0
ENDBLK
  5
71
100
AcDbEntity
 62
0
100
AcDbBlockEnd
999
- - - - - - - - - - - -
  0
BLOCK
  5
75
100
AcDbEntity
 62
0
100
AcDbBlockBegin
  2
S152
 70
0
 10
0.000000
 20
0.000000
 30
0.000000
  3
S152
  0
LINE
  5
76
100
AcDbEntity
 62
0
370
-2
100
AcDbLine
 10
0.115000
 20
-0.240000
 30
0.000000
 11
-0.045000
 21
-0.385000
 31
0.000000
  0
LINE
  5
77
100
AcDbEntity
 62
0
370
-2
100
AcDbLine
 10
-0.130000
 20
-0.250000
 30
0.000000
 11
-0.050000
 21
-0.245000
 31
0.000000
  0
LINE
  5
78
100
AcDbEntity
 62
0
370
-2
100
AcDbLine
 10
-0.050000
 20
-0.245000
 30
0.000000
 11
0.025000
 21
0.010000
 31
0.000000
  0
LINE
  5
79
100
AcDbEntity
 62
0
370
-2
100
AcDbLine
 10
0.025000
 20
0.010000
 30
0.000000
 11
-0.205000
 21
-0.055000
 31
0.000000
  0
LINE
  5
7a
100
AcDbEntity
 62
0
370
-2
100
AcDbLine
 10
-0.205000
 20
-0.055000
 30
0.000000
 11
-0.105000
 21
0.350000
 31
0.000000
  0
LINE
  5
7b
100
AcDbEntity
 62
0
370
-2
100
AcDbLine
 10
-0.105000
 20
0.350000
 30
0.000000
 11
-0.015000
 21
0.360000
 31
0.000000
  0
LINE
  5
7c
100
AcDbEntity
 62
0
370
-2
100
AcDbLine
 10
-0.015000
 20
0.360000
 30
0.000000
 11
-0.105000
 21
0.035000
 31
0.000000
  0
LINE
  5
7d
100
AcDbEntity
 62
0
370
-2
100
AcDbLine
 10
-0.105000
 20
0.035000
 30
0.000000
 11
0.105000
 21
0.095000
 31
0.000000
  0
LINE
  5
7e
100
AcDbEntity
 62
0
370
-2
100
AcDbLine
 10
0.105000
 20
0.095000
 30
0.000000
 11
0.010000
 21
-0.250000
 31
0.000000
  0
LINE
  5
7f
100
AcDbEntity
 62
0
370
-2
100
AcDbLine
 10
0.010000
 20
-0.250000
 30
0.000000
 11
0.115000
 21
-0.240000
 31
0.000000
  0
LINE
  5
80
100
AcDbEntity
 62
0
370
-2
100
AcDbLine
 10
0.115000
 20
-0.240000
 30
0.000000
 11
-0.030000
 21
-0.300000
 31
0.000000
  0
LINE
  5
81
100
AcDbEntity
 62
0
370
-2
100
AcDbLine
 10
-0.030000
 20
-0.300000
 30
0.000000
 11
0.060000
 21
0.045000
 31
0.000000
  0
LINE
  5
82
100
AcDbEntity
 62
0
370
-2
100
AcDbLine
 10
0.060000
 20
0.045000
 30
0.000000
 11
-0.155000
 21
-0.010000
 31
0.000000
  0
LINE
  5
83
100
AcDbEntity
 62
0
370
-2
100
AcDbLine
 10
-0.155000
 20
-0.010000
 30
0.000000
 11
-0.065000
 21
0.355000
 31
0.000000
  0
LINE
  5
84
100
AcDbEntity
 62
0
370
-2
100
AcDbLine
 10
-0.130000
 20
-0.250000
 30
0.000000
 11
-0.045000
 21
-0.385000
 31
0.000000
  0
LINE
  5
85
100
AcDbEntity
 62
0
370
-2
100
AcDbLine
 10
-0.045000
 20
-0.385000
 30
0.000000
 11
-0.030000
 21
-0.300000
 31
0.000000
  0
LINE
  5
86
100
AcDbEntity
 62
0
370
-2
100
AcDbLine
 10
-0.030000
 20
-0.300000
 30
0.000000
 11
-0.130000
 21
-0.250000
 31
0.000000
  0
ENDBLK
  5
87
100
AcDbEntity
 62
0
100
AcDbBlockEnd
999
- - - - - - - - - - - -
  0
BLOCK
  5
8c
100
AcDbEntity
 62
0
100
AcDbBlockBegin
  2
S5
 70
0
 10
0.000000
 20
0.000000
 30
0.000000
  3
S5
  0
CIRCLE
  5
8d
100
AcDbEntity
 62
0
370
-2
100
AcDbCircle
 10
0.000000
 20
0.000000
 30
0.000000
 40
0.500000
  0
CIRCLE
  5
8e
100
AcDbEntity
 62
0
370
-2
100
AcDbCircle
 10
0.000000
 20
0.000000
 30
0.000000
 40
0.300000
  0
ENDBLK
  5
8f
100
AcDbEntity
 62
0
100
AcDbBlockEnd
999
- - - - - - - - - - - -
  0
BLOCK
  5
92
100
AcDbEntity
 62
0
100
AcDbBlockBegin
  2
S143
 70
0
 10
0.000000
 20
0.000000
 30
0.000000
  3
S143
  0
CIRCLE
  5
93
100
AcDbEntity
 62
0
370
-2
100
AcDbCircle
 10
0.000000
 20
0.000000
 30
0.000000
 40
0.500000
  0
CIRCLE
  5
94
100
AcDbEntity
 62
0
370
-2
100
AcDbCircle
 10
0.000000
 20
0.000000
 30
0.000000
 40
0.450000
  0
CIRCLE
  5
95
100
AcDbEntity
 62
0
370
-2
100
AcDbCircle
 10
0.000000
 20
0.000000
 30
0.000000
 40
0.475000
  0
CIRCLE
  5
96
100
AcDbEntity
 62
0
370
-2
100
AcDbCircle
 10
0.000000
 20
0.000000
 30
0.000000
 40
0.425000
  0
CIRCLE
  5
97
100
AcDbEntity
 62
0
370
-2
100
AcDbCircle
 10
0.000000
 20
0.000000
 30
0.000000
 40
0.400000
  0
CIRCLE
  5
98
100
AcDbEntity
 62
0
370
-2
100
AcDbCircle
 10
0.000000
 20
0.000000
 30
0.000000
 40
0.375000
  0
ENDBLK
  5
99
100
AcDbEntity
 62
0
100
AcDbBlockEnd
999
- - - - - - - - - - - -
  0
BLOCK
  5
9c
100
AcDbEntity
 62
0
100
AcDbBlockBegin
  2
S209
 70
0
 10
0.000000
 20
-0.300000
 30
0.000000
  3
S209
  0
CIRCLE
  5
9d
100
AcDbEntity
 62
0
370
-2
100
AcDbCircle
 10
0.000000
 20
-0.300000
 30
0.000000
 40
0.100000
  0
LINE
  5
9e
100
AcDbEntity
 62
0
370
-2
100
AcDbLine
 10
0.000000
 20
-0.200000
 30
0.000000
 11
0.000000
 21
0.190000
 31
0.000000
  0
LINE
  5
9f
100
AcDbEntity
 62
0
370
-2
100
AcDbLine
 10
0.000000
 20
0.190000
 30
0.000000
 11
0.245000
 21
0.035000
 31
0.000000
  0
LINE
  5
a0
100
AcDbEntity
 62
0
370
-2
100
AcDbLine
 10
0.300000
 20
0.115000
 30
0.000000
 11
0.190000
 21
-0.050000
 31
0.000000
  0
LINE
  5
a1
100
AcDbEntity
 62
0
370
-2
100
AcDbLine
 10
0.000000
 20
0.190000
 30
0.000000
 11
-0.260000
 21
0.025000
 31
0.000000
  0
LINE
  5
a2
100
AcDbEntity
 62
0
370
-2
100
AcDbLine
 10
-0.210000
 20
-0.045000
 30
0.000000
 11
-0.315000
 21
0.110000
 31
0.000000
  0
LINE
  5
a3
100
AcDbEntity
 62
0
370
-2
100
AcDbLine
 10
0.000000
 20
0.190000
 30
0.000000
 11
0.000000
 21
0.350000
 31
0.000000
  0
LINE
  5
a4
100
AcDbEntity
 62
0
370
-2
100
AcDbLine
 10
-0.085000
 20
0.350000
 30
0.000000
 11
0.090000
 21
0.350000
 31
0.000000
  0
ENDBLK
  5
a5
100
AcDbEntity
 62
0
100
AcDbBlockEnd
999
- - - - - - - - - - - -
  0
BLOCK
  5
ab
100
AcDbEntity
 62
0
100
AcDbBlockBegin
  2
S94
 70
0
 10
0.000000
 20
0.000000
 30
0.000000
  3
S94
  0
LINE
  5
ac
100
AcDbEntity
 62
0
370
-2
100
AcDbLine
 10
0.010000
 20
0.010000
 30
0.000000
 11
0.350000
 21
0.010000
 31
0.000000
  0
LINE
  5
ad
100
AcDbEntity
 62
0
370
-2
100
AcDbLine
 10
0.350000
 20
0.010000
 30
0.000000
 11
0.350000
 21
-0.010000
 31
0.000000
  0
LINE
  5
ae
100
AcDbEntity
 62
0
370
-2
100
AcDbLine
 10
0.350000
 20
-0.010000
 30
0.000000
 11
0.010000
 21
-0.010000
 31
0.000000
  0
LINE
  5
af
100
AcDbEntity
 62
0
370
-2
100
AcDbLine
 10
0.010000
 20
-0.010000
 30
0.000000
 11
0.010000
 21
-0.350000
 31
0.000000
  0
LINE
  5
b0
100
AcDbEntity
 62
0
370
-2
100
AcDbLine
 10
0.010000
 20
-0.350000
 30
0.000000
 11
-0.010000
 21
-0.350000
 31
0.000000
  0
LINE
  5
b1
100
AcDbEntity
 62
0
370
-2
100
AcDbLine
 10
-0.010000
 20
-0.350000
 30
0.000000
 11
-0.010000
 21
-0.010000
 31
0.000000
  0
LINE
  5
b2
100
AcDbEntity
 62
0
370
-2
100
AcDbLine
 10
-0.010000
 20
-0.010000
 30
0.000000
 11
-0.350000
 21
-0.010000
 31
0.000000
  0
LINE
  5
b3
100
AcDbEntity
 62
0
370
-2
100
AcDbLine
 10
-0.350000
 20
-0.010000
 30
0.000000
 11
-0.350000
 21
0.010000
 31
0.000000
  0
LINE
  5
b4
100
AcDbEntity
 62
0
370
-2
100
AcDbLine
 10
-0.350000
 20
0.010000
 30
0.000000
 11
-0.010000
 21
0.010000
 31
0.000000
  0
LINE
  5
b5
100
AcDbEntity
 62
0
370
-2
100
AcDbLine
 10
-0.010000
 20
0.010000
 30
0.000000
 11
-0.010000
 21
0.350000
 31
0.000000
  0
LINE
  5
b6
100
AcDbEntity
 62
0
370
-2
100
AcDbLine
 10
-0.010000
 20
0.350000
 30
0.000000
 11
0.010000
 21
0.350000
 31
0.000000
  0
LINE
  5
b7
100
AcDbEntity
 62
0
370
-2
100
AcDbLine
 10
0.010000
 20
0.350000
 30
0.000000
 11
0.010000
 21
0.010000
 31
0.000000
  0
ARC
  5
b8
100
AcDbEntity
 62
0
370
-2
100
AcDbCircle
 10
0.854997
 20
-0.077963
 30
0.000000
 40
0.765000
100
AcDbArc
 50
180.152529412507
 51
200.830424612159
  0
ARC
  5
b9
100
AcDbEntity
 62
0
370
-2
100
AcDbCircle
 10
1.217715
 20
-0.008181
 30
0.000000
 40
1.130000
100
AcDbArc
 50
166.271102993383
 51
183.643994868276
  0
ARC
  5
ba
100
AcDbEntity
 62
0
370
-2
100
AcDbCircle
 10
0.330701
 20
0.167776
 30
0.000000
 40
0.230000
100
AcDbArc
 50
75.059023864612
 51
156.360883697011
  0
LINE
  5
bb
100
AcDbEntity
 62
0
370
-2
100
AcDbLine
 10
0.305000
 20
-0.070000
 30
0.000000
 11
0.480000
 21
-0.070000
 31
0.000000
  0
LINE
  5
bc
100
AcDbEntity
 62
0
370
-2
100
AcDbLine
 10
0.480000
 20
-0.070000
 30
0.000000
 11
0.500000
 21
-0.210000
 31
0.000000
  0
LINE
  5
bd
100
AcDbEntity
 62
0
370
-2
100
AcDbLine
 10
0.500000
 20
-0.210000
 30
0.000000
 11
0.460000
 21
-0.365000
 31
0.000000
  0
ARC
  5
be
100
AcDbEntity
 62
0
370
-2
100
AcDbCircle
 10
0.308369
 20
-0.178968
 30
0.000000
 40
0.240000
100
AcDbArc
 50
225.449614563326
 51
309.182835117736
  0
ENDBLK
  5
bf
100
AcDbEntity
 62
0
100
AcDbBlockEnd
999
- - - - - - - - - - - -
  0
BLOCK
  5
c3
100
AcDbEntity
 62
0
100
AcDbBlockBegin
  2
S125
 70
0
 10
0.000000
 20
0.000000
 30
0.000000
  3
S125
  0
CIRCLE
  5
c4
100
AcDbEntity
 62
0
370
-2
100
AcDbCircle
 10
0.000000
 20
0.000000
 30
0.000000
 40
0.025000
  0
CIRCLE
  5
c5
100
AcDbEntity
 62
0
370
-2
100
AcDbCircle
 10
0.000000
 20
0.000000
 30
0.000000
 40
0.050000
  0
CIRCLE
  5
c6
100
AcDbEntity
 62
0
370
-2
100
AcDbCircle
 10
0.000000
 20
0.000000
 30
0.000000
 40
0.075000
  0
ENDBLK
  5
c7
100
AcDbEntity
 62
0
100
AcDbBlockEnd
999
- - - - - - - - - - - -
  0
BLOCK
  5
133
100
AcDbEntity
 62
0
100
AcDbBlockBegin
  2
S10
 70
0
 10
0.000000
 20
0.000000
 30
0.000000
  3
S10
  0
LINE
  5
134
100
AcDbEntity
 62
0
370
-2
100
AcDbLine
 10
-0.250000
 20
0.000000
 30
0.000000
 11
0.250000
 21
0.000000
 31
0.000000
  0
LINE
  5
135
100
AcDbEntity
 62
0
370
-2
100
AcDbLine
 10
0.250000
 20
0.250000
 30
0.000000
 11
-0.250000
 21
0.250000
 31
0.000000
  0
ARC
  5
136
100
AcDbEntity
 62
0
370
-2
100
AcDbCircle
 10
-0.250000
 20
0.000000
 30
0.000000
 40
0.250000
100
AcDbArc
 50
90.000000000000
 51
270.000000000000
  0
ARC
  5
137
100
AcDbEntity
 62
0
370
-2
100
AcDbCircle
 10
0.250000
 20
0.000000
 30
0.000000
 40
0.250000
100
AcDbArc
 50
270.000000000000
 51
90.000000000000
  0
LINE
  5
138
100
AcDbEntity
 62
0
370
-2
100
AcDbLine
 10
0.250000
 20
-0.250000
 30
0.000000
 11
-0.250000
 21
-0.250000
 31
0.000000
  0
POINT
  5
139
100
AcDbEntity
 62
0
370
-2
100
AcDbPoint
 10
0.000000
 20
0.000000
 30
0.000000
  0
ENDBLK
  5
13a
100
AcDbEntity
 62
0
100
AcDbBlockEnd
999
- - - - - - - - - - - -
  0
BLOCK
  5
16d
100
AcDbEntity
 62
0
100
AcDbBlockBegin
  2
S181
 70
0
 10
0.000000
 20
0.000000
 30
0.000000
  3
S181
  0
LINE
  5
16e
100
AcDbEntity
 62
0
370
-2
100
AcDbLine
 10
0.000000
 20
-0.400000
 30
0.000000
 11
0.350000
 21
0.350000
 31
0.000000
  0
LINE
  5
16f
100
AcDbEntity
 62
0
370
-2
100
AcDbLine
 10
0.350000
 20
0.350000
 30
0.000000
 11
-0.350000
 21
0.350000
 31
0.000000
  0
LINE
  5
170
100
AcDbEntity
 62
0
370
-2
100
AcDbLine
 10
-0.350000
 20
0.350000
 30
0.000000
 11
0.000000
 21
-0.400000
 31
0.000000
  0
ENDBLK
  5
171
100
AcDbEntity
 62
0
100
AcDbBlockEnd
999
- - - - - - - - - - - -
  0
BLOCK
  5
174
100
AcDbEntity
 62
0
100
AcDbBlockBegin
  2
S96
 70
0
 10
0.000000
 20
0.000000
 30
0.000000
  3
S96
  0
LINE
  5
175
100
AcDbEntity
 62
0
370
-2
100
AcDbLine
 10
0.000000
 20
0.500000
 30
0.000000
 11
0.000000
 21
0.000000
 31
0.000000
  0
LINE
  5
176
100
AcDbEntity
 62
0
370
-2
100
AcDbLine
 10
0.000000
 20
0.000000
 30
0.000000
 11
0.000000
 21
-0.500000
 31
0.000000
  0
ENDBLK
  5
177
100
AcDbEntity
 62
0
100
AcDbBlockEnd
999
- - - - - - - - - - - -
  0
BLOCK
  5
17e
100
AcDbEntity
 62
0
100
AcDbBlockBegin
  2
S33
 70
0
 10
0.000000
 20
0.355000
 30
0.000000
  3
S33
  0
LINE
  5
17f
100
AcDbEntity
 62
0
370
-2
100
AcDbLine
 10
0.000000
 20
0.355000
 30
0.000000
 11
0.000000
 21
-0.500000
 31
0.000000
  0
LINE
  5
180
100
AcDbEntity
 62
0
370
-2
100
AcDbLine
 10
0.000000
 20
-0.500000
 30
0.000000
 11
0.050000
 21
-0.500000
 31
0.000000
  0
LINE
  5
181
100
AcDbEntity
 62
0
370
-2
100
AcDbLine
 10
0.050000
 20
-0.500000
 30
0.000000
 11
0.000000
 21
0.355000
 31
0.000000
  0
LINE
  5
182
100
AcDbEntity
 62
0
370
-2
100
AcDbLine
 10
0.000000
 20
0.355000
 30
0.000000
 11
-0.050000
 21
-0.500000
 31
0.000000
  0
LINE
  5
183
100
AcDbEntity
 62
0
370
-2
100
AcDbLine
 10
-0.050000
 20
-0.500000
 30
0.000000
 11
-0.100000
 21
-0.500000
 31
0.000000
  0
LINE
  5
184
100
AcDbEntity
 62
0
370
-2
100
AcDbLine
 10
-0.100000
 20
-0.500000
 30
0.000000
 11
0.000000
 21
0.355000
 31
0.000000
  0
LINE
  5
185
100
AcDbEntity
 62
0
370
-2
100
AcDbLine
 10
0.000000
 20
0.355000
 30
0.000000
 11
-0.500000
 21
-0.500000
 31
0.000000
  0
LINE
  5
186
100
AcDbEntity
 62
0
370
-2
100
AcDbLine
 10
-0.500000
 20
-0.500000
 30
0.000000
 11
0.500000
 21
-0.500000
 31
0.000000
  0
LINE
  5
187
100
AcDbEntity
 62
0
370
-2
100
AcDbLine
 10
0.500000
 20
-0.500000
 30
0.000000
 11
0.000000
 21
0.355000
 31
0.000000
  0
LINE
  5
188
100
AcDbEntity
 62
0
370
-2
100
AcDbLine
 10
0.000000
 20
0.355000
 30
0.000000
 11
-0.450000
 21
-0.500000
 31
0.000000
  0
LINE
  5
189
100
AcDbEntity
 62
0
370
-2
100
AcDbLine
 10
-0.450000
 20
-0.500000
 30
0.000000
 11
-0.500000
 21
-0.500000
 31
0.000000
  0
LINE
  5
18a
100
AcDbEntity
 62
0
370
-2
100
AcDbLine
 10
-0.400000
 20
-0.500000
 30
0.000000
 11
0.000000
 21
0.355000
 31
0.000000
  0
LINE
  5
18b
100
AcDbEntity
 62
0
370
-2
100
AcDbLine
 10
0.000000
 20
0.355000
 30
0.000000
 11
-0.350000
 21
-0.500000
 31
0.000000
  0
LINE
  5
18c
100
AcDbEntity
 62
0
370
-2
100
AcDbLine
 10
-0.350000
 20
-0.500000
 30
0.000000
 11
-0.400000
 21
-0.500000
 31
0.000000
  0
LINE
  5
18d
100
AcDbEntity
 62
0
370
-2
100
AcDbLine
 10
-0.300000
 20
-0.500000
 30
0.000000
 11
0.000000
 21
0.355000
 31
0.000000
  0
LINE
  5
18e
100
AcDbEntity
 62
0
370
-2
100
AcDbLine
 10
0.000000
 20
0.355000
 30
0.000000
 11
-0.250000
 21
-0.500000
 31
0.000000
  0
LINE
  5
18f
100
AcDbEntity
 62
0
370
-2
100
AcDbLine
 10
-0.250000
 20
-0.500000
 30
0.000000
 11
-0.300000
 21
-0.500000
 31
0.000000
  0
LINE
  5
190
100
AcDbEntity
 62
0
370
-2
100
AcDbLine
 10
-0.200000
 20
-0.500000
 30
0.000000
 11
0.000000
 21
0.355000
 31
0.000000
  0
LINE
  5
191
100
AcDbEntity
 62
0
370
-2
100
AcDbLine
 10
0.000000
 20
0.355000
 30
0.000000
 11
-0.150000
 21
-0.500000
 31
0.000000
  0
LINE
  5
192
100
AcDbEntity
 62
0
370
-2
100
AcDbLine
 10
-0.150000
 20
-0.500000
 30
0.000000
 11
-0.200000
 21
-0.500000
 31
0.000000
  0
LINE
  5
193
100
AcDbEntity
 62
0
370
-2
100
AcDbLine
 10
0.100000
 20
-0.500000
 30
0.000000
 11
0.000000
 21
0.355000
 31
0.000000
  0
LINE
  5
194
100
AcDbEntity
 62
0
370
-2
100
AcDbLine
 10
0.000000
 20
0.355000
 30
0.000000
 11
0.150000
 21
-0.500000
 31
0.000000
  0
LINE
  5
195
100
AcDbEntity
 62
0
370
-2
100
AcDbLine
 10
0.150000
 20
-0.500000
 30
0.000000
 11
0.100000
 21
-0.500000
 31
0.000000
  0
LINE
  5
196
100
AcDbEntity
 62
0
370
-2
100
AcDbLine
 10
0.200000
 20
-0.500000
 30
0.000000
 11
0.000000
 21
0.355000
 31
0.000000
  0
LINE
  5
197
100
AcDbEntity
 62
0
370
-2
100
AcDbLine
 10
0.000000
 20
0.355000
 30
0.000000
 11
0.250000
 21
-0.500000
 31
0.000000
  0
LINE
  5
198
100
AcDbEntity
 62
0
370
-2
100
AcDbLine
 10
0.250000
 20
-0.500000
 30
0.000000
 11
0.200000
 21
-0.500000
 31
0.000000
  0
LINE
  5
199
100
AcDbEntity
 62
0
370
-2
100
AcDbLine
 10
0.300000
 20
-0.500000
 30
0.000000
 11
0.000000
 21
0.355000
 31
0.000000
  0
LINE
  5
19a
100
AcDbEntity
 62
0
370
-2
100
AcDbLine
 10
0.000000
 20
0.355000
 30
0.000000
 11
0.350000
 21
-0.500000
 31
0.000000
  0
LINE
  5
19b
100
AcDbEntity
 62
0
370
-2
100
AcDbLine
 10
0.350000
 20
-0.500000
 30
0.000000
 11
0.300000
 21
-0.500000
 31
0.000000
  0
LINE
  5
19c
100
AcDbEntity
 62
0
370
-2
100
AcDbLine
 10
0.400000
 20
-0.500000
 30
0.000000
 11
0.000000
 21
0.355000
 31
0.000000
  0
LINE
  5
19d
100
AcDbEntity
 62
0
370
-2
100
AcDbLine
 10
0.000000
 20
0.355000
 30
0.000000
 11
0.450000
 21
-0.500000
 31
0.000000
  0
LINE
  5
19e
100
AcDbEntity
 62
0
370
-2
100
AcDbLine
 10
0.450000
 20
-0.500000
 30
0.000000
 11
0.400000
 21
-0.500000
 31
0.000000
  0
ENDBLK
  5
19f
100
AcDbEntity
 62
0
100
AcDbBlockEnd
999
- - - - - - - - - - - -
  0
BLOCK
  5
27d
100
AcDbEntity
 62
0
100
AcDbBlockBegin
  2
S183
 70
0
 10
0.000000
 20
0.000000
 30
0.000000
  3
S183
  0
LINE
  5
27e
100
AcDbEntity
 62
0
370
-2
100
AcDbLine
 10
-0.040000
 20
0.025000
 30
0.000000
 11
-0.040000
 21
0.030000
 31
0.000000
  0
LINE
  5
27f
100
AcDbEntity
 62
0
370
-2
100
AcDbLine
 10
-0.040000
 20
0.030000
 30
0.000000
 11
-0.035000
 21
0.035000
 31
0.000000
  0
LINE
  5
280
100
AcDbEntity
 62
0
370
-2
100
AcDbLine
 10
-0.030000
 20
0.040000
 30
0.000000
 11
-0.030000
 21
0.045000
 31
0.000000
  0
LINE
  5
281
100
AcDbEntity
 62
0
370
-2
100
AcDbLine
 10
-0.030000
 20
0.045000
 30
0.000000
 11
-0.030000
 21
0.050000
 31
0.000000
  0
LINE
  5
282
100
AcDbEntity
 62
0
370
-2
100
AcDbLine
 10
-0.030000
 20
0.050000
 30
0.000000
 11
-0.025000
 21
0.055000
 31
0.000000
  0
LINE
  5
283
100
AcDbEntity
 62
0
370
-2
100
AcDbLine
 10
-0.025000
 20
0.060000
 30
0.000000
 11
-0.020000
 21
0.065000
 31
0.000000
  0
LINE
  5
284
100
AcDbEntity
 62
0
370
-2
100
AcDbLine
 10
-0.015000
 20
0.075000
 30
0.000000
 11
-0.015000
 21
0.080000
 31
0.000000
  0
LINE
  5
285
100
AcDbEntity
 62
0
370
-2
100
AcDbLine
 10
-0.015000
 20
0.080000
 30
0.000000
 11
-0.010000
 21
0.085000
 31
0.000000
  0
LINE
  5
286
100
AcDbEntity
 62
0
370
-2
100
AcDbLine
 10
-0.010000
 20
0.085000
 30
0.000000
 11
-0.010000
 21
0.090000
 31
0.000000
  0
LINE
  5
287
100
AcDbEntity
 62
0
370
-2
100
AcDbLine
 10
-0.010000
 20
0.090000
 30
0.000000
 11
-0.005000
 21
0.095000
 31
0.000000
  0
LINE
  5
288
100
AcDbEntity
 62
0
370
-2
100
AcDbLine
 10
-0.005000
 20
0.100000
 30
0.000000
 11
0.000000
 21
0.105000
 31
0.000000
  0
LINE
  5
289
100
AcDbEntity
 62
0
370
-2
100
AcDbLine
 10
0.000000
 20
0.105000
 30
0.000000
 11
0.000000
 21
0.380000
 31
0.000000
  0
LINE
  5
28a
100
AcDbEntity
 62
0
370
-2
100
AcDbLine
 10
0.000000
 20
0.500000
 30
0.000000
 11
0.000000
 21
0.400000
 31
0.000000
  0
LINE
  5
28b
100
AcDbEntity
 62
0
370
-2
100
AcDbLine
 10
0.000000
 20
0.400000
 30
0.000000
 11
-0.050000
 21
0.000000
 31
0.000000
  0
LINE
  5
28c
100
AcDbEntity
 62
0
370
-2
100
AcDbLine
 10
-0.050000
 20
0.000000
 30
0.000000
 11
0.000000
 21
0.100000
 31
0.000000
  0
LINE
  5
28d
100
AcDbEntity
 62
0
370
-2
100
AcDbLine
 10
0.000000
 20
0.100000
 30
0.000000
 11
0.000000
 21
0.400000
 31
0.000000
  0
LINE
  5
28e
100
AcDbEntity
 62
0
370
-2
100
AcDbLine
 10
0.000000
 20
0.400000
 30
0.000000
 11
0.050000
 21
0.000000
 31
0.000000
  0
LINE
  5
28f
100
AcDbEntity
 62
0
370
-2
100
AcDbLine
 10
0.050000
 20
0.000000
 30
0.000000
 11
0.000000
 21
0.100000
 31
0.000000
  0
LINE
  5
290
100
AcDbEntity
 62
0
370
-2
100
AcDbLine
 10
0.000000
 20
0.100000
 30
0.000000
 11
0.000000
 21
0.000000
 31
0.000000
  0
LINE
  5
291
100
AcDbEntity
 62
0
370
-2
100
AcDbLine
 10
0.000000
 20
0.000000
 30
0.000000
 11
0.000000
 21
-0.500000
 31
0.000000
  0
LINE
  5
292
100
AcDbEntity
 62
0
370
-2
100
AcDbLine
 10
-0.045000
 20
0.020000
 30
0.000000
 11
-0.045000
 21
0.015000
 31
0.000000
  0
LINE
  5
293
100
AcDbEntity
 62
0
370
-2
100
AcDbLine
 10
-0.045000
 20
0.015000
 30
0.000000
 11
0.000000
 21
0.380000
 31
0.000000
  0
LINE
  5
294
100
AcDbEntity
 62
0
370
-2
100
AcDbLine
 10
0.000000
 20
0.380000
 30
0.000000
 11
-0.040000
 21
0.030000
 31
0.000000
  0
LINE
  5
295
100
AcDbEntity
 62
0
370
-2
100
AcDbLine
 10
-0.040000
 20
0.030000
 30
0.000000
 11
-0.010000
 21
0.185000
 31
0.000000
  0
LINE
  5
296
100
AcDbEntity
 62
0
370
-2
100
AcDbLine
 10
-0.010000
 20
0.185000
 30
0.000000
 11
-0.030000
 21
0.050000
 31
0.000000
  0
LINE
  5
297
100
AcDbEntity
 62
0
370
-2
100
AcDbLine
 10
-0.030000
 20
0.050000
 30
0.000000
 11
0.000000
 21
0.380000
 31
0.000000
  0
LINE
  5
298
100
AcDbEntity
 62
0
370
-2
100
AcDbLine
 10
0.000000
 20
0.380000
 30
0.000000
 11
-0.035000
 21
0.035000
 31
0.000000
  0
LINE
  5
299
100
AcDbEntity
 62
0
370
-2
100
AcDbLine
 10
-0.035000
 20
0.035000
 30
0.000000
 11
-0.030000
 21
0.040000
 31
0.000000
  0
LINE
  5
29a
100
AcDbEntity
 62
0
370
-2
100
AcDbLine
 10
-0.030000
 20
0.040000
 30
0.000000
 11
0.000000
 21
0.380000
 31
0.000000
  0
LINE
  5
29b
100
AcDbEntity
 62
0
370
-2
100
AcDbLine
 10
0.000000
 20
0.380000
 30
0.000000
 11
-0.025000
 21
0.060000
 31
0.000000
  0
LINE
  5
29c
100
AcDbEntity
 62
0
370
-2
100
AcDbLine
 10
-0.025000
 20
0.060000
 30
0.000000
 11
-0.025000
 21
0.055000
 31
0.000000
  0
LINE
  5
29d
100
AcDbEntity
 62
0
370
-2
100
AcDbLine
 10
-0.025000
 20
0.055000
 30
0.000000
 11
-0.010000
 21
0.185000
 31
0.000000
  0
LINE
  5
29e
100
AcDbEntity
 62
0
370
-2
100
AcDbLine
 10
-0.010000
 20
0.185000
 30
0.000000
 11
-0.015000
 21
0.075000
 31
0.000000
  0
LINE
  5
29f
100
AcDbEntity
 62
0
370
-2
100
AcDbLine
 10
-0.015000
 20
0.075000
 30
0.000000
 11
-0.020000
 21
0.070000
 31
0.000000
  0
LINE
  5
2a0
100
AcDbEntity
 62
0
370
-2
100
AcDbLine
 10
-0.020000
 20
0.070000
 30
0.000000
 11
-0.020000
 21
0.065000
 31
0.000000
  0
LINE
  5
2a1
100
AcDbEntity
 62
0
370
-2
100
AcDbLine
 10
-0.020000
 20
0.065000
 30
0.000000
 11
0.000000
 21
0.380000
 31
0.000000
  0
LINE
  5
2a2
100
AcDbEntity
 62
0
370
-2
100
AcDbLine
 10
0.000000
 20
0.380000
 30
0.000000
 11
-0.045000
 21
0.020000
 31
0.000000
  0
LINE
  5
2a3
100
AcDbEntity
 62
0
370
-2
100
AcDbLine
 10
-0.045000
 20
0.020000
 30
0.000000
 11
-0.040000
 21
0.025000
 31
0.000000
  0
LINE
  5
2a4
100
AcDbEntity
 62
0
370
-2
100
AcDbLine
 10
-0.040000
 20
0.025000
 30
0.000000
 11
-0.010000
 21
0.185000
 31
0.000000
  0
LINE
  5
2a5
100
AcDbEntity
 62
0
370
-2
100
AcDbLine
 10
-0.010000
 20
0.185000
 30
0.000000
 11
-0.015000
 21
0.080000
 31
0.000000
  0
LINE
  5
2a6
100
AcDbEntity
 62
0
370
-2
100
AcDbLine
 10
-0.015000
 20
0.080000
 30
0.000000
 11
0.000000
 21
0.380000
 31
0.000000
  0
LINE
  5
2a7
100
AcDbEntity
 62
0
370
-2
100
AcDbLine
 10
0.000000
 20
0.380000
 30
0.000000
 11
-0.010000
 21
0.090000
 31
0.000000
  0
LINE
  5
2a8
100
AcDbEntity
 62
0
370
-2
100
AcDbLine
 10
-0.010000
 20
0.090000
 30
0.000000
 11
-0.010000
 21
0.185000
 31
0.000000
  0
LINE
  5
2a9
100
AcDbEntity
 62
0
370
-2
100
AcDbLine
 10
-0.010000
 20
0.185000
 30
0.000000
 11
-0.005000
 21
0.100000
 31
0.000000
  0
LINE
  5
2aa
100
AcDbEntity
 62
0
370
-2
100
AcDbLine
 10
-0.005000
 20
0.100000
 30
0.000000
 11
-0.005000
 21
0.095000
 31
0.000000
  0
LINE
  5
2ab
100
AcDbEntity
 62
0
370
-2
100
AcDbLine
 10
-0.005000
 20
0.095000
 30
0.000000
 11
0.000000
 21
0.380000
 31
0.000000
  0
LINE
  5
2ac
100
AcDbEntity
 62
0
370
-2
100
AcDbLine
 10
0.000000
 20
0.380000
 30
0.000000
 11
-0.010000
 21
0.185000
 31
0.000000
  0
ENDBLK
  5
2ad
100
AcDbEntity
 62
0
100
AcDbBlockEnd
999
- - - - - - - - - - - -
  0
BLOCK
  5
619
100
AcDbEntity
 62
0
100
AcDbBlockBegin
  2
*X3
 70
65
 10
0.000000
 20
0.000000
 30
0.000000
  3
*X3
  0
LINE
  5
61a
100
AcDbEntity
  6
502
 62
255
370
18
100
AcDbLine
 10
3318810.500795
 20
5810133.535261
 30
0.000000
 11
3318811.107065
 21
5810134.093634
 31
0.000000
  0
LINE
  5
61b
100
AcDbEntity
  6
502
 62
255
370
18
100
AcDbLine
 10
3318809.652984
 20
5810133.570129
 30
0.000000
 11
3318811.141932
 21
5810134.941445
 31
0.000000
  0
LINE
  5
61c
100
AcDbEntity
  6
502
 62
255
370
18
100
AcDbLine
 10
3318808.805172
 20
5810133.604996
 30
0.000000
 11
3318811.176799
 21
5810135.789257
 31
0.000000
  0
LINE
  5
61d
100
AcDbEntity
  6
502
 62
255
370
18
100
AcDbLine
 10
3318807.957361
 20
5810133.639863
 30
0.000000
 11
3318811.211666
 21
5810136.637068
 31
0.000000
  0
LINE
  5
61e
100
AcDbEntity
  6
502
 62
255
370
18
100
AcDbLine
 10
3318807.109549
 20
5810133.674730
 30
0.000000
 11
3318811.246533
 21
5810137.484880
 31
0.000000
  0
LINE
  5
61f
100
AcDbEntity
  6
502
 62
255
370
18
100
AcDbLine
 10
3318806.261738
 20
5810133.709597
 30
0.000000
 11
3318811.281401
 21
5810138.332691
 31
0.000000
  0
LINE
  5
620
100
AcDbEntity
  6
502
 62
255
370
18
100
AcDbLine
 10
3318805.413926
 20
5810133.744464
 30
0.000000
 11
3318811.316268
 21
5810139.180503
 31
0.000000
  0
LINE
  5
621
100
AcDbEntity
  6
502
 62
255
370
18
100
AcDbLine
 10
3318804.566115
 20
5810133.779332
 30
0.000000
 11
3318811.351135
 21
5810140.028314
 31
0.000000
  0
LINE
  5
622
100
AcDbEntity
  6
502
 62
255
370
18
100
AcDbLine
 10
3318803.718303
 20
5810133.814199
 30
0.000000
 11
3318811.386002
 21
5810140.876125
 31
0.000000
  0
LINE
  5
623
100
AcDbEntity
  6
502
 62
255
370
18
100
AcDbLine
 10
3318802.870492
 20
5810133.849066
 30
0.000000
 11
3318811.420869
 21
5810141.723937
 31
0.000000
  0
LINE
  5
624
100
AcDbEntity
  6
502
 62
255
370
18
100
AcDbLine
 10
3318802.022681
 20
5810133.883933
 30
0.000000
 11
3318811.455736
 21
5810142.571748
 31
0.000000
  0
LINE
  5
625
100
AcDbEntity
  6
502
 62
255
370
18
100
AcDbLine
 10
3318801.174869
 20
5810133.918800
 30
0.000000
 11
3318811.490603
 21
5810143.419560
 31
0.000000
  0
LINE
  5
626
100
AcDbEntity
  6
502
 62
255
370
18
100
AcDbLine
 10
3318800.327058
 20
5810133.953667
 30
0.000000
 11
3318811.525471
 21
5810144.267371
 31
0.000000
  0
LINE
  5
627
100
AcDbEntity
  6
502
 62
255
370
18
100
AcDbLine
 10
3318799.479246
 20
5810133.988535
 30
0.000000
 11
3318811.560338
 21
5810145.115183
 31
0.000000
  0
LINE
  5
628
100
AcDbEntity
  6
502
 62
255
370
18
100
AcDbLine
 10
3318798.631435
 20
5810134.023402
 30
0.000000
 11
3318811.595205
 21
5810145.962994
 31
0.000000
  0
LINE
  5
629
100
AcDbEntity
  6
502
 62
255
370
18
100
AcDbLine
 10
3318797.783623
 20
5810134.058269
 30
0.000000
 11
3318811.630072
 21
5810146.810806
 31
0.000000
  0
LINE
  5
62a
100
AcDbEntity
  6
502
 62
255
370
18
100
AcDbLine
 10
3318796.935812
 20
5810134.093136
 30
0.000000
 11
3318811.664939
 21
5810147.658617
 31
0.000000
  0
LINE
  5
62b
100
AcDbEntity
  6
502
 62
255
370
18
100
AcDbLine
 10
3318796.088000
 20
5810134.128003
 30
0.000000
 11
3318811.699806
 21
5810148.506429
 31
0.000000
  0
LINE
  5
62c
100
AcDbEntity
  6
502
 62
255
370
18
100
AcDbLine
 10
3318795.240189
 20
5810134.162870
 30
0.000000
 11
3318811.734674
 21
5810149.354240
 31
0.000000
  0
LINE
  5
62d
100
AcDbEntity
  6
502
 62
255
370
18
100
AcDbLine
 10
3318794.392377
 20
5810134.197738
 30
0.000000
 11
3318811.769541
 21
5810150.202052
 31
0.000000
  0
LINE
  5
62e
100
AcDbEntity
  6
502
 62
255
370
18
100
AcDbLine
 10
3318793.544566
 20
5810134.232605
 30
0.000000
 11
3318811.804408
 21
5810151.049863
 31
0.000000
  0
LINE
  5
62f
100
AcDbEntity
  6
502
 62
255
370
18
100
AcDbLine
 10
3318792.758933
 20
5810134.324738
 30
0.000000
 11
3318811.018775
 21
5810151.141996
 31
0.000000
  0
LINE
  5
630
100
AcDbEntity
  6
502
 62
255
370
18
100
AcDbLine
 10
3318811.018775
 20
5810151.141996
 30
0.000000
 11
3318811.018775
 21
5810151.141996
 31
0.000000
  0
LINE
  5
631
100
AcDbEntity
  6
502
 62
255
370
18
100
AcDbLine
 10
3318792.793800
 20
5810135.172549
 30
0.000000
 11
3318810.170963
 21
5810151.176863
 31
0.000000
  0
LINE
  5
632
100
AcDbEntity
  6
502
 62
255
370
18
100
AcDbLine
 10
3318810.170963
 20
5810151.176863
 30
0.000000
 11
3318810.170963
 21
5810151.176863
 31
0.000000
  0
LINE
  5
633
100
AcDbEntity
  6
502
 62
255
370
18
100
AcDbLine
 10
3318792.828667
 20
5810136.020361
 30
0.000000
 11
3318809.323152
 21
5810151.211730
 31
0.000000
  0
LINE
  5
634
100
AcDbEntity
  6
502
 62
255
370
18
100
AcDbLine
 10
3318809.323152
 20
5810151.211730
 30
0.000000
 11
3318809.323152
 21
5810151.211730
 31
0.000000
  0
LINE
  5
635
100
AcDbEntity
  6
502
 62
255
370
18
100
AcDbLine
 10
3318792.863534
 20
5810136.868172
 30
0.000000
 11
3318808.475340
 21
5810151.246598
 31
0.000000
  0
LINE
  5
636
100
AcDbEntity
  6
502
 62
255
370
18
100
AcDbLine
 10
3318808.475340
 20
5810151.246598
 30
0.000000
 11
3318808.475340
 21
5810151.246598
 31
0.000000
  0
LINE
  5
637
100
AcDbEntity
  6
502
 62
255
370
18
100
AcDbLine
 10
3318792.898401
 20
5810137.715984
 30
0.000000
 11
3318807.627529
 21
5810151.281465
 31
0.000000
  0
LINE
  5
638
100
AcDbEntity
  6
502
 62
255
370
18
100
AcDbLine
 10
3318807.627529
 20
5810151.281465
 30
0.000000
 11
3318807.627529
 21
5810151.281465
 31
0.000000
  0
LINE
  5
639
100
AcDbEntity
  6
502
 62
255
370
18
100
AcDbLine
 10
3318792.933269
 20
5810138.563795
 30
0.000000
 11
3318806.779717
 21
5810151.316332
 31
0.000000
  0
LINE
  5
63a
100
AcDbEntity
  6
502
 62
255
370
18
100
AcDbLine
 10
3318792.968136
 20
5810139.411607
 30
0.000000
 11
3318805.931906
 21
5810151.351199
 31
0.000000
  0
LINE
  5
63b
100
AcDbEntity
  6
502
 62
255
370
18
100
AcDbLine
 10
3318793.003003
 20
5810140.259418
 30
0.000000
 11
3318805.084095
 21
5810151.386066
 31
0.000000
  0
LINE
  5
63c
100
AcDbEntity
  6
502
 62
255
370
18
100
AcDbLine
 10
3318793.037870
 20
5810141.107230
 30
0.000000
 11
3318804.236283
 21
5810151.420933
 31
0.000000
  0
LINE
  5
63d
100
AcDbEntity
  6
502
 62
255
370
18
100
AcDbLine
 10
3318793.072737
 20
5810141.955041
 30
0.000000
 11
3318803.388472
 21
5810151.455801
 31
0.000000
  0
LINE
  5
63e
100
AcDbEntity
  6
502
 62
255
370
18
100
AcDbLine
 10
3318793.107604
 20
5810142.802853
 30
0.000000
 11
3318802.540660
 21
5810151.490668
 31
0.000000
  0
LINE
  5
63f
100
AcDbEntity
  6
502
 62
255
370
18
100
AcDbLine
 10
3318793.142471
 20
5810143.650664
 30
0.000000
 11
3318801.692849
 21
5810151.525535
 31
0.000000
  0
LINE
  5
640
100
AcDbEntity
  6
502
 62
255
370
18
100
AcDbLine
 10
3318793.177339
 20
5810144.498475
 30
0.000000
 11
3318800.845037
 21
5810151.560402
 31
0.000000
  0
LINE
  5
641
100
AcDbEntity
  6
502
 62
255
370
18
100
AcDbLine
 10
3318793.212206
 20
5810145.346287
 30
0.000000
 11
3318799.997226
 21
5810151.595269
 31
0.000000
  0
LINE
  5
642
100
AcDbEntity
  6
502
 62
255
370
18
100
AcDbLine
 10
3318793.247073
 20
5810146.194098
 30
0.000000
 11
3318799.149414
 21
5810151.630136
 31
0.000000
  0
LINE
  5
643
100
AcDbEntity
  6
502
 62
255
370
18
100
AcDbLine
 10
3318793.281940
 20
5810147.041910
 30
0.000000
 11
3318798.301603
 21
5810151.665004
 31
0.000000
  0
LINE
  5
644
100
AcDbEntity
  6
502
 62
255
370
18
100
AcDbLine
 10
3318793.316807
 20
5810147.889721
 30
0.000000
 11
3318797.453791
 21
5810151.699871
 31
0.000000
  0
LINE
  5
645
100
AcDbEntity
  6
502
 62
255
370
18
100
AcDbLine
 10
3318793.351674
 20
5810148.737533
 30
0.000000
 11
3318796.605980
 21
5810151.734738
 31
0.000000
  0
LINE
  5
646
100
AcDbEntity
  6
502
 62
255
370
18
100
AcDbLine
 10
3318793.386542
 20
5810149.585344
 30
0.000000
 11
3318795.758168
 21
5810151.769605
 31
0.000000
  0
LINE
  5
647
100
AcDbEntity
  6
502
 62
255
370
18
100
AcDbLine
 10
3318793.421409
 20
5810150.433156
 30
0.000000
 11
3318794.910357
 21
5810151.804472
 31
0.000000
  0
LINE
  5
648
100
AcDbEntity
  6
502
 62
255
370
18
100
AcDbLine
 10
3318794.910357
 20
5810151.804472
 30
0.000000
 11
3318794.910357
 21
5810151.804472
 31
0.000000
  0
LINE
  5
649
100
AcDbEntity
  6
502
 62
255
370
18
100
AcDbLine
 10
3318793.456276
 20
5810151.280967
 30
0.000000
 11
3318794.062545
 21
5810151.839339
 31
0.000000
  0
LINE
  5
64a
100
AcDbEntity
  6
502
 62
255
370
18
100
AcDbLine
 10
3318794.062545
 20
5810151.839339
 30
0.000000
 11
3318794.062545
 21
5810151.839339
 31
0.000000
  0
LINE
  5
64b
100
AcDbEntity
  6
502
 62
255
370
18
100
AcDbLine
 10
3318811.782916
 20
5810150.527264
 30
0.000000
 11
3318811.224543
 21
5810151.133534
 31
0.000000
  0
LINE
  5
64c
100
AcDbEntity
  6
502
 62
255
370
18
100
AcDbLine
 10
3318811.224543
 20
5810151.133534
 30
0.000000
 11
3318811.224543
 21
5810151.133534
 31
0.000000
  0
LINE
  5
64d
100
AcDbEntity
  6
502
 62
255
370
18
100
AcDbLine
 10
3318811.748048
 20
5810149.679453
 30
0.000000
 11
3318810.376732
 21
5810151.168401
 31
0.000000
  0
LINE
  5
64e
100
AcDbEntity
  6
502
 62
255
370
18
100
AcDbLine
 10
3318810.376732
 20
5810151.168401
 30
0.000000
 11
3318810.376732
 21
5810151.168401
 31
0.000000
  0
LINE
  5
64f
100
AcDbEntity
  6
502
 62
255
370
18
100
AcDbLine
 10
3318811.713181
 20
5810148.831641
 30
0.000000
 11
3318809.528920
 21
5810151.203268
 31
0.000000
  0
LINE
  5
650
100
AcDbEntity
  6
502
 62
255
370
18
100
AcDbLine
 10
3318809.528920
 20
5810151.203268
 30
0.000000
 11
3318809.528920
 21
5810151.203268
 31
0.000000
  0
LINE
  5
651
100
AcDbEntity
  6
502
 62
255
370
18
100
AcDbLine
 10
3318811.678314
 20
5810147.983830
 30
0.000000
 11
3318808.681109
 21
5810151.238135
 31
0.000000
  0
LINE
  5
652
100
AcDbEntity
  6
502
 62
255
370
18
100
AcDbLine
 10
3318808.681109
 20
5810151.238135
 30
0.000000
 11
3318808.681109
 21
5810151.238135
 31
0.000000
  0
LINE
  5
653
100
AcDbEntity
  6
502
 62
255
370
18
100
AcDbLine
 10
3318811.643447
 20
5810147.136018
 30
0.000000
 11
3318807.833297
 21
5810151.273002
 31
0.000000
  0
LINE
  5
654
100
AcDbEntity
  6
502
 62
255
370
18
100
AcDbLine
 10
3318807.833297
 20
5810151.273002
 30
0.000000
 11
3318807.833297
 21
5810151.273002
 31
0.000000
  0
LINE
  5
655
100
AcDbEntity
  6
502
 62
255
370
18
100
AcDbLine
 10
3318811.608580
 20
5810146.288207
 30
0.000000
 11
3318806.985486
 21
5810151.307870
 31
0.000000
  0
LINE
  5
656
100
AcDbEntity
  6
502
 62
255
370
18
100
AcDbLine
 10
3318811.573713
 20
5810145.440395
 30
0.000000
 11
3318806.137674
 21
5810151.342737
 31
0.000000
  0
LINE
  5
657
100
AcDbEntity
  6
502
 62
255
370
18
100
AcDbLine
 10
3318811.538845
 20
5810144.592584
 30
0.000000
 11
3318805.289863
 21
5810151.377604
 31
0.000000
  0
LINE
  5
658
100
AcDbEntity
  6
502
 62
255
370
18
100
AcDbLine
 10
3318811.503978
 20
5810143.744773
 30
0.000000
 11
3318804.442052
 21
5810151.412471
 31
0.000000
  0
LINE
  5
659
100
AcDbEntity
  6
502
 62
255
370
18
100
AcDbLine
 10
3318811.469111
 20
5810142.896961
 30
0.000000
 11
3318803.594240
 21
5810151.447338
 31
0.000000
  0
LINE
  5
65a
100
AcDbEntity
  6
502
 62
255
370
18
100
AcDbLine
 10
3318811.434244
 20
5810142.049150
 30
0.000000
 11
3318802.746429
 21
5810151.482205
 31
0.000000
  0
LINE
  5
65b
100
AcDbEntity
  6
502
 62
255
370
18
100
AcDbLine
 10
3318811.399377
 20
5810141.201338
 30
0.000000
 11
3318801.898617
 21
5810151.517073
 31
0.000000
  0
LINE
  5
65c
100
AcDbEntity
  6
502
 62
255
370
18
100
AcDbLine
 10
3318811.364510
 20
5810140.353527
 30
0.000000
 11
3318801.050806
 21
5810151.551940
 31
0.000000
  0
LINE
  5
65d
100
AcDbEntity
  6
502
 62
255
370
18
100
AcDbLine
 10
3318811.329642
 20
5810139.505715
 30
0.000000
 11
3318800.202994
 21
5810151.586807
 31
0.000000
  0
LINE
  5
65e
100
AcDbEntity
  6
502
 62
255
370
18
100
AcDbLine
 10
3318811.294775
 20
5810138.657904
 30
0.000000
 11
3318799.355183
 21
5810151.621674
 31
0.000000
  0
LINE
  5
65f
100
AcDbEntity
  6
502
 62
255
370
18
100
AcDbLine
 10
3318811.259908
 20
5810137.810092
 30
0.000000
 11
3318798.507371
 21
5810151.656541
 31
0.000000
  0
LINE
  5
660
100
AcDbEntity
  6
502
 62
255
370
18
100
AcDbLine
 10
3318811.225041
 20
5810136.962281
 30
0.000000
 11
3318797.659560
 21
5810151.691408
 31
0.000000
  0
LINE
  5
661
100
AcDbEntity
  6
502
 62
255
370
18
100
AcDbLine
 10
3318811.190174
 20
5810136.114469
 30
0.000000
 11
3318796.811748
 21
5810151.726276
 31
0.000000
  0
LINE
  5
662
100
AcDbEntity
  6
502
 62
255
370
18
100
AcDbLine
 10
3318811.155307
 20
5810135.266658
 30
0.000000
 11
3318795.963937
 21
5810151.761143
 31
0.000000
  0
LINE
  5
663
100
AcDbEntity
  6
502
 62
255
370
18
100
AcDbLine
 10
3318811.120439
 20
5810134.418846
 30
0.000000
 11
3318795.116125
 21
5810151.796010
 31
0.000000
  0
LINE
  5
664
100
AcDbEntity
  6
502
 62
255
370
18
100
AcDbLine
 10
3318795.116125
 20
5810151.796010
 30
0.000000
 11
3318795.116125
 21
5810151.796010
 31
0.000000
  0
LINE
  5
665
100
AcDbEntity
  6
502
 62
255
370
18
100
AcDbLine
 10
3318811.085572
 20
5810133.571035
 30
0.000000
 11
3318794.268314
 21
5810151.830877
 31
0.000000
  0
LINE
  5
666
100
AcDbEntity
  6
502
 62
255
370
18
100
AcDbLine
 10
3318794.268314
 20
5810151.830877
 30
0.000000
 11
3318794.268314
 21
5810151.830877
 31
0.000000
  0
LINE
  5
667
100
AcDbEntity
  6
502
 62
255
370
18
100
AcDbLine
 10
3318810.295027
 20
5810133.543724
 30
0.000000
 11
3318793.477768
 21
5810151.803566
 31
0.000000
  0
LINE
  5
668
100
AcDbEntity
  6
502
 62
255
370
18
100
AcDbLine
 10
3318809.447215
 20
5810133.578591
 30
0.000000
 11
3318793.442901
 21
5810150.955755
 31
0.000000
  0
LINE
  5
669
100
AcDbEntity
  6
502
 62
255
370
18
100
AcDbLine
 10
3318808.599404
 20
5810133.613458
 30
0.000000
 11
3318793.408034
 21
5810150.107943
 31
0.000000
  0
LINE
  5
66a
100
AcDbEntity
  6
502
 62
255
370
18
100
AcDbLine
 10
3318807.751592
 20
5810133.648325
 30
0.000000
 11
3318793.373167
 21
5810149.260132
 31
0.000000
  0
LINE
  5
66b
100
AcDbEntity
  6
502
 62
255
370
18
100
AcDbLine
 10
3318806.903781
 20
5810133.683193
 30
0.000000
 11
3318793.338300
 21
5810148.412320
 31
0.000000
  0
LINE
  5
66c
100
AcDbEntity
  6
502
 62
255
370
18
100
AcDbLine
 10
3318806.055969
 20
5810133.718060
 30
0.000000
 11
3318793.303433
 21
5810147.564509
 31
0.000000
  0
LINE
  5
66d
100
AcDbEntity
  6
502
 62
255
370
18
100
AcDbLine
 10
3318805.208158
 20
5810133.752927
 30
0.000000
 11
3318793.268565
 21
5810146.716697
 31
0.000000
  0
LINE
  5
66e
100
AcDbEntity
  6
502
 62
255
370
18
100
AcDbLine
 10
3318804.360346
 20
5810133.787794
 30
0.000000
 11
3318793.233698
 21
5810145.868886
 31
0.000000
  0
LINE
  5
66f
100
AcDbEntity
  6
502
 62
255
370
18
100
AcDbLine
 10
3318803.512535
 20
5810133.822661
 30
0.000000
 11
3318793.198831
 21
5810145.021074
 31
0.000000
  0
LINE
  5
670
100
AcDbEntity
  6
502
 62
255
370
18
100
AcDbLine
 10
3318802.664724
 20
5810133.857528
 30
0.000000
 11
3318793.163964
 21
5810144.173263
 31
0.000000
  0
LINE
  5
671
100
AcDbEntity
  6
502
 62
255
370
18
100
AcDbLine
 10
3318801.816912
 20
5810133.892396
 30
0.000000
 11
3318793.129097
 21
5810143.325451
 31
0.000000
  0
LINE
  5
672
100
AcDbEntity
  6
502
 62
255
370
18
100
AcDbLine
 10
3318800.969101
 20
5810133.927263
 30
0.000000
 11
3318793.094230
 21
5810142.477640
 31
0.000000
  0
LINE
  5
673
100
AcDbEntity
  6
502
 62
255
370
18
100
AcDbLine
 10
3318800.121289
 20
5810133.962130
 30
0.000000
 11
3318793.059362
 21
5810141.629828
 31
0.000000
  0
LINE
  5
674
100
AcDbEntity
  6
502
 62
255
370
18
100
AcDbLine
 10
3318799.273478
 20
5810133.996997
 30
0.000000
 11
3318793.024495
 21
5810140.782017
 31
0.000000
  0
LINE
  5
675
100
AcDbEntity
  6
502
 62
255
370
18
100
AcDbLine
 10
3318798.425666
 20
5810134.031864
 30
0.000000
 11
3318792.989628
 21
5810139.934205
 31
0.000000
  0
LINE
  5
676
100
AcDbEntity
  6
502
 62
255
370
18
100
AcDbLine
 10
3318797.577855
 20
5810134.066731
 30
0.000000
 11
3318792.954761
 21
5810139.086394
 31
0.000000
  0
LINE
  5
677
100
AcDbEntity
  6
502
 62
255
370
18
100
AcDbLine
 10
3318796.730043
 20
5810134.101599
 30
0.000000
 11
3318792.919894
 21
5810138.238583
 31
0.000000
  0
LINE
  5
678
100
AcDbEntity
  6
502
 62
255
370
18
100
AcDbLine
 10
3318795.882232
 20
5810134.136466
 30
0.000000
 11
3318792.885027
 21
5810137.390771
 31
0.000000
  0
LINE
  5
679
100
AcDbEntity
  6
502
 62
255
370
18
100
AcDbLine
 10
3318795.034420
 20
5810134.171333
 30
0.000000
 11
3318792.850159
 21
5810136.542960
 31
0.000000
  0
LINE
  5
67a
100
AcDbEntity
  6
502
 62
255
370
18
100
AcDbLine
 10
3318794.186609
 20
5810134.206200
 30
0.000000
 11
3318792.815292
 21
5810135.695148
 31
0.000000
  0
LINE
  5
67b
100
AcDbEntity
  6
502
 62
255
370
18
100
AcDbLine
 10
3318793.338797
 20
5810134.241067
 30
0.000000
 11
3318792.780425
 21
5810134.847337
 31
0.000000
  0
ENDBLK
  5
67c
100
AcDbEntity
 62
0
100
AcDbBlockEnd
999
- - - - - - - - - - - -
  0
BLOCK
  5
67f
100
AcDbEntity
 62
0
100
AcDbBlockBegin
  2
*X134
 70
65
 10
0.000000
 20
0.000000
 30
0.000000
  3
*X134
  0
LINE
  5
680
100
AcDbEntity
  6
502
 62
255
370
18
100
AcDbLine
 10
3318881.592746
 20
5810083.120694
 30
0.000000
 11
3318882.265839
 21
5810083.739255
 31
0.000000
  0
LINE
  5
681
100
AcDbEntity
  6
502
 62
255
370
18
100
AcDbLine
 10
3318880.884946
 20
5810083.149305
 30
0.000000
 11
3318882.294348
 21
5810084.444521
 31
0.000000
  0
LINE
  5
682
100
AcDbEntity
  6
502
 62
255
370
18
100
AcDbLine
 10
3318877.600222
 20
5810080.809767
 30
0.000000
 11
3318877.800583
 21
5810080.993896
 31
0.000000
  0
LINE
  5
683
100
AcDbEntity
  6
502
 62
255
370
18
100
AcDbLine
 10
3318880.177146
 20
5810083.177917
 30
0.000000
 11
3318882.322857
 21
5810085.149788
 31
0.000000
  0
LINE
  5
684
100
AcDbEntity
  6
502
 62
255
370
18
100
AcDbLine
 10
3318876.893744
 20
5810080.839594
 30
0.000000
 11
3318877.829092
 21
5810081.699163
 31
0.000000
  0
LINE
  5
685
100
AcDbEntity
  6
502
 62
255
370
18
100
AcDbLine
 10
3318879.469346
 20
5810083.206528
 30
0.000000
 11
3318882.351366
 21
5810085.855054
 31
0.000000
  0
LINE
  5
686
100
AcDbEntity
  6
502
 62
255
370
18
100
AcDbLine
 10
3318876.187267
 20
5810080.869421
 30
0.000000
 11
3318877.857601
 21
5810082.404429
 31
0.000000
  0
LINE
  5
687
100
AcDbEntity
  6
502
 62
255
370
18
100
AcDbLine
 10
3318878.761546
 20
5810083.235140
 30
0.000000
 11
3318882.379875
 21
5810086.560321
 31
0.000000
  0
LINE
  5
688
100
AcDbEntity
  6
502
 62
255
370
18
100
AcDbLine
 10
3318875.480789
 20
5810080.899247
 30
0.000000
 11
3318877.886110
 21
5810083.109696
 31
0.000000
  0
LINE
  5
689
100
AcDbEntity
  6
502
 62
255
370
18
100
AcDbLine
 10
3318878.053747
 20
5810083.263751
 30
0.000000
 11
3318882.408384
 21
5810087.265588
 31
0.000000
  0
LINE
  5
68a
100
AcDbEntity
  6
502
 62
255
370
18
100
AcDbLine
 10
3318874.774312
 20
5810080.929074
 30
0.000000
 11
3318882.436893
 21
5810087.970854
 31
0.000000
  0
LINE
  5
68b
100
AcDbEntity
  6
502
 62
255
370
18
100
AcDbLine
 10
3318874.067834
 20
5810080.958901
 30
0.000000
 11
3318882.465402
 21
5810088.676121
 31
0.000000
  0
LINE
  5
68c
100
AcDbEntity
  6
502
 62
255
370
18
100
AcDbLine
 10
3318873.361357
 20
5810080.988727
 30
0.000000
 11
3318882.493911
 21
5810089.381387
 31
0.000000
  0
LINE
  5
68d
100
AcDbEntity
  6
502
 62
255
370
18
100
AcDbLine
 10
3318872.654879
 20
5810081.018554
 30
0.000000
 11
3318882.522421
 21
5810090.086654
 31
0.000000
  0
LINE
  5
68e
100
AcDbEntity
  6
502
 62
255
370
18
100
AcDbLine
 10
3318871.948402
 20
5810081.048381
 30
0.000000
 11
3318882.550930
 21
5810090.791921
 31
0.000000
  0
LINE
  5
68f
100
AcDbEntity
  6
502
 62
255
370
18
100
AcDbLine
 10
3318871.241925
 20
5810081.078207
 30
0.000000
 11
3318882.579439
 21
5810091.497187
 31
0.000000
  0
LINE
  5
690
100
AcDbEntity
  6
502
 62
255
370
18
100
AcDbLine
 10
3318870.535447
 20
5810081.108034
 30
0.000000
 11
3318882.607948
 21
5810092.202454
 31
0.000000
  0
LINE
  5
691
100
AcDbEntity
  6
502
 62
255
370
18
100
AcDbLine
 10
3318869.828970
 20
5810081.137861
 30
0.000000
 11
3318882.636457
 21
5810092.907720
 31
0.000000
  0
LINE
  5
692
100
AcDbEntity
  6
502
 62
255
370
18
100
AcDbLine
 10
3318869.122492
 20
5810081.167688
 30
0.000000
 11
3318882.664966
 21
5810093.612987
 31
0.000000
  0
LINE
  5
693
100
AcDbEntity
  6
502
 62
255
370
18
100
AcDbLine
 10
3318868.416015
 20
5810081.197514
 30
0.000000
 11
3318882.693475
 21
5810094.318253
 31
0.000000
  0
LINE
  5
694
100
AcDbEntity
  6
502
 62
255
370
18
100
AcDbLine
 10
3318867.709537
 20
5810081.227341
 30
0.000000
 11
3318882.721984
 21
5810095.023520
 31
0.000000
  0
LINE
  5
695
100
AcDbEntity
  6
502
 62
255
370
18
100
AcDbLine
 10
3318867.003060
 20
5810081.257168
 30
0.000000
 11
3318882.573078
 21
5810095.565745
 31
0.000000
  0
LINE
  5
696
100
AcDbEntity
  6
502
 62
255
370
18
100
AcDbLine
 10
3318866.296582
 20
5810081.286994
 30
0.000000
 11
3318881.865286
 21
5810095.594364
 31
0.000000
  0
LINE
  5
697
100
AcDbEntity
  6
502
 62
255
370
18
100
AcDbLine
 10
3318865.590105
 20
5810081.316821
 30
0.000000
 11
3318881.157495
 21
5810095.622983
 31
0.000000
  0
LINE
  5
698
100
AcDbEntity
  6
502
 62
255
370
18
100
AcDbLine
 10
3318864.883628
 20
5810081.346648
 30
0.000000
 11
3318880.449703
 21
5810095.651602
 31
0.000000
  0
LINE
  5
699
100
AcDbEntity
  6
502
 62
255
370
18
100
AcDbLine
 10
3318864.177150
 20
5810081.376474
 30
0.000000
 11
3318879.741911
 21
5810095.680221
 31
0.000000
  0
LINE
  5
69a
100
AcDbEntity
  6
502
 62
255
370
18
100
AcDbLine
 10
3318863.470673
 20
5810081.406301
 30
0.000000
 11
3318879.034120
 21
5810095.708840
 31
0.000000
  0
LINE
  5
69b
100
AcDbEntity
  6
502
 62
255
370
18
100
AcDbLine
 10
3318862.764195
 20
5810081.436128
 30
0.000000
 11
3318878.326328
 21
5810095.737459
 31
0.000000
  0
LINE
  5
69c
100
AcDbEntity
  6
502
 62
255
370
18
100
AcDbLine
 10
3318862.057718
 20
5810081.465954
 30
0.000000
 11
3318877.618536
 21
5810095.766078
 31
0.000000
  0
LINE
  5
69d
100
AcDbEntity
  6
502
 62
255
370
18
100
AcDbLine
 10
3318861.565346
 20
5810081.692540
 30
0.000000
 11
3318876.910745
 21
5810095.794697
 31
0.000000
  0
LINE
  5
69e
100
AcDbEntity
  6
502
 62
255
370
18
100
AcDbLine
 10
3318861.599251
 20
5810082.402766
 30
0.000000
 11
3318876.202953
 21
5810095.823316
 31
0.000000
  0
LINE
  5
69f
100
AcDbEntity
  6
502
 62
255
370
18
100
AcDbLine
 10
3318861.633156
 20
5810083.112991
 30
0.000000
 11
3318875.495162
 21
5810095.851935
 31
0.000000
  0
LINE
  5
6a0
100
AcDbEntity
  6
502
 62
255
370
18
100
AcDbLine
 10
3318861.667061
 20
5810083.823216
 30
0.000000
 11
3318874.787370
 21
5810095.880554
 31
0.000000
  0
LINE
  5
6a1
100
AcDbEntity
  6
502
 62
255
370
18
100
AcDbLine
 10
3318861.067482
 20
5810083.951281
 30
0.000000
 11
3318874.079578
 21
5810095.909173
 31
0.000000
  0
LINE
  5
6a2
100
AcDbEntity
  6
502
 62
255
370
18
100
AcDbLine
 10
3318860.360769
 20
5810083.980891
 30
0.000000
 11
3318873.747705
 21
5810096.283254
 31
0.000000
  0
LINE
  5
6a3
100
AcDbEntity
  6
502
 62
255
370
18
100
AcDbLine
 10
3318859.654056
 20
5810084.010502
 30
0.000000
 11
3318873.038847
 21
5810096.310893
 31
0.000000
  0
LINE
  5
6a4
100
AcDbEntity
  6
502
 62
255
370
18
100
AcDbLine
 10
3318858.947344
 20
5810084.040112
 30
0.000000
 11
3318872.329989
 21
5810096.338532
 31
0.000000
  0
LINE
  5
6a5
100
AcDbEntity
  6
502
 62
255
370
18
100
AcDbLine
 10
3318858.240631
 20
5810084.069722
 30
0.000000
 11
3318871.621131
 21
5810096.366170
 31
0.000000
  0
LINE
  5
6a6
100
AcDbEntity
  6
502
 62
255
370
18
100
AcDbLine
 10
3318857.533918
 20
5810084.099333
 30
0.000000
 11
3318870.912272
 21
5810096.393809
 31
0.000000
  0
LINE
  5
6a7
100
AcDbEntity
  6
502
 62
255
370
18
100
AcDbLine
 10
3318857.364629
 20
5810084.622826
 30
0.000000
 11
3318870.203414
 21
5810096.421448
 31
0.000000
  0
LINE
  5
6a8
100
AcDbEntity
  6
502
 62
255
370
18
100
AcDbLine
 10
3318857.393967
 20
5810085.328854
 30
0.000000
 11
3318869.494556
 21
5810096.449087
 31
0.000000
  0
LINE
  5
6a9
100
AcDbEntity
  6
502
 62
255
370
18
100
AcDbLine
 10
3318857.423304
 20
5810086.034882
 30
0.000000
 11
3318868.785698
 21
5810096.476726
 31
0.000000
  0
LINE
  5
6aa
100
AcDbEntity
  6
502
 62
255
370
18
100
AcDbLine
 10
3318857.452642
 20
5810086.740910
 30
0.000000
 11
3318868.076840
 21
5810096.504365
 31
0.000000
  0
LINE
  5
6ab
100
AcDbEntity
  6
502
 62
255
370
18
100
AcDbLine
 10
3318857.481980
 20
5810087.446939
 30
0.000000
 11
3318867.367982
 21
5810096.532004
 31
0.000000
  0
LINE
  5
6ac
100
AcDbEntity
  6
502
 62
255
370
18
100
AcDbLine
 10
3318857.511318
 20
5810088.152967
 30
0.000000
 11
3318866.298524
 21
5810096.228258
 31
0.000000
  0
LINE
  5
6ad
100
AcDbEntity
  6
502
 62
255
370
18
100
AcDbLine
 10
3318857.540655
 20
5810088.858995
 30
0.000000
 11
3318865.590318
 21
5810096.256496
 31
0.000000
  0
LINE
  5
6ae
100
AcDbEntity
  6
502
 62
255
370
18
100
AcDbLine
 10
3318857.569993
 20
5810089.565023
 30
0.000000
 11
3318864.882112
 21
5810096.284734
 31
0.000000
  0
LINE
  5
6af
100
AcDbEntity
  6
502
 62
255
370
18
100
AcDbLine
 10
3318857.599331
 20
5810090.271051
 30
0.000000
 11
3318864.173905
 21
5810096.312972
 31
0.000000
  0
LINE
  5
6b0
100
AcDbEntity
  6
502
 62
255
370
18
100
AcDbLine
 10
3318857.628669
 20
5810090.977079
 30
0.000000
 11
3318863.465699
 21
5810096.341209
 31
0.000000
  0
LINE
  5
6b1
100
AcDbEntity
  6
502
 62
255
370
18
100
AcDbLine
 10
3318857.658006
 20
5810091.683107
 30
0.000000
 11
3318862.757493
 21
5810096.369447
 31
0.000000
  0
LINE
  5
6b2
100
AcDbEntity
  6
502
 62
255
370
18
100
AcDbLine
 10
3318857.687344
 20
5810092.389136
 30
0.000000
 11
3318862.049287
 21
5810096.397685
 31
0.000000
  0
LINE
  5
6b3
100
AcDbEntity
  6
502
 62
255
370
18
100
AcDbLine
 10
3318857.716682
 20
5810093.095164
 30
0.000000
 11
3318861.341080
 21
5810096.425923
 31
0.000000
  0
LINE
  5
6b4
100
AcDbEntity
  6
502
 62
255
370
18
100
AcDbLine
 10
3318857.746020
 20
5810093.801192
 30
0.000000
 11
3318860.632874
 21
5810096.454161
 31
0.000000
  0
LINE
  5
6b5
100
AcDbEntity
  6
502
 62
255
370
18
100
AcDbLine
 10
3318857.775357
 20
5810094.507220
 30
0.000000
 11
3318859.924668
 21
5810096.482399
 31
0.000000
  0
LINE
  5
6b6
100
AcDbEntity
  6
502
 62
255
370
18
100
AcDbLine
 10
3318857.804695
 20
5810095.213248
 30
0.000000
 11
3318859.216462
 21
5810096.510637
 31
0.000000
  0
LINE
  5
6b7
100
AcDbEntity
  6
502
 62
255
370
18
100
AcDbLine
 10
3318857.834033
 20
5810095.919276
 30
0.000000
 11
3318858.508255
 21
5810096.538875
 31
0.000000
  0
LINE
  5
6b8
100
AcDbEntity
  6
502
 62
255
370
18
100
AcDbLine
 10
3318882.716411
 20
5810094.885651
 30
0.000000
 11
3318882.072828
 21
5810095.585972
 31
0.000000
  0
LINE
  5
6b9
100
AcDbEntity
  6
502
 62
255
370
18
100
AcDbLine
 10
3318882.687799
 20
5810094.177851
 30
0.000000
 11
3318881.367554
 21
5810095.614489
 31
0.000000
  0
LINE
  5
6ba
100
AcDbEntity
  6
502
 62
255
370
18
100
AcDbLine
 10
3318882.659188
 20
5810093.470051
 30
0.000000
 11
3318880.662280
 21
5810095.643007
 31
0.000000
  0
LINE
  5
6bb
100
AcDbEntity
  6
502
 62
255
370
18
100
AcDbLine
 10
3318882.630577
 20
5810092.762251
 30
0.000000
 11
3318879.957006
 21
5810095.671524
 31
0.000000
  0
LINE
  5
6bc
100
AcDbEntity
  6
502
 62
255
370
18
100
AcDbLine
 10
3318882.601965
 20
5810092.054452
 30
0.000000
 11
3318879.251731
 21
5810095.700041
 31
0.000000
  0
LINE
  5
6bd
100
AcDbEntity
  6
502
 62
255
370
18
100
AcDbLine
 10
3318882.573354
 20
5810091.346652
 30
0.000000
 11
3318878.546457
 21
5810095.728558
 31
0.000000
  0
LINE
  5
6be
100
AcDbEntity
  6
502
 62
255
370
18
100
AcDbLine
 10
3318882.544742
 20
5810090.638852
 30
0.000000
 11
3318877.841183
 21
5810095.757075
 31
0.000000
  0
LINE
  5
6bf
100
AcDbEntity
  6
502
 62
255
370
18
100
AcDbLine
 10
3318882.516131
 20
5810089.931052
 30
0.000000
 11
3318877.135909
 21
5810095.785592
 31
0.000000
  0
LINE
  5
6c0
100
AcDbEntity
  6
502
 62
255
370
18
100
AcDbLine
 10
3318882.487519
 20
5810089.223253
 30
0.000000
 11
3318876.430635
 21
5810095.814110
 31
0.000000
  0
LINE
  5
6c1
100
AcDbEntity
  6
502
 62
255
370
18
100
AcDbLine
 10
3318882.458908
 20
5810088.515453
 30
0.000000
 11
3318875.725361
 21
5810095.842627
 31
0.000000
  0
LINE
  5
6c2
100
AcDbEntity
  6
502
 62
255
370
18
100
AcDbLine
 10
3318882.430296
 20
5810087.807653
 30
0.000000
 11
3318875.020087
 21
5810095.871144
 31
0.000000
  0
LINE
  5
6c3
100
AcDbEntity
  6
502
 62
255
370
18
100
AcDbLine
 10
3318882.401685
 20
5810087.099853
 30
0.000000
 11
3318874.314813
 21
5810095.899661
 31
0.000000
  0
LINE
  5
6c4
100
AcDbEntity
  6
502
 62
255
370
18
100
AcDbLine
 10
3318882.373073
 20
5810086.392054
 30
0.000000
 11
3318873.265970
 21
5810096.302037
 31
0.000000
  0
LINE
  5
6c5
100
AcDbEntity
  6
502
 62
255
370
18
100
AcDbLine
 10
3318882.344462
 20
5810085.684254
 30
0.000000
 11
3318872.561666
 21
5810096.329498
 31
0.000000
  0
LINE
  5
6c6
100
AcDbEntity
  6
502
 62
255
370
18
100
AcDbLine
 10
3318882.315850
 20
5810084.976454
 30
0.000000
 11
3318871.857362
 21
5810096.356960
 31
0.000000
  0
LINE
  5
6c7
100
AcDbEntity
  6
502
 62
255
370
18
100
AcDbLine
 10
3318882.287239
 20
5810084.268654
 30
0.000000
 11
3318871.153058
 21
5810096.384421
 31
0.000000
  0
LINE
  5
6c8
100
AcDbEntity
  6
502
 62
255
370
18
100
AcDbLine
 10
3318882.258627
 20
5810083.560854
 30
0.000000
 11
3318870.448755
 21
5810096.411882
 31
0.000000
  0
LINE
  5
6c9
100
AcDbEntity
  6
502
 62
255
370
18
100
AcDbLine
 10
3318881.999158
 20
5810083.104265
 30
0.000000
 11
3318869.744451
 21
5810096.439344
 31
0.000000
  0
LINE
  5
6ca
100
AcDbEntity
  6
502
 62
255
370
18
100
AcDbLine
 10
3318881.293891
 20
5810083.132774
 30
0.000000
 11
3318869.040147
 21
5810096.466805
 31
0.000000
  0
LINE
  5
6cb
100
AcDbEntity
  6
502
 62
255
370
18
100
AcDbLine
 10
3318880.588625
 20
5810083.161283
 30
0.000000
 11
3318868.335844
 21
5810096.494266
 31
0.000000
  0
LINE
  5
6cc
100
AcDbEntity
  6
502
 62
255
370
18
100
AcDbLine
 10
3318879.883358
 20
5810083.189792
 30
0.000000
 11
3318867.631540
 21
5810096.521728
 31
0.000000
  0
LINE
  5
6cd
100
AcDbEntity
  6
502
 62
255
370
18
100
AcDbLine
 10
3318879.178091
 20
5810083.218301
 30
0.000000
 11
3318866.927236
 21
5810096.549189
 31
0.000000
  0
LINE
  5
6ce
100
AcDbEntity
  6
502
 62
255
370
18
100
AcDbLine
 10
3318878.472825
 20
5810083.246811
 30
0.000000
 11
3318866.552402
 21
5810096.218135
 31
0.000000
  0
LINE
  5
6cf
100
AcDbEntity
  6
502
 62
255
370
18
100
AcDbLine
 10
3318877.887528
 20
5810083.144773
 30
0.000000
 11
3318865.847506
 21
5810096.246241
 31
0.000000
  0
LINE
  5
6d0
100
AcDbEntity
  6
502
 62
255
370
18
100
AcDbLine
 10
3318877.858916
 20
5810082.436974
 30
0.000000
 11
3318865.142609
 21
5810096.274347
 31
0.000000
  0
LINE
  5
6d1
100
AcDbEntity
  6
502
 62
255
370
18
100
AcDbLine
 10
3318877.830305
 20
5810081.729174
 30
0.000000
 11
3318864.437713
 21
5810096.302453
 31
0.000000
  0
LINE
  5
6d2
100
AcDbEntity
  6
502
 62
255
370
18
100
AcDbLine
 10
3318877.801694
 20
5810081.021374
 30
0.000000
 11
3318863.732817
 21
5810096.330559
 31
0.000000
  0
LINE
  5
6d3
100
AcDbEntity
  6
502
 62
255
370
18
100
AcDbLine
 10
3318877.305661
 20
5810080.822204
 30
0.000000
 11
3318863.027921
 21
5810096.358665
 31
0.000000
  0
LINE
  5
6d4
100
AcDbEntity
  6
502
 62
255
370
18
100
AcDbLine
 10
3318876.599183
 20
5810080.852030
 30
0.000000
 11
3318862.323025
 21
5810096.386771
 31
0.000000
  0
LINE
  5
6d5
100
AcDbEntity
  6
502
 62
255
370
18
100
AcDbLine
 10
3318875.892706
 20
5810080.881857
 30
0.000000
 11
3318861.618129
 21
5810096.414877
 31
0.000000
  0
LINE
  5
6d6
100
AcDbEntity
  6
502
 62
255
370
18
100
AcDbLine
 10
3318875.186228
 20
5810080.911684
 30
0.000000
 11
3318860.913233
 21
5810096.442983
 31
0.000000
  0
LINE
  5
6d7
100
AcDbEntity
  6
502
 62
255
370
18
100
AcDbLine
 10
3318874.479751
 20
5810080.941510
 30
0.000000
 11
3318860.208337
 21
5810096.471089
 31
0.000000
  0
LINE
  5
6d8
100
AcDbEntity
  6
502
 62
255
370
18
100
AcDbLine
 10
3318873.773273
 20
5810080.971337
 30
0.000000
 11
3318859.503441
 21
5810096.499194
 31
0.000000
  0
LINE
  5
6d9
100
AcDbEntity
  6
502
 62
255
370
18
100
AcDbLine
 10
3318873.066796
 20
5810081.001164
 30
0.000000
 11
3318858.798544
 21
5810096.527300
 31
0.000000
  0
LINE
  5
6da
100
AcDbEntity
  6
502
 62
255
370
18
100
AcDbLine
 10
3318872.360319
 20
5810081.030990
 30
0.000000
 11
3318858.093648
 21
5810096.555406
 31
0.000000
  0
LINE
  5
6db
100
AcDbEntity
  6
502
 62
255
370
18
100
AcDbLine
 10
3318871.653841
 20
5810081.060817
 30
0.000000
 11
3318857.841177
 21
5810096.091202
 31
0.000000
  0
LINE
  5
6dc
100
AcDbEntity
  6
502
 62
255
370
18
100
AcDbLine
 10
3318870.947364
 20
5810081.090644
 30
0.000000
 11
3318857.811800
 21
5810095.384235
 31
0.000000
  0
LINE
  5
6dd
100
AcDbEntity
  6
502
 62
255
370
18
100
AcDbLine
 10
3318870.240886
 20
5810081.120470
 30
0.000000
 11
3318857.782423
 21
5810094.677268
 31
0.000000
  0
LINE
  5
6de
100
AcDbEntity
  6
502
 62
255
370
18
100
AcDbLine
 10
3318869.534409
 20
5810081.150297
 30
0.000000
 11
3318857.753047
 21
5810093.970301
 31
0.000000
  0
LINE
  5
6df
100
AcDbEntity
  6
502
 62
255
370
18
100
AcDbLine
 10
3318868.827931
 20
5810081.180124
 30
0.000000
 11
3318857.723670
 21
5810093.263334
 31
0.000000
  0
LINE
  5
6e0
100
AcDbEntity
  6
502
 62
255
370
18
100
AcDbLine
 10
3318868.121454
 20
5810081.209950
 30
0.000000
 11
3318857.694293
 21
5810092.556367
 31
0.000000
  0
LINE
  5
6e1
100
AcDbEntity
  6
502
 62
255
370
18
100
AcDbLine
 10
3318867.414977
 20
5810081.239777
 30
0.000000
 11
3318857.664916
 21
5810091.849400
 31
0.000000
  0
LINE
  5
6e2
100
AcDbEntity
  6
502
 62
255
370
18
100
AcDbLine
 10
3318866.708499
 20
5810081.269604
 30
0.000000
 11
3318857.635540
 21
5810091.142433
 31
0.000000
  0
LINE
  5
6e3
100
AcDbEntity
  6
502
 62
255
370
18
100
AcDbLine
 10
3318866.002022
 20
5810081.299430
 30
0.000000
 11
3318857.606163
 21
5810090.435466
 31
0.000000
  0
LINE
  5
6e4
100
AcDbEntity
  6
502
 62
255
370
18
100
AcDbLine
 10
3318865.295544
 20
5810081.329257
 30
0.000000
 11
3318857.576786
 21
5810089.728499
 31
0.000000
  0
LINE
  5
6e5
100
AcDbEntity
  6
502
 62
255
370
18
100
AcDbLine
 10
3318864.589067
 20
5810081.359084
 30
0.000000
 11
3318857.547409
 21
5810089.021532
 31
0.000000
  0
LINE
  5
6e6
100
AcDbEntity
  6
502
 62
255
370
18
100
AcDbLine
 10
3318863.882589
 20
5810081.388910
 30
0.000000
 11
3318861.665996
 21
5810083.800918
 31
0.000000
  0
LINE
  5
6e7
100
AcDbEntity
  6
502
 62
255
370
18
100
AcDbLine
 10
3318861.546250
 20
5810083.931221
 30
0.000000
 11
3318857.518033
 21
5810088.314565
 31
0.000000
  0
LINE
  5
6e8
100
AcDbEntity
  6
502
 62
255
370
18
100
AcDbLine
 10
3318863.176112
 20
5810081.418737
 30
0.000000
 11
3318861.632463
 21
5810083.098474
 31
0.000000
  0
LINE
  5
6e9
100
AcDbEntity
  6
502
 62
255
370
18
100
AcDbLine
 10
3318860.839988
 20
5810083.960813
 30
0.000000
 11
3318857.488656
 21
5810087.607598
 31
0.000000
  0
LINE
  5
6ea
100
AcDbEntity
  6
502
 62
255
370
18
100
AcDbLine
 10
3318862.469635
 20
5810081.448564
 30
0.000000
 11
3318861.598930
 21
5810082.396030
 31
0.000000
  0
LINE
  5
6eb
100
AcDbEntity
  6
502
 62
255
370
18
100
AcDbLine
 10
3318860.133727
 20
5810083.990404
 30
0.000000
 11
3318857.459279
 21
5810086.900631
 31
0.000000
  0
LINE
  5
6ec
100
AcDbEntity
  6
502
 62
255
370
18
100
AcDbLine
 10
3318861.763157
 20
5810081.478390
 30
0.000000
 11
3318861.565396
 21
5810081.693586
 31
0.000000
  0
LINE
  5
6ed
100
AcDbEntity
  6
502
 62
255
370
18
100
AcDbLine
 10
3318859.427466
 20
5810084.019996
 30
0.000000
 11
3318857.429902
 21
5810086.193664
 31
0.000000
  0
LINE
  5
6ee
100
AcDbEntity
  6
502
 62
255
370
18
100
AcDbLine
 10
3318858.721204
 20
5810084.049587
 30
0.000000
 11
3318857.400525
 21
5810085.486697
 31
0.000000
  0
LINE
  5
6ef
100
AcDbEntity
  6
502
 62
255
370
18
100
AcDbLine
 10
3318858.014943
 20
5810084.079179
 30
0.000000
 11
3318857.371149
 21
5810084.779730
 31
0.000000
  0
ENDBLK
  5
6f0
100
AcDbEntity
 62
0
100
AcDbBlockEnd
999
- - - - - - - - - - - -
  0
BLOCK
  5
6f3
100
AcDbEntity
 62
0
100
AcDbBlockBegin
  2
*X343
 70
65
 10
0.000000
 20
0.000000
 30
0.000000
  3
*X343
  0
LINE
  5
6f4
100
AcDbEntity
  6
502
 62
255
370
18
100
AcDbLine
 10
3318884.314199
 20
5810130.520868
 30
0.000000
 11
3318884.917503
 21
5810131.075071
 31
0.000000
  0
LINE
  5
6f5
100
AcDbEntity
  6
502
 62
255
370
18
100
AcDbLine
 10
3318883.466433
 20
5810130.556830
 30
0.000000
 11
3318884.953465
 21
5810131.922837
 31
0.000000
  0
LINE
  5
6f6
100
AcDbEntity
  6
502
 62
255
370
18
100
AcDbLine
 10
3318882.618667
 20
5810130.592793
 30
0.000000
 11
3318884.989428
 21
5810132.770602
 31
0.000000
  0
LINE
  5
6f7
100
AcDbEntity
  6
502
 62
255
370
18
100
AcDbLine
 10
3318881.770902
 20
5810130.628755
 30
0.000000
 11
3318885.025390
 21
5810133.618368
 31
0.000000
  0
LINE
  5
6f8
100
AcDbEntity
  6
502
 62
255
370
18
100
AcDbLine
 10
3318880.923136
 20
5810130.664717
 30
0.000000
 11
3318885.061353
 21
5810134.466134
 31
0.000000
  0
LINE
  5
6f9
100
AcDbEntity
  6
502
 62
255
370
18
100
AcDbLine
 10
3318880.075370
 20
5810130.700680
 30
0.000000
 11
3318885.097315
 21
5810135.313899
 31
0.000000
  0
LINE
  5
6fa
100
AcDbEntity
  6
502
 62
255
370
18
100
AcDbLine
 10
3318879.227604
 20
5810130.736642
 30
0.000000
 11
3318885.133277
 21
5810136.161665
 31
0.000000
  0
LINE
  5
6fb
100
AcDbEntity
  6
502
 62
255
370
18
100
AcDbLine
 10
3318878.379839
 20
5810130.772605
 30
0.000000
 11
3318885.169240
 21
5810137.009431
 31
0.000000
  0
LINE
  5
6fc
100
AcDbEntity
  6
502
 62
255
370
18
100
AcDbLine
 10
3318877.532073
 20
5810130.808567
 30
0.000000
 11
3318885.205202
 21
5810137.857197
 31
0.000000
  0
LINE
  5
6fd
100
AcDbEntity
  6
502
 62
255
370
18
100
AcDbLine
 10
3318876.684307
 20
5810130.844529
 30
0.000000
 11
3318885.241164
 21
5810138.704962
 31
0.000000
  0
LINE
  5
6fe
100
AcDbEntity
  6
502
 62
255
370
18
100
AcDbLine
 10
3318875.836542
 20
5810130.880492
 30
0.000000
 11
3318885.277127
 21
5810139.552728
 31
0.000000
  0
LINE
  5
6ff
100
AcDbEntity
  6
502
 62
255
370
18
100
AcDbLine
 10
3318874.988776
 20
5810130.916454
 30
0.000000
 11
3318885.313089
 21
5810140.400494
 31
0.000000
  0
LINE
  5
700
100
AcDbEntity
  6
502
 62
255
370
18
100
AcDbLine
 10
3318874.141010
 20
5810130.952416
 30
0.000000
 11
3318885.349051
 21
5810141.248260
 31
0.000000
  0
LINE
  5
701
100
AcDbEntity
  6
502
 62
255
370
18
100
AcDbLine
 10
3318873.293244
 20
5810130.988379
 30
0.000000
 11
3318885.385014
 21
5810142.096025
 31
0.000000
  0
LINE
  5
702
100
AcDbEntity
  6
502
 62
255
370
18
100
AcDbLine
 10
3318872.445479
 20
5810131.024341
 30
0.000000
 11
3318885.420976
 21
5810142.943791
 31
0.000000
  0
LINE
  5
703
100
AcDbEntity
  6
502
 62
255
370
18
100
AcDbLine
 10
3318871.597713
 20
5810131.060303
 30
0.000000
 11
3318885.456939
 21
5810143.791557
 31
0.000000
  0
LINE
  5
704
100
AcDbEntity
  6
502
 62
255
370
18
100
AcDbLine
 10
3318870.749947
 20
5810131.096266
 30
0.000000
 11
3318885.492901
 21
5810144.639323
 31
0.000000
  0
LINE
  5
705
100
AcDbEntity
  6
502
 62
255
370
18
100
AcDbLine
 10
3318869.902182
 20
5810131.132228
 30
0.000000
 11
3318885.528863
 21
5810145.487088
 31
0.000000
  0
LINE
  5
706
100
AcDbEntity
  6
502
 62
255
370
18
100
AcDbLine
 10
3318869.054416
 20
5810131.168191
 30
0.000000
 11
3318885.564826
 21
5810146.334854
 31
0.000000
  0
LINE
  5
707
100
AcDbEntity
  6
502
 62
255
370
18
100
AcDbLine
 10
3318868.206650
 20
5810131.204153
 30
0.000000
 11
3318885.600788
 21
5810147.182620
 31
0.000000
  0
LINE
  5
708
100
AcDbEntity
  6
502
 62
255
370
18
100
AcDbLine
 10
3318867.358885
 20
5810131.240115
 30
0.000000
 11
3318885.636750
 21
5810148.030385
 31
0.000000
  0
LINE
  5
709
100
AcDbEntity
  6
502
 62
255
370
18
100
AcDbLine
 10
3318866.575763
 20
5810131.335461
 30
0.000000
 11
3318884.808863
 21
5810148.084608
 31
0.000000
  0
LINE
  5
70a
100
AcDbEntity
  6
502
 62
255
370
18
100
AcDbLine
 10
3318884.808863
 20
5810148.084608
 30
0.000000
 11
3318884.808863
 21
5810148.084608
 31
0.000000
  0
LINE
  5
70b
100
AcDbEntity
  6
502
 62
255
370
18
100
AcDbLine
 10
3318866.609561
 20
5810132.181238
 30
0.000000
 11
3318883.961097
 21
5810148.120571
 31
0.000000
  0
LINE
  5
70c
100
AcDbEntity
  6
502
 62
255
370
18
100
AcDbLine
 10
3318883.961097
 20
5810148.120571
 30
0.000000
 11
3318883.961097
 21
5810148.120571
 31
0.000000
  0
LINE
  5
70d
100
AcDbEntity
  6
502
 62
255
370
18
100
AcDbLine
 10
3318866.643359
 20
5810133.027016
 30
0.000000
 11
3318883.113332
 21
5810148.156533
 31
0.000000
  0
LINE
  5
70e
100
AcDbEntity
  6
502
 62
255
370
18
100
AcDbLine
 10
3318883.113332
 20
5810148.156533
 30
0.000000
 11
3318883.113332
 21
5810148.156533
 31
0.000000
  0
LINE
  5
70f
100
AcDbEntity
  6
502
 62
255
370
18
100
AcDbLine
 10
3318866.677157
 20
5810133.872793
 30
0.000000
 11
3318882.265566
 21
5810148.192495
 31
0.000000
  0
LINE
  5
710
100
AcDbEntity
  6
502
 62
255
370
18
100
AcDbLine
 10
3318882.265566
 20
5810148.192495
 30
0.000000
 11
3318882.265566
 21
5810148.192495
 31
0.000000
  0
LINE
  5
711
100
AcDbEntity
  6
502
 62
255
370
18
100
AcDbLine
 10
3318866.710955
 20
5810134.718571
 30
0.000000
 11
3318881.417800
 21
5810148.228458
 31
0.000000
  0
LINE
  5
712
100
AcDbEntity
  6
502
 62
255
370
18
100
AcDbLine
 10
3318881.417800
 20
5810148.228458
 30
0.000000
 11
3318881.417800
 21
5810148.228458
 31
0.000000
  0
LINE
  5
713
100
AcDbEntity
  6
502
 62
255
370
18
100
AcDbLine
 10
3318866.744753
 20
5810135.564348
 30
0.000000
 11
3318880.570034
 21
5810148.264420
 31
0.000000
  0
LINE
  5
714
100
AcDbEntity
  6
502
 62
255
370
18
100
AcDbLine
 10
3318866.778551
 20
5810136.410126
 30
0.000000
 11
3318879.722269
 21
5810148.300382
 31
0.000000
  0
LINE
  5
715
100
AcDbEntity
  6
502
 62
255
370
18
100
AcDbLine
 10
3318866.812349
 20
5810137.255903
 30
0.000000
 11
3318878.874503
 21
5810148.336345
 31
0.000000
  0
LINE
  5
716
100
AcDbEntity
  6
502
 62
255
370
18
100
AcDbLine
 10
3318866.846147
 20
5810138.101680
 30
0.000000
 11
3318878.026737
 21
5810148.372307
 31
0.000000
  0
LINE
  5
717
100
AcDbEntity
  6
502
 62
255
370
18
100
AcDbLine
 10
3318866.879945
 20
5810138.947458
 30
0.000000
 11
3318877.178972
 21
5810148.408269
 31
0.000000
  0
LINE
  5
718
100
AcDbEntity
  6
502
 62
255
370
18
100
AcDbLine
 10
3318866.913743
 20
5810139.793235
 30
0.000000
 11
3318876.331206
 21
5810148.444232
 31
0.000000
  0
LINE
  5
719
100
AcDbEntity
  6
502
 62
255
370
18
100
AcDbLine
 10
3318866.947541
 20
5810140.639013
 30
0.000000
 11
3318875.483440
 21
5810148.480194
 31
0.000000
  0
LINE
  5
71a
100
AcDbEntity
  6
502
 62
255
370
18
100
AcDbLine
 10
3318866.981339
 20
5810141.484790
 30
0.000000
 11
3318874.635675
 21
5810148.516157
 31
0.000000
  0
LINE
  5
71b
100
AcDbEntity
  6
502
 62
255
370
18
100
AcDbLine
 10
3318867.015136
 20
5810142.330568
 30
0.000000
 11
3318873.787909
 21
5810148.552119
 31
0.000000
  0
LINE
  5
71c
100
AcDbEntity
  6
502
 62
255
370
18
100
AcDbLine
 10
3318867.048934
 20
5810143.176345
 30
0.000000
 11
3318872.940143
 21
5810148.588081
 31
0.000000
  0
LINE
  5
71d
100
AcDbEntity
  6
502
 62
255
370
18
100
AcDbLine
 10
3318867.082732
 20
5810144.022123
 30
0.000000
 11
3318872.092377
 21
5810148.624044
 31
0.000000
  0
LINE
  5
71e
100
AcDbEntity
  6
502
 62
255
370
18
100
AcDbLine
 10
3318867.116530
 20
5810144.867900
 30
0.000000
 11
3318871.244612
 21
5810148.660006
 31
0.000000
  0
LINE
  5
71f
100
AcDbEntity
  6
502
 62
255
370
18
100
AcDbLine
 10
3318867.150328
 20
5810145.713678
 30
0.000000
 11
3318870.396846
 21
5810148.695968
 31
0.000000
  0
LINE
  5
720
100
AcDbEntity
  6
502
 62
255
370
18
100
AcDbLine
 10
3318867.184126
 20
5810146.559455
 30
0.000000
 11
3318869.549080
 21
5810148.731931
 31
0.000000
  0
LINE
  5
721
100
AcDbEntity
  6
502
 62
255
370
18
100
AcDbLine
 10
3318869.549080
 20
5810148.731931
 30
0.000000
 11
3318869.549080
 21
5810148.731931
 31
0.000000
  0
LINE
  5
722
100
AcDbEntity
  6
502
 62
255
370
18
100
AcDbLine
 10
3318867.217924
 20
5810147.405233
 30
0.000000
 11
3318868.701315
 21
5810148.767893
 31
0.000000
  0
LINE
  5
723
100
AcDbEntity
  6
502
 62
255
370
18
100
AcDbLine
 10
3318868.701315
 20
5810148.767893
 30
0.000000
 11
3318868.701315
 21
5810148.767893
 31
0.000000
  0
LINE
  5
724
100
AcDbEntity
  6
502
 62
255
370
18
100
AcDbLine
 10
3318867.251722
 20
5810148.251010
 30
0.000000
 11
3318867.853549
 21
5810148.803855
 31
0.000000
  0
LINE
  5
725
100
AcDbEntity
  6
502
 62
255
370
18
100
AcDbLine
 10
3318867.853549
 20
5810148.803855
 30
0.000000
 11
3318867.853549
 21
5810148.803855
 31
0.000000
  0
LINE
  5
726
100
AcDbEntity
  6
502
 62
255
370
18
100
AcDbLine
 10
3318885.613923
 20
5810147.492249
 30
0.000000
 11
3318885.080354
 21
5810148.073092
 31
0.000000
  0
LINE
  5
727
100
AcDbEntity
  6
502
 62
255
370
18
100
AcDbLine
 10
3318885.080354
 20
5810148.073092
 30
0.000000
 11
3318885.080354
 21
5810148.073092
 31
0.000000
  0
LINE
  5
728
100
AcDbEntity
  6
502
 62
255
370
18
100
AcDbLine
 10
3318885.577960
 20
5810146.644484
 30
0.000000
 11
3318884.232588
 21
5810148.109054
 31
0.000000
  0
LINE
  5
729
100
AcDbEntity
  6
502
 62
255
370
18
100
AcDbLine
 10
3318884.232588
 20
5810148.109054
 30
0.000000
 11
3318884.232588
 21
5810148.109054
 31
0.000000
  0
LINE
  5
72a
100
AcDbEntity
  6
502
 62
255
370
18
100
AcDbLine
 10
3318885.541998
 20
5810145.796718
 30
0.000000
 11
3318883.384823
 21
5810148.145016
 31
0.000000
  0
LINE
  5
72b
100
AcDbEntity
  6
502
 62
255
370
18
100
AcDbLine
 10
3318883.384823
 20
5810148.145016
 30
0.000000
 11
3318883.384823
 21
5810148.145016
 31
0.000000
  0
LINE
  5
72c
100
AcDbEntity
  6
502
 62
255
370
18
100
AcDbLine
 10
3318885.506035
 20
5810144.948952
 30
0.000000
 11
3318882.537057
 21
5810148.180979
 31
0.000000
  0
LINE
  5
72d
100
AcDbEntity
  6
502
 62
255
370
18
100
AcDbLine
 10
3318882.537057
 20
5810148.180979
 30
0.000000
 11
3318882.537057
 21
5810148.180979
 31
0.000000
  0
LINE
  5
72e
100
AcDbEntity
  6
502
 62
255
370
18
100
AcDbLine
 10
3318885.470073
 20
5810144.101187
 30
0.000000
 11
3318881.689291
 21
5810148.216941
 31
0.000000
  0
LINE
  5
72f
100
AcDbEntity
  6
502
 62
255
370
18
100
AcDbLine
 10
3318881.689291
 20
5810148.216941
 30
0.000000
 11
3318881.689291
 21
5810148.216941
 31
0.000000
  0
LINE
  5
730
100
AcDbEntity
  6
502
 62
255
370
18
100
AcDbLine
 10
3318885.434111
 20
5810143.253421
 30
0.000000
 11
3318880.841525
 21
5810148.252903
 31
0.000000
  0
LINE
  5
731
100
AcDbEntity
  6
502
 62
255
370
18
100
AcDbLine
 10
3318885.398148
 20
5810142.405655
 30
0.000000
 11
3318879.993760
 21
5810148.288866
 31
0.000000
  0
LINE
  5
732
100
AcDbEntity
  6
502
 62
255
370
18
100
AcDbLine
 10
3318885.362186
 20
5810141.557890
 30
0.000000
 11
3318879.145994
 21
5810148.324828
 31
0.000000
  0
LINE
  5
733
100
AcDbEntity
  6
502
 62
255
370
18
100
AcDbLine
 10
3318885.326224
 20
5810140.710124
 30
0.000000
 11
3318878.298228
 21
5810148.360790
 31
0.000000
  0
LINE
  5
734
100
AcDbEntity
  6
502
 62
255
370
18
100
AcDbLine
 10
3318885.290261
 20
5810139.862358
 30
0.000000
 11
3318877.450462
 21
5810148.396753
 31
0.000000
  0
LINE
  5
735
100
AcDbEntity
  6
502
 62
255
370
18
100
AcDbLine
 10
3318885.254299
 20
5810139.014592
 30
0.000000
 11
3318876.602697
 21
5810148.432715
 31
0.000000
  0
LINE
  5
736
100
AcDbEntity
  6
502
 62
255
370
18
100
AcDbLine
 10
3318885.218337
 20
5810138.166827
 30
0.000000
 11
3318875.754931
 21
5810148.468678
 31
0.000000
  0
LINE
  5
737
100
AcDbEntity
  6
502
 62
255
370
18
100
AcDbLine
 10
3318885.182374
 20
5810137.319061
 30
0.000000
 11
3318874.907165
 21
5810148.504640
 31
0.000000
  0
LINE
  5
738
100
AcDbEntity
  6
502
 62
255
370
18
100
AcDbLine
 10
3318885.146412
 20
5810136.471295
 30
0.000000
 11
3318874.059400
 21
5810148.540602
 31
0.000000
  0
LINE
  5
739
100
AcDbEntity
  6
502
 62
255
370
18
100
AcDbLine
 10
3318885.110449
 20
5810135.623530
 30
0.000000
 11
3318873.211634
 21
5810148.576565
 31
0.000000
  0
LINE
  5
73a
100
AcDbEntity
  6
502
 62
255
370
18
100
AcDbLine
 10
3318885.074487
 20
5810134.775764
 30
0.000000
 11
3318872.363868
 21
5810148.612527
 31
0.000000
  0
LINE
  5
73b
100
AcDbEntity
  6
502
 62
255
370
18
100
AcDbLine
 10
3318885.038525
 20
5810133.927998
 30
0.000000
 11
3318871.516102
 21
5810148.648489
 31
0.000000
  0
LINE
  5
73c
100
AcDbEntity
  6
502
 62
255
370
18
100
AcDbLine
 10
3318885.002562
 20
5810133.080233
 30
0.000000
 11
3318870.668337
 21
5810148.684452
 31
0.000000
  0
LINE
  5
73d
100
AcDbEntity
  6
502
 62
255
370
18
100
AcDbLine
 10
3318884.966600
 20
5810132.232467
 30
0.000000
 11
3318869.820571
 21
5810148.720414
 31
0.000000
  0
LINE
  5
73e
100
AcDbEntity
  6
502
 62
255
370
18
100
AcDbLine
 10
3318884.930638
 20
5810131.384701
 30
0.000000
 11
3318868.972805
 21
5810148.756376
 31
0.000000
  0
LINE
  5
73f
100
AcDbEntity
  6
502
 62
255
370
18
100
AcDbLine
 10
3318868.972805
 20
5810148.756376
 30
0.000000
 11
3318868.972805
 21
5810148.756376
 31
0.000000
  0
LINE
  5
740
100
AcDbEntity
  6
502
 62
255
370
18
100
AcDbLine
 10
3318884.894675
 20
5810130.536935
 30
0.000000
 11
3318868.125039
 21
5810148.792339
 31
0.000000
  0
LINE
  5
741
100
AcDbEntity
  6
502
 62
255
370
18
100
AcDbLine
 10
3318868.125039
 20
5810148.792339
 30
0.000000
 11
3318868.125039
 21
5810148.792339
 31
0.000000
  0
LINE
  5
742
100
AcDbEntity
  6
502
 62
255
370
18
100
AcDbLine
 10
3318884.085805
 20
5810130.530557
 30
0.000000
 11
3318867.277274
 21
5810148.828301
 31
0.000000
  0
LINE
  5
743
100
AcDbEntity
  6
502
 62
255
370
18
100
AcDbLine
 10
3318867.277274
 20
5810148.828301
 30
0.000000
 11
3318867.277274
 21
5810148.828301
 31
0.000000
  0
LINE
  5
744
100
AcDbEntity
  6
502
 62
255
370
18
100
AcDbLine
 10
3318883.238039
 20
5810130.566519
 30
0.000000
 11
3318867.240930
 21
5810147.980950
 31
0.000000
  0
LINE
  5
745
100
AcDbEntity
  6
502
 62
255
370
18
100
AcDbLine
 10
3318882.390273
 20
5810130.602481
 30
0.000000
 11
3318867.206966
 21
5810147.131010
 31
0.000000
  0
LINE
  5
746
100
AcDbEntity
  6
502
 62
255
370
18
100
AcDbLine
 10
3318881.542508
 20
5810130.638444
 30
0.000000
 11
3318867.173002
 21
5810146.281069
 31
0.000000
  0
LINE
  5
747
100
AcDbEntity
  6
502
 62
255
370
18
100
AcDbLine
 10
3318880.694742
 20
5810130.674406
 30
0.000000
 11
3318867.139037
 21
5810145.431128
 31
0.000000
  0
LINE
  5
748
100
AcDbEntity
  6
502
 62
255
370
18
100
AcDbLine
 10
3318879.846976
 20
5810130.710368
 30
0.000000
 11
3318867.105073
 21
5810144.581187
 31
0.000000
  0
LINE
  5
749
100
AcDbEntity
  6
502
 62
255
370
18
100
AcDbLine
 10
3318878.999210
 20
5810130.746331
 30
0.000000
 11
3318867.071109
 21
5810143.731246
 31
0.000000
  0
LINE
  5
74a
100
AcDbEntity
  6
502
 62
255
370
18
100
AcDbLine
 10
3318878.151445
 20
5810130.782293
 30
0.000000
 11
3318867.037144
 21
5810142.881306
 31
0.000000
  0
LINE
  5
74b
100
AcDbEntity
  6
502
 62
255
370
18
100
AcDbLine
 10
3318877.303679
 20
5810130.818255
 30
0.000000
 11
3318867.003180
 21
5810142.031365
 31
0.000000
  0
LINE
  5
74c
100
AcDbEntity
  6
502
 62
255
370
18
100
AcDbLine
 10
3318876.455913
 20
5810130.854218
 30
0.000000
 11
3318866.969216
 21
5810141.181424
 31
0.000000
  0
LINE
  5
74d
100
AcDbEntity
  6
502
 62
255
370
18
100
AcDbLine
 10
3318875.608147
 20
5810130.890180
 30
0.000000
 11
3318866.935251
 21
5810140.331483
 31
0.000000
  0
LINE
  5
74e
100
AcDbEntity
  6
502
 62
255
370
18
100
AcDbLine
 10
3318874.760382
 20
5810130.926143
 30
0.000000
 11
3318866.901287
 21
5810139.481543
 31
0.000000
  0
LINE
  5
74f
100
AcDbEntity
  6
502
 62
255
370
18
100
AcDbLine
 10
3318873.912616
 20
5810130.962105
 30
0.000000
 11
3318866.867323
 21
5810138.631602
 31
0.000000
  0
LINE
  5
750
100
AcDbEntity
  6
502
 62
255
370
18
100
AcDbLine
 10
3318873.064850
 20
5810130.998067
 30
0.000000
 11
3318866.833359
 21
5810137.781661
 31
0.000000
  0
LINE
  5
751
100
AcDbEntity
  6
502
 62
255
370
18
100
AcDbLine
 10
3318872.217085
 20
5810131.034030
 30
0.000000
 11
3318866.799394
 21
5810136.931720
 31
0.000000
  0
LINE
  5
752
100
AcDbEntity
  6
502
 62
255
370
18
100
AcDbLine
 10
3318871.369319
 20
5810131.069992
 30
0.000000
 11
3318866.765430
 21
5810136.081779
 31
0.000000
  0
LINE
  5
753
100
AcDbEntity
  6
502
 62
255
370
18
100
AcDbLine
 10
3318870.521553
 20
5810131.105954
 30
0.000000
 11
3318866.731466
 21
5810135.231839
 31
0.000000
  0
LINE
  5
754
100
AcDbEntity
  6
502
 62
255
370
18
100
AcDbLine
 10
3318869.673787
 20
5810131.141917
 30
0.000000
 11
3318866.697501
 21
5810134.381898
 31
0.000000
  0
LINE
  5
755
100
AcDbEntity
  6
502
 62
255
370
18
100
AcDbLine
 10
3318868.826022
 20
5810131.177879
 30
0.000000
 11
3318866.663537
 21
5810133.531957
 31
0.000000
  0
LINE
  5
756
100
AcDbEntity
  6
502
 62
255
370
18
100
AcDbLine
 10
3318867.978256
 20
5810131.213841
 30
0.000000
 11
3318866.629573
 21
5810132.682016
 31
0.000000
  0
LINE
  5
757
100
AcDbEntity
  6
502
 62
255
370
18
100
AcDbLine
 10
3318867.130490
 20
5810131.249804
 30
0.000000
 11
3318866.595608
 21
5810131.832075
 31
0.000000
  0
ENDBLK
  5
758
100
AcDbEntity
 62
0
100
AcDbBlockEnd
999
- - - - - - - - - - - -
  0
BLOCK
  5
75b
100
AcDbEntity
 62
0
100
AcDbBlockBegin
  2
*X547
 70
65
 10
0.000000
 20
0.000000
 30
0.000000
  3
*X547
  0
LINE
  5
75c
100
AcDbEntity
  6
502
 62
255
370
18
100
AcDbLine
 10
3318864.741222
 20
5810106.114346
 30
0.000000
 11
3318865.408051
 21
5810106.728840
 31
0.000000
  0
LINE
  5
75d
100
AcDbEntity
  6
502
 62
255
370
18
100
AcDbLine
 10
3318864.034783
 20
5810106.143276
 30
0.000000
 11
3318865.437671
 21
5810107.436060
 31
0.000000
  0
LINE
  5
75e
100
AcDbEntity
  6
502
 62
255
370
18
100
AcDbLine
 10
3318863.328344
 20
5810106.172206
 30
0.000000
 11
3318865.467291
 21
5810108.143280
 31
0.000000
  0
LINE
  5
75f
100
AcDbEntity
  6
502
 62
255
370
18
100
AcDbLine
 10
3318862.621905
 20
5810106.201136
 30
0.000000
 11
3318865.496912
 21
5810108.850501
 31
0.000000
  0
LINE
  5
760
100
AcDbEntity
  6
502
 62
255
370
18
100
AcDbLine
 10
3318861.915466
 20
5810106.230065
 30
0.000000
 11
3318865.526532
 21
5810109.557721
 31
0.000000
  0
LINE
  5
761
100
AcDbEntity
  6
502
 62
255
370
18
100
AcDbLine
 10
3318861.209027
 20
5810106.258995
 30
0.000000
 11
3318865.556152
 21
5810110.264942
 31
0.000000
  0
LINE
  5
762
100
AcDbEntity
  6
502
 62
255
370
18
100
AcDbLine
 10
3318860.502588
 20
5810106.287925
 30
0.000000
 11
3318865.585772
 21
5810110.972162
 31
0.000000
  0
LINE
  5
763
100
AcDbEntity
  6
502
 62
255
370
18
100
AcDbLine
 10
3318859.796148
 20
5810106.316855
 30
0.000000
 11
3318865.615392
 21
5810111.679383
 31
0.000000
  0
LINE
  5
764
100
AcDbEntity
  6
502
 62
255
370
18
100
AcDbLine
 10
3318859.089709
 20
5810106.345785
 30
0.000000
 11
3318865.645012
 21
5810112.386603
 31
0.000000
  0
LINE
  5
765
100
AcDbEntity
  6
502
 62
255
370
18
100
AcDbLine
 10
3318858.383270
 20
5810106.374715
 30
0.000000
 11
3318865.674632
 21
5810113.093824
 31
0.000000
  0
LINE
  5
766
100
AcDbEntity
  6
502
 62
255
370
18
100
AcDbLine
 10
3318857.676831
 20
5810106.403645
 30
0.000000
 11
3318865.704252
 21
5810113.801044
 31
0.000000
  0
LINE
  5
767
100
AcDbEntity
  6
502
 62
255
370
18
100
AcDbLine
 10
3318856.970392
 20
5810106.432575
 30
0.000000
 11
3318865.733872
 21
5810114.508264
 31
0.000000
  0
LINE
  5
768
100
AcDbEntity
  6
502
 62
255
370
18
100
AcDbLine
 10
3318856.263953
 20
5810106.461505
 30
0.000000
 11
3318865.763493
 21
5810115.215485
 31
0.000000
  0
LINE
  5
769
100
AcDbEntity
  6
502
 62
255
370
18
100
AcDbLine
 10
3318855.557514
 20
5810106.490435
 30
0.000000
 11
3318865.793113
 21
5810115.922705
 31
0.000000
  0
LINE
  5
76a
100
AcDbEntity
  6
502
 62
255
370
18
100
AcDbLine
 10
3318854.851075
 20
5810106.519364
 30
0.000000
 11
3318865.822733
 21
5810116.629926
 31
0.000000
  0
LINE
  5
76b
100
AcDbEntity
  6
502
 62
255
370
18
100
AcDbLine
 10
3318854.144635
 20
5810106.548294
 30
0.000000
 11
3318865.852353
 21
5810117.337146
 31
0.000000
  0
LINE
  5
76c
100
AcDbEntity
  6
502
 62
255
370
18
100
AcDbLine
 10
3318853.438196
 20
5810106.577224
 30
0.000000
 11
3318865.881973
 21
5810118.044367
 31
0.000000
  0
LINE
  5
76d
100
AcDbEntity
  6
502
 62
255
370
18
100
AcDbLine
 10
3318852.731757
 20
5810106.606154
 30
0.000000
 11
3318865.911593
 21
5810118.751587
 31
0.000000
  0
LINE
  5
76e
100
AcDbEntity
  6
502
 62
255
370
18
100
AcDbLine
 10
3318852.025318
 20
5810106.635084
 30
0.000000
 11
3318865.941213
 21
5810119.458807
 31
0.000000
  0
LINE
  5
76f
100
AcDbEntity
  6
502
 62
255
370
18
100
AcDbLine
 10
3318851.318879
 20
5810106.664014
 30
0.000000
 11
3318865.970833
 21
5810120.166028
 31
0.000000
  0
LINE
  5
770
100
AcDbEntity
  6
502
 62
255
370
18
100
AcDbLine
 10
3318850.612440
 20
5810106.692944
 30
0.000000
 11
3318866.000453
 21
5810120.873248
 31
0.000000
  0
LINE
  5
771
100
AcDbEntity
  6
502
 62
255
370
18
100
AcDbLine
 10
3318849.906001
 20
5810106.721874
 30
0.000000
 11
3318866.030073
 21
5810121.580469
 31
0.000000
  0
LINE
  5
772
100
AcDbEntity
  6
502
 62
255
370
18
100
AcDbLine
 10
3318849.199561
 20
5810106.750804
 30
0.000000
 11
3318866.059694
 21
5810122.287689
 31
0.000000
  0
LINE
  5
773
100
AcDbEntity
  6
502
 62
255
370
18
100
AcDbLine
 10
3318848.493122
 20
5810106.779733
 30
0.000000
 11
3318866.089314
 21
5810122.994910
 31
0.000000
  0
LINE
  5
774
100
AcDbEntity
  6
502
 62
255
370
18
100
AcDbLine
 10
3318847.786683
 20
5810106.808663
 30
0.000000
 11
3318866.037053
 21
5810123.626676
 31
0.000000
  0
LINE
  5
775
100
AcDbEntity
  6
502
 62
255
370
18
100
AcDbLine
 10
3318847.080244
 20
5810106.837593
 30
0.000000
 11
3318865.330536
 21
5810123.655533
 31
0.000000
  0
LINE
  5
776
100
AcDbEntity
  6
502
 62
255
370
18
100
AcDbLine
 10
3318847.073220
 20
5810107.511046
 30
0.000000
 11
3318864.624018
 21
5810123.684391
 31
0.000000
  0
LINE
  5
777
100
AcDbEntity
  6
502
 62
255
370
18
100
AcDbLine
 10
3318847.101795
 20
5810108.217302
 30
0.000000
 11
3318863.917500
 21
5810123.713248
 31
0.000000
  0
LINE
  5
778
100
AcDbEntity
  6
502
 62
255
370
18
100
AcDbLine
 10
3318847.130369
 20
5810108.923559
 30
0.000000
 11
3318863.210983
 21
5810123.742106
 31
0.000000
  0
LINE
  5
779
100
AcDbEntity
  6
502
 62
255
370
18
100
AcDbLine
 10
3318847.158943
 20
5810109.629816
 30
0.000000
 11
3318862.504465
 21
5810123.770963
 31
0.000000
  0
LINE
  5
77a
100
AcDbEntity
  6
502
 62
255
370
18
100
AcDbLine
 10
3318847.187517
 20
5810110.336072
 30
0.000000
 11
3318861.849189
 21
5810123.847041
 31
0.000000
  0
LINE
  5
77b
100
AcDbEntity
  6
502
 62
255
370
18
100
AcDbLine
 10
3318847.216091
 20
5810111.042329
 30
0.000000
 11
3318861.878046
 21
5810124.553559
 31
0.000000
  0
LINE
  5
77c
100
AcDbEntity
  6
502
 62
255
370
18
100
AcDbLine
 10
3318847.244665
 20
5810111.748585
 30
0.000000
 11
3318861.854058
 21
5810125.211378
 31
0.000000
  0
LINE
  5
77d
100
AcDbEntity
  6
502
 62
255
370
18
100
AcDbLine
 10
3318847.273239
 20
5810112.454842
 30
0.000000
 11
3318861.148711
 21
5810125.241314
 31
0.000000
  0
LINE
  5
77e
100
AcDbEntity
  6
502
 62
255
370
18
100
AcDbLine
 10
3318847.301813
 20
5810113.161098
 30
0.000000
 11
3318860.443364
 21
5810125.271250
 31
0.000000
  0
LINE
  5
77f
100
AcDbEntity
  6
502
 62
255
370
18
100
AcDbLine
 10
3318847.330388
 20
5810113.867355
 30
0.000000
 11
3318859.738017
 21
5810125.301187
 31
0.000000
  0
LINE
  5
780
100
AcDbEntity
  6
502
 62
255
370
18
100
AcDbLine
 10
3318847.358962
 20
5810114.573611
 30
0.000000
 11
3318859.032670
 21
5810125.331123
 31
0.000000
  0
LINE
  5
781
100
AcDbEntity
  6
502
 62
255
370
18
100
AcDbLine
 10
3318847.387536
 20
5810115.279868
 30
0.000000
 11
3318858.327323
 21
5810125.361060
 31
0.000000
  0
LINE
  5
782
100
AcDbEntity
  6
502
 62
255
370
18
100
AcDbLine
 10
3318847.416110
 20
5810115.986125
 30
0.000000
 11
3318857.621976
 21
5810125.390996
 31
0.000000
  0
LINE
  5
783
100
AcDbEntity
  6
502
 62
255
370
18
100
AcDbLine
 10
3318847.444684
 20
5810116.692381
 30
0.000000
 11
3318856.916629
 21
5810125.420932
 31
0.000000
  0
LINE
  5
784
100
AcDbEntity
  6
502
 62
255
370
18
100
AcDbLine
 10
3318847.473258
 20
5810117.398638
 30
0.000000
 11
3318856.211282
 21
5810125.450869
 31
0.000000
  0
LINE
  5
785
100
AcDbEntity
  6
502
 62
255
370
18
100
AcDbLine
 10
3318847.501832
 20
5810118.104894
 30
0.000000
 11
3318855.505935
 21
5810125.480805
 31
0.000000
  0
LINE
  5
786
100
AcDbEntity
  6
502
 62
255
370
18
100
AcDbLine
 10
3318847.530406
 20
5810118.811151
 30
0.000000
 11
3318854.800588
 21
5810125.510741
 31
0.000000
  0
LINE
  5
787
100
AcDbEntity
  6
502
 62
255
370
18
100
AcDbLine
 10
3318847.558981
 20
5810119.517407
 30
0.000000
 11
3318854.095241
 21
5810125.540678
 31
0.000000
  0
LINE
  5
788
100
AcDbEntity
  6
502
 62
255
370
18
100
AcDbLine
 10
3318847.587555
 20
5810120.223664
 30
0.000000
 11
3318853.389894
 21
5810125.570614
 31
0.000000
  0
LINE
  5
789
100
AcDbEntity
  6
502
 62
255
370
18
100
AcDbLine
 10
3318847.616129
 20
5810120.929920
 30
0.000000
 11
3318852.684547
 21
5810125.600550
 31
0.000000
  0
LINE
  5
78a
100
AcDbEntity
  6
502
 62
255
370
18
100
AcDbLine
 10
3318847.644703
 20
5810121.636177
 30
0.000000
 11
3318851.979200
 21
5810125.630487
 31
0.000000
  0
LINE
  5
78b
100
AcDbEntity
  6
502
 62
255
370
18
100
AcDbLine
 10
3318847.673277
 20
5810122.342433
 30
0.000000
 11
3318851.273853
 21
5810125.660423
 31
0.000000
  0
LINE
  5
78c
100
AcDbEntity
  6
502
 62
255
370
18
100
AcDbLine
 10
3318847.701851
 20
5810123.048690
 30
0.000000
 11
3318850.568506
 21
5810125.690359
 31
0.000000
  0
LINE
  5
78d
100
AcDbEntity
  6
502
 62
255
370
18
100
AcDbLine
 10
3318847.730425
 20
5810123.754947
 30
0.000000
 11
3318849.863159
 21
5810125.720296
 31
0.000000
  0
LINE
  5
78e
100
AcDbEntity
  6
502
 62
255
370
18
100
AcDbLine
 10
3318847.758999
 20
5810124.461203
 30
0.000000
 11
3318849.157812
 21
5810125.750232
 31
0.000000
  0
LINE
  5
78f
100
AcDbEntity
  6
502
 62
255
370
18
100
AcDbLine
 10
3318847.787574
 20
5810125.167460
 30
0.000000
 11
3318848.452465
 21
5810125.780168
 31
0.000000
  0
LINE
  5
790
100
AcDbEntity
  6
502
 62
255
370
18
100
AcDbLine
 10
3318866.089111
 20
5810122.990060
 30
0.000000
 11
3318865.481550
 21
5810123.649365
 31
0.000000
  0
LINE
  5
791
100
AcDbEntity
  6
502
 62
255
370
18
100
AcDbLine
 10
3318866.059552
 20
5810122.284303
 30
0.000000
 11
3318864.775032
 21
5810123.678223
 31
0.000000
  0
LINE
  5
792
100
AcDbEntity
  6
502
 62
255
370
18
100
AcDbLine
 10
3318866.029993
 20
5810121.578546
 30
0.000000
 11
3318864.068514
 21
5810123.707080
 31
0.000000
  0
LINE
  5
793
100
AcDbEntity
  6
502
 62
255
370
18
100
AcDbLine
 10
3318866.000434
 20
5810120.872790
 30
0.000000
 11
3318863.361997
 21
5810123.735938
 31
0.000000
  0
LINE
  5
794
100
AcDbEntity
  6
502
 62
255
370
18
100
AcDbLine
 10
3318865.970875
 20
5810120.167033
 30
0.000000
 11
3318862.655479
 21
5810123.764795
 31
0.000000
  0
LINE
  5
795
100
AcDbEntity
  6
502
 62
255
370
18
100
AcDbLine
 10
3318861.880193
 20
5810124.606111
 30
0.000000
 11
3318861.300791
 21
5810125.234860
 31
0.000000
  0
LINE
  5
796
100
AcDbEntity
  6
502
 62
255
370
18
100
AcDbLine
 10
3318865.941317
 20
5810119.461276
 30
0.000000
 11
3318861.948961
 21
5810123.793653
 31
0.000000
  0
LINE
  5
797
100
AcDbEntity
  6
502
 62
255
370
18
100
AcDbLine
 10
3318861.851335
 20
5810123.899593
 30
0.000000
 11
3318860.593191
 21
5810125.264892
 31
0.000000
  0
LINE
  5
798
100
AcDbEntity
  6
502
 62
255
370
18
100
AcDbLine
 10
3318865.911758
 20
5810118.755520
 30
0.000000
 11
3318859.885591
 21
5810125.294923
 31
0.000000
  0
LINE
  5
799
100
AcDbEntity
  6
502
 62
255
370
18
100
AcDbLine
 10
3318865.882199
 20
5810118.049763
 30
0.000000
 11
3318859.177991
 21
5810125.324955
 31
0.000000
  0
LINE
  5
79a
100
AcDbEntity
  6
502
 62
255
370
18
100
AcDbLine
 10
3318865.852640
 20
5810117.344006
 30
0.000000
 11
3318858.470391
 21
5810125.354987
 31
0.000000
  0
LINE
  5
79b
100
AcDbEntity
  6
502
 62
255
370
18
100
AcDbLine
 10
3318865.823081
 20
5810116.638250
 30
0.000000
 11
3318857.762791
 21
5810125.385019
 31
0.000000
  0
LINE
  5
79c
100
AcDbEntity
  6
502
 62
255
370
18
100
AcDbLine
 10
3318865.793523
 20
5810115.932493
 30
0.000000
 11
3318857.055191
 21
5810125.415051
 31
0.000000
  0
LINE
  5
79d
100
AcDbEntity
  6
502
 62
255
370
18
100
AcDbLine
 10
3318865.763964
 20
5810115.226736
 30
0.000000
 11
3318856.347591
 21
5810125.445083
 31
0.000000
  0
LINE
  5
79e
100
AcDbEntity
  6
502
 62
255
370
18
100
AcDbLine
 10
3318865.734405
 20
5810114.520980
 30
0.000000
 11
3318855.639991
 21
5810125.475115
 31
0.000000
  0
LINE
  5
79f
100
AcDbEntity
  6
502
 62
255
370
18
100
AcDbLine
 10
3318865.704846
 20
5810113.815223
 30
0.000000
 11
3318854.932391
 21
5810125.505147
 31
0.000000
  0
LINE
  5
7a0
100
AcDbEntity
  6
502
 62
255
370
18
100
AcDbLine
 10
3318865.675287
 20
5810113.109466
 30
0.000000
 11
3318854.224791
 21
5810125.535179
 31
0.000000
  0
LINE
  5
7a1
100
AcDbEntity
  6
502
 62
255
370
18
100
AcDbLine
 10
3318865.645729
 20
5810112.403710
 30
0.000000
 11
3318853.517191
 21
5810125.565211
 31
0.000000
  0
LINE
  5
7a2
100
AcDbEntity
  6
502
 62
255
370
18
100
AcDbLine
 10
3318865.616170
 20
5810111.697953
 30
0.000000
 11
3318852.809591
 21
5810125.595243
 31
0.000000
  0
LINE
  5
7a3
100
AcDbEntity
  6
502
 62
255
370
18
100
AcDbLine
 10
3318865.586611
 20
5810110.992196
 30
0.000000
 11
3318852.101991
 21
5810125.625275
 31
0.000000
  0
LINE
  5
7a4
100
AcDbEntity
  6
502
 62
255
370
18
100
AcDbLine
 10
3318865.557052
 20
5810110.286440
 30
0.000000
 11
3318851.394391
 21
5810125.655307
 31
0.000000
  0
LINE
  5
7a5
100
AcDbEntity
  6
502
 62
255
370
18
100
AcDbLine
 10
3318865.527493
 20
5810109.580683
 30
0.000000
 11
3318850.686791
 21
5810125.685339
 31
0.000000
  0
LINE
  5
7a6
100
AcDbEntity
  6
502
 62
255
370
18
100
AcDbLine
 10
3318865.497935
 20
5810108.874926
 30
0.000000
 11
3318849.979191
 21
5810125.715371
 31
0.000000
  0
LINE
  5
7a7
100
AcDbEntity
  6
502
 62
255
370
18
100
AcDbLine
 10
3318865.468376
 20
5810108.169170
 30
0.000000
 11
3318849.271591
 21
5810125.745403
 31
0.000000
  0
LINE
  5
7a8
100
AcDbEntity
  6
502
 62
255
370
18
100
AcDbLine
 10
3318865.438817
 20
5810107.463413
 30
0.000000
 11
3318848.563991
 21
5810125.775435
 31
0.000000
  0
LINE
  5
7a9
100
AcDbEntity
  6
502
 62
255
370
18
100
AcDbLine
 10
3318865.409258
 20
5810106.757656
 30
0.000000
 11
3318847.856391
 21
5810125.805467
 31
0.000000
  0
LINE
  5
7aa
100
AcDbEntity
  6
502
 62
255
370
18
100
AcDbLine
 10
3318865.344937
 20
5810106.089623
 30
0.000000
 11
3318847.786599
 21
5810125.143370
 31
0.000000
  0
LINE
  5
7ab
100
AcDbEntity
  6
502
 62
255
370
18
100
AcDbLine
 10
3318864.638347
 20
5810106.118559
 30
0.000000
 11
3318847.758003
 21
5810124.436569
 31
0.000000
  0
LINE
  5
7ac
100
AcDbEntity
  6
502
 62
255
370
18
100
AcDbLine
 10
3318863.931757
 20
5810106.147495
 30
0.000000
 11
3318847.729407
 21
5810123.729768
 31
0.000000
  0
LINE
  5
7ad
100
AcDbEntity
  6
502
 62
255
370
18
100
AcDbLine
 10
3318863.225167
 20
5810106.176431
 30
0.000000
 11
3318847.700810
 21
5810123.022967
 31
0.000000
  0
LINE
  5
7ae
100
AcDbEntity
  6
502
 62
255
370
18
100
AcDbLine
 10
3318862.518577
 20
5810106.205367
 30
0.000000
 11
3318847.672214
 21
5810122.316165
 31
0.000000
  0
LINE
  5
7af
100
AcDbEntity
  6
502
 62
255
370
18
100
AcDbLine
 10
3318861.811987
 20
5810106.234303
 30
0.000000
 11
3318847.643618
 21
5810121.609364
 31
0.000000
  0
LINE
  5
7b0
100
AcDbEntity
  6
502
 62
255
370
18
100
AcDbLine
 10
3318861.105396
 20
5810106.263239
 30
0.000000
 11
3318847.615022
 21
5810120.902563
 31
0.000000
  0
LINE
  5
7b1
100
AcDbEntity
  6
502
 62
255
370
18
100
AcDbLine
 10
3318860.398806
 20
5810106.292175
 30
0.000000
 11
3318847.586426
 21
5810120.195761
 31
0.000000
  0
LINE
  5
7b2
100
AcDbEntity
  6
502
 62
255
370
18
100
AcDbLine
 10
3318859.692216
 20
5810106.321111
 30
0.000000
 11
3318847.557830
 21
5810119.488960
 31
0.000000
  0
LINE
  5
7b3
100
AcDbEntity
  6
502
 62
255
370
18
100
AcDbLine
 10
3318858.985626
 20
5810106.350047
 30
0.000000
 11
3318847.529233
 21
5810118.782159
 31
0.000000
  0
LINE
  5
7b4
100
AcDbEntity
  6
502
 62
255
370
18
100
AcDbLine
 10
3318858.279036
 20
5810106.378984
 30
0.000000
 11
3318847.500637
 21
5810118.075358
 31
0.000000
  0
LINE
  5
7b5
100
AcDbEntity
  6
502
 62
255
370
18
100
AcDbLine
 10
3318857.572446
 20
5810106.407920
 30
0.000000
 11
3318847.472041
 21
5810117.368556
 31
0.000000
  0
LINE
  5
7b6
100
AcDbEntity
  6
502
 62
255
370
18
100
AcDbLine
 10
3318856.865856
 20
5810106.436856
 30
0.000000
 11
3318847.443445
 21
5810116.661755
 31
0.000000
  0
LINE
  5
7b7
100
AcDbEntity
  6
502
 62
255
370
18
100
AcDbLine
 10
3318856.159266
 20
5810106.465792
 30
0.000000
 11
3318847.414849
 21
5810115.954954
 31
0.000000
  0
LINE
  5
7b8
100
AcDbEntity
  6
502
 62
255
370
18
100
AcDbLine
 10
3318855.452676
 20
5810106.494728
 30
0.000000
 11
3318847.386253
 21
5810115.248152
 31
0.000000
  0
LINE
  5
7b9
100
AcDbEntity
  6
502
 62
255
370
18
100
AcDbLine
 10
3318854.746086
 20
5810106.523664
 30
0.000000
 11
3318847.357656
 21
5810114.541351
 31
0.000000
  0
LINE
  5
7ba
100
AcDbEntity
  6
502
 62
255
370
18
100
AcDbLine
 10
3318854.039495
 20
5810106.552600
 30
0.000000
 11
3318847.329060
 21
5810113.834550
 31
0.000000
  0
LINE
  5
7bb
100
AcDbEntity
  6
502
 62
255
370
18
100
AcDbLine
 10
3318853.332905
 20
5810106.581536
 30
0.000000
 11
3318847.300464
 21
5810113.127749
 31
0.000000
  0
LINE
  5
7bc
100
AcDbEntity
  6
502
 62
255
370
18
100
AcDbLine
 10
3318852.626315
 20
5810106.610472
 30
0.000000
 11
3318847.271868
 21
5810112.420947
 31
0.000000
  0
LINE
  5
7bd
100
AcDbEntity
  6
502
 62
255
370
18
100
AcDbLine
 10
3318851.919725
 20
5810106.639408
 30
0.000000
 11
3318847.243272
 21
5810111.714146
 31
0.000000
  0
LINE
  5
7be
100
AcDbEntity
  6
502
 62
255
370
18
100
AcDbLine
 10
3318851.213135
 20
5810106.668344
 30
0.000000
 11
3318847.214676
 21
5810111.007345
 31
0.000000
  0
LINE
  5
7bf
100
AcDbEntity
  6
502
 62
255
370
18
100
AcDbLine
 10
3318850.506545
 20
5810106.697280
 30
0.000000
 11
3318847.186080
 21
5810110.300543
 31
0.000000
  0
LINE
  5
7c0
100
AcDbEntity
  6
502
 62
255
370
18
100
AcDbLine
 10
3318849.799955
 20
5810106.726216
 30
0.000000
 11
3318847.157483
 21
5810109.593742
 31
0.000000
  0
LINE
  5
7c1
100
AcDbEntity
  6
502
 62
255
370
18
100
AcDbLine
 10
3318849.093365
 20
5810106.755152
 30
0.000000
 11
3318847.128887
 21
5810108.886941
 31
0.000000
  0
LINE
  5
7c2
100
AcDbEntity
  6
502
 62
255
370
18
100
AcDbLine
 10
3318848.386775
 20
5810106.784089
 30
0.000000
 11
3318847.100291
 21
5810108.180140
 31
0.000000
  0
LINE
  5
7c3
100
AcDbEntity
  6
502
 62
255
370
18
100
AcDbLine
 10
3318847.680185
 20
5810106.813025
 30
0.000000
 11
3318847.071695
 21
5810107.473338
 31
0.000000
  0
ENDBLK
  5
7c4
100
AcDbEntity
 62
0
100
AcDbBlockEnd
999
- - - - - - - - - - - -
  0
BLOCK
  5
7c7
100
AcDbEntity
 62
0
100
AcDbBlockBegin
  2
*X574
 70
65
 10
0.000000
 20
0.000000
 30
0.000000
  3
*X574
  0
LINE
  5
7c8
100
AcDbEntity
  6
502
 62
255
370
18
100
AcDbLine
 10
3318814.998608
 20
5810085.830029
 30
0.000000
 11
3318815.703187
 21
5810086.474579
 31
0.000000
  0
LINE
  5
7c9
100
AcDbEntity
  6
502
 62
255
370
18
100
AcDbLine
 10
3318814.288838
 20
5810085.858385
 30
0.000000
 11
3318815.732482
 21
5810087.179033
 31
0.000000
  0
LINE
  5
7ca
100
AcDbEntity
  6
502
 62
255
370
18
100
AcDbLine
 10
3318811.028238
 20
5810083.553236
 30
0.000000
 11
3318811.252738
 21
5810083.758609
 31
0.000000
  0
LINE
  5
7cb
100
AcDbEntity
  6
502
 62
255
370
18
100
AcDbLine
 10
3318813.579068
 20
5810085.886741
 30
0.000000
 11
3318815.761776
 21
5810087.883486
 31
0.000000
  0
LINE
  5
7cc
100
AcDbEntity
  6
502
 62
255
370
18
100
AcDbLine
 10
3318810.321830
 20
5810083.584668
 30
0.000000
 11
3318811.283491
 21
5810084.464397
 31
0.000000
  0
LINE
  5
7cd
100
AcDbEntity
  6
502
 62
255
370
18
100
AcDbLine
 10
3318812.869299
 20
5810085.915096
 30
0.000000
 11
3318815.791071
 21
5810088.587939
 31
0.000000
  0
LINE
  5
7ce
100
AcDbEntity
  6
502
 62
255
370
18
100
AcDbLine
 10
3318809.615422
 20
5810083.616099
 30
0.000000
 11
3318811.314244
 21
5810085.170184
 31
0.000000
  0
LINE
  5
7cf
100
AcDbEntity
  6
502
 62
255
370
18
100
AcDbLine
 10
3318812.159529
 20
5810085.943452
 30
0.000000
 11
3318815.820365
 21
5810089.292392
 31
0.000000
  0
LINE
  5
7d0
100
AcDbEntity
  6
502
 62
255
370
18
100
AcDbLine
 10
3318808.909014
 20
5810083.647530
 30
0.000000
 11
3318811.344998
 21
5810085.875972
 31
0.000000
  0
LINE
  5
7d1
100
AcDbEntity
  6
502
 62
255
370
18
100
AcDbLine
 10
3318811.449759
 20
5810085.971808
 30
0.000000
 11
3318815.849659
 21
5810089.996845
 31
0.000000
  0
LINE
  5
7d2
100
AcDbEntity
  6
502
 62
255
370
18
100
AcDbLine
 10
3318808.202606
 20
5810083.678962
 30
0.000000
 11
3318815.878954
 21
5810090.701298
 31
0.000000
  0
LINE
  5
7d3
100
AcDbEntity
  6
502
 62
255
370
18
100
AcDbLine
 10
3318807.496199
 20
5810083.710393
 30
0.000000
 11
3318815.908248
 21
5810091.405751
 31
0.000000
  0
LINE
  5
7d4
100
AcDbEntity
  6
502
 62
255
370
18
100
AcDbLine
 10
3318806.789791
 20
5810083.741824
 30
0.000000
 11
3318815.937543
 21
5810092.110204
 31
0.000000
  0
LINE
  5
7d5
100
AcDbEntity
  6
502
 62
255
370
18
100
AcDbLine
 10
3318806.083383
 20
5810083.773255
 30
0.000000
 11
3318815.966837
 21
5810092.814657
 31
0.000000
  0
LINE
  5
7d6
100
AcDbEntity
  6
502
 62
255
370
18
100
AcDbLine
 10
3318805.376975
 20
5810083.804687
 30
0.000000
 11
3318815.996131
 21
5810093.519110
 31
0.000000
  0
LINE
  5
7d7
100
AcDbEntity
  6
502
 62
255
370
18
100
AcDbLine
 10
3318804.670567
 20
5810083.836118
 30
0.000000
 11
3318816.025426
 21
5810094.223563
 31
0.000000
  0
LINE
  5
7d8
100
AcDbEntity
  6
502
 62
255
370
18
100
AcDbLine
 10
3318803.964159
 20
5810083.867549
 30
0.000000
 11
3318816.054720
 21
5810094.928016
 31
0.000000
  0
LINE
  5
7d9
100
AcDbEntity
  6
502
 62
255
370
18
100
AcDbLine
 10
3318803.257751
 20
5810083.898981
 30
0.000000
 11
3318816.084015
 21
5810095.632469
 31
0.000000
  0
LINE
  5
7da
100
AcDbEntity
  6
502
 62
255
370
18
100
AcDbLine
 10
3318802.551343
 20
5810083.930412
 30
0.000000
 11
3318816.113309
 21
5810096.336922
 31
0.000000
  0
LINE
  5
7db
100
AcDbEntity
  6
502
 62
255
370
18
100
AcDbLine
 10
3318801.844936
 20
5810083.961843
 30
0.000000
 11
3318816.142603
 21
5810097.041375
 31
0.000000
  0
LINE
  5
7dc
100
AcDbEntity
  6
502
 62
255
370
18
100
AcDbLine
 10
3318801.138528
 20
5810083.993274
 30
0.000000
 11
3318816.171898
 21
5810097.745828
 31
0.000000
  0
LINE
  5
7dd
100
AcDbEntity
  6
502
 62
255
370
18
100
AcDbLine
 10
3318800.432120
 20
5810084.024706
 30
0.000000
 11
3318816.036930
 21
5810098.300014
 31
0.000000
  0
LINE
  5
7de
100
AcDbEntity
  6
502
 62
255
370
18
100
AcDbLine
 10
3318799.725712
 20
5810084.056137
 30
0.000000
 11
3318815.329934
 21
5810098.330907
 31
0.000000
  0
LINE
  5
7df
100
AcDbEntity
  6
502
 62
255
370
18
100
AcDbLine
 10
3318799.019304
 20
5810084.087568
 30
0.000000
 11
3318814.622938
 21
5810098.361800
 31
0.000000
  0
LINE
  5
7e0
100
AcDbEntity
  6
502
 62
255
370
18
100
AcDbLine
 10
3318798.312896
 20
5810084.119000
 30
0.000000
 11
3318813.915942
 21
5810098.392693
 31
0.000000
  0
LINE
  5
7e1
100
AcDbEntity
  6
502
 62
255
370
18
100
AcDbLine
 10
3318797.606488
 20
5810084.150431
 30
0.000000
 11
3318813.208945
 21
5810098.423586
 31
0.000000
  0
LINE
  5
7e2
100
AcDbEntity
  6
502
 62
255
370
18
100
AcDbLine
 10
3318796.900080
 20
5810084.181862
 30
0.000000
 11
3318812.501949
 21
5810098.454479
 31
0.000000
  0
LINE
  5
7e3
100
AcDbEntity
  6
502
 62
255
370
18
100
AcDbLine
 10
3318796.193672
 20
5810084.213293
 30
0.000000
 11
3318811.794953
 21
5810098.485372
 31
0.000000
  0
LINE
  5
7e4
100
AcDbEntity
  6
502
 62
255
370
18
100
AcDbLine
 10
3318795.487265
 20
5810084.244725
 30
0.000000
 11
3318811.087957
 21
5810098.516265
 31
0.000000
  0
LINE
  5
7e5
100
AcDbEntity
  6
502
 62
255
370
18
100
AcDbLine
 10
3318795.036433
 20
5810084.509957
 30
0.000000
 11
3318810.380960
 21
5810098.547158
 31
0.000000
  0
LINE
  5
7e6
100
AcDbEntity
  6
502
 62
255
370
18
100
AcDbLine
 10
3318795.067277
 20
5810085.215828
 30
0.000000
 11
3318809.673964
 21
5810098.578051
 31
0.000000
  0
LINE
  5
7e7
100
AcDbEntity
  6
502
 62
255
370
18
100
AcDbLine
 10
3318795.098120
 20
5810085.921698
 30
0.000000
 11
3318808.966968
 21
5810098.608944
 31
0.000000
  0
LINE
  5
7e8
100
AcDbEntity
  6
502
 62
255
370
18
100
AcDbLine
 10
3318795.128964
 20
5810086.627569
 30
0.000000
 11
3318808.259972
 21
5810098.639837
 31
0.000000
  0
LINE
  5
7e9
100
AcDbEntity
  6
502
 62
255
370
18
100
AcDbLine
 10
3318794.481456
 20
5810086.712882
 30
0.000000
 11
3318807.552975
 21
5810098.670730
 31
0.000000
  0
LINE
  5
7ea
100
AcDbEntity
  6
502
 62
255
370
18
100
AcDbLine
 10
3318793.774460
 20
5810086.743775
 30
0.000000
 11
3318807.238207
 21
5810099.060435
 31
0.000000
  0
LINE
  5
7eb
100
AcDbEntity
  6
502
 62
255
370
18
100
AcDbLine
 10
3318793.067464
 20
5810086.774668
 30
0.000000
 11
3318806.530981
 21
5810099.091117
 31
0.000000
  0
LINE
  5
7ec
100
AcDbEntity
  6
502
 62
255
370
18
100
AcDbLine
 10
3318792.360468
 20
5810086.805561
 30
0.000000
 11
3318805.823754
 21
5810099.121800
 31
0.000000
  0
LINE
  5
7ed
100
AcDbEntity
  6
502
 62
255
370
18
100
AcDbLine
 10
3318791.653471
 20
5810086.836454
 30
0.000000
 11
3318805.116528
 21
5810099.152482
 31
0.000000
  0
LINE
  5
7ee
100
AcDbEntity
  6
502
 62
255
370
18
100
AcDbLine
 10
3318790.946475
 20
5810086.867347
 30
0.000000
 11
3318804.409302
 21
5810099.183165
 31
0.000000
  0
LINE
  5
7ef
100
AcDbEntity
  6
502
 62
255
370
18
100
AcDbLine
 10
3318790.802144
 20
5810087.412967
 30
0.000000
 11
3318803.702075
 21
5810099.213847
 31
0.000000
  0
LINE
  5
7f0
100
AcDbEntity
  6
502
 62
255
370
18
100
AcDbLine
 10
3318790.832988
 20
5810088.118838
 30
0.000000
 11
3318802.994849
 21
5810099.244530
 31
0.000000
  0
LINE
  5
7f1
100
AcDbEntity
  6
502
 62
255
370
18
100
AcDbLine
 10
3318790.863832
 20
5810088.824708
 30
0.000000
 11
3318802.287622
 21
5810099.275212
 31
0.000000
  0
LINE
  5
7f2
100
AcDbEntity
  6
502
 62
255
370
18
100
AcDbLine
 10
3318790.894676
 20
5810089.530579
 30
0.000000
 11
3318801.580396
 21
5810099.305895
 31
0.000000
  0
LINE
  5
7f3
100
AcDbEntity
  6
502
 62
255
370
18
100
AcDbLine
 10
3318790.925520
 20
5810090.236449
 30
0.000000
 11
3318800.873170
 21
5810099.336577
 31
0.000000
  0
LINE
  5
7f4
100
AcDbEntity
  6
502
 62
255
370
18
100
AcDbLine
 10
3318790.956363
 20
5810090.942320
 30
0.000000
 11
3318799.776016
 21
5810099.010554
 31
0.000000
  0
LINE
  5
7f5
100
AcDbEntity
  6
502
 62
255
370
18
100
AcDbLine
 10
3318790.987207
 20
5810091.648190
 30
0.000000
 11
3318799.069020
 21
5810099.041447
 31
0.000000
  0
LINE
  5
7f6
100
AcDbEntity
  6
502
 62
255
370
18
100
AcDbLine
 10
3318791.018051
 20
5810092.354061
 30
0.000000
 11
3318798.362024
 21
5810099.072340
 31
0.000000
  0
LINE
  5
7f7
100
AcDbEntity
  6
502
 62
255
370
18
100
AcDbLine
 10
3318791.048895
 20
5810093.059931
 30
0.000000
 11
3318797.655028
 21
5810099.103233
 31
0.000000
  0
LINE
  5
7f8
100
AcDbEntity
  6
502
 62
255
370
18
100
AcDbLine
 10
3318791.079739
 20
5810093.765802
 30
0.000000
 11
3318796.948031
 21
5810099.134126
 31
0.000000
  0
LINE
  5
7f9
100
AcDbEntity
  6
502
 62
255
370
18
100
AcDbLine
 10
3318791.110583
 20
5810094.471672
 30
0.000000
 11
3318796.241035
 21
5810099.165019
 31
0.000000
  0
LINE
  5
7fa
100
AcDbEntity
  6
502
 62
255
370
18
100
AcDbLine
 10
3318791.141427
 20
5810095.177542
 30
0.000000
 11
3318795.534039
 21
5810099.195912
 31
0.000000
  0
LINE
  5
7fb
100
AcDbEntity
  6
502
 62
255
370
18
100
AcDbLine
 10
3318791.172270
 20
5810095.883413
 30
0.000000
 11
3318794.827043
 21
5810099.226805
 31
0.000000
  0
LINE
  5
7fc
100
AcDbEntity
  6
502
 62
255
370
18
100
AcDbLine
 10
3318791.203114
 20
5810096.589283
 30
0.000000
 11
3318794.120046
 21
5810099.257698
 31
0.000000
  0
LINE
  5
7fd
100
AcDbEntity
  6
502
 62
255
370
18
100
AcDbLine
 10
3318791.233958
 20
5810097.295154
 30
0.000000
 11
3318793.413050
 21
5810099.288591
 31
0.000000
  0
LINE
  5
7fe
100
AcDbEntity
  6
502
 62
255
370
18
100
AcDbLine
 10
3318791.264802
 20
5810098.001024
 30
0.000000
 11
3318792.706054
 21
5810099.319484
 31
0.000000
  0
LINE
  5
7ff
100
AcDbEntity
  6
502
 62
255
370
18
100
AcDbLine
 10
3318791.295646
 20
5810098.706895
 30
0.000000
 11
3318791.999058
 21
5810099.350377
 31
0.000000
  0
LINE
  5
800
100
AcDbEntity
  6
502
 62
255
370
18
100
AcDbLine
 10
3318816.166367
 20
5810097.612818
 30
0.000000
 11
3318815.516933
 21
5810098.322736
 31
0.000000
  0
LINE
  5
801
100
AcDbEntity
  6
502
 62
255
370
18
100
AcDbLine
 10
3318816.136902
 20
5810096.904261
 30
0.000000
 11
3318814.811063
 21
5810098.353580
 31
0.000000
  0
LINE
  5
802
100
AcDbEntity
  6
502
 62
255
370
18
100
AcDbLine
 10
3318816.107436
 20
5810096.195704
 30
0.000000
 11
3318814.105192
 21
5810098.384423
 31
0.000000
  0
LINE
  5
803
100
AcDbEntity
  6
502
 62
255
370
18
100
AcDbLine
 10
3318816.077971
 20
5810095.487147
 30
0.000000
 11
3318813.399322
 21
5810098.415267
 31
0.000000
  0
LINE
  5
804
100
AcDbEntity
  6
502
 62
255
370
18
100
AcDbLine
 10
3318816.048506
 20
5810094.778590
 30
0.000000
 11
3318812.693451
 21
5810098.446111
 31
0.000000
  0
LINE
  5
805
100
AcDbEntity
  6
502
 62
255
370
18
100
AcDbLine
 10
3318816.019041
 20
5810094.070032
 30
0.000000
 11
3318811.987581
 21
5810098.476955
 31
0.000000
  0
LINE
  5
806
100
AcDbEntity
  6
502
 62
255
370
18
100
AcDbLine
 10
3318815.989576
 20
5810093.361475
 30
0.000000
 11
3318811.281710
 21
5810098.507799
 31
0.000000
  0
LINE
  5
807
100
AcDbEntity
  6
502
 62
255
370
18
100
AcDbLine
 10
3318815.960111
 20
5810092.652918
 30
0.000000
 11
3318810.575840
 21
5810098.538643
 31
0.000000
  0
LINE
  5
808
100
AcDbEntity
  6
502
 62
255
370
18
100
AcDbLine
 10
3318815.930646
 20
5810091.944361
 30
0.000000
 11
3318809.869969
 21
5810098.569487
 31
0.000000
  0
LINE
  5
809
100
AcDbEntity
  6
502
 62
255
370
18
100
AcDbLine
 10
3318815.901181
 20
5810091.235804
 30
0.000000
 11
3318809.164099
 21
5810098.600330
 31
0.000000
  0
LINE
  5
80a
100
AcDbEntity
  6
502
 62
255
370
18
100
AcDbLine
 10
3318815.871716
 20
5810090.527246
 30
0.000000
 11
3318808.458228
 21
5810098.631174
 31
0.000000
  0
LINE
  5
80b
100
AcDbEntity
  6
502
 62
255
370
18
100
AcDbLine
 10
3318815.842251
 20
5810089.818689
 30
0.000000
 11
3318807.752358
 21
5810098.662018
 31
0.000000
  0
LINE
  5
80c
100
AcDbEntity
  6
502
 62
255
370
18
100
AcDbLine
 10
3318815.812786
 20
5810089.110132
 30
0.000000
 11
3318806.688411
 21
5810099.084287
 31
0.000000
  0
LINE
  5
80d
100
AcDbEntity
  6
502
 62
255
370
18
100
AcDbLine
 10
3318815.783321
 20
5810088.401575
 30
0.000000
 11
3318805.982750
 21
5810099.114902
 31
0.000000
  0
LINE
  5
80e
100
AcDbEntity
  6
502
 62
255
370
18
100
AcDbLine
 10
3318815.753856
 20
5810087.693017
 30
0.000000
 11
3318805.277090
 21
5810099.145516
 31
0.000000
  0
LINE
  5
80f
100
AcDbEntity
  6
502
 62
255
370
18
100
AcDbLine
 10
3318815.724391
 20
5810086.984460
 30
0.000000
 11
3318804.571429
 21
5810099.176131
 31
0.000000
  0
LINE
  5
810
100
AcDbEntity
  6
502
 62
255
370
18
100
AcDbLine
 10
3318815.694926
 20
5810086.275903
 30
0.000000
 11
3318803.865768
 21
5810099.206745
 31
0.000000
  0
LINE
  5
811
100
AcDbEntity
  6
502
 62
255
370
18
100
AcDbLine
 10
3318815.441337
 20
5810085.812342
 30
0.000000
 11
3318803.160108
 21
5810099.237360
 31
0.000000
  0
LINE
  5
812
100
AcDbEntity
  6
502
 62
255
370
18
100
AcDbLine
 10
3318814.737977
 20
5810085.840442
 30
0.000000
 11
3318802.454447
 21
5810099.267974
 31
0.000000
  0
LINE
  5
813
100
AcDbEntity
  6
502
 62
255
370
18
100
AcDbLine
 10
3318814.034617
 20
5810085.868541
 30
0.000000
 11
3318801.748786
 21
5810099.298589
 31
0.000000
  0
LINE
  5
814
100
AcDbEntity
  6
502
 62
255
370
18
100
AcDbLine
 10
3318813.331257
 20
5810085.896641
 30
0.000000
 11
3318801.043125
 21
5810099.329204
 31
0.000000
  0
LINE
  5
815
100
AcDbEntity
  6
502
 62
255
370
18
100
AcDbLine
 10
3318812.627897
 20
5810085.924740
 30
0.000000
 11
3318800.337465
 21
5810099.359818
 31
0.000000
  0
LINE
  5
816
100
AcDbEntity
  6
502
 62
255
370
18
100
AcDbLine
 10
3318811.924537
 20
5810085.952840
 30
0.000000
 11
3318799.987783
 21
5810099.001300
 31
0.000000
  0
LINE
  5
817
100
AcDbEntity
  6
502
 62
255
370
18
100
AcDbLine
 10
3318811.343734
 20
5810085.846969
 30
0.000000
 11
3318799.281912
 21
5810099.032144
 31
0.000000
  0
LINE
  5
818
100
AcDbEntity
  6
502
 62
255
370
18
100
AcDbLine
 10
3318811.312924
 20
5810085.139882
 30
0.000000
 11
3318798.576042
 21
5810099.062988
 31
0.000000
  0
LINE
  5
819
100
AcDbEntity
  6
502
 62
255
370
18
100
AcDbLine
 10
3318811.282114
 20
5810084.432795
 30
0.000000
 11
3318797.870171
 21
5810099.093832
 31
0.000000
  0
LINE
  5
81a
100
AcDbEntity
  6
502
 62
255
370
18
100
AcDbLine
 10
3318811.251304
 20
5810083.725707
 30
0.000000
 11
3318797.164301
 21
5810099.124676
 31
0.000000
  0
LINE
  5
81b
100
AcDbEntity
  6
502
 62
255
370
18
100
AcDbLine
 10
3318810.718833
 20
5810083.567003
 30
0.000000
 11
3318796.458430
 21
5810099.155520
 31
0.000000
  0
LINE
  5
81c
100
AcDbEntity
  6
502
 62
255
370
18
100
AcDbLine
 10
3318810.012425
 20
5810083.598435
 30
0.000000
 11
3318795.752560
 21
5810099.186364
 31
0.000000
  0
LINE
  5
81d
100
AcDbEntity
  6
502
 62
255
370
18
100
AcDbLine
 10
3318809.306017
 20
5810083.629866
 30
0.000000
 11
3318795.046690
 21
5810099.217207
 31
0.000000
  0
LINE
  5
81e
100
AcDbEntity
  6
502
 62
255
370
18
100
AcDbLine
 10
3318808.599609
 20
5810083.661297
 30
0.000000
 11
3318794.340819
 21
5810099.248051
 31
0.000000
  0
LINE
  5
81f
100
AcDbEntity
  6
502
 62
255
370
18
100
AcDbLine
 10
3318807.893201
 20
5810083.692728
 30
0.000000
 11
3318793.634949
 21
5810099.278895
 31
0.000000
  0
LINE
  5
820
100
AcDbEntity
  6
502
 62
255
370
18
100
AcDbLine
 10
3318807.186793
 20
5810083.724160
 30
0.000000
 11
3318792.929078
 21
5810099.309739
 31
0.000000
  0
LINE
  5
821
100
AcDbEntity
  6
502
 62
255
370
18
100
AcDbLine
 10
3318806.480386
 20
5810083.755591
 30
0.000000
 11
3318792.223208
 21
5810099.340583
 31
0.000000
  0
LINE
  5
822
100
AcDbEntity
  6
502
 62
255
370
18
100
AcDbLine
 10
3318805.773978
 20
5810083.787022
 30
0.000000
 11
3318791.517337
 21
5810099.371427
 31
0.000000
  0
LINE
  5
823
100
AcDbEntity
  6
502
 62
255
370
18
100
AcDbLine
 10
3318805.067570
 20
5810083.818454
 30
0.000000
 11
3318791.302573
 21
5810098.865426
 31
0.000000
  0
LINE
  5
824
100
AcDbEntity
  6
502
 62
255
370
18
100
AcDbLine
 10
3318804.361162
 20
5810083.849885
 30
0.000000
 11
3318791.271680
 21
5810098.158430
 31
0.000000
  0
LINE
  5
825
100
AcDbEntity
  6
502
 62
255
370
18
100
AcDbLine
 10
3318803.654754
 20
5810083.881316
 30
0.000000
 11
3318791.240787
 21
5810097.451434
 31
0.000000
  0
LINE
  5
826
100
AcDbEntity
  6
502
 62
255
370
18
100
AcDbLine
 10
3318802.948346
 20
5810083.912747
 30
0.000000
 11
3318791.209894
 21
5810096.744437
 31
0.000000
  0
LINE
  5
827
100
AcDbEntity
  6
502
 62
255
370
18
100
AcDbLine
 10
3318802.241938
 20
5810083.944179
 30
0.000000
 11
3318791.179001
 21
5810096.037441
 31
0.000000
  0
LINE
  5
828
100
AcDbEntity
  6
502
 62
255
370
18
100
AcDbLine
 10
3318801.535531
 20
5810083.975610
 30
0.000000
 11
3318791.148108
 21
5810095.330445
 31
0.000000
  0
LINE
  5
829
100
AcDbEntity
  6
502
 62
255
370
18
100
AcDbLine
 10
3318800.829123
 20
5810084.007041
 30
0.000000
 11
3318791.117215
 21
5810094.623449
 31
0.000000
  0
LINE
  5
82a
100
AcDbEntity
  6
502
 62
255
370
18
100
AcDbLine
 10
3318800.122715
 20
5810084.038473
 30
0.000000
 11
3318791.086322
 21
5810093.916452
 31
0.000000
  0
LINE
  5
82b
100
AcDbEntity
  6
502
 62
255
370
18
100
AcDbLine
 10
3318799.416307
 20
5810084.069904
 30
0.000000
 11
3318791.055429
 21
5810093.209456
 31
0.000000
  0
LINE
  5
82c
100
AcDbEntity
  6
502
 62
255
370
18
100
AcDbLine
 10
3318798.709899
 20
5810084.101335
 30
0.000000
 11
3318791.024536
 21
5810092.502460
 31
0.000000
  0
LINE
  5
82d
100
AcDbEntity
  6
502
 62
255
370
18
100
AcDbLine
 10
3318798.003491
 20
5810084.132766
 30
0.000000
 11
3318790.993643
 21
5810091.795464
 31
0.000000
  0
LINE
  5
82e
100
AcDbEntity
  6
502
 62
255
370
18
100
AcDbLine
 10
3318797.297084
 20
5810084.164198
 30
0.000000
 11
3318795.125072
 21
5810086.538495
 31
0.000000
  0
LINE
  5
82f
100
AcDbEntity
  6
502
 62
255
370
18
100
AcDbLine
 10
3318794.985699
 20
5810086.690848
 30
0.000000
 11
3318790.962749
 21
5810091.088467
 31
0.000000
  0
LINE
  5
830
100
AcDbEntity
  6
502
 62
255
370
18
100
AcDbLine
 10
3318796.590676
 20
5810084.195629
 30
0.000000
 11
3318795.094179
 21
5810085.831499
 31
0.000000
  0
LINE
  5
831
100
AcDbEntity
  6
502
 62
255
370
18
100
AcDbLine
 10
3318794.279829
 20
5810086.721692
 30
0.000000
 11
3318790.931856
 21
5810090.381471
 31
0.000000
  0
LINE
  5
832
100
AcDbEntity
  6
502
 62
255
370
18
100
AcDbLine
 10
3318795.884268
 20
5810084.227060
 30
0.000000
 11
3318795.063286
 21
5810085.124503
 31
0.000000
  0
LINE
  5
833
100
AcDbEntity
  6
502
 62
255
370
18
100
AcDbLine
 10
3318793.573958
 20
5810086.752536
 30
0.000000
 11
3318790.900963
 21
5810089.674475
 31
0.000000
  0
LINE
  5
834
100
AcDbEntity
  6
502
 62
255
370
18
100
AcDbLine
 10
3318795.177860
 20
5810084.258492
 30
0.000000
 11
3318795.032393
 21
5810084.417506
 31
0.000000
  0
LINE
  5
835
100
AcDbEntity
  6
502
 62
255
370
18
100
AcDbLine
 10
3318792.868088
 20
5810086.783380
 30
0.000000
 11
3318790.870070
 21
5810088.967479
 31
0.000000
  0
LINE
  5
836
100
AcDbEntity
  6
502
 62
255
370
18
100
AcDbLine
 10
3318792.162217
 20
5810086.814224
 30
0.000000
 11
3318790.839177
 21
5810088.260482
 31
0.000000
  0
LINE
  5
837
100
AcDbEntity
  6
502
 62
255
370
18
100
AcDbLine
 10
3318791.456347
 20
5810086.845068
 30
0.000000
 11
3318790.808284
 21
5810087.553486
 31
0.000000
  0
ENDBLK
  5
838
100
AcDbEntity
 62
0
100
AcDbBlockEnd
999
- - - - - - - - - - - -
  0
BLOCK
  5
83b
100
AcDbEntity
 62
0
100
AcDbBlockBegin
  2
*X575
 70
65
 10
0.000000
 20
0.000000
 30
0.000000
  3
*X575
  0
LINE
  5
83c
100
AcDbEntity
  6
502
 62
255
370
18
100
AcDbLine
 10
3318827.858370
 20
5810107.619971
 30
0.000000
 11
3318828.489901
 21
5810108.200330
 31
0.000000
  0
LINE
  5
83d
100
AcDbEntity
  6
502
 62
255
370
18
100
AcDbLine
 10
3318827.151893
 20
5810107.649801
 30
0.000000
 11
3318828.519402
 21
5810108.906503
 31
0.000000
  0
LINE
  5
83e
100
AcDbEntity
  6
502
 62
255
370
18
100
AcDbLine
 10
3318826.445416
 20
5810107.679632
 30
0.000000
 11
3318828.548903
 21
5810109.612677
 31
0.000000
  0
LINE
  5
83f
100
AcDbEntity
  6
502
 62
255
370
18
100
AcDbLine
 10
3318825.738938
 20
5810107.709463
 30
0.000000
 11
3318828.578404
 21
5810110.318851
 31
0.000000
  0
LINE
  5
840
100
AcDbEntity
  6
502
 62
255
370
18
100
AcDbLine
 10
3318825.032461
 20
5810107.739294
 30
0.000000
 11
3318828.607905
 21
5810111.025025
 31
0.000000
  0
LINE
  5
841
100
AcDbEntity
  6
502
 62
255
370
18
100
AcDbLine
 10
3318824.325984
 20
5810107.769125
 30
0.000000
 11
3318828.637405
 21
5810111.731199
 31
0.000000
  0
LINE
  5
842
100
AcDbEntity
  6
502
 62
255
370
18
100
AcDbLine
 10
3318823.619507
 20
5810107.798956
 30
0.000000
 11
3318828.666906
 21
5810112.437373
 31
0.000000
  0
LINE
  5
843
100
AcDbEntity
  6
502
 62
255
370
18
100
AcDbLine
 10
3318822.913029
 20
5810107.828787
 30
0.000000
 11
3318828.696407
 21
5810113.143547
 31
0.000000
  0
LINE
  5
844
100
AcDbEntity
  6
502
 62
255
370
18
100
AcDbLine
 10
3318822.206552
 20
5810107.858618
 30
0.000000
 11
3318828.725908
 21
5810113.849721
 31
0.000000
  0
LINE
  5
845
100
AcDbEntity
  6
502
 62
255
370
18
100
AcDbLine
 10
3318821.500075
 20
5810107.888449
 30
0.000000
 11
3318828.755409
 21
5810114.555895
 31
0.000000
  0
LINE
  5
846
100
AcDbEntity
  6
502
 62
255
370
18
100
AcDbLine
 10
3318820.793598
 20
5810107.918280
 30
0.000000
 11
3318828.784910
 21
5810115.262068
 31
0.000000
  0
LINE
  5
847
100
AcDbEntity
  6
502
 62
255
370
18
100
AcDbLine
 10
3318820.087120
 20
5810107.948111
 30
0.000000
 11
3318828.814411
 21
5810115.968242
 31
0.000000
  0
LINE
  5
848
100
AcDbEntity
  6
502
 62
255
370
18
100
AcDbLine
 10
3318819.380643
 20
5810107.977942
 30
0.000000
 11
3318828.843911
 21
5810116.674416
 31
0.000000
  0
LINE
  5
849
100
AcDbEntity
  6
502
 62
255
370
18
100
AcDbLine
 10
3318818.674166
 20
5810108.007773
 30
0.000000
 11
3318828.873412
 21
5810117.380590
 31
0.000000
  0
LINE
  5
84a
100
AcDbEntity
  6
502
 62
255
370
18
100
AcDbLine
 10
3318817.967689
 20
5810108.037604
 30
0.000000
 11
3318828.902913
 21
5810118.086764
 31
0.000000
  0
LINE
  5
84b
100
AcDbEntity
  6
502
 62
255
370
18
100
AcDbLine
 10
3318817.261211
 20
5810108.067435
 30
0.000000
 11
3318828.932414
 21
5810118.792938
 31
0.000000
  0
LINE
  5
84c
100
AcDbEntity
  6
502
 62
255
370
18
100
AcDbLine
 10
3318816.554734
 20
5810108.097266
 30
0.000000
 11
3318828.961915
 21
5810119.499112
 31
0.000000
  0
LINE
  5
84d
100
AcDbEntity
  6
502
 62
255
370
18
100
AcDbLine
 10
3318815.848257
 20
5810108.127097
 30
0.000000
 11
3318828.991416
 21
5810120.205286
 31
0.000000
  0
LINE
  5
84e
100
AcDbEntity
  6
502
 62
255
370
18
100
AcDbLine
 10
3318815.141780
 20
5810108.156928
 30
0.000000
 11
3318829.020916
 21
5810120.911459
 31
0.000000
  0
LINE
  5
84f
100
AcDbEntity
  6
502
 62
255
370
18
100
AcDbLine
 10
3318814.435302
 20
5810108.186759
 30
0.000000
 11
3318829.050417
 21
5810121.617633
 31
0.000000
  0
LINE
  5
850
100
AcDbEntity
  6
502
 62
255
370
18
100
AcDbLine
 10
3318813.728825
 20
5810108.216590
 30
0.000000
 11
3318829.079918
 21
5810122.323807
 31
0.000000
  0
LINE
  5
851
100
AcDbEntity
  6
502
 62
255
370
18
100
AcDbLine
 10
3318813.022348
 20
5810108.246421
 30
0.000000
 11
3318829.109419
 21
5810123.029981
 31
0.000000
  0
LINE
  5
852
100
AcDbEntity
  6
502
 62
255
370
18
100
AcDbLine
 10
3318812.315871
 20
5810108.276252
 30
0.000000
 11
3318829.138920
 21
5810123.736155
 31
0.000000
  0
LINE
  5
853
100
AcDbEntity
  6
502
 62
255
370
18
100
AcDbLine
 10
3318811.609393
 20
5810108.306083
 30
0.000000
 11
3318829.168421
 21
5810124.442329
 31
0.000000
  0
LINE
  5
854
100
AcDbEntity
  6
502
 62
255
370
18
100
AcDbLine
 10
3318810.902916
 20
5810108.335914
 30
0.000000
 11
3318829.197922
 21
5810125.148503
 31
0.000000
  0
LINE
  5
855
100
AcDbEntity
  6
502
 62
255
370
18
100
AcDbLine
 10
3318810.196439
 20
5810108.365745
 30
0.000000
 11
3318829.227422
 21
5810125.854677
 31
0.000000
  0
LINE
  5
856
100
AcDbEntity
  6
502
 62
255
370
18
100
AcDbLine
 10
3318810.197810
 20
5810109.046069
 30
0.000000
 11
3318829.256923
 21
5810126.560850
 31
0.000000
  0
LINE
  5
857
100
AcDbEntity
  6
502
 62
255
370
18
100
AcDbLine
 10
3318810.227641
 20
5810109.752546
 30
0.000000
 11
3318828.577490
 21
5810126.615534
 31
0.000000
  0
LINE
  5
858
100
AcDbEntity
  6
502
 62
255
370
18
100
AcDbLine
 10
3318810.257472
 20
5810110.459023
 30
0.000000
 11
3318827.868262
 21
5810126.642838
 31
0.000000
  0
LINE
  5
859
100
AcDbEntity
  6
502
 62
255
370
18
100
AcDbLine
 10
3318810.287303
 20
5810111.165500
 30
0.000000
 11
3318827.159035
 21
5810126.670141
 31
0.000000
  0
LINE
  5
85a
100
AcDbEntity
  6
502
 62
255
370
18
100
AcDbLine
 10
3318810.317134
 20
5810111.871978
 30
0.000000
 11
3318826.449807
 21
5810126.697444
 31
0.000000
  0
LINE
  5
85b
100
AcDbEntity
  6
502
 62
255
370
18
100
AcDbLine
 10
3318810.346965
 20
5810112.578455
 30
0.000000
 11
3318825.740579
 21
5810126.724748
 31
0.000000
  0
LINE
  5
85c
100
AcDbEntity
  6
502
 62
255
370
18
100
AcDbLine
 10
3318810.376796
 20
5810113.284932
 30
0.000000
 11
3318825.031351
 21
5810126.752051
 31
0.000000
  0
LINE
  5
85d
100
AcDbEntity
  6
502
 62
255
370
18
100
AcDbLine
 10
3318810.406627
 20
5810113.991409
 30
0.000000
 11
3318824.322124
 21
5810126.779354
 31
0.000000
  0
LINE
  5
85e
100
AcDbEntity
  6
502
 62
255
370
18
100
AcDbLine
 10
3318810.436458
 20
5810114.697887
 30
0.000000
 11
3318823.612896
 21
5810126.806658
 31
0.000000
  0
LINE
  5
85f
100
AcDbEntity
  6
502
 62
255
370
18
100
AcDbLine
 10
3318810.466289
 20
5810115.404364
 30
0.000000
 11
3318822.903668
 21
5810126.833961
 31
0.000000
  0
LINE
  5
860
100
AcDbEntity
  6
502
 62
255
370
18
100
AcDbLine
 10
3318810.496120
 20
5810116.110841
 30
0.000000
 11
3318822.194440
 21
5810126.861264
 31
0.000000
  0
LINE
  5
861
100
AcDbEntity
  6
502
 62
255
370
18
100
AcDbLine
 10
3318810.525951
 20
5810116.817318
 30
0.000000
 11
3318821.485212
 21
5810126.888568
 31
0.000000
  0
LINE
  5
862
100
AcDbEntity
  6
502
 62
255
370
18
100
AcDbLine
 10
3318810.555782
 20
5810117.523796
 30
0.000000
 11
3318820.775985
 21
5810126.915871
 31
0.000000
  0
LINE
  5
863
100
AcDbEntity
  6
502
 62
255
370
18
100
AcDbLine
 10
3318810.585613
 20
5810118.230273
 30
0.000000
 11
3318820.066757
 21
5810126.943174
 31
0.000000
  0
LINE
  5
864
100
AcDbEntity
  6
502
 62
255
370
18
100
AcDbLine
 10
3318810.615444
 20
5810118.936750
 30
0.000000
 11
3318819.357529
 21
5810126.970478
 31
0.000000
  0
LINE
  5
865
100
AcDbEntity
  6
502
 62
255
370
18
100
AcDbLine
 10
3318810.645275
 20
5810119.643227
 30
0.000000
 11
3318818.648301
 21
5810126.997781
 31
0.000000
  0
LINE
  5
866
100
AcDbEntity
  6
502
 62
255
370
18
100
AcDbLine
 10
3318810.675106
 20
5810120.349705
 30
0.000000
 11
3318817.939074
 21
5810127.025084
 31
0.000000
  0
LINE
  5
867
100
AcDbEntity
  6
502
 62
255
370
18
100
AcDbLine
 10
3318810.704937
 20
5810121.056182
 30
0.000000
 11
3318817.229846
 21
5810127.052388
 31
0.000000
  0
LINE
  5
868
100
AcDbEntity
  6
502
 62
255
370
18
100
AcDbLine
 10
3318810.734768
 20
5810121.762659
 30
0.000000
 11
3318816.520618
 21
5810127.079691
 31
0.000000
  0
LINE
  5
869
100
AcDbEntity
  6
502
 62
255
370
18
100
AcDbLine
 10
3318810.764599
 20
5810122.469137
 30
0.000000
 11
3318815.811390
 21
5810127.106994
 31
0.000000
  0
LINE
  5
86a
100
AcDbEntity
  6
502
 62
255
370
18
100
AcDbLine
 10
3318810.794430
 20
5810123.175614
 30
0.000000
 11
3318815.102163
 21
5810127.134298
 31
0.000000
  0
LINE
  5
86b
100
AcDbEntity
  6
502
 62
255
370
18
100
AcDbLine
 10
3318810.824261
 20
5810123.882091
 30
0.000000
 11
3318812.924019
 21
5810125.811709
 31
0.000000
  0
LINE
  5
86c
100
AcDbEntity
  6
502
 62
255
370
18
100
AcDbLine
 10
3318813.409267
 20
5810126.257638
 30
0.000000
 11
3318814.392935
 21
5810127.161601
 31
0.000000
  0
LINE
  5
86d
100
AcDbEntity
  6
502
 62
255
370
18
100
AcDbLine
 10
3318810.854092
 20
5810124.588568
 30
0.000000
 11
3318812.219177
 21
5810125.843042
 31
0.000000
  0
LINE
  5
86e
100
AcDbEntity
  6
502
 62
255
370
18
100
AcDbLine
 10
3318813.438922
 20
5810126.963954
 30
0.000000
 11
3318813.683707
 21
5810127.188904
 31
0.000000
  0
LINE
  5
86f
100
AcDbEntity
  6
502
 62
255
370
18
100
AcDbLine
 10
3318810.883923
 20
5810125.295046
 30
0.000000
 11
3318811.514334
 21
5810125.874376
 31
0.000000
  0
LINE
  5
870
100
AcDbEntity
  6
502
 62
255
370
18
100
AcDbLine
 10
3318829.231966
 20
5810125.963443
 30
0.000000
 11
3318828.634738
 21
5810126.613330
 31
0.000000
  0
LINE
  5
871
100
AcDbEntity
  6
502
 62
255
370
18
100
AcDbLine
 10
3318829.202439
 20
5810125.256635
 30
0.000000
 11
3318827.930769
 21
5810126.640431
 31
0.000000
  0
LINE
  5
872
100
AcDbEntity
  6
502
 62
255
370
18
100
AcDbLine
 10
3318829.172911
 20
5810124.549827
 30
0.000000
 11
3318827.226801
 21
5810126.667532
 31
0.000000
  0
LINE
  5
873
100
AcDbEntity
  6
502
 62
255
370
18
100
AcDbLine
 10
3318829.143384
 20
5810123.843020
 30
0.000000
 11
3318826.522833
 21
5810126.694633
 31
0.000000
  0
LINE
  5
874
100
AcDbEntity
  6
502
 62
255
370
18
100
AcDbLine
 10
3318829.113857
 20
5810123.136212
 30
0.000000
 11
3318825.818864
 21
5810126.721734
 31
0.000000
  0
LINE
  5
875
100
AcDbEntity
  6
502
 62
255
370
18
100
AcDbLine
 10
3318829.084330
 20
5810122.429404
 30
0.000000
 11
3318825.114896
 21
5810126.748835
 31
0.000000
  0
LINE
  5
876
100
AcDbEntity
  6
502
 62
255
370
18
100
AcDbLine
 10
3318829.054802
 20
5810121.722597
 30
0.000000
 11
3318824.410928
 21
5810126.775936
 31
0.000000
  0
LINE
  5
877
100
AcDbEntity
  6
502
 62
255
370
18
100
AcDbLine
 10
3318829.025275
 20
5810121.015789
 30
0.000000
 11
3318823.706959
 21
5810126.803036
 31
0.000000
  0
LINE
  5
878
100
AcDbEntity
  6
502
 62
255
370
18
100
AcDbLine
 10
3318828.995748
 20
5810120.308981
 30
0.000000
 11
3318823.002991
 21
5810126.830137
 31
0.000000
  0
LINE
  5
879
100
AcDbEntity
  6
502
 62
255
370
18
100
AcDbLine
 10
3318828.966220
 20
5810119.602174
 30
0.000000
 11
3318822.299023
 21
5810126.857238
 31
0.000000
  0
LINE
  5
87a
100
AcDbEntity
  6
502
 62
255
370
18
100
AcDbLine
 10
3318828.936693
 20
5810118.895366
 30
0.000000
 11
3318821.595054
 21
5810126.884339
 31
0.000000
  0
LINE
  5
87b
100
AcDbEntity
  6
502
 62
255
370
18
100
AcDbLine
 10
3318828.907166
 20
5810118.188558
 30
0.000000
 11
3318820.891086
 21
5810126.911440
 31
0.000000
  0
LINE
  5
87c
100
AcDbEntity
  6
502
 62
255
370
18
100
AcDbLine
 10
3318828.877638
 20
5810117.481751
 30
0.000000
 11
3318820.187117
 21
5810126.938541
 31
0.000000
  0
LINE
  5
87d
100
AcDbEntity
  6
502
 62
255
370
18
100
AcDbLine
 10
3318828.848111
 20
5810116.774943
 30
0.000000
 11
3318819.483149
 21
5810126.965642
 31
0.000000
  0
LINE
  5
87e
100
AcDbEntity
  6
502
 62
255
370
18
100
AcDbLine
 10
3318828.818584
 20
5810116.068135
 30
0.000000
 11
3318818.779181
 21
5810126.992742
 31
0.000000
  0
LINE
  5
87f
100
AcDbEntity
  6
502
 62
255
370
18
100
AcDbLine
 10
3318828.789056
 20
5810115.361327
 30
0.000000
 11
3318818.075212
 21
5810127.019843
 31
0.000000
  0
LINE
  5
880
100
AcDbEntity
  6
502
 62
255
370
18
100
AcDbLine
 10
3318828.759529
 20
5810114.654520
 30
0.000000
 11
3318817.371244
 21
5810127.046944
 31
0.000000
  0
LINE
  5
881
100
AcDbEntity
  6
502
 62
255
370
18
100
AcDbLine
 10
3318828.730002
 20
5810113.947712
 30
0.000000
 11
3318816.667276
 21
5810127.074045
 31
0.000000
  0
LINE
  5
882
100
AcDbEntity
  6
502
 62
255
370
18
100
AcDbLine
 10
3318828.700474
 20
5810113.240904
 30
0.000000
 11
3318815.963307
 21
5810127.101146
 31
0.000000
  0
LINE
  5
883
100
AcDbEntity
  6
502
 62
255
370
18
100
AcDbLine
 10
3318828.670947
 20
5810112.534097
 30
0.000000
 11
3318815.259339
 21
5810127.128247
 31
0.000000
  0
LINE
  5
884
100
AcDbEntity
  6
502
 62
255
370
18
100
AcDbLine
 10
3318828.641420
 20
5810111.827289
 30
0.000000
 11
3318814.555371
 21
5810127.155348
 31
0.000000
  0
LINE
  5
885
100
AcDbEntity
  6
502
 62
255
370
18
100
AcDbLine
 10
3318828.611892
 20
5810111.120481
 30
0.000000
 11
3318813.851402
 21
5810127.182448
 31
0.000000
  0
LINE
  5
886
100
AcDbEntity
  6
502
 62
255
370
18
100
AcDbLine
 10
3318828.582365
 20
5810110.413674
 30
0.000000
 11
3318813.436048
 21
5810126.895487
 31
0.000000
  0
LINE
  5
887
100
AcDbEntity
  6
502
 62
255
370
18
100
AcDbLine
 10
3318828.552838
 20
5810109.706866
 30
0.000000
 11
3318813.406378
 21
5810126.188834
 31
0.000000
  0
LINE
  5
888
100
AcDbEntity
  6
502
 62
255
370
18
100
AcDbLine
 10
3318828.523310
 20
5810109.000058
 30
0.000000
 11
3318813.080265
 21
5810125.804763
 31
0.000000
  0
LINE
  5
889
100
AcDbEntity
  6
502
 62
255
370
18
100
AcDbLine
 10
3318828.493783
 20
5810108.293251
 30
0.000000
 11
3318812.372279
 21
5810125.836236
 31
0.000000
  0
LINE
  5
88a
100
AcDbEntity
  6
502
 62
255
370
18
100
AcDbLine
 10
3318828.456661
 20
5810107.594708
 30
0.000000
 11
3318811.664293
 21
5810125.867709
 31
0.000000
  0
LINE
  5
88b
100
AcDbEntity
  6
502
 62
255
370
18
100
AcDbLine
 10
3318827.750183
 20
5810107.624539
 30
0.000000
 11
3318810.956306
 21
5810125.899183
 31
0.000000
  0
LINE
  5
88c
100
AcDbEntity
  6
502
 62
255
370
18
100
AcDbLine
 10
3318827.043706
 20
5810107.654370
 30
0.000000
 11
3318810.881661
 21
5810125.241472
 31
0.000000
  0
LINE
  5
88d
100
AcDbEntity
  6
502
 62
255
370
18
100
AcDbLine
 10
3318826.337229
 20
5810107.684201
 30
0.000000
 11
3318810.851830
 21
5810124.534994
 31
0.000000
  0
LINE
  5
88e
100
AcDbEntity
  6
502
 62
255
370
18
100
AcDbLine
 10
3318825.630752
 20
5810107.714032
 30
0.000000
 11
3318810.821999
 21
5810123.828517
 31
0.000000
  0
LINE
  5
88f
100
AcDbEntity
  6
502
 62
255
370
18
100
AcDbLine
 10
3318824.924274
 20
5810107.743863
 30
0.000000
 11
3318810.792168
 21
5810123.122040
 31
0.000000
  0
LINE
  5
890
100
AcDbEntity
  6
502
 62
255
370
18
100
AcDbLine
 10
3318824.217797
 20
5810107.773694
 30
0.000000
 11
3318810.762337
 21
5810122.415563
 31
0.000000
  0
LINE
  5
891
100
AcDbEntity
  6
502
 62
255
370
18
100
AcDbLine
 10
3318823.511320
 20
5810107.803525
 30
0.000000
 11
3318810.732506
 21
5810121.709085
 31
0.000000
  0
LINE
  5
892
100
AcDbEntity
  6
502
 62
255
370
18
100
AcDbLine
 10
3318822.804843
 20
5810107.833356
 30
0.000000
 11
3318810.702675
 21
5810121.002608
 31
0.000000
  0
LINE
  5
893
100
AcDbEntity
  6
502
 62
255
370
18
100
AcDbLine
 10
3318822.098365
 20
5810107.863186
 30
0.000000
 11
3318810.672844
 21
5810120.296131
 31
0.000000
  0
LINE
  5
894
100
AcDbEntity
  6
502
 62
255
370
18
100
AcDbLine
 10
3318821.391888
 20
5810107.893017
 30
0.000000
 11
3318810.643013
 21
5810119.589654
 31
0.000000
  0
LINE
  5
895
100
AcDbEntity
  6
502
 62
255
370
18
100
AcDbLine
 10
3318820.685411
 20
5810107.922848
 30
0.000000
 11
3318810.613182
 21
5810118.883176
 31
0.000000
  0
LINE
  5
896
100
AcDbEntity
  6
502
 62
255
370
18
100
AcDbLine
 10
3318819.978934
 20
5810107.952679
 30
0.000000
 11
3318810.583351
 21
5810118.176699
 31
0.000000
  0
LINE
  5
897
100
AcDbEntity
  6
502
 62
255
370
18
100
AcDbLine
 10
3318819.272456
 20
5810107.982510
 30
0.000000
 11
3318810.553520
 21
5810117.470222
 31
0.000000
  0
LINE
  5
898
100
AcDbEntity
  6
502
 62
255
370
18
100
AcDbLine
 10
3318818.565979
 20
5810108.012341
 30
0.000000
 11
3318810.523689
 21
5810116.763745
 31
0.000000
  0
LINE
  5
899
100
AcDbEntity
  6
502
 62
255
370
18
100
AcDbLine
 10
3318817.859502
 20
5810108.042172
 30
0.000000
 11
3318810.493858
 21
5810116.057267
 31
0.000000
  0
LINE
  5
89a
100
AcDbEntity
  6
502
 62
255
370
18
100
AcDbLine
 10
3318817.153025
 20
5810108.072003
 30
0.000000
 11
3318810.464027
 21
5810115.350790
 31
0.000000
  0
LINE
  5
89b
100
AcDbEntity
  6
502
 62
255
370
18
100
AcDbLine
 10
3318816.446547
 20
5810108.101834
 30
0.000000
 11
3318810.434196
 21
5810114.644313
 31
0.000000
  0
LINE
  5
89c
100
AcDbEntity
  6
502
 62
255
370
18
100
AcDbLine
 10
3318815.740070
 20
5810108.131665
 30
0.000000
 11
3318810.404365
 21
5810113.937836
 31
0.000000
  0
LINE
  5
89d
100
AcDbEntity
  6
502
 62
255
370
18
100
AcDbLine
 10
3318815.033593
 20
5810108.161496
 30
0.000000
 11
3318810.374534
 21
5810113.231358
 31
0.000000
  0
LINE
  5
89e
100
AcDbEntity
  6
502
 62
255
370
18
100
AcDbLine
 10
3318814.327116
 20
5810108.191327
 30
0.000000
 11
3318810.344703
 21
5810112.524881
 31
0.000000
  0
LINE
  5
89f
100
AcDbEntity
  6
502
 62
255
370
18
100
AcDbLine
 10
3318813.620638
 20
5810108.221158
 30
0.000000
 11
3318810.314872
 21
5810111.818404
 31
0.000000
  0
LINE
  5
8a0
100
AcDbEntity
  6
502
 62
255
370
18
100
AcDbLine
 10
3318812.914161
 20
5810108.250989
 30
0.000000
 11
3318810.285041
 21
5810111.111927
 31
0.000000
  0
LINE
  5
8a1
100
AcDbEntity
  6
502
 62
255
370
18
100
AcDbLine
 10
3318812.207684
 20
5810108.280820
 30
0.000000
 11
3318810.255210
 21
5810110.405449
 31
0.000000
  0
LINE
  5
8a2
100
AcDbEntity
  6
502
 62
255
370
18
100
AcDbLine
 10
3318811.501206
 20
5810108.310651
 30
0.000000
 11
3318810.225379
 21
5810109.698972
 31
0.000000
  0
LINE
  5
8a3
100
AcDbEntity
  6
502
 62
255
370
18
100
AcDbLine
 10
3318810.794729
 20
5810108.340482
 30
0.000000
 11
3318810.195548
 21
5810108.992495
 31
0.000000
  0
ENDBLK
  5
8a4
100
AcDbEntity
 62
0
100
AcDbBlockEnd
  0
ENDSEC
999
========================
  0
SECTION
  2
ENTITIES
999
FLAECHENSCHRAFFUR
  0
HATCH
  5
13
100
AcDbEntity
  8
Kataster AMT+Grunddiestbarkeit
 62
2
370
70
100
AcDbHatch
 10
0.000000
 20
0.000000
 30
0.000000
210
0.000000
220
0.000000
230
1.000000
  2
SOLID
 70
1
 71
0
 91
1
 92
2
 72
1
 73
1
 93
4
 10
3318886.761108
 20
5810065.475811
 42
0.0
 10
3318941.788433
 20
5810062.811439
 42
0.0
 10
3318941.675877
 20
5810058.810324
 42
0.0
 10
3318886.600392
 20
5810061.476341
 42
0.0
 97
0
 75
0
 76
1
 98
1
 10
3318914.205685
 20
5810062.143276
  0
INSERT
  5
19
100
AcDbEntity
  8
Kataster AMT+Grunddiestbarkeit
 62
7
370
25
100
AcDbBlockReference
  2
S4
 10
3318890.330089
 20
5810154.290832
 30
0.000000
 41
0.300000000000
 42
0.300000000000
 43
0.300000000000
 50
0.000000000000
  0
INSERT
  5
1a
100
AcDbEntity
  8
Kataster AMT+Grunddiestbarkeit
 62
7
370
25
100
AcDbBlockReference
  2
S4
 10
3318707.687350
 20
5810060.785558
 30
0.000000
 41
0.300000000000
 42
0.300000000000
 43
0.300000000000
 50
0.000000000000
  0
INSERT
  5
1b
100
AcDbEntity
  8
Kataster AMT+Grunddiestbarkeit
 62
7
370
25
100
AcDbBlockReference
  2
S4
 10
3318760.469125
 20
5810080.546038
 30
0.000000
 41
0.300000000000
 42
0.300000000000
 43
0.300000000000
 50
0.000000000000
  0
INSERT
  5
1c
100
AcDbEntity
  8
Kataster AMT+Grunddiestbarkeit
 62
7
370
25
100
AcDbBlockReference
  2
S4
 10
3318759.943083
 20
5810067.629079
 30
0.000000
 41
0.300000000000
 42
0.300000000000
 43
0.300000000000
 50
0.000000000000
  0
INSERT
  5
1d
100
AcDbEntity
  8
Kataster AMT+Grunddiestbarkeit
 62
7
370
25
100
AcDbBlockReference
  2
S4
 10
3318843.250154
 20
5810077.167239
 30
0.000000
 41
0.300000000000
 42
0.300000000000
 43
0.300000000000
 50
0.000000000000
  0
INSERT
  5
1e
100
AcDbEntity
  8
Kataster AMT+Grunddiestbarkeit
 62
7
370
25
100
AcDbBlockReference
  2
S4
 10
3318849.834530
 20
5810063.261699
 30
0.000000
 41
0.300000000000
 42
0.300000000000
 43
0.300000000000
 50
0.000000000000
  0
INSERT
  5
1f
100
AcDbEntity
  8
Kataster AMT+Grunddiestbarkeit
 62
7
370
25
100
AcDbBlockReference
  2
S4
 10
3318872.986489
 20
5810062.137478
 30
0.000000
 41
0.300000000000
 42
0.300000000000
 43
0.300000000000
 50
0.000000000000
  0
INSERT
  5
20
100
AcDbEntity
  8
Kataster AMT+Grunddiestbarkeit
 62
7
370
25
100
AcDbBlockReference
  2
S4
 10
3318788.702685
 20
5810158.428588
 30
0.000000
 41
0.300000000000
 42
0.300000000000
 43
0.300000000000
 50
0.000000000000
  0
INSERT
  5
21
100
AcDbEntity
  8
Kataster AMT+Grunddiestbarkeit
 62
7
370
25
100
AcDbBlockReference
  2
S4
 10
3318785.478186
 20
5810079.525276
 30
0.000000
 41
0.300000000000
 42
0.300000000000
 43
0.300000000000
 50
0.000000000000
  0
INSERT
  5
22
100
AcDbEntity
  8
Kataster AMT+Grunddiestbarkeit
 62
7
370
25
100
AcDbBlockReference
  2
S4
 10
3318941.029730
 20
5810058.831486
 30
0.000000
 41
0.100000001490
 42
0.100000001490
 43
0.100000001490
 50
0.000000000000
  0
INSERT
  5
23
100
AcDbEntity
  8
Kataster AMT+Grunddiestbarkeit
 62
7
370
25
100
AcDbBlockReference
  2
S4
 10
3318886.600392
 20
5810061.476341
 30
0.000000
 41
0.300000000000
 42
0.300000000000
 43
0.300000000000
 50
0.000000000000
  0
POINT
  5
24
100
AcDbEntity
  8
Lageplan sonstiges
 62
255
100
AcDbPoint
 10
3318871.065111
 20
5810155.495929
 30
49.482000
  0
POINT
  5
26
100
AcDbEntity
  8
Lageplan sonstiges
 62
255
100
AcDbPoint
 10
3318776.408059
 20
5810085.465372
 30
48.101000
  0
POINT
  5
27
100
AcDbEntity
  8
Lageplan sonstiges
 62
255
100
AcDbPoint
 10
3318812.288807
 20
5810157.863512
 30
49.196000
  0
POINT
  5
28
100
AcDbEntity
  8
Lageplan sonstiges
 62
255
100
AcDbPoint
 10
3318798.827108
 20
5810158.400198
 30
49.135000
  0
POINT
  5
29
100
AcDbEntity
  8
Lageplan sonstiges
 62
7
370
25
100
AcDbPoint
 10
3318761.573545
 20
5810095.423671
 30
48.235000
  0
POINT
  5
2a
100
AcDbEntity
  8
Lageplan sonstiges
 62
7
370
25
100
AcDbPoint
 10
3318756.886741
 20
5810095.454188
 30
48.118000
  0
POINT
  5
2b
100
AcDbEntity
  8
Lageplan sonstiges
 62
7
370
25
100
AcDbPoint
 10
3318756.868436
 20
5810084.345679
 30
47.862000
  0
POINT
  5
2c
100
AcDbEntity
  8
Lageplan sonstiges
 62
7
370
25
100
AcDbPoint
 10
3318764.062031
 20
5810088.361043
 30
48.067000
  0
POINT
  5
2d
100
AcDbEntity
  8
Lageplan sonstiges
 62
7
370
25
100
AcDbPoint
 10
3318768.009602
 20
5810087.939885
 30
48.093000
  0
POINT
  5
2e
100
AcDbEntity
  8
Lageplan sonstiges
 62
7
370
25
100
AcDbPoint
 10
3318780.879804
 20
5810085.057317
 30
47.926000
  0
INSERT
  5
40
100
AcDbEntity
  8
Fernwärmeleitung
 62
7
370
35
100
AcDbBlockReference
  2
S67
 10
3318740.472338
 20
5810134.520180
 30
0.000000
 41
1.600000023842
 42
1.600000023842
 43
1.600000023842
 50
89.277908075235
  0
INSERT
  5
42
100
AcDbEntity
  8
Fernwärmeleitung
 62
7
370
35
100
AcDbBlockReference
  2
S67
 10
3318740.349548
 20
5810086.380928
 30
0.000000
 41
0.699999988079
 42
0.699999988079
 43
0.699999988079
 50
267.516110411388
  0
INSERT
  5
49
100
AcDbEntity
  8
Fernwärmeleitung
 62
7
370
35
100
AcDbBlockReference
  2
S180
 10
3318743.372238
 20
5810134.866680
 30
0.000000
 41
2.599999904633
 42
2.599999904633
 43
2.599999904633
 50
356.591367841166
  0
INSERT
  5
4a
100
AcDbEntity
  8
Fernwärmeleitung
 62
7
370
35
100
AcDbBlockReference
  2
S180
 10
3318710.037479
 20
5810087.920262
 30
0.000000
 41
3.000000000000
 42
3.000000000000
 43
3.000000000000
 50
358.091779401804
  0
INSERT
  5
4b
100
AcDbEntity
  8
Fernwärmeleitung
 62
7
370
35
100
AcDbBlockReference
  2
S180
 10
3318709.973129
 20
5810085.111658
 30
0.000000
 41
3.000000000000
 42
3.000000000000
 43
3.000000000000
 50
178.400046856259
  0
INSERT
  5
55
100
AcDbEntity
  8
Fernwärmeleitung
 62
7
370
35
100
AcDbBlockReference
  2
S240
 10
3318740.635777
 20
5810138.519541
 30
0.000000
 41
2.000000000000
 42
2.000000000000
 43
2.000000000000
 50
89.982756276824
  0
INSERT
  5
5d
100
AcDbEntity
  8
Fernwärmeleitung
 62
7
370
35
100
AcDbBlockReference
  2
S120
 10
3318740.554058
 20
5810136.519861
 30
0.000000
 41
1.399999976158
 42
1.399999976158
 43
1.399999976158
 50
357.659826285862
  0
INSERT
  5
72
100
AcDbEntity
  8
sonstige Leitungen TW_SW_RW_El
 62
7
370
35
100
AcDbBlockReference
  2
S93
 10
3318795.451074
 20
5810062.169035
 30
0.000000
 41
0.899999976158
 42
0.899999976158
 43
0.899999976158
 50
0.000000000000
  0
INSERT
  5
88
100
AcDbEntity
  8
sonstige Leitungen TW_SW_RW_El
 62
7
370
35
100
AcDbBlockReference
  2
S152
 10
3318877.614585
 20
5810059.877739
 30
0.000000
 41
0.600000000000
 42
0.600000000000
 43
0.600000000000
 50
0.000000000000
  0
INSERT
  5
89
100
AcDbEntity
  8
sonstige Leitungen TW_SW_RW_El
 62
7
370
35
100
AcDbBlockReference
  2
S152
 10
3318878.764368
 20
5810065.501563
 30
0.000000
 41
0.150000005960
 42
0.150000005960
 43
0.150000005960
 50
0.000000000000
  0
INSERT
  5
8a
100
AcDbEntity
  8
sonstige Leitungen TW_SW_RW_El
 62
7
370
35
100
AcDbBlockReference
  2
S152
 10
3318878.567575
 20
5810065.318964
 30
0.000000
 41
0.150000005960
 42
0.150000005960
 43
0.150000005960
 50
0.000000000000
  0
INSERT
  5
90
100
AcDbEntity
  8
sonstige Leitungen TW_SW_RW_El
 62
7
370
25
100
AcDbBlockReference
  2
S5
 10
3318882.040348
 20
5810065.334461
 30
0.000000
 41
0.150000005960
 42
0.150000005960
 43
0.150000005960
 50
0.000000000000
  0
INSERT
  5
9a
100
AcDbEntity
  8
sonstige Leitungen TW_SW_RW_El
 62
7
370
35
100
AcDbBlockReference
  2
S143
 10
3318787.477263
 20
5810059.297168
 30
0.000000
 41
0.800000011921
 42
0.800000011921
 43
0.800000011921
 50
0.000000000000
  0
INSERT
  5
a6
100
AcDbEntity
  8
sonstige Leitungen TW_SW_RW_El
 62
7
370
25
100
AcDbBlockReference
  2
S209
 10
3318860.346969
 20
5810061.368536
 30
0.000000
 41
1.700000047684
 42
1.700000047684
 43
1.700000047684
 50
0.000000000000
  0
INSERT
  5
a7
100
AcDbEntity
  8
sonstige Leitungen TW_SW_RW_El
 62
7
370
35
100
AcDbBlockReference
  2
S152
 10
3318878.752695
 20
5810065.189572
 30
0.000000
 41
0.150000005960
 42
0.150000005960
 43
0.150000005960
 50
0.000000000000
  0
INSERT
  5
a8
100
AcDbEntity
  8
sonstige Leitungen TW_SW_RW_El
 62
7
370
25
100
AcDbBlockReference
  2
S5
 10
3318882.050469
 20
5810065.009825
 30
0.000000
 41
0.150000005960
 42
0.150000005960
 43
0.150000005960
 50
0.000000000000
  0
INSERT
  5
a9
100
AcDbEntity
  8
sonstige Leitungen TW_SW_RW_El
 62
7
370
35
100
AcDbBlockReference
  2
S143
 10
3318786.801265
 20
5810060.608355
 30
0.000000
 41
0.800000011921
 42
0.800000011921
 43
0.800000011921
 50
0.000000000000
  0
INSERT
  5
c0
100
AcDbEntity
  8
sonstige Leitungen TW_SW_RW_El
 62
7
370
35
100
AcDbBlockReference
  2
S94
 10
3318796.721361
 20
5810063.035133
 30
0.000000
 41
0.800000011921
 42
0.800000011921
 43
0.800000011921
 50
0.000000000000
  0
INSERT
  5
c1
100
AcDbEntity
  8
Fernwärmeleitung
 62
7
370
35
100
AcDbBlockReference
  2
S120
 10
3318937.370741
 20
5810060.737050
 30
47.383000
 41
0.349999994040
 42
0.349999994040
 43
0.349999994040
 50
355.245313219684
  0
INSERT
  5
c8
100
AcDbEntity
  8
Lageplan sonstiges
 62
7
370
35
100
AcDbBlockReference
  2
S125
 10
3318983.088495
 20
5810049.953988
 30
47.830000
 41
0.500000000000
 42
0.500000000000
 43
0.500000000000
 50
357.857307338705
  0
INSERT
  5
c9
100
AcDbEntity
  8
Lageplan sonstiges
 62
7
370
35
100
AcDbBlockReference
  2
S125
 10
3318983.725871
 20
5810059.177669
 30
47.979000
 41
0.500000000000
 42
0.500000000000
 43
0.500000000000
 50
357.857307338705
  0
INSERT
  5
ca
100
AcDbEntity
  8
Lageplan sonstiges
 62
7
370
35
100
AcDbBlockReference
  2
S125
 10
3318963.107267
 20
5810057.356946
 30
47.854000
 41
0.500000000000
 42
0.500000000000
 43
0.500000000000
 50
357.857307338705
  0
INSERT
  5
cb
100
AcDbEntity
  8
Lageplan sonstiges
 62
7
370
35
100
AcDbBlockReference
  2
S125
 10
3318963.234180
 20
5810059.913172
 30
48.167000
 41
0.500000000000
 42
0.500000000000
 43
0.500000000000
 50
357.857307338705
  0
INSERT
  5
cc
100
AcDbEntity
  8
Lageplan sonstiges
 62
7
370
35
100
AcDbBlockReference
  2
S125
 10
3318962.752224
 20
5810050.704311
 30
48.124000
 41
0.500000000000
 42
0.500000000000
 43
0.500000000000
 50
357.857307338705
  0
INSERT
  5
cd
100
AcDbEntity
  8
Lageplan sonstiges
 62
7
370
35
100
AcDbBlockReference
  2
S125
 10
3318942.691128
 20
5810051.762514
 30
48.383000
 41
0.500000000000
 42
0.500000000000
 43
0.500000000000
 50
357.857307338705
  0
INSERT
  5
ce
100
AcDbEntity
  8
Lageplan sonstiges
 62
7
370
35
100
AcDbBlockReference
  2
S125
 10
3318943.134121
 20
5810058.293571
 30
48.061000
 41
0.200000002980
 42
0.200000002980
 43
0.200000002980
 50
357.857307338705
  0
INSERT
  5
cf
100
AcDbEntity
  8
Lageplan sonstiges
 62
7
370
35
100
AcDbBlockReference
  2
S125
 10
3318943.213189
 20
5810059.849589
 30
48.309000
 41
0.500000000000
 42
0.500000000000
 43
0.500000000000
 50
357.857307338705
  0
INSERT
  5
d0
100
AcDbEntity
  8
Beschriftumg +Trassierung
 62
7
370
35
100
AcDbBlockReference
  2
S143
 10
3318926.492607
 20
5810056.273564
 30
48.309000
 41
0.550000011921
 42
0.550000011921
 43
0.550000011921
 50
0.000000000000
  0
INSERT
  5
d2
100
AcDbEntity
  8
Lageplan sonstiges
 62
7
370
35
100
AcDbBlockReference
  2
S143
 10
3318926.484692
 20
5810056.268819
 30
48.310000
 41
0.550000011921
 42
0.550000011921
 43
0.550000011921
 50
0.000000000000
  0
POINT
  5
d3
100
AcDbEntity
  8
Lageplan sonstiges
 62
7
370
25
100
AcDbPoint
 10
3318941.566451
 20
5810070.658006
 30
48.599000
  0
INSERT
  5
d4
100
AcDbEntity
  8
Fernwärmeleitung
 62
7
370
35
100
AcDbBlockReference
  2
S120
 10
3318993.037897
 20
5810055.669144
 30
46.631000
 41
0.500000000000
 42
0.500000000000
 43
0.500000000000
 50
358.474633596177
  0
INSERT
  5
d5
100
AcDbEntity
  8
Fernwärmeleitung
 62
7
370
35
100
AcDbBlockReference
  2
S120
 10
3318991.645527
 20
5810055.754739
 30
46.671000
 41
0.500000000000
 42
0.500000000000
 43
0.500000000000
 50
357.167205722164
  0
INSERT
  5
d6
100
AcDbEntity
  8
Fernwärmeleitung
 62
7
370
25
100
AcDbBlockReference
  2
S4
 10
3318992.191460
 20
5810055.915296
 30
46.529000
 41
0.245000004768
 42
0.245000004768
 43
0.245000004768
 50
0.000000000000
  0
INSERT
  5
d7
100
AcDbEntity
  8
Fernwärmeleitung
 62
7
370
25
100
AcDbBlockReference
  2
S4
 10
3318992.486505
 20
5810056.030404
 30
46.315000
 41
0.245000004768
 42
0.245000004768
 43
0.245000004768
 50
0.000000000000
  0
INSERT
  5
d8
100
AcDbEntity
  8
Fernwärmeleitung
 62
7
370
35
100
AcDbBlockReference
  2
S120
 10
3318992.513561
 20
5810056.443462
 30
46.280000
 41
0.349999994040
 42
0.349999994040
 43
0.349999994040
 50
87.566269499419
  0
INSERT
  5
d9
100
AcDbEntity
  8
Fernwärmeleitung
 62
7
370
35
100
AcDbBlockReference
  2
S120
 10
3318992.227415
 20
5810056.428373
 30
46.549000
 41
0.349999994040
 42
0.349999994040
 43
0.349999994040
 50
86.682688907630
  0
INSERT
  5
da
100
AcDbEntity
  8
Fernwärmeleitung
 62
7
370
35
100
AcDbBlockReference
  2
S120
 10
3318992.570775
 20
5810057.963720
 30
46.298000
 41
0.349999994040
 42
0.349999994040
 43
0.349999994040
 50
88.122240067669
  0
INSERT
  5
db
100
AcDbEntity
  8
Fernwärmeleitung
 62
7
370
35
100
AcDbBlockReference
  2
S120
 10
3318992.348511
 20
5810058.659845
 30
46.601000
 41
0.349999994040
 42
0.349999994040
 43
0.349999994040
 50
87.341966087076
  0
INSERT
  5
dc
100
AcDbEntity
  8
Fernwärmeleitung
 62
7
370
35
100
AcDbBlockReference
  2
S240
 10
3318992.315331
 20
5810057.945139
 30
46.596000
 41
0.600000000000
 42
0.600000000000
 43
0.600000000000
 50
358.113412318453
  0
INSERT
  5
dd
100
AcDbEntity
  8
Fernwärmeleitung
 62
7
370
35
100
AcDbBlockReference
  2
S240
 10
3318992.545807
 20
5810057.202165
 30
46.272000
 41
0.600000000000
 42
0.600000000000
 43
0.600000000000
 50
358.998292247010
  0
INSERT
  5
de
100
AcDbEntity
  8
Fernwärmeleitung
 62
7
370
35
100
AcDbBlockReference
  2
S120
 10
3318979.635616
 20
5810056.326306
 30
47.000000
 41
0.500000000000
 42
0.500000000000
 43
0.500000000000
 50
357.167205722164
  0
INSERT
  5
df
100
AcDbEntity
  8
Fernwärmeleitung
 62
7
370
35
100
AcDbBlockReference
  2
S120
 10
3318967.630280
 20
5810056.921651
 30
47.153000
 41
0.500000000000
 42
0.500000000000
 43
0.500000000000
 50
357.161029523607
  0
INSERT
  5
e0
100
AcDbEntity
  8
Fernwärmeleitung
 62
7
370
35
100
AcDbBlockReference
  2
S120
 10
3318955.612302
 20
5810057.570809
 30
47.187000
 41
0.500000000000
 42
0.500000000000
 43
0.500000000000
 50
356.908136646945
  0
INSERT
  5
e1
100
AcDbEntity
  8
Fernwärmeleitung
 62
7
370
35
100
AcDbBlockReference
  2
S120
 10
3318943.632676
 20
5810058.361442
 30
47.280000
 41
0.500000000000
 42
0.500000000000
 43
0.500000000000
 50
356.224065667368
  0
INSERT
  5
e2
100
AcDbEntity
  8
Fernwärmeleitung
 62
7
370
35
100
AcDbBlockReference
  2
S120
 10
3318941.012215
 20
5810058.541870
 30
47.248000
 41
0.439999997616
 42
0.439999997616
 43
0.439999997616
 50
356.061184438684
  0
INSERT
  5
e3
100
AcDbEntity
  8
Fernwärmeleitung
 62
7
370
25
100
AcDbBlockReference
  2
S4
 10
3318939.545459
 20
5810058.625337
 30
47.305000
 41
0.245000004768
 42
0.245000004768
 43
0.245000004768
 50
0.000000000000
  0
INSERT
  5
e4
100
AcDbEntity
  8
Fernwärmeleitung
 62
7
370
25
100
AcDbBlockReference
  2
S4
 10
3318940.179567
 20
5810058.910296
 30
47.131000
 41
0.245000004768
 42
0.245000004768
 43
0.245000004768
 50
0.000000000000
  0
INSERT
  5
e5
100
AcDbEntity
  8
Fernwärmeleitung
 62
7
370
35
100
AcDbBlockReference
  2
S120
 10
3318940.190182
 20
5810059.375903
 30
47.141000
 41
0.349999994040
 42
0.349999994040
 43
0.349999994040
 50
88.388637935867
  0
INSERT
  5
e6
100
AcDbEntity
  8
Fernwärmeleitung
 62
7
370
35
100
AcDbBlockReference
  2
S120
 10
3318939.573270
 20
5810059.372014
 30
47.440000
 41
0.349999994040
 42
0.349999994040
 43
0.349999994040
 50
85.542819127614
  0
INSERT
  5
e7
100
AcDbEntity
  8
Fernwärmeleitung
 62
7
370
35
100
AcDbBlockReference
  2
S120
 10
3318939.272911
 20
5810061.174112
 30
47.128000
 41
0.349999994040
 42
0.349999994040
 43
0.349999994040
 50
357.868804461255
  0
INSERT
  5
e8
100
AcDbEntity
  8
Fernwärmeleitung
 62
7
370
35
100
AcDbBlockReference
  2
S120
 10
3318938.165403
 20
5810061.227377
 30
47.116000
 41
0.349999994040
 42
0.349999994040
 43
0.349999994040
 50
357.434486392312
  0
INSERT
  5
e9
100
AcDbEntity
  8
Fernwärmeleitung
 62
7
370
35
100
AcDbBlockReference
  2
S120
 10
3318937.497596
 20
5810060.539808
 30
47.112000
 41
0.349999994040
 42
0.349999994040
 43
0.349999994040
 50
357.208499338338
  0
INSERT
  5
ea
100
AcDbEntity
  8
Fernwärmeleitung
 62
7
370
35
100
AcDbBlockReference
  2
S120
 10
3318938.634221
 20
5810060.475137
 30
47.108000
 41
0.349999994040
 42
0.349999994040
 43
0.349999994040
 50
355.589261055718
  0
INSERT
  5
eb
100
AcDbEntity
  8
Fernwärmeleitung
 62
7
370
25
100
AcDbBlockReference
  2
S4
 10
3318938.698107
 20
5810061.199011
 30
47.129000
 41
0.245000004768
 42
0.245000004768
 43
0.245000004768
 50
0.000000000000
  0
INSERT
  5
ec
100
AcDbEntity
  8
Fernwärmeleitung
 62
7
370
25
100
AcDbBlockReference
  2
S4
 10
3318938.065429
 20
5810060.494653
 30
47.084000
 41
0.245000004768
 42
0.245000004768
 43
0.245000004768
 50
0.000000000000
  0
INSERT
  5
ed
100
AcDbEntity
  8
Fernwärmeleitung
 62
7
370
35
100
AcDbBlockReference
  2
S120
 10
3318926.178404
 20
5810061.764473
 30
47.138000
 41
0.349999994040
 42
0.349999994040
 43
0.349999994040
 50
357.434486392312
  0
INSERT
  5
ee
100
AcDbEntity
  8
Fernwärmeleitung
 62
7
370
35
100
AcDbBlockReference
  2
S120
 10
3318925.502068
 20
5810061.124703
 30
47.122000
 41
0.349999994040
 42
0.349999994040
 43
0.349999994040
 50
357.208499338338
  0
INSERT
  5
ef
100
AcDbEntity
  8
Fernwärmeleitung
 62
7
370
35
100
AcDbBlockReference
  2
S120
 10
3318901.441621
 20
5810062.097323
 30
47.190000
 41
0.349999994040
 42
0.349999994040
 43
0.349999994040
 50
357.671968654659
  0
INSERT
  5
f0
100
AcDbEntity
  8
Fernwärmeleitung
 62
7
370
35
100
AcDbBlockReference
  2
S120
 10
3318902.132220
 20
5810062.789315
 30
47.182000
 41
0.349999994040
 42
0.349999994040
 43
0.349999994040
 50
357.444963902499
  0
INSERT
  5
f1
100
AcDbEntity
  8
Fernwärmeleitung
 62
7
370
35
100
AcDbBlockReference
  2
S120
 10
3318992.313408
 20
5810055.715365
 30
0.000000
 41
0.899999976158
 42
0.899999976158
 43
0.899999976158
 50
175.568742199992
  0
INSERT
  5
f2
100
AcDbEntity
  8
Fernwärmeleitung
 62
7
370
35
100
AcDbBlockReference
  2
S120
 10
3318940.014388
 20
5810058.611080
 30
0.000000
 41
1.450000047684
 42
1.450000047684
 43
1.450000047684
 50
176.322221348471
  0
INSERT
  5
f3
100
AcDbEntity
  8
Fernwärmeleitung
 62
7
370
35
100
AcDbBlockReference
  2
S120
 10
3318914.109733
 20
5810062.280709
 30
47.165000
 41
0.349999994040
 42
0.349999994040
 43
0.349999994040
 50
357.568487873638
  0
INSERT
  5
f4
100
AcDbEntity
  8
Fernwärmeleitung
 62
7
370
35
100
AcDbBlockReference
  2
S120
 10
3318913.512197
 20
5810061.597546
 30
47.160000
 41
0.349999994040
 42
0.349999994040
 43
0.349999994040
 50
357.741605848342
  0
INSERT
  5
f5
100
AcDbEntity
  8
Fernwärmeleitung
 62
7
370
35
100
AcDbBlockReference
  2
S120
 10
3318890.186033
 20
5810063.270372
 30
47.199000
 41
0.349999994040
 42
0.349999994040
 43
0.349999994040
 50
357.694023335489
  0
INSERT
  5
f6
100
AcDbEntity
  8
Fernwärmeleitung
 62
7
370
35
100
AcDbBlockReference
  2
S120
 10
3318889.450194
 20
5810062.641385
 30
47.217000
 41
0.349999994040
 42
0.349999994040
 43
0.349999994040
 50
357.402220578673
  0
INSERT
  5
f7
100
AcDbEntity
  8
Fernwärmeleitung
 62
7
370
35
100
AcDbBlockReference
  2
S120
 10
3318878.210160
 20
5810063.938823
 30
47.224000
 41
0.349999994040
 42
0.349999994040
 43
0.349999994040
 50
355.134498523042
  0
INSERT
  5
f8
100
AcDbEntity
  8
Fernwärmeleitung
 62
7
370
35
100
AcDbBlockReference
  2
S120
 10
3318877.416105
 20
5810063.376961
 30
47.228000
 41
0.349999994040
 42
0.349999994040
 43
0.349999994040
 50
355.010233476377
  0
INSERT
  5
f9
100
AcDbEntity
  8
sonstige Leitungen TW_SW_RW_El
 62
7
370
35
100
AcDbBlockReference
  2
S152
 10
3318878.625022
 20
5810064.517916
 30
47.420000
 41
0.150000005960
 42
0.150000005960
 43
0.150000005960
 50
0.000000000000
  0
INSERT
  5
fa
100
AcDbEntity
  8
sonstige Leitungen TW_SW_RW_El
 62
7
370
35
100
AcDbBlockReference
  2
S152
 10
3318878.449684
 20
5810064.566092
 30
47.395000
 41
0.150000005960
 42
0.150000005960
 43
0.150000005960
 50
0.000000000000
  0
INSERT
  5
fb
100
AcDbEntity
  8
sonstige Leitungen TW_SW_RW_El
 62
7
370
35
100
AcDbBlockReference
  2
S152
 10
3318878.085023
 20
5810062.774682
 30
47.427000
 41
0.150000005960
 42
0.150000005960
 43
0.150000005960
 50
0.000000000000
  0
INSERT
  5
fc
100
AcDbEntity
  8
sonstige Leitungen TW_SW_RW_El
 62
7
370
35
100
AcDbBlockReference
  2
S152
 10
3318878.377188
 20
5810062.803379
 30
47.407000
 41
0.150000005960
 42
0.150000005960
 43
0.150000005960
 50
0.000000000000
  0
INSERT
  5
fd
100
AcDbEntity
  8
Fernwärmeleitung
 62
7
370
35
100
AcDbBlockReference
  2
S125
 10
3318850.796837
 20
5810065.168739
 30
46.592000
 41
0.500000000000
 42
0.500000000000
 43
0.500000000000
 50
357.857307338705
  0
INSERT
  5
fe
100
AcDbEntity
  8
Lageplan sonstiges
 62
7
370
35
100
AcDbBlockReference
  2
S125
 10
3318854.232851
 20
5810068.942701
 30
48.189000
 41
0.500000000000
 42
0.500000000000
 43
0.500000000000
 50
357.857307338705
  0
INSERT
  5
ff
100
AcDbEntity
  8
Fernwärmeleitung
 62
7
370
35
100
AcDbBlockReference
  2
S125
 10
3318902.051795
 20
5810064.447313
 30
48.221000
 41
0.500000000000
 42
0.500000000000
 43
0.500000000000
 50
357.857307338705
  0
INSERT
  5
100
100
AcDbEntity
  8
Fernwärmeleitung
 62
7
370
35
100
AcDbBlockReference
  2
S125
 10
3318934.508937
 20
5810063.109517
 30
48.294000
 41
0.500000000000
 42
0.500000000000
 43
0.500000000000
 50
357.857307338705
  0
INSERT
  5
101
100
AcDbEntity
  8
Fernwärmeleitung
 62
7
370
35
100
AcDbBlockReference
  2
S152
 10
3318941.109452
 20
5810058.715608
 30
47.331000
 41
0.300000011921
 42
0.300000011921
 43
0.300000011921
 50
0.000000000000
  0
INSERT
  5
102
100
AcDbEntity
  8
Häuser
 62
7
370
35
100
AcDbBlockReference
  2
S152
 10
3318883.479075
 20
5810065.560709
 30
0.000000
 41
2.000000000000
 42
2.000000000000
 43
2.000000000000
 50
0.000000000000
  0
INSERT
  5
104
100
AcDbEntity
  8
Fernwärmeleitung
 62
7
370
35
100
AcDbBlockReference
  2
S120
 10
3318938.015136
 20
5810061.456914
 30
47.363000
 41
0.349999994040
 42
0.349999994040
 43
0.349999994040
 50
0.296142594981
  0
INSERT
  5
105
100
AcDbEntity
  8
Fernwärmeleitung
 62
7
370
35
100
AcDbBlockReference
  2
S120
 10
3318936.522836
 20
5810061.797726
 30
47.346000
 41
0.349999994040
 42
0.349999994040
 43
0.349999994040
 50
85.790898428458
  0
INSERT
  5
106
100
AcDbEntity
  8
Fernwärmeleitung
 62
7
370
35
100
AcDbBlockReference
  2
S120
 10
3318937.175768
 20
5810062.491947
 30
47.373000
 41
0.349999994040
 42
0.349999994040
 43
0.349999994040
 50
86.551644898214
  0
INSERT
  5
107
100
AcDbEntity
  8
Fernwärmeleitung
 62
7
370
35
100
AcDbBlockReference
  2
S120
 10
3318936.622721
 20
5810063.154957
 30
47.336000
 41
0.349999994040
 42
0.349999994040
 43
0.349999994040
 50
84.275293112010
  0
INSERT
  5
108
100
AcDbEntity
  8
Fernwärmeleitung
 62
7
370
35
100
AcDbBlockReference
  2
S120
 10
3318937.665693
 20
5810064.062375
 30
47.292000
 41
0.349999994040
 42
0.349999994040
 43
0.349999994040
 50
357.034619797543
  0
INSERT
  5
109
100
AcDbEntity
  8
Fernwärmeleitung
 62
7
370
35
100
AcDbBlockReference
  2
S120
 10
3318938.216863
 20
5810063.458873
 30
47.301000
 41
0.349999994040
 42
0.349999994040
 43
0.349999994040
 50
356.144220755971
  0
INSERT
  5
10a
100
AcDbEntity
  8
Fernwärmeleitung
 62
7
370
35
100
AcDbBlockReference
  2
S120
 10
3318938.724140
 20
5810064.007546
 30
47.311000
 41
0.349999994040
 42
0.349999994040
 43
0.349999994040
 50
357.034619797543
  0
INSERT
  5
10b
100
AcDbEntity
  8
Fernwärmeleitung
 62
7
370
35
100
AcDbBlockReference
  2
S120
 10
3318939.260427
 20
5810063.388540
 30
47.285000
 41
0.349999994040
 42
0.349999994040
 43
0.349999994040
 50
355.564242072788
  0
INSERT
  5
10c
100
AcDbEntity
  8
Fernwärmeleitung
 62
7
370
35
100
AcDbBlockReference
  2
S120
 10
3318940.311314
 20
5810064.303868
 30
47.274000
 41
0.349999994040
 42
0.349999994040
 43
0.349999994040
 50
85.830704770941
  0
INSERT
  5
10d
100
AcDbEntity
  8
Fernwärmeleitung
 62
7
370
35
100
AcDbBlockReference
  2
S120
 10
3318939.783580
 20
5810064.941546
 30
47.274000
 41
0.349999994040
 42
0.349999994040
 43
0.349999994040
 50
84.928634857068
  0
INSERT
  5
10e
100
AcDbEntity
  8
Fernwärmeleitung
 62
7
370
35
100
AcDbBlockReference
  2
S240
 10
3318939.958908
 20
5810065.729951
 30
47.302000
 41
0.600000000000
 42
0.600000000000
 43
0.600000000000
 50
174.532138050038
  0
INSERT
  5
10f
100
AcDbEntity
  8
Fernwärmeleitung
 62
7
370
35
100
AcDbBlockReference
  2
S240
 10
3318940.436312
 20
5810065.085011
 30
47.247000
 41
0.600000000000
 42
0.600000000000
 43
0.600000000000
 50
175.538320537429
  0
INSERT
  5
110
100
AcDbEntity
  8
Fernwärmeleitung
 62
7
370
35
100
AcDbBlockReference
  2
S120
 10
3318866.205904
 20
5810064.892159
 30
47.157000
 41
0.349999994040
 42
0.349999994040
 43
0.349999994040
 50
355.459299631286
  0
INSERT
  5
111
100
AcDbEntity
  8
Fernwärmeleitung
 62
7
370
35
100
AcDbBlockReference
  2
S120
 10
3318865.517547
 20
5810064.269485
 30
47.158000
 41
0.349999994040
 42
0.349999994040
 43
0.349999994040
 50
355.710211753088
  0
INSERT
  5
112
100
AcDbEntity
  8
Fernwärmeleitung
 62
7
370
35
100
AcDbBlockReference
  2
S120
 10
3318854.236436
 20
5810065.760020
 30
47.189000
 41
0.349999994040
 42
0.349999994040
 43
0.349999994040
 50
355.852955876552
  0
INSERT
  5
113
100
AcDbEntity
  8
Fernwärmeleitung
 62
7
370
35
100
AcDbBlockReference
  2
S120
 10
3318853.502822
 20
5810065.156038
 30
47.161000
 41
0.349999994040
 42
0.349999994040
 43
0.349999994040
 50
355.779859192055
  0
INSERT
  5
114
100
AcDbEntity
  8
Fernwärmeleitung
 62
7
370
35
100
AcDbBlockReference
  2
S120
 10
3318852.187616
 20
5810065.925047
 30
47.220000
 41
0.349999994040
 42
0.349999994040
 43
0.349999994040
 50
355.852955876552
  0
INSERT
  5
115
100
AcDbEntity
  8
Fernwärmeleitung
 62
7
370
35
100
AcDbBlockReference
  2
S120
 10
3318851.285277
 20
5810065.276496
 30
47.170000
 41
0.349999994040
 42
0.349999994040
 43
0.349999994040
 50
356.890728202298
  0
INSERT
  5
116
100
AcDbEntity
  8
Fernwärmeleitung
 62
7
370
35
100
AcDbBlockReference
  2
S120
 10
3318850.360464
 20
5810066.359040
 30
47.174000
 41
0.349999994040
 42
0.349999994040
 43
0.349999994040
 50
84.314184209144
  0
INSERT
  5
117
100
AcDbEntity
  8
Fernwärmeleitung
 62
7
370
35
100
AcDbBlockReference
  2
S120
 10
3318851.178914
 20
5810066.980716
 30
47.190000
 41
0.349999994040
 42
0.349999994040
 43
0.349999994040
 50
84.855353757463
  0
INSERT
  5
118
100
AcDbEntity
  8
Fernwärmeleitung
 62
7
370
35
100
AcDbBlockReference
  2
S120
 10
3318851.322440
 20
5810076.020992
 30
47.230000
 41
0.349999994040
 42
0.349999994040
 43
0.349999994040
 50
84.314184209144
  0
INSERT
  5
119
100
AcDbEntity
  8
Fernwärmeleitung
 62
7
370
35
100
AcDbBlockReference
  2
S120
 10
3318852.049098
 20
5810076.645868
 30
47.141000
 41
0.349999994040
 42
0.349999994040
 43
0.349999994040
 50
84.855353757463
  0
INSERT
  5
11a
100
AcDbEntity
  8
Fernwärmeleitung
 62
7
370
35
100
AcDbBlockReference
  2
S120
 10
3318851.120470
 20
5810077.682833
 30
47.171000
 41
0.349999994040
 42
0.349999994040
 43
0.349999994040
 50
356.162573474271
  0
INSERT
  5
11b
100
AcDbEntity
  8
Fernwärmeleitung
 62
7
370
35
100
AcDbBlockReference
  2
S120
 10
3318850.045258
 20
5810077.765840
 30
47.105000
 41
0.349999994040
 42
0.349999994040
 43
0.349999994040
 50
356.162573474271
  0
INSERT
  5
11c
100
AcDbEntity
  8
Fernwärmeleitung
 62
7
370
35
100
AcDbBlockReference
  2
S120
 10
3318850.406810
 20
5810077.113978
 30
47.186000
 41
0.349999994040
 42
0.349999994040
 43
0.349999994040
 50
355.966463375274
  0
INSERT
  5
11d
100
AcDbEntity
  8
Fernwärmeleitung
 62
7
370
35
100
AcDbBlockReference
  2
S120
 10
3318849.335715
 20
5810077.200465
 30
47.127000
 41
0.349999994040
 42
0.349999994040
 43
0.349999994040
 50
355.966463375274
  0
INSERT
  5
11e
100
AcDbEntity
  8
Fernwärmeleitung
 62
7
370
25
100
AcDbBlockReference
  2
S4
 10
3318849.876024
 20
5810077.193621
 30
47.131000
 41
0.245000004768
 42
0.245000004768
 43
0.245000004768
 50
0.000000000000
  0
INSERT
  5
11f
100
AcDbEntity
  8
Fernwärmeleitung
 62
7
370
35
100
AcDbBlockReference
  2
S120
 10
3318849.280098
 20
5810077.453074
 30
47.328000
 41
0.349999994040
 42
0.349999994040
 43
0.349999994040
 50
355.832171610908
  0
INSERT
  5
120
100
AcDbEntity
  8
Fernwärmeleitung
 62
7
370
35
100
AcDbBlockReference
  2
S120
 10
3318824.888868
 20
5810079.257648
 30
47.162000
 41
0.349999994040
 42
0.349999994040
 43
0.349999994040
 50
356.812589130646
  0
INSERT
  5
121
100
AcDbEntity
  8
Fernwärmeleitung
 62
7
370
25
100
AcDbBlockReference
  2
S4
 10
3318850.579267
 20
5810077.841295
 30
47.117000
 41
0.245000004768
 42
0.245000004768
 43
0.245000004768
 50
0.000000000000
  0
INSERT
  5
122
100
AcDbEntity
  8
Fernwärmeleitung
 62
7
370
35
100
AcDbBlockReference
  2
S120
 10
3318849.948818
 20
5810078.039671
 30
47.337000
 41
0.349999994040
 42
0.349999994040
 43
0.349999994040
 50
355.718138187620
  0
INSERT
  5
123
100
AcDbEntity
  8
Fernwärmeleitung
 62
7
370
35
100
AcDbBlockReference
  2
S120
 10
3318849.043644
 20
5810079.161457
 30
47.324000
 41
0.349999994040
 42
0.349999994040
 43
0.349999994040
 50
87.396703223084
  0
INSERT
  5
124
100
AcDbEntity
  8
Fernwärmeleitung
 62
7
370
35
100
AcDbBlockReference
  2
S120
 10
3318848.337556
 20
5810078.525496
 30
47.334000
 41
0.349999994040
 42
0.349999994040
 43
0.349999994040
 50
84.547872301407
  0
INSERT
  5
125
100
AcDbEntity
  8
Fernwärmeleitung
 62
7
370
35
100
AcDbBlockReference
  2
S240
 10
3318849.080659
 20
5810079.975551
 30
47.341000
 41
0.600000000000
 42
0.600000000000
 43
0.600000000000
 50
357.713716478413
  0
INSERT
  5
126
100
AcDbEntity
  8
Fernwärmeleitung
 62
7
370
35
100
AcDbBlockReference
  2
S240
 10
3318848.417945
 20
5810079.367745
 30
47.348000
 41
0.600000000000
 42
0.600000000000
 43
0.600000000000
 50
355.516685173145
  0
INSERT
  5
127
100
AcDbEntity
  8
Fernwärmeleitung
 62
7
370
35
100
AcDbBlockReference
  2
S120
 10
3318838.050444
 20
5810078.570405
 30
47.079000
 41
0.349999994040
 42
0.349999994040
 43
0.349999994040
 50
356.162573474271
  0
INSERT
  5
128
100
AcDbEntity
  8
Fernwärmeleitung
 62
7
370
35
100
AcDbBlockReference
  2
S120
 10
3318837.333319
 20
5810078.046815
 30
47.086000
 41
0.349999994040
 42
0.349999994040
 43
0.349999994040
 50
357.662696672860
  0
INSERT
  5
129
100
AcDbEntity
  8
Fernwärmeleitung
 62
7
370
35
100
AcDbBlockReference
  2
S120
 10
3318825.319739
 20
5810078.603546
 30
47.159000
 41
0.349999994040
 42
0.349999994040
 43
0.349999994040
 50
357.346708216193
  0
INSERT
  5
12a
100
AcDbEntity
  8
Fernwärmeleitung
 62
7
370
35
100
AcDbBlockReference
  2
S120
 10
3318826.013187
 20
5810079.296486
 30
47.126000
 41
0.349999994040
 42
0.349999994040
 43
0.349999994040
 50
356.548127621077
  0
INSERT
  5
12b
100
AcDbEntity
  8
Lageplan sonstiges
 62
7
370
35
100
AcDbBlockReference
  2
S125
 10
3318819.756064
 20
5810085.314370
 30
48.783000
 41
0.500000000000
 42
0.500000000000
 43
0.500000000000
 50
357.857307338705
  0
INSERT
  5
12c
100
AcDbEntity
  8
Lageplan sonstiges
 62
7
370
35
100
AcDbBlockReference
  2
S125
 10
3318818.374657
 20
5810083.354306
 30
48.742000
 41
0.500000000000
 42
0.500000000000
 43
0.500000000000
 50
357.857307338705
  0
INSERT
  5
12d
100
AcDbEntity
  8
Lageplan sonstiges
 62
7
370
35
100
AcDbBlockReference
  2
S125
 10
3318818.100275
 20
5810078.287759
 30
48.085000
 41
0.500000000000
 42
0.500000000000
 43
0.500000000000
 50
357.857307338705
  0
INSERT
  5
12e
100
AcDbEntity
  8
Lageplan sonstiges
 62
7
370
35
100
AcDbBlockReference
  2
S125
 10
3318854.432309
 20
5810082.057925
 30
48.894000
 41
0.500000000000
 42
0.500000000000
 43
0.500000000000
 50
357.857307338705
  0
INSERT
  5
12f
100
AcDbEntity
  8
Lageplan sonstiges
 62
7
370
35
100
AcDbBlockReference
  2
S125
 10
3318854.564104
 20
5810068.530778
 30
48.234000
 41
0.500000000000
 42
0.500000000000
 43
0.500000000000
 50
357.857307338705
  0
POINT
  5
130
100
AcDbEntity
  8
Lageplan sonstiges
 62
255
100
AcDbPoint
 10
3318903.515655
 20
5810059.039547
 30
48.160000
  0
POINT
  5
131
100
AcDbEntity
  8
Lageplan sonstiges
 62
255
100
AcDbPoint
 10
3318885.932248
 20
5810059.867678
 30
48.127000
  0
INSERT
  5
13b
100
AcDbEntity
  8
sonstige Leitungen TW_SW_RW_El
 62
7
370
25
100
AcDbBlockReference
  2
S10
 10
3318809.530525
 20
5810061.570351
 30
47.864000
 41
1.200000047684
 42
1.200000047684
 43
1.200000047684
 50
357.407054645058
  0
INSERT
  5
13c
100
AcDbEntity
  8
Lageplan sonstiges
 62
7
370
35
100
AcDbBlockReference
  2
S125
 10
3318842.404025
 20
5810074.426424
 30
48.020000
 41
0.500000000000
 42
0.500000000000
 43
0.500000000000
 50
357.857307338705
  0
INSERT
  5
13d
100
AcDbEntity
  8
Lageplan sonstiges
 62
7
370
35
100
AcDbBlockReference
  2
S125
 10
3318820.741302
 20
5810075.485212
 30
47.987000
 41
0.500000000000
 42
0.500000000000
 43
0.500000000000
 50
357.857307338705
  0
INSERT
  5
13e
100
AcDbEntity
  8
Lageplan sonstiges
 62
7
370
35
100
AcDbBlockReference
  2
S125
 10
3318806.732923
 20
5810077.648098
 30
47.899000
 41
0.500000000000
 42
0.500000000000
 43
0.500000000000
 50
357.857307338705
  0
INSERT
  5
13f
100
AcDbEntity
  8
Lageplan sonstiges
 62
7
370
35
100
AcDbBlockReference
  2
S125
 10
3318792.536413
 20
5810076.903118
 30
47.830000
 41
0.500000000000
 42
0.500000000000
 43
0.500000000000
 50
357.857307338705
  0
INSERT
  5
140
100
AcDbEntity
  8
Fernwärmeleitung
 62
7
370
35
100
AcDbBlockReference
  2
S120
 10
3318824.273618
 20
5810078.605511
 30
47.195000
 41
0.349999994040
 42
0.349999994040
 43
0.349999994040
 50
357.559547156015
  0
INSERT
  5
141
100
AcDbEntity
  8
Fernwärmeleitung
 62
7
370
35
100
AcDbBlockReference
  2
S120
 10
3318822.708991
 20
5810079.379042
 30
47.210000
 41
0.349999994040
 42
0.349999994040
 43
0.349999994040
 50
356.812589130646
  0
INSERT
  5
142
100
AcDbEntity
  8
Fernwärmeleitung
 62
7
370
35
100
AcDbBlockReference
  2
S120
 10
3318821.846526
 20
5810078.708953
 30
47.211000
 41
0.349999994040
 42
0.349999994040
 43
0.349999994040
 50
357.559547156015
  0
INSERT
  5
143
100
AcDbEntity
  8
Fernwärmeleitung
 62
7
370
35
100
AcDbBlockReference
  2
S240
 10
3318821.078332
 20
5810078.753864
 30
47.164000
 41
0.600000000000
 42
0.600000000000
 43
0.600000000000
 50
87.288717932307
  0
INSERT
  5
144
100
AcDbEntity
  8
Fernwärmeleitung
 62
7
370
35
100
AcDbBlockReference
  2
S240
 10
3318821.828751
 20
5810079.437288
 30
47.178000
 41
0.600000000000
 42
0.600000000000
 43
0.600000000000
 50
86.502993460756
  0
INSERT
  5
145
100
AcDbEntity
  8
Fernwärmeleitung
 62
7
370
35
100
AcDbBlockReference
  2
S120
 10
3318824.153133
 20
5810078.910370
 30
47.338000
 41
0.349999994040
 42
0.349999994040
 43
0.349999994040
 50
357.272542607091
  0
INSERT
  5
146
100
AcDbEntity
  8
Fernwärmeleitung
 62
7
370
35
100
AcDbBlockReference
  2
S120
 10
3318823.282698
 20
5810078.951837
 30
47.342000
 41
0.349999994040
 42
0.349999994040
 43
0.349999994040
 50
357.272542607091
  0
INSERT
  5
147
100
AcDbEntity
  8
Fernwärmeleitung
 62
7
370
35
100
AcDbBlockReference
  2
S120
 10
3318822.291721
 20
5810080.004968
 30
47.362000
 41
0.349999994040
 42
0.349999994040
 43
0.349999994040
 50
86.992035005329
  0
INSERT
  5
148
100
AcDbEntity
  8
Fernwärmeleitung
 62
7
370
35
100
AcDbBlockReference
  2
S120
 10
3318822.367647
 20
5810081.627458
 30
47.355000
 41
0.349999994040
 42
0.349999994040
 43
0.349999994040
 50
87.650875052668
  0
INSERT
  5
149
100
AcDbEntity
  8
Fernwärmeleitung
 62
7
370
35
100
AcDbBlockReference
  2
S240
 10
3318822.334432
 20
5810080.817794
 30
47.311000
 41
0.600000000000
 42
0.600000000000
 43
0.600000000000
 50
0.602001934470
  0
INSERT
  5
14a
100
AcDbEntity
  8
Fernwärmeleitung
 62
7
370
35
100
AcDbBlockReference
  2
S240
 10
3318823.038883
 20
5810081.303406
 30
47.335000
 41
0.600000000000
 42
0.600000000000
 43
0.600000000000
 50
0.056435418523
  0
INSERT
  5
14b
100
AcDbEntity
  8
Fernwärmeleitung
 62
7
370
35
100
AcDbBlockReference
  2
S120
 10
3318823.097494
 20
5810082.315638
 30
47.376000
 41
0.349999994040
 42
0.349999994040
 43
0.349999994040
 50
86.686117662593
  0
INSERT
  5
14c
100
AcDbEntity
  8
Fernwärmeleitung
 62
7
370
35
100
AcDbBlockReference
  2
S120
 10
3318823.048164
 20
5810080.717827
 30
47.332000
 41
0.349999994040
 42
0.349999994040
 43
0.349999994040
 50
86.062316485696
  0
INSERT
  5
14d
100
AcDbEntity
  8
Fernwärmeleitung
 62
7
370
35
100
AcDbBlockReference
  2
S120
 10
3318823.975830
 20
5810079.645727
 30
47.285000
 41
0.349999994040
 42
0.349999994040
 43
0.349999994040
 50
358.452322783253
  0
INSERT
  5
14e
100
AcDbEntity
  8
Fernwärmeleitung
 62
7
370
35
100
AcDbBlockReference
  2
S120
 10
3318824.933301
 20
5810079.583655
 30
47.284000
 41
0.349999994040
 42
0.349999994040
 43
0.349999994040
 50
356.290712945742
  0
INSERT
  5
14f
100
AcDbEntity
  8
Fernwärmeleitung
 62
7
370
25
100
AcDbBlockReference
  2
S4
 10
3318825.464661
 20
5810079.340684
 30
47.157000
 41
0.245000004768
 42
0.245000004768
 43
0.245000004768
 50
0.000000000000
  0
INSERT
  5
150
100
AcDbEntity
  8
Fernwärmeleitung
 62
7
370
25
100
AcDbBlockReference
  2
S4
 10
3318824.789585
 20
5810078.681289
 30
47.128000
 41
0.245000004768
 42
0.245000004768
 43
0.245000004768
 50
0.000000000000
  0
INSERT
  5
151
100
AcDbEntity
  8
Fernwärmeleitung
 62
7
370
35
100
AcDbBlockReference
  2
S120
 10
3318940.477709
 20
5810065.765529
 30
47.295000
 41
0.349999994040
 42
0.349999994040
 43
0.349999994040
 50
83.382683010138
  0
INSERT
  5
152
100
AcDbEntity
  8
Fernwärmeleitung
 62
7
370
35
100
AcDbBlockReference
  2
S120
 10
3318939.981936
 20
5810066.380089
 30
47.324000
 41
0.349999994040
 42
0.349999994040
 43
0.349999994040
 50
83.183453222238
  0
INSERT
  5
153
100
AcDbEntity
  8
Fernwärmeleitung
 62
7
370
35
100
AcDbBlockReference
  2
S120
 10
3318941.169601
 20
5810071.729595
 30
47.349000
 41
0.349999994040
 42
0.349999994040
 43
0.349999994040
 50
87.495010135808
  0
INSERT
  5
154
100
AcDbEntity
  8
Fernwärmeleitung
 62
7
370
35
100
AcDbBlockReference
  2
S120
 10
3318940.695988
 20
5810072.353643
 30
47.347000
 41
0.349999994040
 42
0.349999994040
 43
0.349999994040
 50
87.449124924964
  0
INSERT
  5
155
100
AcDbEntity
  8
Fernwärmeleitung
 62
7
370
35
100
AcDbBlockReference
  2
S120
 10
3318941.694995
 20
5810083.739072
 30
47.362000
 41
0.349999994040
 42
0.349999994040
 43
0.349999994040
 50
87.854196123881
  0
INSERT
  5
156
100
AcDbEntity
  8
Fernwärmeleitung
 62
7
370
35
100
AcDbBlockReference
  2
S120
 10
3318941.230877
 20
5810084.359951
 30
47.356000
 41
0.349999994040
 42
0.349999994040
 43
0.349999994040
 50
87.734148719029
  0
INSERT
  5
157
100
AcDbEntity
  8
Fernwärmeleitung
 62
7
370
35
100
AcDbBlockReference
  2
S120
 10
3318941.466652
 20
5810090.318802
 30
47.357000
 41
0.349999994040
 42
0.349999994040
 43
0.349999994040
 50
87.734148719029
  0
INSERT
  5
158
100
AcDbEntity
  8
Fernwärmeleitung
 62
7
370
35
100
AcDbBlockReference
  2
S120
 10
3318941.962218
 20
5810090.870961
 30
47.337000
 41
0.349999994040
 42
0.349999994040
 43
0.349999994040
 50
87.854196123881
  0
INSERT
  5
159
100
AcDbEntity
  8
Fernwärmeleitung
 62
7
370
35
100
AcDbBlockReference
  2
S67
 10
3318941.513923
 20
5810091.482339
 30
47.350000
 41
0.800000011921
 42
0.800000011921
 43
0.800000011921
 50
357.413464777594
  0
INSERT
  5
15a
100
AcDbEntity
  8
Fernwärmeleitung
 62
7
370
35
100
AcDbBlockReference
  2
S67
 10
3318942.009495
 20
5810092.050323
 30
47.326000
 41
0.800000011921
 42
0.800000011921
 43
0.800000011921
 50
357.413464777594
  0
INSERT
  5
15b
100
AcDbEntity
  8
Fernwärmeleitung
 62
7
370
25
100
AcDbBlockReference
  2
S4
 10
3318942.012111
 20
5810091.411887
 30
47.343000
 41
0.245000004768
 42
0.245000004768
 43
0.245000004768
 50
0.000000000000
  0
INSERT
  5
15c
100
AcDbEntity
  8
Fernwärmeleitung
 62
7
370
35
100
AcDbBlockReference
  2
S120
 10
3318941.818934
 20
5810092.017474
 30
47.502000
 41
0.349999994040
 42
0.349999994040
 43
0.349999994040
 50
87.187658453347
  0
INSERT
  5
15d
100
AcDbEntity
  8
Fernwärmeleitung
 62
7
370
35
100
AcDbBlockReference
  2
S120
 10
3318941.885265
 20
5810093.367754
 30
47.487000
 41
0.349999994040
 42
0.349999994040
 43
0.349999994040
 50
87.187658453347
  0
INSERT
  5
15e
100
AcDbEntity
  8
Fernwärmeleitung
 62
7
370
35
100
AcDbBlockReference
  2
S120
 10
3318940.909479
 20
5810094.416449
 30
47.455000
 41
0.349999994040
 42
0.349999994040
 43
0.349999994040
 50
357.413464777594
  0
INSERT
  5
15f
100
AcDbEntity
  8
Fernwärmeleitung
 62
7
370
35
100
AcDbBlockReference
  2
S120
 10
3318940.437736
 20
5810094.093763
 30
47.450000
 41
0.349999994040
 42
0.349999994040
 43
0.349999994040
 50
357.413464777594
  0
INSERT
  5
160
100
AcDbEntity
  8
Fernwärmeleitung
 62
7
370
35
100
AcDbBlockReference
  2
S120
 10
3318941.394217
 20
5810093.052356
 30
47.504000
 41
0.349999994040
 42
0.349999994040
 43
0.349999994040
 50
87.194399850058
  0
INSERT
  5
161
100
AcDbEntity
  8
Fernwärmeleitung
 62
7
370
35
100
AcDbBlockReference
  2
S120
 10
3318941.318955
 20
5810091.516595
 30
47.526000
 41
0.349999994040
 42
0.349999994040
 43
0.349999994040
 50
87.194399850058
  0
INSERT
  5
162
100
AcDbEntity
  8
Fernwärmeleitung
 62
7
370
25
100
AcDbBlockReference
  2
S4
 10
3318941.496618
 20
5810090.900568
 30
47.360000
 41
0.245000004768
 42
0.245000004768
 43
0.245000004768
 50
0.000000000000
  0
INSERT
  5
163
100
AcDbEntity
  8
Fernwärmeleitung
 62
7
370
35
100
AcDbBlockReference
  2
S120
 10
3318942.056752
 20
5810103.563027
 30
47.257000
 41
0.349999994040
 42
0.349999994040
 43
0.349999994040
 50
87.427227338485
  0
INSERT
  5
164
100
AcDbEntity
  8
Fernwärmeleitung
 62
7
370
35
100
AcDbBlockReference
  2
S120
 10
3318942.526353
 20
5810104.088607
 30
47.260000
 41
0.349999994040
 42
0.349999994040
 43
0.349999994040
 50
87.541544214624
  0
INSERT
  5
165
100
AcDbEntity
  8
sonstige Leitungen TW_SW_RW_El
 62
7
370
35
100
AcDbBlockReference
  2
S143
 10
3318940.256110
 20
5810102.051003
 30
-48.618000
 41
0.600000000000
 42
0.600000000000
 43
0.600000000000
 50
0.000000000000
  0
INSERT
  5
166
100
AcDbEntity
  8
sonstige Leitungen TW_SW_RW_El
 62
7
370
35
100
AcDbBlockReference
  2
S143
 10
3318938.852364
 20
5810077.080065
 30
-48.785000
 41
0.600000000000
 42
0.600000000000
 43
0.600000000000
 50
0.000000000000
  0
INSERT
  5
167
100
AcDbEntity
  8
Beschriftumg +Trassierung
 62
7
370
35
100
AcDbBlockReference
  2
S143
 10
3318940.008546
 20
5810075.964835
 30
-48.525000
 41
0.699999988079
 42
0.699999988079
 43
0.699999988079
 50
0.000000000000
  0
INSERT
  5
168
100
AcDbEntity
  8
Lageplan sonstiges
 62
7
370
35
100
AcDbBlockReference
  2
S125
 10
3318943.719773
 20
5810078.420994
 30
48.707000
 41
0.500000000000
 42
0.500000000000
 43
0.500000000000
 50
357.857307338705
  0
INSERT
  5
169
100
AcDbEntity
  8
Lageplan sonstiges
 62
7
370
35
100
AcDbBlockReference
  2
S125
 10
3318943.711949
 20
5810093.385129
 30
49.056000
 41
0.500000000000
 42
0.500000000000
 43
0.500000000000
 50
357.857307338705
  0
POINT
  5
16a
100
AcDbEntity
  8
Lageplan sonstiges
 62
7
370
25
100
AcDbPoint
 10
3318857.819422
 20
5810088.384610
 30
0.000000
  0
POINT
  5
16b
100
AcDbEntity
  8
Lageplan sonstiges
 62
7
370
25
100
AcDbPoint
 10
3318882.254308
 20
5810087.377352
 30
0.000000
  0
INSERT
  5
172
100
AcDbEntity
  8
sonstige Leitungen TW_SW_RW_El
 62
7
370
35
100
AcDbBlockReference
  2
S181
 10
3318788.059163
 20
5810089.449216
 30
0.000000
 41
0.699999988079
 42
0.699999988079
 43
0.699999988079
 50
355.347383566640
  0
INSERT
  5
178
100
AcDbEntity
  8
Beschriftumg +Trassierung
 62
7
370
25
100
AcDbBlockReference
  2
S96
 10
3318926.729827
 20
5810061.739766
 30
0.000000
 41
0.300000000000
 42
0.300000000000
 43
0.300000000000
 50
129.638520409216
  0
INSERT
  5
179
100
AcDbEntity
  8
Beschriftumg +Trassierung
 62
7
370
25
100
AcDbBlockReference
  2
S96
 10
3318941.352314
 20
5810075.906047
 30
0.000000
 41
0.300000000000
 42
0.300000000000
 43
0.300000000000
 50
135.917772860397
  0
INSERT
  5
17a
100
AcDbEntity
  8
Fernwärmeleitung
 62
7
370
35
100
AcDbBlockReference
  2
S180
 10
3318918.118054
 20
5810062.611349
 30
0.000000
 41
2.100000000000
 42
2.100000000000
 43
2.100000000000
 50
358.145727650964
  0
INSERT
  5
17b
100
AcDbEntity
  8
Fernwärmeleitung
 62
7
370
35
100
AcDbBlockReference
  2
S180
 10
3318918.092663
 20
5810060.998359
 30
0.000000
 41
2.100000000000
 42
2.100000000000
 43
2.100000000000
 50
178.040341773810
  0
INSERT
  5
17c
100
AcDbEntity
  8
Beschriftumg +Trassierung
 62
7
370
25
100
AcDbBlockReference
  2
S96
 10
3318881.949170
 20
5810063.730125
 30
0.000000
 41
0.300000000000
 42
0.300000000000
 43
0.300000000000
 50
318.180910051790
  0
INSERT
  5
1a0
100
AcDbEntity
  8
sonstige Leitungen TW_SW_RW_El
 62
7
370
35
100
AcDbBlockReference
  2
S33
 10
3318837.798899
 20
5810099.182498
 30
0.000000
 41
0.600000023842
 42
0.600000023842
 43
0.600000023842
 50
88.619020216572
  0
INSERT
  5
1a1
100
AcDbEntity
  8
sonstige Leitungen TW_SW_RW_El
 62
7
370
35
100
AcDbBlockReference
  2
S33
 10
3318788.675134
 20
5810089.104553
 30
0.000000
 41
0.350000000000
 42
0.350000000000
 43
0.350000000000
 50
173.861591058461
  0
INSERT
  5
1a2
100
AcDbEntity
  8
Fernwärmeleitung
 62
7
370
35
100
AcDbBlockReference
  2
S120
 10
3318848.375132
 20
5810080.009677
 30
47.334000
 41
0.349999994040
 42
0.349999994040
 43
0.349999994040
 50
84.482363957078
  0
INSERT
  5
1a3
100
AcDbEntity
  8
Fernwärmeleitung
 62
7
370
35
100
AcDbBlockReference
  2
S120
 10
3318849.135275
 20
5810080.451588
 30
47.302000
 41
0.349999994040
 42
0.349999994040
 43
0.349999994040
 50
84.237733901764
  0
INSERT
  5
1a4
100
AcDbEntity
  8
Fernwärmeleitung
 62
7
370
35
100
AcDbBlockReference
  2
S120
 10
3318849.783099
 20
5810087.086707
 30
47.200000
 41
0.349999994040
 42
0.349999994040
 43
0.349999994040
 50
84.937357008638
  0
INSERT
  5
1a5
100
AcDbEntity
  8
Fernwärmeleitung
 62
7
370
35
100
AcDbBlockReference
  2
S120
 10
3318849.165103
 20
5810087.580399
 30
47.203000
 41
0.349999994040
 42
0.349999994040
 43
0.349999994040
 50
83.651888086085
  0
INSERT
  5
1a6
100
AcDbEntity
  8
Fernwärmeleitung
 62
7
370
35
100
AcDbBlockReference
  2
S120
 10
3318850.491277
 20
5810099.500955
 30
47.291000
 41
0.349999994040
 42
0.349999994040
 43
0.349999994040
 50
83.651888086085
  0
INSERT
  5
1a7
100
AcDbEntity
  8
Fernwärmeleitung
 62
7
370
35
100
AcDbBlockReference
  2
S120
 10
3318850.841819
 20
5810099.037431
 30
47.276000
 41
0.349999994040
 42
0.349999994040
 43
0.349999994040
 50
84.937357008638
  0
INSERT
  5
1a8
100
AcDbEntity
  8
Fernwärmeleitung
 62
7
370
35
100
AcDbBlockReference
  2
S120
 10
3318851.527623
 20
5810100.466300
 30
47.298000
 41
0.349999994040
 42
0.349999994040
 43
0.349999994040
 50
178.193884426352
  0
INSERT
  5
1a9
100
AcDbEntity
  8
Fernwärmeleitung
 62
7
370
35
100
AcDbBlockReference
  2
S120
 10
3318851.915203
 20
5810100.015107
 30
47.292000
 41
0.349999994040
 42
0.349999994040
 43
0.349999994040
 50
358.193890729896
  0
INSERT
  5
1aa
100
AcDbEntity
  8
Fernwärmeleitung
 62
7
370
35
100
AcDbBlockReference
  2
S120
 10
3318861.067944
 20
5810100.139006
 30
47.297000
 41
0.349999994040
 42
0.349999994040
 43
0.349999994040
 50
358.035155426038
  0
INSERT
  5
1ab
100
AcDbEntity
  8
Fernwärmeleitung
 62
7
370
35
100
AcDbBlockReference
  2
S120
 10
3318861.461549
 20
5810099.714082
 30
47.258000
 41
0.349999994040
 42
0.349999994040
 43
0.349999994040
 50
358.193890729896
  0
INSERT
  5
1ac
100
AcDbEntity
  8
Fernwärmeleitung
 62
7
370
35
100
AcDbBlockReference
  2
S120
 10
3318862.484550
 20
5810099.676991
 30
47.219000
 41
0.349999994040
 42
0.349999994040
 43
0.349999994040
 50
358.193890729896
  0
INSERT
  5
1ad
100
AcDbEntity
  8
Fernwärmeleitung
 62
7
370
35
100
AcDbBlockReference
  2
S120
 10
3318862.204583
 20
5810100.112318
 30
47.233000
 41
0.349999994040
 42
0.349999994040
 43
0.349999994040
 50
358.035155426038
  0
INSERT
  5
1ae
100
AcDbEntity
  8
Fernwärmeleitung
 62
7
370
25
100
AcDbBlockReference
  2
S4
 10
3318861.895184
 20
5810099.694932
 30
47.257000
 41
0.245000004768
 42
0.245000004768
 43
0.245000004768
 50
0.000000000000
  0
INSERT
  5
1af
100
AcDbEntity
  8
Fernwärmeleitung
 62
7
370
35
100
AcDbBlockReference
  2
S120
 10
3318862.577609
 20
5810099.676324
 30
47.573000
 41
0.349999994040
 42
0.349999994040
 43
0.349999994040
 50
358.193890729896
  0
INSERT
  5
1b0
100
AcDbEntity
  8
Fernwärmeleitung
 62
7
370
35
100
AcDbBlockReference
  2
S120
 10
3318863.585789
 20
5810100.656556
 30
47.737000
 41
0.349999994040
 42
0.349999994040
 43
0.349999994040
 50
268.844459261550
  0
INSERT
  5
1b1
100
AcDbEntity
  8
Fernwärmeleitung
 62
7
370
35
100
AcDbBlockReference
  2
S120
 10
3318863.224799
 20
5810101.113437
 30
47.764000
 41
0.349999994040
 42
0.349999994040
 43
0.349999994040
 50
268.986677460448
  0
INSERT
  5
1b2
100
AcDbEntity
  8
Fernwärmeleitung
 62
7
370
35
100
AcDbBlockReference
  2
S120
 10
3318862.191921
 20
5810100.109158
 30
47.583000
 41
0.349999994040
 42
0.349999994040
 43
0.349999994040
 50
358.035155426038
  0
INSERT
  5
1b3
100
AcDbEntity
  8
Fernwärmeleitung
 62
7
370
25
100
AcDbBlockReference
  2
S4
 10
3318861.513293
 20
5810100.125865
 30
47.284000
 41
0.245000004768
 42
0.245000004768
 43
0.245000004768
 50
0.000000000000
  0
POINT
  5
1b4
100
AcDbEntity
  8
Fernwärmeleitung
 62
7
370
25
100
AcDbPoint
 10
3318863.253540
 20
5810102.671689
 30
47.853000
  0
POINT
  5
1b5
100
AcDbEntity
  8
Fernwärmeleitung
 62
7
370
25
100
AcDbPoint
 10
3318863.298793
 20
5810105.241872
 30
47.959000
  0
INSERT
  5
1b6
100
AcDbEntity
  8
Fernwärmeleitung
 62
7
370
35
100
AcDbBlockReference
  2
S120
 10
3318871.328698
 20
5810099.856394
 30
47.313000
 41
0.349999994040
 42
0.349999994040
 43
0.349999994040
 50
358.419302233710
  0
INSERT
  5
1b7
100
AcDbEntity
  8
Fernwärmeleitung
 62
7
370
35
100
AcDbBlockReference
  2
S120
 10
3318871.665009
 20
5810099.426111
 30
47.313000
 41
0.349999994040
 42
0.349999994040
 43
0.349999994040
 50
358.389773618381
  0
INSERT
  5
1b8
100
AcDbEntity
  8
Fernwärmeleitung
 62
7
370
35
100
AcDbBlockReference
  2
S120
 10
3318872.774420
 20
5810099.382975
 30
47.271000
 41
0.349999994040
 42
0.349999994040
 43
0.349999994040
 50
357.215049489752
  0
INSERT
  5
1b9
100
AcDbEntity
  8
Fernwärmeleitung
 62
7
370
35
100
AcDbBlockReference
  2
S120
 10
3318872.398868
 20
5810099.836062
 30
47.262000
 41
0.349999994040
 42
0.349999994040
 43
0.349999994040
 50
356.643748348467
  0
INSERT
  5
1ba
100
AcDbEntity
  8
Fernwärmeleitung
 62
7
370
25
100
AcDbBlockReference
  2
S4
 10
3318872.151816
 20
5810099.396180
 30
47.296000
 41
0.245000004768
 42
0.245000004768
 43
0.245000004768
 50
0.000000000000
  0
INSERT
  5
1bb
100
AcDbEntity
  8
Fernwärmeleitung
 62
7
370
35
100
AcDbBlockReference
  2
S120
 10
3318872.834878
 20
5810099.385168
 30
47.571000
 41
0.349999994040
 42
0.349999994040
 43
0.349999994040
 50
357.215049489752
  0
INSERT
  5
1bc
100
AcDbEntity
  8
Fernwärmeleitung
 62
7
370
25
100
AcDbBlockReference
  2
S4
 10
3318871.760753
 20
5810099.845158
 30
47.291000
 41
0.245000004768
 42
0.245000004768
 43
0.245000004768
 50
0.000000000000
  0
INSERT
  5
1bd
100
AcDbEntity
  8
Fernwärmeleitung
 62
7
370
35
100
AcDbBlockReference
  2
S120
 10
3318872.434640
 20
5810099.849027
 30
47.563000
 41
0.349999994040
 42
0.349999994040
 43
0.349999994040
 50
356.643748561910
  0
INSERT
  5
1be
100
AcDbEntity
  8
Fernwärmeleitung
 62
7
370
35
100
AcDbBlockReference
  2
S120
 10
3318876.529779
 20
5810099.608868
 30
47.704000
 41
0.349999994040
 42
0.349999994040
 43
0.349999994040
 50
356.643748561910
  0
INSERT
  5
1bf
100
AcDbEntity
  8
Fernwärmeleitung
 62
7
370
35
100
AcDbBlockReference
  2
S120
 10
3318876.111505
 20
5810099.220643
 30
47.576000
 41
0.349999994040
 42
0.349999994040
 43
0.349999994040
 50
357.215049489752
  0
INSERT
  5
1c0
100
AcDbEntity
  8
Fernwärmeleitung
 62
7
370
35
100
AcDbBlockReference
  2
S120
 10
3318877.413812
 20
5810098.667827
 30
47.770000
 41
0.349999994040
 42
0.349999994040
 43
0.349999994040
 50
267.855659605596
  0
INSERT
  5
1c1
100
AcDbEntity
  8
Fernwärmeleitung
 62
7
370
35
100
AcDbBlockReference
  2
S120
 10
3318877.000577
 20
5810098.210596
 30
47.653000
 41
0.349999994040
 42
0.349999994040
 43
0.349999994040
 50
267.772167373182
  0
POINT
  5
1c2
100
AcDbEntity
  8
Fernwärmeleitung
 62
7
370
25
100
AcDbPoint
 10
3318877.322634
 20
5810096.020112
 30
47.814000
  0
INSERT
  5
1c3
100
AcDbEntity
  8
sonstige Leitungen TW_SW_RW_El
 62
7
370
35
100
AcDbBlockReference
  2
S143
 10
3318872.839349
 20
5810097.762016
 30
-48.913000
 41
0.600000000000
 42
0.600000000000
 43
0.600000000000
 50
0.000000000000
  0
POINT
  5
1c4
100
AcDbEntity
  8
Häuser
 62
7
370
18
100
AcDbPoint
 10
3318815.667035
 20
5810085.815028
 30
-48.280000
  0
POINT
  5
1c5
100
AcDbEntity
  8
Häuser
 62
7
370
18
100
AcDbPoint
 10
3318807.248751
 20
5810098.992910
 30
-45.874000
  0
POINT
  5
1c6
100
AcDbEntity
  8
Häuser
 62
7
370
18
100
AcDbPoint
 10
3318810.174666
 20
5810108.351861
 30
-48.661000
  0
POINT
  5
1c7
100
AcDbEntity
  8
Häuser
 62
7
370
18
100
AcDbPoint
 10
3318847.060273
 20
5810106.837406
 30
-48.781000
  0
INSERT
  5
1c8
100
AcDbEntity
  8
Lageplan sonstiges
 62
7
370
35
100
AcDbBlockReference
  2
S125
 10
3318848.177257
 20
5810100.665354
 30
48.547000
 41
0.500000000000
 42
0.500000000000
 43
0.500000000000
 50
357.857307338705
  0
INSERT
  5
1c9
100
AcDbEntity
  8
Lageplan sonstiges
 62
7
370
35
100
AcDbBlockReference
  2
S125
 10
3318866.396721
 20
5810103.722359
 30
48.526000
 41
0.500000000000
 42
0.500000000000
 43
0.500000000000
 50
357.857307338705
  0
INSERT
  5
1ca
100
AcDbEntity
  8
Lageplan sonstiges
 62
7
370
35
100
AcDbBlockReference
  2
S125
 10
3318871.696241
 20
5810101.740546
 30
48.293000
 41
0.500000000000
 42
0.500000000000
 43
0.500000000000
 50
357.857307338705
  0
POINT
  5
1cb
100
AcDbEntity
  8
Fernwärmeleitung
 62
7
370
25
100
AcDbPoint
 10
3318873.401318
 20
5810099.860701
 30
47.275000
  0
POINT
  5
1cc
100
AcDbEntity
  8
Häuser
 62
7
370
18
100
AcDbPoint
 10
3318866.584041
 20
5810131.256977
 30
-47.428000
  0
POINT
  5
1cd
100
AcDbEntity
  8
Häuser
 62
7
370
18
100
AcDbPoint
 10
3318884.942880
 20
5810132.000435
 30
-45.723000
  0
INSERT
  5
1ce
100
AcDbEntity
  8
Lageplan sonstiges
 62
7
370
35
100
AcDbBlockReference
  2
S33
 10
3318872.634587
 20
5810096.114568
 30
48.611000
 41
0.350000000000
 42
0.350000000000
 43
0.350000000000
 50
177.639477971422
  0
INSERT
  5
1cf
100
AcDbEntity
  8
Lageplan sonstiges
 62
7
370
35
100
AcDbBlockReference
  2
S33
 10
3318867.796862
 20
5810096.319546
 30
48.603000
 41
0.350000000000
 42
0.350000000000
 43
0.350000000000
 50
177.639477971422
  0
INSERT
  5
1d0
100
AcDbEntity
  8
Fernwärmeleitung
 62
7
370
35
100
AcDbBlockReference
  2
S67
 10
3318873.442805
 20
5810100.784945
 30
47.205000
 41
1.000000000000
 42
1.000000000000
 43
1.000000000000
 50
357.371904784042
  0
INSERT
  5
1d1
100
AcDbEntity
  8
Fernwärmeleitung
 62
7
370
35
100
AcDbBlockReference
  2
S67
 10
3318873.841148
 20
5810100.336281
 30
47.216000
 41
1.000000000000
 42
1.000000000000
 43
1.000000000000
 50
357.226925481172
  0
INSERT
  5
1d2
100
AcDbEntity
  8
Fernwärmeleitung
 62
7
370
35
100
AcDbBlockReference
  2
S120
 10
3318874.436837
 20
5810112.416634
 30
47.138000
 41
0.349999994040
 42
0.349999994040
 43
0.349999994040
 50
267.177005179475
  0
INSERT
  5
1d3
100
AcDbEntity
  8
Fernwärmeleitung
 62
7
370
35
100
AcDbBlockReference
  2
S120
 10
3318874.045454
 20
5810112.857066
 30
47.170000
 41
0.349999994040
 42
0.349999994040
 43
0.349999994040
 50
267.142123403383
  0
POINT
  5
1d4
100
AcDbEntity
  8
Fernwärmeleitung
 62
7
370
25
100
AcDbPoint
 10
3318873.401641
 20
5810099.878743
 30
47.268000
  0
INSERT
  5
1d5
100
AcDbEntity
  8
Fernwärmeleitung
 62
7
370
35
100
AcDbBlockReference
  2
S120
 10
3318875.041370
 20
5810124.448238
 30
47.236000
 41
0.349999994040
 42
0.349999994040
 43
0.349999994040
 50
267.123565779409
  0
INSERT
  5
1d6
100
AcDbEntity
  8
Fernwärmeleitung
 62
7
370
35
100
AcDbBlockReference
  2
S120
 10
3318874.709173
 20
5810124.875671
 30
47.208000
 41
0.349999994040
 42
0.349999994040
 43
0.349999994040
 50
87.026746026691
  0
INSERT
  5
1d7
100
AcDbEntity
  8
Fernwärmeleitung
 62
7
370
35
100
AcDbBlockReference
  2
S120
 10
3318876.098274
 20
5810125.370845
 30
47.212000
 41
0.349999994040
 42
0.349999994040
 43
0.349999994040
 50
357.303126486647
  0
INSERT
  5
1d8
100
AcDbEntity
  8
Fernwärmeleitung
 62
7
370
35
100
AcDbBlockReference
  2
S120
 10
3318875.783819
 20
5810125.843218
 30
47.188000
 41
0.349999994040
 42
0.349999994040
 43
0.349999994040
 50
356.985474878917
  0
POINT
  5
1d9
100
AcDbEntity
  8
Fernwärmeleitung
 62
7
370
25
100
AcDbPoint
 10
3318883.003679
 20
5810129.839898
 30
47.737000
  0
INSERT
  5
1da
100
AcDbEntity
  8
Fernwärmeleitung
 62
7
370
35
100
AcDbBlockReference
  2
S120
 10
3318882.809069
 20
5810125.658647
 30
47.730000
 41
0.349999994040
 42
0.349999994040
 43
0.349999994040
 50
267.512224033750
  0
INSERT
  5
1db
100
AcDbEntity
  8
Fernwärmeleitung
 62
7
370
35
100
AcDbBlockReference
  2
S120
 10
3318883.186205
 20
5810125.210307
 30
47.701000
 41
0.349999994040
 42
0.349999994040
 43
0.349999994040
 50
267.566735773516
  0
INSERT
  5
1dc
100
AcDbEntity
  8
Fernwärmeleitung
 62
7
370
25
100
AcDbBlockReference
  2
S4
 10
3318883.067768
 20
5810125.055885
 30
46.997000
 41
0.245000004768
 42
0.245000004768
 43
0.245000004768
 50
0.000000000000
  0
INSERT
  5
1dd
100
AcDbEntity
  8
Fernwärmeleitung
 62
7
370
25
100
AcDbBlockReference
  2
S4
 10
3318882.695377
 20
5810125.496310
 30
46.994000
 41
0.245000004768
 42
0.245000004768
 43
0.245000004768
 50
0.000000000000
  0
INSERT
  5
1de
100
AcDbEntity
  8
Fernwärmeleitung
 62
7
370
35
100
AcDbBlockReference
  2
S120
 10
3318882.152699
 20
5810125.085656
 30
47.026000
 41
0.349999994040
 42
0.349999994040
 43
0.349999994040
 50
357.303126486647
  0
INSERT
  5
1df
100
AcDbEntity
  8
Fernwärmeleitung
 62
7
370
35
100
AcDbBlockReference
  2
S120
 10
3318881.830319
 20
5810125.524797
 30
47.032000
 41
0.349999994040
 42
0.349999994040
 43
0.349999994040
 50
356.985474878917
  0
INSERT
  5
1e0
100
AcDbEntity
  8
Lageplan sonstiges
 62
7
370
35
100
AcDbBlockReference
  2
S33
 10
3318877.394616
 20
5810131.014997
 30
49.345000
 41
0.250000000000
 42
0.250000000000
 43
0.250000000000
 50
357.620964217032
  0
INSERT
  5
1e1
100
AcDbEntity
  8
Lageplan sonstiges
 62
7
370
35
100
AcDbBlockReference
  2
S33
 10
3318882.387431
 20
5810130.787805
 30
49.346000
 41
0.250000000000
 42
0.250000000000
 43
0.250000000000
 50
357.620964217032
  0
INSERT
  5
1e2
100
AcDbEntity
  8
Lageplan sonstiges
 62
7
370
35
100
AcDbBlockReference
  2
S33
 10
3318874.159105
 20
5810131.090880
 30
49.344000
 41
0.250000000000
 42
0.250000000000
 43
0.250000000000
 50
357.620960801937
  0
INSERT
  5
1e3
100
AcDbEntity
  8
Lageplan sonstiges
 62
7
370
35
100
AcDbBlockReference
  2
S125
 10
3318873.033351
 20
5810126.258874
 30
48.798000
 41
0.500000000000
 42
0.500000000000
 43
0.500000000000
 50
357.857307338705
  0
POINT
  5
1e4
100
AcDbEntity
  8
Häuser
 62
7
370
18
100
AcDbPoint
 10
3318866.115643
 20
5810123.632962
 30
-48.150000
  0
POINT
  5
1e5
100
AcDbEntity
  8
Häuser
 62
7
370
18
100
AcDbPoint
 10
3318866.574545
 20
5810131.256981
 30
-49.165000
  0
POINT
  5
1e6
100
AcDbEntity
  8
Häuser
 62
7
370
18
100
AcDbPoint
 10
3318795.045655
 20
5810084.192768
 30
-48.627000
  0
POINT
  5
1e7
100
AcDbEntity
  8
Häuser
 62
7
370
18
100
AcDbPoint
 10
3318811.257611
 20
5810083.529415
 30
-48.803000
  0
POINT
  5
1e8
100
AcDbEntity
  8
Häuser
 62
7
370
18
100
AcDbPoint
 10
3318816.185307
 20
5810098.260998
 30
-48.597000
  0
POINT
  5
1e9
100
AcDbEntity
  8
Häuser
 62
7
370
18
100
AcDbPoint
 10
3318810.174979
 20
5810108.341415
 30
-48.559000
  0
POINT
  5
1ea
100
AcDbEntity
  8
Häuser
 62
7
370
18
100
AcDbPoint
 10
3318828.530337
 20
5810109.085824
 30
-46.710000
  0
INSERT
  5
1eb
100
AcDbEntity
  8
Lageplan sonstiges
 62
7
370
35
100
AcDbBlockReference
  2
S33
 10
3318811.078017
 20
5810084.924416
 30
49.503000
 41
0.250000000000
 42
0.250000000000
 43
0.250000000000
 50
87.505036853510
  0
INSERT
  5
1ec
100
AcDbEntity
  8
Lageplan sonstiges
 62
7
370
35
100
AcDbBlockReference
  2
S33
 10
3318815.934203
 20
5810096.258423
 30
49.496000
 41
0.250000000000
 42
0.250000000000
 43
0.250000000000
 50
87.655540071871
  0
INSERT
  5
1ed
100
AcDbEntity
  8
Lageplan sonstiges
 62
7
370
35
100
AcDbBlockReference
  2
S33
 10
3318861.858658
 20
5810082.899388
 30
49.476000
 41
0.250000000000
 42
0.250000000000
 43
0.250000000000
 50
267.266876808574
  0
INSERT
  5
1ee
100
AcDbEntity
  8
Beschriftumg +Trassierung
 62
7
370
25
100
AcDbBlockReference
  2
S96
 10
3318809.136786
 20
5810125.980068
 30
0.000000
 41
0.300000000000
 42
0.300000000000
 43
0.300000000000
 50
141.000540093532
  0
INSERT
  5
1ef
100
AcDbEntity
  8
Fernwärmeleitung
 62
7
370
35
100
AcDbBlockReference
  2
S120
 10
3318824.070433
 20
5810094.261012
 30
47.515000
 41
0.349999994040
 42
0.349999994040
 43
0.349999994040
 50
85.343596169903
  0
INSERT
  5
1f0
100
AcDbEntity
  8
Fernwärmeleitung
 62
7
370
35
100
AcDbBlockReference
  2
S120
 10
3318823.454205
 20
5810093.532592
 30
47.530000
 41
0.349999994040
 42
0.349999994040
 43
0.349999994040
 50
84.785180393930
  0
INSERT
  5
1f1
100
AcDbEntity
  8
Fernwärmeleitung
 62
7
370
35
100
AcDbBlockReference
  2
S120
 10
3318823.901225
 20
5810098.958335
 30
47.511000
 41
0.349999994040
 42
0.349999994040
 43
0.349999994040
 50
85.290108958512
  0
INSERT
  5
1f2
100
AcDbEntity
  8
Fernwärmeleitung
 62
7
370
35
100
AcDbBlockReference
  2
S120
 10
3318824.411616
 20
5810098.499501
 30
47.483000
 41
0.349999994040
 42
0.349999994040
 43
0.349999994040
 50
85.397821041724
  0
INSERT
  5
1f3
100
AcDbEntity
  8
Fernwärmeleitung
 62
7
370
35
100
AcDbBlockReference
  2
S120
 10
3318824.454400
 20
5810099.511739
 30
47.501000
 41
0.349999994040
 42
0.349999994040
 43
0.349999994040
 50
85.504665690910
  0
INSERT
  5
1f4
100
AcDbEntity
  8
Fernwärmeleitung
 62
7
370
35
100
AcDbBlockReference
  2
S120
 10
3318823.985790
 20
5810099.965493
 30
47.518000
 41
0.349999994040
 42
0.349999994040
 43
0.349999994040
 50
83.324059496492
  0
INSERT
  5
1f5
100
AcDbEntity
  8
Fernwärmeleitung
 62
7
370
35
100
AcDbBlockReference
  2
S120
 10
3318823.652454
 20
5810100.741739
 30
47.550000
 41
0.200000002980
 42
0.200000002980
 43
0.200000002980
 50
358.710176191521
  0
INSERT
  5
1f6
100
AcDbEntity
  8
Fernwärmeleitung
 62
7
370
35
100
AcDbBlockReference
  2
S120
 10
3318824.004934
 20
5810100.383302
 30
47.521000
 41
0.200000002980
 42
0.200000002980
 43
0.200000002980
 50
84.936605687829
  0
INSERT
  5
1f7
100
AcDbEntity
  8
Fernwärmeleitung
 62
7
370
35
100
AcDbBlockReference
  2
S120
 10
3318824.552346
 20
5810100.757553
 30
47.520000
 41
0.200000002980
 42
0.200000002980
 43
0.200000002980
 50
85.504665690910
  0
INSERT
  5
1f8
100
AcDbEntity
  8
Fernwärmeleitung
 62
7
370
35
100
AcDbBlockReference
  2
S120
 10
3318824.134328
 20
5810101.068852
 30
47.537000
 41
0.200000002980
 42
0.200000002980
 43
0.200000002980
 50
358.487030389520
  0
INSERT
  5
1f9
100
AcDbEntity
  8
Fernwärmeleitung
 62
7
370
35
100
AcDbBlockReference
  2
S120
 10
3318812.528976
 20
5810101.375378
 30
47.572000
 41
0.349999994040
 42
0.349999994040
 43
0.349999994040
 50
358.487030389520
  0
INSERT
  5
1fa
100
AcDbEntity
  8
Fernwärmeleitung
 62
7
370
35
100
AcDbBlockReference
  2
S120
 10
3318812.005938
 20
5810101.003966
 30
47.621000
 41
0.349999994040
 42
0.349999994040
 43
0.349999994040
 50
358.710176191521
  0
INSERT
  5
1fb
100
AcDbEntity
  8
Fernwärmeleitung
 62
7
370
35
100
AcDbBlockReference
  2
S120
 10
3318811.289962
 20
5810101.028284
 30
47.612000
 41
0.349999994040
 42
0.349999994040
 43
0.349999994040
 50
358.710176191521
  0
INSERT
  5
1fc
100
AcDbEntity
  8
Fernwärmeleitung
 62
7
370
35
100
AcDbBlockReference
  2
S120
 10
3318810.886518
 20
5810101.378194
 30
47.583000
 41
0.349999994040
 42
0.349999994040
 43
0.349999994040
 50
358.487030389520
  0
INSERT
  5
1fd
100
AcDbEntity
  8
Fernwärmeleitung
 62
7
370
35
100
AcDbBlockReference
  2
S120
 10
3318811.282050
 20
5810101.029869
 30
47.612000
 41
0.349999994040
 42
0.349999994040
 43
0.349999994040
 50
358.710176191521
  0
INSERT
  5
1fe
100
AcDbEntity
  8
Fernwärmeleitung
 62
7
370
35
100
AcDbBlockReference
  2
S120
 10
3318812.006889
 20
5810101.007447
 30
47.622000
 41
0.349999994040
 42
0.349999994040
 43
0.349999994040
 50
358.710176084799
  0
INSERT
  5
1ff
100
AcDbEntity
  8
Fernwärmeleitung
 62
7
370
35
100
AcDbBlockReference
  2
S120
 10
3318810.352898
 20
5810100.632968
 30
47.809000
 41
0.349999994040
 42
0.349999994040
 43
0.349999994040
 50
269.573984936610
  0
INSERT
  5
200
100
AcDbEntity
  8
Fernwärmeleitung
 62
7
370
35
100
AcDbBlockReference
  2
S120
 10
3318810.727549
 20
5810100.312505
 30
47.819000
 41
0.349999994040
 42
0.349999994040
 43
0.349999994040
 50
270.276777251258
  0
INSERT
  5
201
100
AcDbEntity
  8
Fernwärmeleitung
 62
7
370
25
100
AcDbBlockReference
  2
S4
 10
3318824.425722
 20
5810098.989479
 30
47.479000
 41
0.245000004768
 42
0.245000004768
 43
0.245000004768
 50
0.000000000000
  0
INSERT
  5
202
100
AcDbEntity
  8
Fernwärmeleitung
 62
7
370
35
100
AcDbBlockReference
  2
S120
 10
3318824.675060
 20
5810099.622126
 30
47.690000
 41
0.349999994040
 42
0.349999994040
 43
0.349999994040
 50
85.948566515258
  0
INSERT
  5
203
100
AcDbEntity
  8
Fernwärmeleitung
 62
7
370
35
100
AcDbBlockReference
  2
S120
 10
3318825.689228
 20
5810100.530504
 30
47.657000
 41
0.349999994040
 42
0.349999994040
 43
0.349999994040
 50
357.287908825176
  0
INSERT
  5
204
100
AcDbEntity
  8
Fernwärmeleitung
 62
7
370
35
100
AcDbBlockReference
  2
S120
 10
3318825.210479
 20
5810100.957674
 30
47.694000
 41
0.349999994040
 42
0.349999994040
 43
0.349999994040
 50
357.213111423575
  0
INSERT
  5
205
100
AcDbEntity
  8
Fernwärmeleitung
 62
7
370
35
100
AcDbBlockReference
  2
S120
 10
3318824.162761
 20
5810100.055006
 30
47.729000
 41
0.349999994040
 42
0.349999994040
 43
0.349999994040
 50
85.818335298354
  0
INSERT
  5
206
100
AcDbEntity
  8
Fernwärmeleitung
 62
7
370
25
100
AcDbBlockReference
  2
S4
 10
3318823.925144
 20
5810099.447361
 30
47.498000
 41
0.245000004768
 42
0.245000004768
 43
0.245000004768
 50
0.000000000000
  0
INSERT
  5
207
100
AcDbEntity
  8
Fernwärmeleitung
 62
7
370
35
100
AcDbBlockReference
  2
S120
 10
3318826.678081
 20
5810101.457883
 30
47.600000
 41
0.349999994040
 42
0.349999994040
 43
0.349999994040
 50
268.424511910621
  0
INSERT
  5
208
100
AcDbEntity
  8
Fernwärmeleitung
 62
7
370
35
100
AcDbBlockReference
  2
S120
 10
3318826.281940
 20
5810101.871413
 30
47.577000
 41
0.349999994040
 42
0.349999994040
 43
0.349999994040
 50
268.463075158675
  0
POINT
  5
209
100
AcDbEntity
  8
Fernwärmeleitung
 62
7
370
25
100
AcDbPoint
 10
3318826.458138
 20
5810107.638471
 30
47.602000
  0
POINT
  5
20a
100
AcDbEntity
  8
Fernwärmeleitung
 62
7
370
25
100
AcDbPoint
 10
3318826.811700
 20
5810107.641190
 30
47.607000
  0
INSERT
  5
20b
100
AcDbEntity
  8
Fernwärmeleitung
 62
7
370
35
100
AcDbBlockReference
  2
S125
 10
3318821.814875
 20
5810078.712130
 30
47.241000
 41
0.500000000000
 42
0.500000000000
 43
0.500000000000
 50
357.857307338705
  0
INSERT
  5
20c
100
AcDbEntity
  8
Fernwärmeleitung
 62
7
370
35
100
AcDbBlockReference
  2
S125
 10
3318821.814873
 20
5810078.705799
 30
47.237000
 41
0.500000000000
 42
0.500000000000
 43
0.500000000000
 50
357.857307338705
  0
POINT
  5
20d
100
AcDbEntity
  8
Häuser
 62
7
370
18
100
AcDbPoint
 10
3318810.163286
 20
5810108.392380
 30
-49.204000
  0
POINT
  5
20e
100
AcDbEntity
  8
Häuser
 62
7
370
18
100
AcDbPoint
 10
3318816.204006
 20
5810098.325246
 30
-49.216000
  0
POINT
  5
20f
100
AcDbEntity
  8
Häuser
 62
7
370
18
100
AcDbPoint
 10
3318816.204006
 20
5810098.325246
 30
-49.215000
  0
POINT
  5
210
100
AcDbEntity
  8
Häuser
 62
7
370
18
100
AcDbPoint
 10
3318828.504163
 20
5810107.621263
 30
-49.318000
  0
POINT
  5
211
100
AcDbEntity
  8
Häuser
 62
7
370
18
100
AcDbPoint
 10
3318861.549213
 20
5810081.493488
 30
-48.608000
  0
POINT
  5
212
100
AcDbEntity
  8
Häuser
 62
7
370
18
100
AcDbPoint
 10
3318847.076423
 20
5810106.855443
 30
-48.893000
  0
INSERT
  5
213
100
AcDbEntity
  8
Lageplan sonstiges
 62
7
370
35
100
AcDbBlockReference
  2
S33
 10
3318806.087111
 20
5810099.031317
 30
48.670000
 41
0.350000000000
 42
0.350000000000
 43
0.350000000000
 50
177.515810566309
  0
INSERT
  5
214
100
AcDbEntity
  8
Lageplan sonstiges
 62
7
370
35
100
AcDbBlockReference
  2
S33
 10
3318801.157286
 20
5810099.259436
 30
48.657000
 41
0.350000000000
 42
0.350000000000
 43
0.350000000000
 50
177.515810566309
  0
INSERT
  5
215
100
AcDbEntity
  8
sonstige Leitungen TW_SW_RW_El
 62
7
370
35
100
AcDbBlockReference
  2
S143
 10
3318801.707607
 20
5810100.664299
 30
-49.123000
 41
0.600000000000
 42
0.600000000000
 43
0.600000000000
 50
0.000000000000
  0
INSERT
  5
216
100
AcDbEntity
  8
sonstige Leitungen TW_SW_RW_El
 62
7
370
35
100
AcDbBlockReference
  2
S143
 10
3318789.259748
 20
5810101.210427
 30
48.835000
 41
0.600000000000
 42
0.600000000000
 43
0.600000000000
 50
0.000000000000
  0
INSERT
  5
217
100
AcDbEntity
  8
sonstige Leitungen TW_SW_RW_El
 62
7
370
35
100
AcDbBlockReference
  2
S143
 10
3318793.102555
 20
5810101.674317
 30
-49.208000
 41
0.600000000000
 42
0.600000000000
 43
0.600000000000
 50
0.000000000000
  0
INSERT
  5
218
100
AcDbEntity
  8
Lageplan sonstiges
 62
7
370
35
100
AcDbBlockReference
  2
S125
 10
3318816.838374
 20
5810099.322391
 30
48.867000
 41
0.500000000000
 42
0.500000000000
 43
0.500000000000
 50
357.857307338705
  0
INSERT
  5
219
100
AcDbEntity
  8
Lageplan sonstiges
 62
7
370
35
100
AcDbBlockReference
  2
S125
 10
3318819.949191
 20
5810099.291500
 30
48.867000
 41
0.500000000000
 42
0.500000000000
 43
0.500000000000
 50
357.857307338705
  0
INSERT
  5
21a
100
AcDbEntity
  8
Lageplan sonstiges
 62
7
370
35
100
AcDbBlockReference
  2
S125
 10
3318818.989268
 20
5810083.989352
 30
48.800000
 41
0.500000000000
 42
0.500000000000
 43
0.500000000000
 50
357.857307338705
  0
POINT
  5
21b
100
AcDbEntity
  8
Häuser
 62
7
370
18
100
AcDbPoint
 10
3318861.560606
 20
5810081.487787
 30
-48.821000
  0
POINT
  5
21c
100
AcDbEntity
  8
Häuser
 62
7
370
18
100
AcDbPoint
 10
3318861.672283
 20
5810083.928169
 30
-48.813000
  0
POINT
  5
21d
100
AcDbEntity
  8
Häuser
 62
7
370
18
100
AcDbPoint
 10
3318811.260483
 20
5810083.593669
 30
-48.849000
  0
POINT
  5
21e
100
AcDbEntity
  8
Häuser
 62
7
370
18
100
AcDbPoint
 10
3318815.679078
 20
5810085.858071
 30
-48.941000
  0
INSERT
  5
21f
100
AcDbEntity
  8
Fernwärmeleitung
 62
7
370
35
100
AcDbBlockReference
  2
S120
 10
3318820.400042
 20
5810078.829762
 30
47.241000
 41
0.349999994040
 42
0.349999994040
 43
0.349999994040
 50
357.573663449482
  0
INSERT
  5
220
100
AcDbEntity
  8
Fernwärmeleitung
 62
7
370
35
100
AcDbBlockReference
  2
S120
 10
3318821.059948
 20
5810079.550569
 30
47.269000
 41
0.349999994040
 42
0.349999994040
 43
0.349999994040
 50
357.502578255695
  0
INSERT
  5
221
100
AcDbEntity
  8
Fernwärmeleitung
 62
7
370
35
100
AcDbBlockReference
  2
S120
 10
3318809.021034
 20
5810080.075657
 30
47.180000
 41
0.349999994040
 42
0.349999994040
 43
0.349999994040
 50
357.463687158561
  0
INSERT
  5
222
100
AcDbEntity
  8
Fernwärmeleitung
 62
7
370
35
100
AcDbBlockReference
  2
S120
 10
3318808.298768
 20
5810079.342528
 30
47.176000
 41
0.349999994040
 42
0.349999994040
 43
0.349999994040
 50
357.573663449482
  0
INSERT
  5
223
100
AcDbEntity
  8
Fernwärmeleitung
 62
7
370
35
100
AcDbBlockReference
  2
S120
 10
3318797.015058
 20
5810080.650744
 30
47.185000
 41
0.349999994040
 42
0.349999994040
 43
0.349999994040
 50
357.257625473944
  0
INSERT
  5
224
100
AcDbEntity
  8
Fernwärmeleitung
 62
7
370
35
100
AcDbBlockReference
  2
S120
 10
3318796.350691
 20
5810079.848274
 30
47.173000
 41
0.349999994040
 42
0.349999994040
 43
0.349999994040
 50
357.576192327022
  0
INSERT
  5
225
100
AcDbEntity
  8
Fernwärmeleitung
 62
7
370
35
100
AcDbBlockReference
  2
S120
 10
3318784.137703
 20
5810080.417739
 30
47.074000
 41
0.349999994040
 42
0.349999994040
 43
0.349999994040
 50
357.330355035773
  0
INSERT
  5
226
100
AcDbEntity
  8
Fernwärmeleitung
 62
7
370
35
100
AcDbBlockReference
  2
S120
 10
3318784.869183
 20
5810081.243607
 30
47.128000
 41
0.349999994040
 42
0.349999994040
 43
0.349999994040
 50
357.205500885293
  0
INSERT
  5
227
100
AcDbEntity
  8
Lageplan sonstiges
 62
7
370
35
100
AcDbBlockReference
  2
S125
 10
3318785.562790
 20
5810082.373355
 30
47.888000
 41
0.500000000000
 42
0.500000000000
 43
0.500000000000
 50
357.857307338705
  0
INSERT
  5
228
100
AcDbEntity
  8
Lageplan sonstiges
 62
7
370
35
100
AcDbBlockReference
  2
S125
 10
3318782.884300
 20
5810080.538478
 30
47.853000
 41
0.500000000000
 42
0.500000000000
 43
0.500000000000
 50
357.857307338705
  0
INSERT
  5
229
100
AcDbEntity
  8
Beschriftumg +Trassierung
 62
7
370
25
100
AcDbBlockReference
  2
S96
 10
3318816.318669
 20
5810101.275283
 30
0.000000
 41
0.300000000000
 42
0.300000000000
 43
0.300000000000
 50
141.643493120862
  0
INSERT
  5
22a
100
AcDbEntity
  8
Beschriftumg +Trassierung
 62
7
370
25
100
AcDbBlockReference
  2
S96
 10
3318824.366260
 20
5810097.936054
 30
0.000000
 41
0.300000000000
 42
0.300000000000
 43
0.300000000000
 50
130.859963138489
  0
INSERT
  5
22b
100
AcDbEntity
  8
Fernwärmeleitung
 62
7
370
35
100
AcDbBlockReference
  2
S180
 10
3318812.094610
 20
5810080.596334
 30
0.000000
 41
2.100000000000
 42
2.100000000000
 43
2.100000000000
 50
356.324571901005
  0
INSERT
  5
22c
100
AcDbEntity
  8
Beschriftumg +Trassierung
 62
7
370
25
100
AcDbBlockReference
  2
S96
 10
3318874.981733
 20
5810123.261333
 30
0.000000
 41
0.300000000000
 42
0.300000000000
 43
0.300000000000
 50
127.439363421012
  0
INSERT
  5
22d
100
AcDbEntity
  8
Beschriftumg +Trassierung
 62
7
370
25
100
AcDbBlockReference
  2
S96
 10
3318867.002413
 20
5810099.557182
 30
0.000000
 41
0.300000000000
 42
0.300000000000
 43
0.300000000000
 50
321.402556604028
  0
INSERT
  5
22e
100
AcDbEntity
  8
Beschriftumg +Trassierung
 62
7
370
25
100
AcDbBlockReference
  2
S96
 10
3318850.648235
 20
5810096.852273
 30
0.000000
 41
0.300000000000
 42
0.300000000000
 43
0.300000000000
 50
135.526744530414
  0
INSERT
  5
22f
100
AcDbEntity
  8
Beschriftumg +Trassierung
 62
7
370
25
100
AcDbBlockReference
  2
S96
 10
3318857.060145
 20
5810077.295279
 30
0.000000
 41
0.300000000000
 42
0.300000000000
 43
0.300000000000
 50
36.890497160115
  0
INSERT
  5
230
100
AcDbEntity
  8
Beschriftumg +Trassierung
 62
7
370
25
100
AcDbBlockReference
  2
S96
 10
3318794.854457
 20
5810080.756207
 30
0.000000
 41
0.300000000000
 42
0.300000000000
 43
0.300000000000
 50
131.004954394191
  0
INSERT
  5
231
100
AcDbEntity
  8
Fernwärmeleitung
 62
7
370
35
100
AcDbBlockReference
  2
S180
 10
3318811.643711
 20
5810077.751811
 30
0.000000
 41
2.100000000000
 42
2.100000000000
 43
2.100000000000
 50
178.594611624956
  0
INSERT
  5
232
100
AcDbEntity
  8
Fernwärmeleitung
 62
7
370
25
100
AcDbBlockReference
  2
S4
 10
3318810.826557
 20
5810101.000599
 30
47.598000
 41
0.245000004768
 42
0.245000004768
 43
0.245000004768
 50
0.000000000000
  0
INSERT
  5
233
100
AcDbEntity
  8
Fernwärmeleitung
 62
7
370
25
100
AcDbBlockReference
  2
S4
 10
3318810.425328
 20
5810101.350191
 30
47.577000
 41
0.245000004768
 42
0.245000004768
 43
0.245000004768
 50
0.000000000000
  0
INSERT
  5
234
100
AcDbEntity
  8
Fernwärmeleitung
 62
7
370
35
100
AcDbBlockReference
  2
S120
 10
3318808.776740
 20
5810101.035533
 30
47.643000
 41
0.349999994040
 42
0.349999994040
 43
0.349999994040
 50
358.399937046588
  0
INSERT
  5
235
100
AcDbEntity
  8
Fernwärmeleitung
 62
7
370
35
100
AcDbBlockReference
  2
S120
 10
3318809.034831
 20
5810101.366209
 30
47.634000
 41
0.349999994040
 42
0.349999994040
 43
0.349999994040
 50
357.935902532114
  0
INSERT
  5
236
100
AcDbEntity
  8
Fernwärmeleitung
 62
7
370
35
100
AcDbBlockReference
  2
S120
 10
3318807.863614
 20
5810102.048120
 30
47.668000
 41
0.349999994040
 42
0.349999994040
 43
0.349999994040
 50
268.594624602089
  0
INSERT
  5
237
100
AcDbEntity
  8
Fernwärmeleitung
 62
7
370
35
100
AcDbBlockReference
  2
S120
 10
3318808.269154
 20
5810102.236939
 30
47.646000
 41
0.349999994040
 42
0.349999994040
 43
0.349999994040
 50
268.517846445629
  0
INSERT
  5
238
100
AcDbEntity
  8
Fernwärmeleitung
 62
7
370
35
100
AcDbBlockReference
  2
S67
 10
3318809.895456
 20
5810101.335192
 30
47.610000
 41
0.899999976158
 42
0.899999976158
 43
0.899999976158
 50
88.555759004479
  0
INSERT
  5
239
100
AcDbEntity
  8
Fernwärmeleitung
 62
7
370
35
100
AcDbBlockReference
  2
S67
 10
3318810.200464
 20
5810100.995763
 30
47.613000
 41
0.899999976158
 42
0.899999976158
 43
0.899999976158
 50
89.673287235720
  0
INSERT
  5
23a
100
AcDbEntity
  8
Fernwärmeleitung
 62
7
370
35
100
AcDbBlockReference
  2
S120
 10
3318808.008205
 20
5810107.941801
 30
47.474000
 41
0.349999994040
 42
0.349999994040
 43
0.349999994040
 50
268.594624602089
  0
INSERT
  5
23b
100
AcDbEntity
  8
Fernwärmeleitung
 62
7
370
35
100
AcDbBlockReference
  2
S120
 10
3318808.414916
 20
5810107.870433
 30
47.454000
 41
0.349999994040
 42
0.349999994040
 43
0.349999994040
 50
268.594624602089
  0
INSERT
  5
23c
100
AcDbEntity
  8
Fernwärmeleitung
 62
7
370
35
100
AcDbBlockReference
  2
S120
 10
3318808.558921
 20
5810119.951268
 30
47.557000
 41
0.349999994040
 42
0.349999994040
 43
0.349999994040
 50
267.374438627623
  0
INSERT
  5
23d
100
AcDbEntity
  8
Fernwärmeleitung
 62
7
370
35
100
AcDbBlockReference
  2
S120
 10
3318808.951071
 20
5810119.879273
 30
47.567000
 41
0.349999994040
 42
0.349999994040
 43
0.349999994040
 50
267.443628443915
  0
INSERT
  5
23e
100
AcDbEntity
  8
Fernwärmeleitung
 62
7
370
35
100
AcDbBlockReference
  2
S120
 10
3318809.317579
 20
5810131.919194
 30
47.589000
 41
0.349999994040
 42
0.349999994040
 43
0.349999994040
 50
268.256393634390
  0
INSERT
  5
23f
100
AcDbEntity
  8
Fernwärmeleitung
 62
7
370
35
100
AcDbBlockReference
  2
S120
 10
3318808.972885
 20
5810131.927866
 30
47.590000
 41
0.349999994040
 42
0.349999994040
 43
0.349999994040
 50
268.256393634390
  0
POINT
  5
240
100
AcDbEntity
  8
Häuser
 62
7
370
18
100
AcDbPoint
 10
3318810.860664
 20
5810125.899552
 30
-48.453000
  0
POINT
  5
241
100
AcDbEntity
  8
Häuser
 62
7
370
18
100
AcDbPoint
 10
3318810.145555
 20
5810108.379093
 30
-48.224000
  0
POINT
  5
242
100
AcDbEntity
  8
Häuser
 62
7
370
18
100
AcDbPoint
 10
3318791.309517
 20
5810099.315580
 30
-47.497000
  0
POINT
  5
243
100
AcDbEntity
  8
Häuser
 62
7
370
18
100
AcDbPoint
 10
3318800.266594
 20
5810099.301543
 30
-47.622000
  0
POINT
  5
244
100
AcDbEntity
  8
Häuser
 62
7
370
18
100
AcDbPoint
 10
3318807.266796
 20
5810099.002082
 30
-47.845000
  0
POINT
  5
245
100
AcDbEntity
  8
Häuser
 62
7
370
25
100
AcDbPoint
 10
3318794.002942
 20
5810134.215815
 30
-48.647000
  0
INSERT
  5
246
100
AcDbEntity
  8
Fernwärmeleitung
 62
7
370
25
100
AcDbBlockReference
  2
S4
 10
3318808.971660
 20
5810132.907518
 30
48.023000
 41
0.245000004768
 42
0.245000004768
 43
0.245000004768
 50
0.000000000000
  0
INSERT
  5
247
100
AcDbEntity
  8
Fernwärmeleitung
 62
7
370
25
100
AcDbBlockReference
  2
S4
 10
3318809.368577
 20
5810132.884583
 30
48.022000
 41
0.245000004768
 42
0.245000004768
 43
0.245000004768
 50
0.000000000000
  0
INSERT
  5
248
100
AcDbEntity
  8
Lageplan sonstiges
 62
7
370
35
100
AcDbBlockReference
  2
S125
 10
3318791.460243
 20
5810119.393151
 30
48.628000
 41
0.500000000000
 42
0.500000000000
 43
0.500000000000
 50
357.857307338705
  0
INSERT
  5
249
100
AcDbEntity
  8
Lageplan sonstiges
 62
7
370
35
100
AcDbBlockReference
  2
S125
 10
3318788.960282
 20
5810131.433487
 30
48.757000
 41
0.500000000000
 42
0.500000000000
 43
0.500000000000
 50
357.857307338705
  0
INSERT
  5
24a
100
AcDbEntity
  8
Lageplan sonstiges
 62
7
370
35
100
AcDbBlockReference
  2
S125
 10
3318799.602123
 20
5810123.326505
 30
48.649000
 41
0.500000000000
 42
0.500000000000
 43
0.500000000000
 50
357.857307338705
  0
INSERT
  5
24b
100
AcDbEntity
  8
Lageplan sonstiges
 62
7
370
35
100
AcDbBlockReference
  2
S125
 10
3318810.774354
 20
5810133.104688
 30
48.751000
 41
0.500000000000
 42
0.500000000000
 43
0.500000000000
 50
357.857307338705
  0
INSERT
  5
24c
100
AcDbEntity
  8
Lageplan sonstiges
 62
7
370
35
100
AcDbBlockReference
  2
S125
 10
3318810.766117
 20
5810133.085067
 30
48.749000
 41
0.500000000000
 42
0.500000000000
 43
0.500000000000
 50
357.857307338705
  0
INSERT
  5
24d
100
AcDbEntity
  8
Lageplan sonstiges
 62
7
370
35
100
AcDbBlockReference
  2
S33
 10
3318818.819206
 20
5810127.046902
 30
48.864000
 41
0.350000000000
 42
0.350000000000
 43
0.350000000000
 50
177.795356548660
  0
INSERT
  5
24e
100
AcDbEntity
  8
Lageplan sonstiges
 62
7
370
35
100
AcDbBlockReference
  2
S33
 10
3318820.233743
 20
5810126.987195
 30
48.866000
 41
0.350000000000
 42
0.350000000000
 43
0.350000000000
 50
177.795356548660
  0
INSERT
  5
24f
100
AcDbEntity
  8
Lageplan sonstiges
 62
7
370
35
100
AcDbBlockReference
  2
S33
 10
3318822.833658
 20
5810126.881157
 30
48.873000
 41
0.350000000000
 42
0.350000000000
 43
0.350000000000
 50
177.795356548660
  0
INSERT
  5
250
100
AcDbEntity
  8
Lageplan sonstiges
 62
7
370
35
100
AcDbBlockReference
  2
S125
 10
3318825.085534
 20
5810129.759780
 30
48.771000
 41
0.500000000000
 42
0.500000000000
 43
0.500000000000
 50
357.857307338705
  0
INSERT
  5
251
100
AcDbEntity
  8
Lageplan sonstiges
 62
7
370
35
100
AcDbBlockReference
  2
S125
 10
3318832.359180
 20
5810130.229697
 30
48.893000
 41
0.500000000000
 42
0.500000000000
 43
0.500000000000
 50
357.857307338705
  0
POINT
  5
252
100
AcDbEntity
  8
Lageplan sonstiges
 62
7
370
25
100
AcDbPoint
 10
3318811.838887
 20
5810126.323341
 30
48.676000
  0
POINT
  5
253
100
AcDbEntity
  8
Lageplan sonstiges
 62
7
370
25
100
AcDbPoint
 10
3318810.215865
 20
5810120.611571
 30
48.671000
  0
POINT
  5
254
100
AcDbEntity
  8
Lageplan sonstiges
 62
7
370
25
100
AcDbPoint
 10
3318809.847166
 20
5810112.105042
 30
48.672000
  0
POINT
  5
255
100
AcDbEntity
  8
Lageplan sonstiges
 62
7
370
25
100
AcDbPoint
 10
3318808.909899
 20
5810099.032185
 30
48.553000
  0
POINT
  5
256
100
AcDbEntity
  8
Lageplan sonstiges
 62
255
100
AcDbPoint
 10
3318833.483155
 20
5810157.039125
 30
49.346000
  0
INSERT
  5
257
100
AcDbEntity
  8
Fernwärmeleitung
 62
7
370
35
100
AcDbBlockReference
  2
S120
 10
3318773.089214
 20
5810081.840135
 30
47.133000
 41
0.349999994040
 42
0.349999994040
 43
0.349999994040
 50
357.101063877789
  0
INSERT
  5
258
100
AcDbEntity
  8
Fernwärmeleitung
 62
7
370
35
100
AcDbBlockReference
  2
S120
 10
3318772.350831
 20
5810081.177598
 30
47.062000
 41
0.349999994040
 42
0.349999994040
 43
0.349999994040
 50
356.311444277420
  0
INSERT
  5
259
100
AcDbEntity
  8
Fernwärmeleitung
 62
7
370
35
100
AcDbBlockReference
  2
S120
 10
3318771.530347
 20
5810081.918254
 30
47.070000
 41
0.349999994040
 42
0.349999994040
 43
0.349999994040
 50
357.131157691272
  0
INSERT
  5
25a
100
AcDbEntity
  8
Fernwärmeleitung
 62
7
370
35
100
AcDbBlockReference
  2
S120
 10
3318770.554600
 20
5810081.341266
 30
47.000000
 41
0.349999994040
 42
0.349999994040
 43
0.349999994040
 50
354.793730140066
  0
INSERT
  5
25b
100
AcDbEntity
  8
Fernwärmeleitung
 62
7
370
35
100
AcDbBlockReference
  2
S120
 10
3318770.581192
 20
5810083.083421
 30
47.070000
 41
0.349999994040
 42
0.349999994040
 43
0.349999994040
 50
267.114734344812
  0
INSERT
  5
25c
100
AcDbEntity
  8
Fernwärmeleitung
 62
7
370
35
100
AcDbBlockReference
  2
S120
 10
3318769.656995
 20
5810082.386450
 30
47.053000
 41
0.349999994040
 42
0.349999994040
 43
0.349999994040
 50
85.507083577876
  0
INSERT
  5
25d
100
AcDbEntity
  8
Fernwärmeleitung
 62
7
370
35
100
AcDbBlockReference
  2
S120
 10
3318770.771220
 20
5810086.853821
 30
47.026000
 41
0.349999994040
 42
0.349999994040
 43
0.349999994040
 50
267.114734344812
  0
INSERT
  5
25e
100
AcDbEntity
  8
Fernwärmeleitung
 62
7
370
35
100
AcDbBlockReference
  2
S120
 10
3318769.960373
 20
5810086.247335
 30
47.049000
 41
0.349999994040
 42
0.349999994040
 43
0.349999994040
 50
85.507083577876
  0
INSERT
  5
25f
100
AcDbEntity
  8
Fernwärmeleitung
 62
7
370
35
100
AcDbBlockReference
  2
S120
 10
3318757.025606
 20
5810088.281318
 30
46.942000
 41
0.349999994040
 42
0.349999994040
 43
0.349999994040
 50
355.387640701608
  0
INSERT
  5
260
100
AcDbEntity
  8
Fernwärmeleitung
 62
7
370
35
100
AcDbBlockReference
  2
S120
 10
3318757.902278
 20
5810088.851696
 30
46.918000
 41
0.349999994040
 42
0.349999994040
 43
0.349999994040
 50
355.425022326936
  0
INSERT
  5
261
100
AcDbEntity
  8
Fernwärmeleitung
 62
7
370
35
100
AcDbBlockReference
  2
S120
 10
3318769.899251
 20
5810087.891716
 30
47.059000
 41
0.349999994040
 42
0.349999994040
 43
0.349999994040
 50
355.425022326936
  0
INSERT
  5
262
100
AcDbEntity
  8
Fernwärmeleitung
 62
7
370
35
100
AcDbBlockReference
  2
S120
 10
3318769.097908
 20
5810087.307383
 30
47.067000
 41
0.349999994040
 42
0.349999994040
 43
0.349999994040
 50
355.387640701608
  0
INSERT
  5
263
100
AcDbEntity
  8
Fernwärmeleitung
 62
7
370
35
100
AcDbBlockReference
  2
S120
 10
3318714.230718
 20
5810086.229091
 30
46.457000
 41
0.349999994040
 42
0.349999994040
 43
0.349999994040
 50
358.373642419109
  0
INSERT
  5
264
100
AcDbEntity
  8
Fernwärmeleitung
 62
7
370
35
100
AcDbBlockReference
  2
S120
 10
3318713.987882
 20
5810086.929970
 30
46.523000
 41
0.349999994040
 42
0.349999994040
 43
0.349999994040
 50
358.543391509726
  0
INSERT
  5
265
100
AcDbEntity
  8
Fernwärmeleitung
 62
7
370
35
100
AcDbBlockReference
  2
S120
 10
3318726.292172
 20
5810085.886631
 30
46.513000
 41
0.349999994040
 42
0.349999994040
 43
0.349999994040
 50
357.754948622885
  0
INSERT
  5
266
100
AcDbEntity
  8
Fernwärmeleitung
 62
7
370
35
100
AcDbBlockReference
  2
S120
 10
3318726.049032
 20
5810086.623278
 30
46.461000
 41
0.349999994040
 42
0.349999994040
 43
0.349999994040
 50
358.311190691155
  0
INSERT
  5
267
100
AcDbEntity
  8
Fernwärmeleitung
 62
7
370
35
100
AcDbBlockReference
  2
S120
 10
3318738.272548
 20
5810085.416957
 30
46.453000
 41
0.349999994040
 42
0.349999994040
 43
0.349999994040
 50
357.754948622885
  0
INSERT
  5
268
100
AcDbEntity
  8
Fernwärmeleitung
 62
7
370
35
100
AcDbBlockReference
  2
S120
 10
3318739.433863
 20
5810085.354176
 30
46.464000
 41
0.349999994040
 42
0.349999994040
 43
0.349999994040
 50
356.857125165685
  0
INSERT
  5
269
100
AcDbEntity
  8
Fernwärmeleitung
 62
7
370
35
100
AcDbBlockReference
  2
S120
 10
3318737.995583
 20
5810086.271048
 30
46.404000
 41
0.349999994040
 42
0.349999994040
 43
0.349999994040
 50
358.311190584433
  0
INSERT
  5
26a
100
AcDbEntity
  8
Fernwärmeleitung
 62
7
370
35
100
AcDbBlockReference
  2
S120
 10
3318739.164826
 20
5810086.250996
 30
46.396000
 41
0.349999994040
 42
0.349999994040
 43
0.349999994040
 50
358.311190584433
  0
INSERT
  5
26b
100
AcDbEntity
  8
Fernwärmeleitung
 62
7
370
25
100
AcDbBlockReference
  2
S4
 10
3318738.589060
 20
5810086.240761
 30
46.374000
 41
0.200000000000
 42
0.200000000000
 43
0.200000000000
 50
0.000000000000
  0
INSERT
  5
26c
100
AcDbEntity
  8
Fernwärmeleitung
 62
7
370
25
100
AcDbBlockReference
  2
S4
 10
3318738.826802
 20
5810085.456953
 30
46.385000
 41
0.200000000000
 42
0.200000000000
 43
0.200000000000
 50
0.000000000000
  0
INSERT
  5
26d
100
AcDbEntity
  8
Fernwärmeleitung
 62
7
370
35
100
AcDbBlockReference
  2
S67
 10
3318740.069850
 20
5810085.641262
 30
46.673000
 41
0.699999988079
 42
0.699999988079
 43
0.699999988079
 50
269.059132107163
  0
POINT
  5
26e
100
AcDbEntity
  8
Fernwärmeleitung
 62
7
370
25
100
AcDbPoint
 10
3318739.795857
 20
5810086.403803
 30
46.699000
  0
INSERT
  5
26f
100
AcDbEntity
  8
Fernwärmeleitung
 62
7
370
35
100
AcDbBlockReference
  2
S120
 10
3318745.247400
 20
5810085.906607
 30
46.498000
 41
0.349999994040
 42
0.349999994040
 43
0.349999994040
 50
356.759431475883
  0
INSERT
  5
270
100
AcDbEntity
  8
Fernwärmeleitung
 62
7
370
35
100
AcDbBlockReference
  2
S120
 10
3318746.297317
 20
5810086.761479
 30
46.529000
 41
0.349999994040
 42
0.349999994040
 43
0.349999994040
 50
84.297163377733
  0
INSERT
  5
271
100
AcDbEntity
  8
Fernwärmeleitung
 62
7
370
35
100
AcDbBlockReference
  2
S120
 10
3318747.054150
 20
5810085.942663
 30
46.548000
 41
0.349999994040
 42
0.349999994040
 43
0.349999994040
 50
86.639371847913
  0
INSERT
  5
272
100
AcDbEntity
  8
Fernwärmeleitung
 62
7
370
35
100
AcDbBlockReference
  2
S120
 10
3318746.043764
 20
5810084.991236
 30
46.550000
 41
0.349999994040
 42
0.349999994040
 43
0.349999994040
 50
356.857125379129
  0
INSERT
  5
273
100
AcDbEntity
  8
Fernwärmeleitung
 62
7
370
35
100
AcDbBlockReference
  2
S120
 10
3318746.503497
 20
5810088.826109
 30
46.595000
 41
0.349999994040
 42
0.349999994040
 43
0.349999994040
 50
84.297163377733
  0
INSERT
  5
274
100
AcDbEntity
  8
Fernwärmeleitung
 62
7
370
35
100
AcDbBlockReference
  2
S120
 10
3318747.604069
 20
5810089.712616
 30
46.677000
 41
0.349999994040
 42
0.349999994040
 43
0.349999994040
 50
355.263498598349
  0
INSERT
  5
275
100
AcDbEntity
  8
Fernwärmeleitung
 62
7
370
35
100
AcDbBlockReference
  2
S120
 10
3318748.190625
 20
5810088.933112
 30
46.732000
 41
0.349999994040
 42
0.349999994040
 43
0.349999994040
 50
356.145363105109
  0
INSERT
  5
276
100
AcDbEntity
  8
Fernwärmeleitung
 62
7
370
35
100
AcDbBlockReference
  2
S120
 10
3318747.170724
 20
5810087.927878
 30
46.638000
 41
0.349999994040
 42
0.349999994040
 43
0.349999994040
 50
86.639371847913
  0
INSERT
  5
277
100
AcDbEntity
  8
Fernwärmeleitung
 62
7
370
35
100
AcDbBlockReference
  2
S120
 10
3318754.315189
 20
5810089.156557
 30
46.902000
 41
0.349999994040
 42
0.349999994040
 43
0.349999994040
 50
355.263498598349
  0
INSERT
  5
278
100
AcDbEntity
  8
Fernwärmeleitung
 62
7
370
35
100
AcDbBlockReference
  2
S120
 10
3318754.080732
 20
5810088.536250
 30
46.879000
 41
0.349999994040
 42
0.349999994040
 43
0.349999994040
 50
356.145363105109
  0
INSERT
  5
279
100
AcDbEntity
  8
Lageplan sonstiges
 62
7
370
35
100
AcDbBlockReference
  2
S125
 10
3318718.722274
 20
5810083.733532
 30
48.129000
 41
0.500000000000
 42
0.500000000000
 43
0.500000000000
 50
357.857307338705
  0
INSERT
  5
27a
100
AcDbEntity
  8
Lageplan sonstiges
 62
7
370
35
100
AcDbBlockReference
  2
S125
 10
3318742.698256
 20
5810082.891036
 30
48.202000
 41
0.500000000000
 42
0.500000000000
 43
0.500000000000
 50
357.857307338705
  0
INSERT
  5
27b
100
AcDbEntity
  8
Fernwärmeleitung
 62
7
370
25
100
AcDbBlockReference
  2
S5
 10
3318994.263042
 20
5810056.245650
 30
0.000000
 41
0.200000000000
 42
0.200000000000
 43
0.200000000000
 50
0.000000000000
  0
INSERT
  5
2ae
100
AcDbEntity
  8
Fernwärmeleitung
 62
7
370
35
100
AcDbBlockReference
  2
S183
 10
3318916.629993
 20
5810129.064114
 30
0.000000
 41
20.000000000000
 42
20.000000000000
 43
20.000000000000
 50
0.000000000000
  0
TEXT
  5
2af
100
AcDbEntity
  8
sonstige Leitungen TW_SW_RW_El
 62
7
370
18
100
AcDbText
 10
3318854.746381
 20
5810061.279568
 30
0.000000
 40
0.450000
 41
1.000000
  1
Oberflurhydrant
  7
1.8mm gerade
 50
357.857307342939
100
AcDbText
  0
TEXT
  5
2b2
100
AcDbEntity
  8
sonstige Leitungen TW_SW_RW_El
 62
7
370
25
100
AcDbText
 10
3318835.209460
 20
5810100.537268
 30
0.000000
 40
0.600000
 41
1.000000
  1
KG 200 - 71,2m - 80/00
  7
2.5mm gerade
 50
357.857307343936
100
AcDbText
  0
LINE
  5
2b4
100
AcDbEntity
  8
sonstige Leitungen TW_SW_RW_El
  6
CONTINUOUS
 62
7
370
25
100
AcDbLine
 10
3318834.960655
 20
5810100.306409
 30
0.000000
 11
3318835.001034
 21
5810101.385654
 31
0.000000
  0
LINE
  5
2b5
100
AcDbEntity
  8
sonstige Leitungen TW_SW_RW_El
  6
CONTINUOUS
 62
7
370
25
100
AcDbLine
 10
3318835.001034
 20
5810101.385654
 30
0.000000
 11
3318843.634993
 21
5810101.062619
 31
0.000000
  0
LINE
  5
2b6
100
AcDbEntity
  8
sonstige Leitungen TW_SW_RW_El
  6
CONTINUOUS
 62
7
370
25
100
AcDbLine
 10
3318843.634993
 20
5810101.062619
 30
0.000000
 11
3318843.594614
 21
5810099.983374
 31
0.000000
  0
LINE
  5
2b7
100
AcDbEntity
  8
sonstige Leitungen TW_SW_RW_El
  6
CONTINUOUS
 62
7
370
25
100
AcDbLine
 10
3318843.594614
 20
5810099.983374
 30
0.000000
 11
3318834.960655
 21
5810100.306409
 31
0.000000
  0
TEXT
  5
2b9
100
AcDbEntity
  8
sonstige Leitungen TW_SW_RW_El
 62
7
370
35
100
AcDbText
 10
3318759.008674
 20
5810059.566280
 30
0.000000
 40
0.900000
 41
1.000000
  1
Schmutzwasser
  7
3.5mm gerade
 50
357.857307343936
100
AcDbText
  0
TEXT
  5
2bc
100
AcDbEntity
  8
sonstige Leitungen TW_SW_RW_El
 62
7
370
35
100
AcDbText
 10
3318759.144343
 20
5810061.504782
 30
0.000000
 40
0.900000
 41
1.000000
  1
Regenwasser
  7
3.5mm gerade
 50
357.857307342939
100
AcDbText
  0
TEXT
  5
2be
100
AcDbEntity
  8
sonstige Leitungen TW_SW_RW_El
 62
7
370
35
100
AcDbText
 10
3318778.979766
 20
5810063.630039
 30
0.000000
 40
0.800000
 41
1.000000
  1
Erdgas
  7
3.5mm gerade
 50
357.857307342939
100
AcDbText
  0
TEXT
  5
2c0
100
AcDbEntity
  8
Fernwärmeleitung
 62
22
370
35
100
AcDbText
 10
3318741.946850
 20
5810149.511681
 30
0.000000
 40
2.000000
 41
1.000000
  1
Demonstrationsprojekt
  7
3.5 mm rechts rot
 50
357.857307342939
 51
15.000035076525
100
AcDbText
  0
TEXT
  5
2c3
100
AcDbEntity
  8
Kataster AMT+Grunddiestbarkeit
 62
7
370
70
100
AcDbText
 10
3318738.319022
 20
5810069.349308
 30
0.000000
 40
1.700000
 41
1.000000
  1
Grenze
  7
5 mm gerade
 50
357.840794965626
100
AcDbText
  0
TEXT
  5
2c6
100
AcDbEntity
  8
sonstige Leitungen TW_SW_RW_El
 62
7
370
35
100
AcDbText
 10
3318834.513689
 20
5810102.018981
 30
0.000000
 40
1.000000
 41
1.000000
  1
Schmutzwasser
  7
3.5mm gerade
 50
357.857307342939
100
AcDbText
  0
TEXT
  5
2c8
100
AcDbEntity
  8
Lageplan sonstiges
 62
7
370
25
100
AcDbText
 10
3318926.879526
 20
5810056.352481
 30
0.000000
 40
0.500000
 41
1.000000
  1
BEV300
  7
2.5mm gerade
 50
357.481483373054
100
AcDbText
  0
TEXT
  5
2ca
100
AcDbEntity
  8
Beschriftumg +Trassierung
 62
7
370
25
100
AcDbText
 10
3318773.670726
 20
5810085.541033
 30
0.000000
 40
0.480000
 41
1.000000
  1
%%U 184.4 %%U
  7
2.6 mm rechts
 50
87.066633550777
 51
15.000035076525
100
AcDbText
  0
LINE
  5
2cc
100
AcDbEntity
  8
Beschriftumg +Trassierung
  6
CONTINUOUS
 62
7
370
25
100
AcDbLine
 10
3318773.852649
 20
5810085.339459
 30
0.000000
 11
3318770.685976
 21
5810082.112787
 31
0.000000
  0
TEXT
  5
2ce
100
AcDbEntity
  8
Kataster AMT+Grunddiestbarkeit
 62
7
370
70
100
AcDbText
 10
3318825.475385
 20
5810050.525345
 30
0.000000
 40
2.500000
 41
1.000000
  1
175
  7
5 mm gerade
 50
357.857307342939
100
AcDbText
  0
TEXT
  5
2d0
100
AcDbEntity
  8
Rohroberkante
 62
212
370
25
100
AcDbText
 10
3318746.879922
 20
5810089.969288
 30
0.000000
 40
0.400000
 41
1.000000
  1
ROK:46.62
  7
2.0 mm rechts lila
 50
356.091347240442
 51
15.000035076525
100
AcDbText
  0
TEXT
  5
2d4
100
AcDbEntity
  8
sonstige Leitungen TW_SW_RW_El
 62
7
370
35
100
AcDbText
 10
3318789.686894
 20
5810103.250945
 30
0.000000
 40
0.770000
 41
1.000000
  1
Regenwasserschacht
  7
3.5mm gerade
 50
357.857307342939
100
AcDbText
  0
LINE
  5
2d5
100
AcDbEntity
  8
sonstige Leitungen TW_SW_RW_El
  6
CONTINUOUS
 62
7
370
35
100
AcDbLine
 10
3318794.233282
 20
5810102.926736
 30
0.000000
 11
3318793.164236
 21
5810101.911532
 31
0.000000
  0
MTEXT
  5
2d7
100
AcDbEntity
  8
Häuser
 62
7
370
25
100
AcDbMText
  7
2.5mm gerade
 10
3318860.798965
 20
5810086.713584
 30
0.000000
 40
0.700000
 41
0.000000
 71
7
 72
1
 44
0.690000
  1
Wohn- und Geschäftshaus\P    Nr. 10
 11
0.999301
 21
-0.037388
 31
0.000000
  0
TEXT
  5
2d9
100
AcDbEntity
  8
Beschriftumg +Trassierung
 62
7
370
25
100
AcDbText
 10
3318881.147835
 20
5810063.917776
 30
0.000000
 40
0.480000
 41
1.000000
  1
1.0
  7
2.6 mm rechts
 50
86.805264588254
 51
15.000035076525
 72
1
 11
3318881.170022
 21
5810064.315274
 31
0.000000
100
AcDbText
 73
0
  0
TEXT
  5
2db
100
AcDbEntity
  8
sonstige Leitungen TW_SW_RW_El
 62
7
370
35
100
AcDbText
 10
3318863.638474
 20
5810060.625479
 30
0.000000
 40
1.000000
 41
1.000000
  1
Elektroleitung
  7
3.5mm gerade
 50
356.781536694228
100
AcDbText
  0
TEXT
  5
2dd
100
AcDbEntity
  8
Beschriftumg +Trassierung
 62
7
370
25
100
AcDbText
 10
3318931.407491
 20
5810050.793094
 30
0.000000
 40
0.480000
 41
1.000000
  1
%%U 3.9 %%U
  7
2.6 mm rechts
 50
87.230468641943
 51
15.000035076525
100
AcDbText
  0
LINE
  5
2de
100
AcDbEntity
  8
Beschriftumg +Trassierung
  6
CONTINUOUS
 62
7
370
25
100
AcDbLine
 10
3318931.681806
 20
5810052.490055
 30
0.000000
 11
3318938.697786
 21
5810061.199223
 31
0.000000
  0
MTEXT
  5
2e0
100
AcDbEntity
  8
Fernwärmeleitung
 62
7
370
25
100
AcDbMText
  7
2.5mm gerade
 10
3318816.437689
 20
5810130.305431
 30
0.000000
 40
0.500000
 41
0.000000
 71
7
 72
1
 44
0.690000
  1
bei allen FW-Leitungen\Pmittig - Steuerleitung -
 11
0.999301
 21
-0.037388
 31
0.000000
  0
LINE
  5
2e1
100
AcDbEntity
  8
Fernwärmeleitung
  6
CONTINUOUS
 62
7
370
25
100
AcDbLine
 10
3318816.230352
 20
5810130.113049
 30
0.000000
 11
3318816.290173
 21
5810131.711930
 31
0.000000
  0
LINE
  5
2e2
100
AcDbEntity
  8
Fernwärmeleitung
  6
CONTINUOUS
 62
7
370
25
100
AcDbLine
 10
3318816.290173
 20
5810131.711930
 30
0.000000
 11
3318824.734265
 21
5810131.395999
 31
0.000000
  0
LINE
  5
2e3
100
AcDbEntity
  8
Fernwärmeleitung
  6
CONTINUOUS
 62
7
370
25
100
AcDbLine
 10
3318824.734265
 20
5810131.395999
 30
0.000000
 11
3318824.674444
 21
5810129.797117
 31
0.000000
  0
LINE
  5
2e4
100
AcDbEntity
  8
Fernwärmeleitung
  6
CONTINUOUS
 62
7
370
25
100
AcDbLine
 10
3318824.674444
 20
5810129.797117
 30
0.000000
 11
3318816.230352
 21
5810130.113049
 31
0.000000
  0
LINE
  5
2e5
100
AcDbEntity
  8
Fernwärmeleitung
  6
CONTINUOUS
 62
7
370
25
100
AcDbLine
 10
3318816.230352
 20
5810130.113049
 30
0.000000
 11
3318809.035288
 21
5810127.985450
 31
0.000000
  0
TEXT
  5
2e7
100
AcDbEntity
  8
sonstige Leitungen TW_SW_RW_El
 62
7
370
35
100
AcDbText
 10
3318773.030572
 20
5810062.431265
 30
0.000000
 40
1.000000
 41
1.000000
  1
Trinkwasser
  7
3.5mm gerade
 50
357.857307342939
100
AcDbText
  0
TEXT
  5
2e9
100
AcDbEntity
  8
Beschriftumg +Trassierung
 62
7
370
25
100
AcDbText
 10
3318903.741005
 20
5810058.450067
 30
0.000000
 40
0.660000
 41
1.000000
  1
Gel%%228ndeh%%246he
  7
2.5mm gerade
 50
357.840795018899
100
AcDbText
  0
MTEXT
  5
2eb
100
AcDbEntity
  8
Rohroberkante
 62
7
370
25
100
AcDbMText
  7
Flurst}cksnummer
 10
3318738.654407
 20
5810127.473694
 30
0.000000
 40
0.900000
 41
0.000000
 71
7
 72
1
 44
0.690000
  1
ROK       - Rohroberkante\PPA (45%%d,o) - Parallelabzweig 45%%d nach oben\PTA (u)    -  T - Abzweig nach unten\P          - Geländehöhe (m.ü.DHHN)
 11
0.999301
 21
-0.037388
 31
0.000000
  0
TEXT
  5
2ee
100
AcDbEntity
  8
Lageplan sonstiges
 62
7
370
18
100
AcDbText
 10
3318902.298267
 20
5810064.087195
 30
0.000000
 40
0.360000
 41
1.000000
  1
48.22
  7
1.8mm gerade
 50
356.638914810968
 72
0
 11
3318902.319373
 21
5810064.446576
 31
0.000000
100
AcDbText
 73
3
  0
MTEXT
  5
2f0
100
AcDbEntity
  8
Beschriftumg +Trassierung
 62
7
370
25
100
AcDbMText
  7
2.6 mm rechts
 10
3318715.856728
 20
5810091.086196
 30
0.000000
 40
0.550000
 41
0.000000
 71
7
 72
1
 44
0.690000
  1
Stationierung \Pab Hosenstück
 11
0.037779
 21
0.999286
 31
0.000000
  0
TEXT
  5
2f2
100
AcDbEntity
  8
Rohroberkante
 62
7
370
18
100
AcDbText
 10
3318741.908918
 20
5810127.558791
 30
0.000000
 40
0.500000
 41
1.000000
  1
48.55
  7
1.8mm gerade
 50
357.106044158755
 72
2
 11
3318743.407005
 21
5810127.483060
 31
0.000000
100
AcDbText
 73
0
  0
TEXT
  5
2f4
100
AcDbEntity
  8
Fernwärmeleitung
 62
7
370
35
100
AcDbText
 10
3318756.379164
 20
5810091.566419
 30
0.000000
 40
0.800000
 41
1.000000
  1
KMR DN200/400
  7
3.5mm gerade
 50
355.739420758877
100
AcDbText
  0
LINE
  5
2f5
100
AcDbEntity
  8
Fernwärmeleitung
  6
CONTINUOUS
 62
7
370
35
100
AcDbLine
 10
3318756.036275
 20
5810091.271077
 30
0.000000
 11
3318756.143256
 21
5810092.707097
 31
0.000000
  0
LINE
  5
2f6
100
AcDbEntity
  8
Fernwärmeleitung
  6
CONTINUOUS
 62
7
370
35
100
AcDbLine
 10
3318756.143256
 20
5810092.707097
 30
0.000000
 11
3318764.839158
 21
5810092.059266
 31
0.000000
  0
LINE
  5
2f7
100
AcDbEntity
  8
Fernwärmeleitung
  6
CONTINUOUS
 62
7
370
35
100
AcDbLine
 10
3318764.839158
 20
5810092.059266
 30
0.000000
 11
3318764.732177
 21
5810090.623245
 31
0.000000
  0
LINE
  5
2f8
100
AcDbEntity
  8
Fernwärmeleitung
  6
CONTINUOUS
 62
7
370
35
100
AcDbLine
 10
3318764.732177
 20
5810090.623245
 30
0.000000
 11
3318756.036275
 21
5810091.271077
 31
0.000000
  0
TEXT
  5
2fa
100
AcDbEntity
  8
Fernwärmeleitung
 62
7
370
35
100
AcDbText
 10
3318708.082473
 20
5810088.553709
 30
0.000000
 40
0.700000
 41
1.000000
  1
Vorlauf (V)
  7
3.5mm gerade
 50
357.857307342939
100
AcDbText
  0
TEXT
  5
2fc
100
AcDbEntity
  8
Kataster AMT+Grunddiestbarkeit
 62
7
370
70
100
AcDbText
 10
3318837.317904
 20
5810139.261144
 30
0.000000
 40
2.500000
 41
1.000000
  1
178
  7
5 mm gerade
 50
357.857307342939
100
AcDbText
  0
TEXT
  5
2fe
100
AcDbEntity
  8
Lageplan sonstiges
 62
7
370
18
100
AcDbText
 10
3318753.758045
 20
5810074.917504
 30
0.000000
 40
0.360000
 41
1.000000
  1
47.82
  7
1.8mm gerade
 50
357.106044158755
 72
1
 11
3318754.351486
 21
5810075.247964
 31
0.000000
100
AcDbText
 73
3
  0
TEXT
  5
300
100
AcDbEntity
  8
Lageplan sonstiges
 62
7
370
18
100
AcDbText
 10
3318785.836092
 20
5810072.596794
 30
0.000000
 40
0.360000
 41
1.000000
  1
47.85
  7
1.8mm gerade
 50
357.106044158755
 72
0
 11
3318785.854267
 21
5810072.956335
 31
0.000000
100
AcDbText
 73
3
  0
TEXT
  5
302
100
AcDbEntity
  8
Lageplan sonstiges
 62
7
370
18
100
AcDbText
 10
3318784.837479
 20
5810118.100988
 30
0.000000
 40
0.360000
 41
1.000000
  1
48.55
  7
1.8mm gerade
 50
357.106044158755
 72
2
 11
3318785.934277
 21
5810118.406002
 31
0.000000
100
AcDbText
 73
3
  0
TEXT
  5
304
100
AcDbEntity
  8
Lageplan sonstiges
 62
7
370
18
100
AcDbText
 10
3318786.290402
 20
5810136.934995
 30
0.000000
 40
0.360000
 41
1.000000
  1
48.77
  7
1.8mm gerade
 50
357.106044158755
 72
2
 11
3318787.459108
 21
5810137.236374
 31
0.000000
100
AcDbText
 73
3
  0
TEXT
  5
306
100
AcDbEntity
  8
Lageplan sonstiges
 62
7
370
18
100
AcDbText
 10
3318789.175698
 20
5810157.018774
 30
0.000000
 40
0.360000
 41
1.000000
  1
49.05
  7
1.8mm gerade
 50
357.106044157410
 72
2
 11
3318790.272496
 21
5810157.323788
 31
0.000000
100
AcDbText
 73
3
  0
TEXT
  5
308
100
AcDbEntity
  8
Fernwärmeleitung
 62
7
370
35
100
AcDbText
 10
3318707.564781
 20
5810083.898318
 30
0.000000
 40
0.700000
 41
1.000000
  1
R%%252cklauf (R)
  7
3.5mm gerade
 50
357.857307343936
100
AcDbText
  0
MTEXT
  5
30a
100
AcDbEntity
  8
Fernwärmeleitung
 62
7
370
25
100
AcDbMText
  7
2.5mm gerade
 10
3318991.742454
 20
5810051.136311
 30
0.000000
 40
0.700000
 41
0.000000
 71
7
 72
1
 44
0.690000
  1
von\PHeizzentrale
 11
0.999301
 21
-0.037388
 31
0.000000
  0
LINE
  5
30b
100
AcDbEntity
  8
Fernwärmeleitung
  6
CONTINUOUS
 62
7
370
25
100
AcDbLine
 10
3318995.356130
 20
5810052.822381
 30
0.000000
 11
3318997.270299
 21
5810055.514186
 31
0.000000
  0
TEXT
  5
30d
100
AcDbEntity
  8
Kataster AMT+Grunddiestbarkeit
 62
7
370
70
100
AcDbText
 10
3318893.187362
 20
5810071.507830
 30
0.000000
 40
1.000000
 41
1.000000
  1
4,0m Grunddienstbarkeit/Baulast
  7
5 mm gerade
 50
357.857307343936
100
AcDbText
  0
LINE
  5
30e
100
AcDbEntity
  8
Kataster AMT+Grunddiestbarkeit
  6
CONTINUOUS
 62
7
370
70
100
AcDbLine
 10
3318904.229756
 20
5810070.894544
 30
0.000000
 11
3318906.855324
 21
5810062.843113
 31
0.000000
  0
TEXT
  5
310
100
AcDbEntity
  8
Lageplan sonstiges
 62
7
370
18
100
AcDbText
 10
3318762.263254
 20
5810095.166044
 30
0.000000
 40
0.360000
 41
1.000000
  1
48.24
  7
1.8mm gerade
 50
357.106044158755
 72
0
 11
3318762.272342
 21
5810095.345815
 31
0.000000
100
AcDbText
 73
2
  0
TEXT
  5
312
100
AcDbEntity
  8
Lageplan sonstiges
 62
7
370
18
100
AcDbText
 10
3318774.408337
 20
5810078.398561
 30
0.000000
 40
0.360000
 41
1.000000
  1
48.04
  7
1.8mm gerade
 50
357.106044158755
 72
0
 11
3318774.426512
 21
5810078.758102
 31
0.000000
100
AcDbText
 73
3
  0
TEXT
  5
314
100
AcDbEntity
  8
Lageplan sonstiges
 62
7
370
18
100
AcDbText
 10
3318776.710090
 20
5810085.296189
 30
0.000000
 40
0.360000
 41
1.000000
  1
48.10
  7
1.8mm gerade
 50
356.408764940319
 72
0
 11
3318776.721364
 21
5810085.475835
 31
0.000000
100
AcDbText
 73
2
  0
TEXT
  5
316
100
AcDbEntity
  8
Lageplan sonstiges
 62
7
370
18
100
AcDbText
 10
3318795.891735
 20
5810061.469045
 30
0.000000
 40
0.360000
 41
1.000000
  1
47.86
  7
1.8mm gerade
 50
357.106044158755
 72
2
 11
3318797.024487
 21
5810061.772242
 31
0.000000
100
AcDbText
 73
3
  0
TEXT
  5
318
100
AcDbEntity
  8
Lageplan sonstiges
 62
7
370
18
100
AcDbText
 10
3318769.716385
 20
5810064.961458
 30
0.000000
 40
0.360000
 41
1.000000
  1
47.84
  7
1.8mm gerade
 50
357.106044158755
 72
2
 11
3318770.885092
 21
5810065.262837
 31
0.000000
100
AcDbText
 73
3
  0
TEXT
  5
31a
100
AcDbEntity
  8
Rohroberkante
 62
7
370
70
100
AcDbText
 10
3318772.092939
 20
5810121.102051
 30
0.000000
 40
2.500000
 41
1.000000
  1
176
  7
5 mm gerade
 50
357.857307343936
100
AcDbText
  0
TEXT
  5
31c
100
AcDbEntity
  8
Lageplan sonstiges
 62
7
370
18
100
AcDbText
 10
3318963.195518
 20
5810057.806540
 30
0.000000
 40
0.360000
 41
1.000000
  1
47.85
  7
1.8mm gerade
 50
357.033841948650
100
AcDbText
  0
TEXT
  5
31e
100
AcDbEntity
  8
Lageplan sonstiges
 62
7
370
18
100
AcDbText
 10
3318963.019030
 20
5810060.036115
 30
0.000000
 40
0.360000
 41
1.000000
  1
48.17
  7
1.8mm gerade
 50
357.033841895411
100
AcDbText
  0
TEXT
  5
320
100
AcDbEntity
  8
Kataster AMT+Grunddiestbarkeit
 62
7
370
70
100
AcDbText
 10
3318805.788091
 20
5810071.449058
 30
0.000000
 40
2.500000
 41
1.000000
  1
177
  7
5 mm gerade
 50
357.857307342939
100
AcDbText
  0
TEXT
  5
322
100
AcDbEntity
  8
Lageplan sonstiges
 62
7
370
18
100
AcDbText
 10
3318944.457709
 20
5810059.979846
 30
0.000000
 40
0.360000
 41
1.000000
  1
48.31
  7
1.8mm gerade
 50
359.540468811871
100
AcDbText
  0
TEXT
  5
324
100
AcDbEntity
  8
Lageplan sonstiges
 62
7
370
18
100
AcDbText
 10
3318942.258907
 20
5810057.784787
 30
0.000000
 40
0.360000
 41
1.000000
  1
48.06
  7
1.8mm gerade
 50
357.033841948650
 72
1
 11
3318942.816812
 21
5810058.116361
 31
0.000000
100
AcDbText
 73
3
  0
TEXT
  5
326
100
AcDbEntity
  8
Beschriftumg +Trassierung
 62
7
370
25
100
AcDbText
 10
3318745.473168
 20
5810093.466893
 30
0.000000
 40
0.480000
 41
1.000000
  1
%%U 214.2 %%U
  7
2.6 mm rechts
 50
88.552554331141
 51
15.000035076525
100
AcDbText
  0
LINE
  5
327
100
AcDbEntity
  8
Beschriftumg +Trassierung
  6
CONTINUOUS
 62
7
370
25
100
AcDbLine
 10
3318745.660257
 20
5810093.270105
 30
0.000000
 11
3318746.653484
 21
5810089.661822
 31
0.000000
  0
TEXT
  5
329
100
AcDbEntity
  8
Beschriftumg +Trassierung
 62
7
370
25
100
AcDbText
 10
3318743.525931
 20
5810089.303192
 30
0.000000
 40
0.480000
 41
1.000000
  1
%%U 218.0 %%U
  7
2.6 mm rechts
 50
86.746578203091
 51
15.000035076525
100
AcDbText
  0
LINE
  5
32a
100
AcDbEntity
  8
Beschriftumg +Trassierung
  6
CONTINUOUS
 62
7
370
25
100
AcDbLine
 10
3318743.706725
 20
5810089.100605
 30
0.000000
 11
3318746.106648
 21
5810085.981486
 31
0.000000
  0
TEXT
  5
32c
100
AcDbEntity
  8
Beschriftumg +Trassierung
 62
7
370
25
100
AcDbText
 10
3318737.928258
 20
5810090.466105
 30
0.000000
 40
0.480000
 41
1.000000
  1
%%U 225.5 %%U
  7
2.6 mm rechts
 50
89.048471420275
 51
15.000035076525
100
AcDbText
  0
LINE
  5
32d
100
AcDbEntity
  8
Beschriftumg +Trassierung
  6
CONTINUOUS
 62
7
370
25
100
AcDbLine
 10
3318738.117043
 20
5810090.270943
 30
0.000000
 11
3318738.588932
 21
5810086.240581
 31
0.000000
  0
TEXT
  5
32f
100
AcDbEntity
  8
Beschriftumg +Trassierung
 62
7
370
25
100
AcDbText
 10
3318713.904630
 20
5810091.146273
 30
0.000000
 40
0.480000
 41
1.000000
  1
%%U 250.1 %%U
  7
2.6 mm rechts
 50
88.301360657374
 51
15.000035076525
100
AcDbText
  0
LINE
  5
330
100
AcDbEntity
  8
Beschriftumg +Trassierung
  6
CONTINUOUS
 62
7
370
25
100
AcDbLine
 10
3318714.090854
 20
5810090.948666
 30
0.000000
 11
3318713.987882
 21
5810086.929970
 31
0.000000
  0
TEXT
  5
332
100
AcDbEntity
  8
Lageplan sonstiges
 62
7
370
18
100
AcDbText
 10
3318924.827617
 20
5810056.644792
 30
0.000000
 40
0.360000
 41
1.000000
  1
48.31
  7
1.8mm gerade
 50
357.033841947271
 72
2
 11
3318925.870218
 21
5810056.590769
 31
0.000000
100
AcDbText
 73
0
  0
MTEXT
  5
334
100
AcDbEntity
  8
Häuser
 62
7
370
25
100
AcDbMText
  7
2.5mm gerade
 10
3318870.816536
 20
5810139.564253
 30
0.000000
 40
0.700000
 41
0.000000
 71
7
 72
1
 44
0.690000
  1
Mehrfamilienhaus\P    Nr. 13
 11
0.999301
 21
-0.037388
 31
0.000000
  0
TEXT
  5
336
100
AcDbEntity
  8
Kataster AMT+Grunddiestbarkeit
 62
7
370
70
100
AcDbText
 10
3318906.621750
 20
5810115.038639
 30
0.000000
 40
2.500000
 41
1.000000
  1
176
  7
5 mm gerade
 50
357.857307342939
100
AcDbText
  0
TEXT
  5
338
100
AcDbEntity
  8
Fernwärmeleitung
 62
7
370
35
100
AcDbText
 10
3318721.584177
 20
5810089.276414
 30
0.000000
 40
0.800000
 41
1.000000
  1
KMR DN200/400
  7
3.5mm gerade
 50
358.623791439730
100
AcDbText
  0
LINE
  5
339
100
AcDbEntity
  8
Fernwärmeleitung
  6
CONTINUOUS
 62
7
370
35
100
AcDbLine
 10
3318721.256584
 20
5810088.964192
 30
0.000000
 11
3318721.291168
 21
5810090.403776
 31
0.000000
  0
LINE
  5
33a
100
AcDbEntity
  8
Fernwärmeleitung
  6
CONTINUOUS
 62
7
370
35
100
AcDbLine
 10
3318721.291168
 20
5810090.403776
 30
0.000000
 11
3318730.008653
 21
5810090.194348
 31
0.000000
  0
LINE
  5
33b
100
AcDbEntity
  8
Fernwärmeleitung
  6
CONTINUOUS
 62
7
370
35
100
AcDbLine
 10
3318730.008653
 20
5810090.194348
 30
0.000000
 11
3318729.974069
 21
5810088.754763
 31
0.000000
  0
LINE
  5
33c
100
AcDbEntity
  8
Fernwärmeleitung
  6
CONTINUOUS
 62
7
370
35
100
AcDbLine
 10
3318729.974069
 20
5810088.754763
 30
0.000000
 11
3318721.256584
 21
5810088.964192
 31
0.000000
  0
MTEXT
  5
33e
100
AcDbEntity
  8
Beschriftumg +Trassierung
 62
7
370
18
100
AcDbMText
  7
3.5 mm links
 10
3318726.882121
 20
5810112.899935
 30
0.000000
 40
1.300000
 41
0.000000
 71
7
 72
1
 44
0.690000
  1
Bauausführende Firma: Tief- und Rohrleitungsbau\Pgemessen:  2025,      Vermessungsbüro
 11
0.999188
 21
-0.040284
 31
0.000000
  0
TEXT
  5
341
100
AcDbEntity
  8
Lageplan sonstiges
 62
7
370
18
100
AcDbText
 10
3318942.325229
 20
5810055.651032
 30
0.000000
 40
0.360000
 41
1.000000
  1
48.06
  7
1.8mm gerade
 50
357.033841947271
100
AcDbText
  0
TEXT
  5
343
100
AcDbEntity
  8
Fernwärmeleitung
 62
7
370
70
100
AcDbText
 10
3318735.245731
 20
5810154.043112
 30
0.000000
 40
2.000000
 41
1.000000
  1
Leitungsdokumentation: Fernw%%228rme
  7
5 mm gerade
 50
357.857307342939
100
AcDbText
  0
LINE
  5
344
100
AcDbEntity
  8
Fernwärmeleitung
  6
CONTINUOUS
 62
7
370
70
100
AcDbLine
 10
3318734.416380
 20
5810153.273582
 30
0.000000
 11
3318734.550978
 21
5810156.871065
 31
0.000000
  0
LINE
  5
345
100
AcDbEntity
  8
Fernwärmeleitung
  6
CONTINUOUS
 62
7
370
70
100
AcDbLine
 10
3318734.550978
 20
5810156.871065
 30
0.000000
 11
3318781.518116
 21
5810155.113814
 31
0.000000
  0
LINE
  5
346
100
AcDbEntity
  8
Fernwärmeleitung
  6
CONTINUOUS
 62
7
370
70
100
AcDbLine
 10
3318781.518116
 20
5810155.113814
 30
0.000000
 11
3318781.383518
 21
5810151.516331
 31
0.000000
  0
LINE
  5
347
100
AcDbEntity
  8
Fernwärmeleitung
  6
CONTINUOUS
 62
7
370
70
100
AcDbLine
 10
3318781.383518
 20
5810151.516331
 30
0.000000
 11
3318734.416380
 21
5810153.273582
 31
0.000000
  0
TEXT
  5
349
100
AcDbEntity
  8
Lageplan sonstiges
 62
7
370
18
100
AcDbText
 10
3318942.812491
 20
5810051.876134
 30
0.000000
 40
0.360000
 41
1.000000
  1
48.38
  7
1.8mm gerade
 50
357.033841895411
100
AcDbText
  0
MTEXT
  5
34b
100
AcDbEntity
  8
Rohroberkante
 62
7
370
35
100
AcDbMText
  7
4 mm gerade
 10
3318877.968013
 20
5810114.032881
 30
0.000000
 40
0.600000
 41
0.000000
 71
7
 72
1
 44
0.690000
  1
Baustelle\PDeckung FW-Leitung: 0,,8m
 11
0.999301
 21
-0.037388
 31
0.000000
  0
TEXT
  5
34e
100
AcDbEntity
  8
Lageplan sonstiges
 62
7
370
18
100
AcDbText
 10
3318962.825295
 20
5810054.611714
 30
0.000000
 40
0.360000
 41
1.000000
  1
47.82
  7
1.8mm gerade
 50
357.033841895411
100
AcDbText
  0
TEXT
  5
350
100
AcDbEntity
  8
sonstige Leitungen TW_SW_RW_El
 62
7
370
18
100
AcDbText
 10
3318805.935021
 20
5810060.194989
 30
0.000000
 40
0.800000
 41
1.000000
  1
Hydrant
  7
1.8mm gerade
 50
357.857307342939
100
AcDbText
  0
TEXT
  5
352
100
AcDbEntity
  8
Lageplan sonstiges
 62
7
370
18
100
AcDbText
 10
3318962.778478
 20
5810050.321992
 30
0.000000
 40
0.360000
 41
1.000000
  1
48.12
  7
1.8mm gerade
 50
357.033841947271
 72
0
 11
3318962.797107
 21
5810050.681510
 31
0.000000
100
AcDbText
 73
3
  0
TEXT
  5
354
100
AcDbEntity
  8
Lageplan sonstiges
 62
7
370
18
100
AcDbText
 10
3318983.505530
 20
5810059.270345
 30
0.000000
 40
0.360000
 41
1.000000
  1
47.98
  7
1.8mm gerade
 50
357.033841894032
100
AcDbText
  0
MTEXT
  5
356
100
AcDbEntity
  8
Häuser
 62
7
370
25
100
AcDbMText
  7
2.5mm gerade
 10
3318816.662823
 20
5810116.556950
 30
0.000000
 40
0.700000
 41
0.000000
 71
7
 72
1
 44
0.690000
  1
Mehrfamilienhaus\P    Nr. 14
 11
0.999301
 21
-0.037388
 31
0.000000
  0
TEXT
  5
358
100
AcDbEntity
  8
Lageplan sonstiges
 62
7
370
18
100
AcDbText
 10
3318983.361825
 20
5810054.810018
 30
0.000000
 40
0.360000
 41
1.000000
  1
47.59
  7
1.8mm gerade
 50
357.033841947271
 72
0
 11
3318983.380454
 21
5810055.169535
 31
0.000000
100
AcDbText
 73
3
  0
MTEXT
  5
35a
100
AcDbEntity
  8
Häuser
 62
7
370
25
100
AcDbMText
  7
2.5mm gerade
 10
3318797.789879
 20
5810142.730990
 30
0.000000
 40
0.700000
 41
0.000000
 71
7
 72
1
 44
0.690000
  1
Mehrfamilienhaus\P    Nr. 15
 11
0.999301
 21
-0.037388
 31
0.000000
  0
MTEXT
  5
35c
100
AcDbEntity
  8
Häuser
 62
7
370
25
100
AcDbMText
  7
2.5mm gerade
 10
3318796.059690
 20
5810090.584046
 30
0.000000
 40
0.700000
 41
0.000000
 71
7
 72
1
 44
0.690000
  1
KITA Wirbelwind\P    Nr. 11
 11
0.999301
 21
-0.037388
 31
0.000000
  0
TEXT
  5
35e
100
AcDbEntity
  8
Lageplan sonstiges
 62
7
370
18
100
AcDbText
 10
3318983.108660
 20
5810049.359264
 30
0.000000
 40
0.360000
 41
1.000000
  1
47.83
  7
1.8mm gerade
 50
357.033841895411
 72
0
 11
3318983.127289
 21
5810049.718782
 31
0.000000
100
AcDbText
 73
3
  0
MTEXT
  5
360
100
AcDbEntity
  8
Häuser
 62
7
370
25
100
AcDbMText
  7
2.5mm gerade
 10
3318851.876731
 20
5810115.722349
 30
0.000000
 40
0.700000
 41
0.000000
 71
7
 72
1
 44
0.690000
  1
Mehrfamilienhaus\P    Nr. 12
 11
0.999301
 21
-0.037388
 31
0.000000
  0
TEXT
  5
362
100
AcDbEntity
  8
Lageplan sonstiges
 62
7
370
18
100
AcDbText
 10
3318940.137101
 20
5810054.538666
 30
0.000000
 40
0.360000
 41
1.000000
  1
48.08
  7
1.8mm gerade
 50
356.726858855454
 72
1
 11
3318940.696774
 21
5810054.867247
 31
0.000000
100
AcDbText
 73
3
  0
LINE
  5
363
100
AcDbEntity
  8
Lageplan sonstiges
  6
CONTINUOUS
 62
7
370
18
100
AcDbLine
 10
3318940.715294
 20
5810054.938306
 30
0.000000
 11
3318940.768839
 21
5810055.404590
 31
0.000000
  0
TEXT
  5
365
100
AcDbEntity
  8
Fernwärmeleitung
 62
7
370
35
100
AcDbText
 10
3318959.800391
 20
5810063.096778
 30
0.000000
 40
1.000000
 41
1.000000
  1
KMDoppelrohr 2xDN200/630
  7
3.5mm gerade
 50
357.106044157410
 72
2
 11
3318977.428434
 21
5810063.206922
 31
0.000000
100
AcDbText
 73
3
  0
LINE
  5
366
100
AcDbEntity
  8
Fernwärmeleitung
  6
CONTINUOUS
 62
7
370
35
100
AcDbLine
 10
3318959.380707
 20
5810062.717484
 30
0.000000
 11
3318959.471584
 21
5810064.515188
 31
0.000000
  0
LINE
  5
367
100
AcDbEntity
  8
Fernwärmeleitung
  6
CONTINUOUS
 62
7
370
35
100
AcDbLine
 10
3318959.471584
 20
5810064.515188
 30
0.000000
 11
3318977.848118
 21
5810063.586216
 31
0.000000
  0
LINE
  5
368
100
AcDbEntity
  8
Fernwärmeleitung
  6
CONTINUOUS
 62
7
370
35
100
AcDbLine
 10
3318977.848118
 20
5810063.586216
 30
0.000000
 11
3318977.757241
 21
5810061.788512
 31
0.000000
  0
LINE
  5
369
100
AcDbEntity
  8
Fernwärmeleitung
  6
CONTINUOUS
 62
7
370
35
100
AcDbLine
 10
3318977.757241
 20
5810061.788512
 30
0.000000
 11
3318959.380707
 21
5810062.717484
 31
0.000000
  0
LINE
  5
36a
100
AcDbEntity
  8
Fernwärmeleitung
  6
CONTINUOUS
 62
7
370
35
100
AcDbLine
 10
3318968.568974
 20
5810062.252998
 30
0.000000
 11
3318971.477071
 21
5810056.692412
 31
0.000000
  0
TEXT
  5
36c
100
AcDbEntity
  8
Beschriftumg +Trassierung
 62
7
370
25
100
AcDbText
 10
3318986.532790
 20
5810046.084604
 30
0.000000
 40
0.500000
 41
1.000000
  1
TA DN200/DN65
  7
2.5mm gerade
 50
357.106044105513
100
AcDbText
  0
LINE
  5
36d
100
AcDbEntity
  8
Beschriftumg +Trassierung
  6
CONTINUOUS
 62
7
370
25
100
AcDbLine
 10
3318989.211455
 20
5810046.549958
 30
0.000000
 11
3318992.333025
 21
5810055.562231
 31
0.000000
  0
TEXT
  5
36f
100
AcDbEntity
  8
Beschriftumg +Trassierung
 62
7
370
25
100
AcDbText
 10
3318981.004558
 20
5810045.214988
 30
0.000000
 40
0.500000
 41
1.000000
  1
KMDoppelrohr DN200/560->Einzelrohr 2xDN65/180
  7
2.5mm gerade
 50
357.106044157410
100
AcDbText
  0
LINE
  5
370
100
AcDbEntity
  8
Beschriftumg +Trassierung
  6
CONTINUOUS
 62
7
370
25
100
AcDbLine
 10
3318980.794715
 20
5810045.025340
 30
0.000000
 11
3318980.840154
 21
5810045.924192
 31
0.000000
  0
LINE
  5
371
100
AcDbEntity
  8
Beschriftumg +Trassierung
  6
CONTINUOUS
 62
7
370
25
100
AcDbLine
 10
3318980.840154
 20
5810045.924192
 30
0.000000
 11
3318997.269175
 21
5810045.093672
 31
0.000000
  0
LINE
  5
372
100
AcDbEntity
  8
Beschriftumg +Trassierung
  6
CONTINUOUS
 62
7
370
25
100
AcDbLine
 10
3318997.269175
 20
5810045.093672
 30
0.000000
 11
3318997.223736
 21
5810044.194819
 31
0.000000
  0
LINE
  5
373
100
AcDbEntity
  8
Beschriftumg +Trassierung
  6
CONTINUOUS
 62
7
370
25
100
AcDbLine
 10
3318997.223736
 20
5810044.194819
 30
0.000000
 11
3318980.794715
 21
5810045.025340
 31
0.000000
  0
TEXT
  5
375
100
AcDbEntity
  8
Fernwärmeleitung
 62
7
370
35
100
AcDbText
 10
3318861.327633
 20
5810066.439590
 30
0.000000
 40
0.800000
 41
1.000000
  1
KMR DN200/400
  7
3.5mm gerade
 50
356.395592632611
100
AcDbText
  0
LINE
  5
376
100
AcDbEntity
  8
Fernwärmeleitung
  6
CONTINUOUS
 62
7
370
35
100
AcDbLine
 10
3318860.988149
 20
5810066.140341
 30
0.000000
 11
3318861.078678
 21
5810067.577492
 31
0.000000
  0
LINE
  5
377
100
AcDbEntity
  8
Fernwärmeleitung
  6
CONTINUOUS
 62
7
370
35
100
AcDbLine
 10
3318861.078678
 20
5810067.577492
 30
0.000000
 11
3318869.781429
 21
5810067.029290
 31
0.000000
  0
LINE
  5
378
100
AcDbEntity
  8
Fernwärmeleitung
  6
CONTINUOUS
 62
7
370
35
100
AcDbLine
 10
3318869.781429
 20
5810067.029290
 30
0.000000
 11
3318869.690900
 21
5810065.592138
 31
0.000000
  0
LINE
  5
379
100
AcDbEntity
  8
Fernwärmeleitung
  6
CONTINUOUS
 62
7
370
35
100
AcDbLine
 10
3318869.690900
 20
5810065.592138
 30
0.000000
 11
3318860.988149
 21
5810066.140341
 31
0.000000
  0
TEXT
  5
37b
100
AcDbEntity
  8
Fernwärmeleitung
 62
7
370
35
100
AcDbText
 10
3318993.050924
 20
5810063.253225
 30
0.000000
 40
0.800000
 41
1.000000
  1
KMR DN65/180
  7
3.5mm gerade
 50
88.529439574897
100
AcDbText
  0
LINE
  5
37c
100
AcDbEntity
  8
Fernwärmeleitung
  6
CONTINUOUS
 62
7
370
35
100
AcDbLine
 10
3318993.362606
 20
5810062.925118
 30
0.000000
 11
3318991.923080
 21
5810062.962073
 31
0.000000
  0
LINE
  5
37d
100
AcDbEntity
  8
Fernwärmeleitung
  6
CONTINUOUS
 62
7
370
35
100
AcDbLine
 10
3318991.923080
 20
5810062.962073
 30
0.000000
 11
3318992.126334
 21
5810070.879465
 31
0.000000
  0
LINE
  5
37e
100
AcDbEntity
  8
Fernwärmeleitung
  6
CONTINUOUS
 62
7
370
35
100
AcDbLine
 10
3318992.126334
 20
5810070.879465
 30
0.000000
 11
3318993.565859
 21
5810070.842510
 31
0.000000
  0
LINE
  5
37f
100
AcDbEntity
  8
Fernwärmeleitung
  6
CONTINUOUS
 62
7
370
35
100
AcDbLine
 10
3318993.565859
 20
5810070.842510
 30
0.000000
 11
3318993.362606
 21
5810062.925118
 31
0.000000
  0
TEXT
  5
381
100
AcDbEntity
  8
Fernwärmeleitung
 62
7
370
35
100
AcDbText
 10
3318990.119056
 20
5810056.922361
 30
0.000000
 40
0.700000
 41
1.000000
  1
KH
  7
3.5mm gerade
 50
357.106044157410
100
AcDbText
  0
CIRCLE
  5
382
100
AcDbEntity
  8
Fernwärmeleitung
  6
CONTINUOUS
 62
7
370
35
100
AcDbCircle
 10
3318990.696013
 20
5810057.243642
 30
0.000000
 40
0.757166
  0
MTEXT
  5
384
100
AcDbEntity
  8
Beschriftumg +Trassierung
 62
7
370
25
100
AcDbMText
  7
2.5mm gerade
 10
3318937.890444
 20
5810047.092795
 30
0.000000
 40
0.500000
 41
0.000000
 71
7
 72
1
 44
0.690000
  1
KMDoppelrohr DN200/630->Einzelrohr 2xDN200/400\P(RL oben, VL unten)
 11
0.998725
 21
-0.050488
 31
0.000000
  0
LINE
  5
385
100
AcDbEntity
  8
Beschriftumg +Trassierung
  6
CONTINUOUS
 62
7
370
25
100
AcDbLine
 10
3318937.680601
 20
5810046.903147
 30
0.000000
 11
3318937.761382
 21
5810048.501107
 31
0.000000
  0
LINE
  5
386
100
AcDbEntity
  8
Beschriftumg +Trassierung
  6
CONTINUOUS
 62
7
370
25
100
AcDbLine
 10
3318937.761382
 20
5810048.501107
 30
0.000000
 11
3318954.689765
 21
5810047.645342
 31
0.000000
  0
LINE
  5
387
100
AcDbEntity
  8
Beschriftumg +Trassierung
  6
CONTINUOUS
 62
7
370
25
100
AcDbLine
 10
3318954.689765
 20
5810047.645342
 30
0.000000
 11
3318954.608985
 21
5810046.047383
 31
0.000000
  0
LINE
  5
388
100
AcDbEntity
  8
Beschriftumg +Trassierung
  6
CONTINUOUS
 62
7
370
25
100
AcDbLine
 10
3318954.608985
 20
5810046.047383
 30
0.000000
 11
3318937.680601
 21
5810046.903147
 31
0.000000
  0
TEXT
  5
38a
100
AcDbEntity
  8
Fernwärmeleitung
 62
7
370
35
100
AcDbText
 10
3318894.984974
 20
5810066.242452
 30
0.000000
 40
0.800000
 41
1.000000
  1
KMR DN200/400
  7
3.5mm gerade
 50
357.550673698384
100
AcDbText
  0
LINE
  5
38b
100
AcDbEntity
  8
Fernwärmeleitung
  6
CONTINUOUS
 62
7
370
35
100
AcDbLine
 10
3318894.651591
 20
5810065.936419
 30
0.000000
 11
3318894.713130
 21
5810067.375104
 31
0.000000
  0
LINE
  5
38c
100
AcDbEntity
  8
Fernwärmeleitung
  6
CONTINUOUS
 62
7
370
35
100
AcDbLine
 10
3318894.713130
 20
5810067.375104
 30
0.000000
 11
3318903.425164
 21
5810067.002448
 31
0.000000
  0
LINE
  5
38d
100
AcDbEntity
  8
Fernwärmeleitung
  6
CONTINUOUS
 62
7
370
35
100
AcDbLine
 10
3318903.425164
 20
5810067.002448
 30
0.000000
 11
3318903.363624
 21
5810065.563763
 31
0.000000
  0
LINE
  5
38e
100
AcDbEntity
  8
Fernwärmeleitung
  6
CONTINUOUS
 62
7
370
35
100
AcDbLine
 10
3318903.363624
 20
5810065.563763
 30
0.000000
 11
3318894.651591
 21
5810065.936419
 31
0.000000
  0
TEXT
  5
390
100
AcDbEntity
  8
Beschriftumg +Trassierung
 62
7
370
25
100
AcDbText
 10
3318923.211250
 20
5810049.015062
 30
0.000000
 40
0.660000
 41
1.000000
  1
PA (o, 45%%d) DN200/DN65
  7
2.5mm gerade
 50
357.106044158755
100
AcDbText
  0
LINE
  5
391
100
AcDbEntity
  8
Beschriftumg +Trassierung
  6
CONTINUOUS
 62
7
370
25
100
AcDbLine
 10
3318928.746036
 20
5810049.528278
 30
0.000000
 11
3318937.992544
 21
5810060.415935
 31
0.000000
  0
TEXT
  5
393
100
AcDbEntity
  8
Fernwärmeleitung
 62
7
370
35
100
AcDbText
 10
3318937.706209
 20
5810072.255379
 30
0.000000
 40
0.900000
 41
1.000000
  1
KMR DN65/180
  7
3.5mm gerade
 50
86.888472378509
100
AcDbText
  0
LINE
  5
394
100
AcDbEntity
  8
Fernwärmeleitung
  6
CONTINUOUS
 62
7
370
35
100
AcDbLine
 10
3318938.046138
 20
5810071.876369
 30
0.000000
 11
3318936.428526
 21
5810071.964302
 31
0.000000
  0
LINE
  5
395
100
AcDbEntity
  8
Fernwärmeleitung
  6
CONTINUOUS
 62
7
370
35
100
AcDbLine
 10
3318936.428526
 20
5810071.964302
 30
0.000000
 11
3318936.912158
 21
5810080.861166
 31
0.000000
  0
LINE
  5
396
100
AcDbEntity
  8
Fernwärmeleitung
  6
CONTINUOUS
 62
7
370
35
100
AcDbLine
 10
3318936.912158
 20
5810080.861166
 30
0.000000
 11
3318938.529770
 21
5810080.773233
 31
0.000000
  0
LINE
  5
397
100
AcDbEntity
  8
Fernwärmeleitung
  6
CONTINUOUS
 62
7
370
35
100
AcDbLine
 10
3318938.529770
 20
5810080.773233
 30
0.000000
 11
3318938.046138
 21
5810071.876369
 31
0.000000
  0
TEXT
  5
399
100
AcDbEntity
  8
Beschriftumg +Trassierung
 62
7
370
25
100
AcDbText
 10
3318984.123169
 20
5810043.831429
 30
0.000000
 40
0.500000
 41
1.000000
  1
(R%%252cklauf oben/Vorlauf unten)
  7
2.5mm gerade
 50
357.106044158755
100
AcDbText
  0
TEXT
  5
39b
100
AcDbEntity
  8
Fernwärmeleitung
 62
7
370
35
100
AcDbText
 10
3318991.906286
 20
5810061.763357
 30
0.000000
 40
0.700000
 41
1.000000
  1
RV
  7
3.5mm gerade
 50
356.511737576890
100
AcDbText
  0
TEXT
  5
39d
100
AcDbEntity
  8
Beschriftumg +Trassierung
 62
7
370
25
100
AcDbText
 10
3318941.840968
 20
5810059.325899
 30
0.000000
 40
0.500000
 41
1.000000
  1
Dosenmuffe
  7
2.5mm gerade
 50
30.836504083752
100
AcDbText
  0
LINE
  5
39e
100
AcDbEntity
  8
Beschriftumg +Trassierung
  6
CONTINUOUS
 62
7
370
25
100
AcDbLine
 10
3318941.775855
 20
5810059.239882
 30
0.000000
 11
3318941.135058
 21
5810058.715224
 31
0.000000
  0
TEXT
  5
3a0
100
AcDbEntity
  8
Fernwärmeleitung
 62
7
370
35
100
AcDbText
 10
3318821.865678
 20
5810086.949222
 30
0.000000
 40
0.800000
 41
1.000000
  1
KMR DN50/160
  7
3.5mm gerade
 50
85.399996479871
100
AcDbText
  0
LINE
  5
3a1
100
AcDbEntity
  8
Fernwärmeleitung
  6
CONTINUOUS
 62
7
370
35
100
AcDbLine
 10
3318822.158983
 20
5810086.604589
 30
0.000000
 11
3318820.723622
 21
5810086.720075
 31
0.000000
  0
LINE
  5
3a2
100
AcDbEntity
  8
Fernwärmeleitung
  6
CONTINUOUS
 62
7
370
35
100
AcDbLine
 10
3318820.723622
 20
5810086.720075
 30
0.000000
 11
3318821.358798
 21
5810094.614564
 31
0.000000
  0
LINE
  5
3a3
100
AcDbEntity
  8
Fernwärmeleitung
  6
CONTINUOUS
 62
7
370
35
100
AcDbLine
 10
3318821.358798
 20
5810094.614564
 30
0.000000
 11
3318822.794159
 21
5810094.499078
 31
0.000000
  0
LINE
  5
3a4
100
AcDbEntity
  8
Fernwärmeleitung
  6
CONTINUOUS
 62
7
370
35
100
AcDbLine
 10
3318822.794159
 20
5810094.499078
 30
0.000000
 11
3318822.158983
 21
5810086.604589
 31
0.000000
  0
TEXT
  5
3a6
100
AcDbEntity
  8
Fernwärmeleitung
 62
7
370
35
100
AcDbText
 10
3318847.697783
 20
5810086.377076
 30
0.000000
 40
0.800000
 41
1.000000
  1
KMR DN50/160
  7
3.5mm gerade
 50
85.399996479871
100
AcDbText
  0
LINE
  5
3a7
100
AcDbEntity
  8
Fernwärmeleitung
  6
CONTINUOUS
 62
7
370
35
100
AcDbLine
 10
3318847.991089
 20
5810086.032443
 30
0.000000
 11
3318846.555727
 21
5810086.147929
 31
0.000000
  0
LINE
  5
3a8
100
AcDbEntity
  8
Fernwärmeleitung
  6
CONTINUOUS
 62
7
370
35
100
AcDbLine
 10
3318846.555727
 20
5810086.147929
 30
0.000000
 11
3318847.190903
 21
5810094.042418
 31
0.000000
  0
LINE
  5
3a9
100
AcDbEntity
  8
Fernwärmeleitung
  6
CONTINUOUS
 62
7
370
35
100
AcDbLine
 10
3318847.190903
 20
5810094.042418
 30
0.000000
 11
3318848.626265
 21
5810093.926932
 31
0.000000
  0
LINE
  5
3aa
100
AcDbEntity
  8
Fernwärmeleitung
  6
CONTINUOUS
 62
7
370
35
100
AcDbLine
 10
3318848.626265
 20
5810093.926932
 30
0.000000
 11
3318847.991089
 21
5810086.032443
 31
0.000000
  0
TEXT
  5
3ac
100
AcDbEntity
  8
Fernwärmeleitung
 62
7
370
35
100
AcDbText
 10
3318937.458722
 20
5810065.199438
 30
0.000000
 40
0.700000
 41
1.000000
  1
KH
  7
3.5mm gerade
 50
357.106044104167
100
AcDbText
  0
CIRCLE
  5
3ad
100
AcDbEntity
  8
Fernwärmeleitung
  6
CONTINUOUS
 62
7
370
35
100
AcDbCircle
 10
3318938.035678
 20
5810065.520718
 30
0.000000
 40
0.757166
  0
TEXT
  5
3af
100
AcDbEntity
  8
Fernwärmeleitung
 62
7
370
35
100
AcDbText
 10
3318845.884977
 20
5810078.846254
 30
0.000000
 40
0.700000
 41
1.000000
  1
KH
  7
3.5mm gerade
 50
357.106044157410
100
AcDbText
  0
CIRCLE
  5
3b0
100
AcDbEntity
  8
Fernwärmeleitung
  6
CONTINUOUS
 62
7
370
35
100
AcDbCircle
 10
3318846.461933
 20
5810079.167534
 30
0.000000
 40
0.757166
  0
TEXT
  5
3b2
100
AcDbEntity
  8
Beschriftumg +Trassierung
 62
7
370
25
100
AcDbText
 10
3318849.158268
 20
5810066.024102
 30
0.000000
 40
0.500000
 41
1.000000
  1
PA(45%%d,o) DN200/DN50
  7
2.5mm gerade
 50
85.778008710972
100
AcDbText
  0
TEXT
  5
3b4
100
AcDbEntity
  8
Beschriftumg +Trassierung
 62
7
370
25
100
AcDbText
 10
3318826.390492
 20
5810067.855749
 30
0.000000
 40
0.500000
 41
1.000000
  1
PA(45%%d,o) DN200/DN50
  7
2.5mm gerade
 50
85.778008737555
100
AcDbText
  0
TEXT
  5
3b6
100
AcDbEntity
  8
Fernwärmeleitung
 62
7
370
35
100
AcDbText
 10
3318799.709293
 20
5810081.532153
 30
0.000000
 40
0.800000
 41
1.000000
  1
KMR DN200/400
  7
3.5mm gerade
 50
357.420287294309
100
AcDbText
  0
LINE
  5
3b7
100
AcDbEntity
  8
Fernwärmeleitung
  6
CONTINUOUS
 62
7
370
35
100
AcDbLine
 10
3318799.375214
 20
5810081.226880
 30
0.000000
 11
3318799.440027
 21
5810082.665421
 31
0.000000
  0
LINE
  5
3b8
100
AcDbEntity
  8
Fernwärmeleitung
  6
CONTINUOUS
 62
7
370
35
100
AcDbLine
 10
3318799.440027
 20
5810082.665421
 30
0.000000
 11
3318808.151190
 21
5810082.272940
 31
0.000000
  0
LINE
  5
3b9
100
AcDbEntity
  8
Fernwärmeleitung
  6
CONTINUOUS
 62
7
370
35
100
AcDbLine
 10
3318808.151190
 20
5810082.272940
 30
0.000000
 11
3318808.086377
 21
5810080.834399
 31
0.000000
  0
LINE
  5
3ba
100
AcDbEntity
  8
Fernwärmeleitung
  6
CONTINUOUS
 62
7
370
35
100
AcDbLine
 10
3318808.086377
 20
5810080.834399
 30
0.000000
 11
3318799.375214
 21
5810081.226880
 31
0.000000
  0
TEXT
  5
3bc
100
AcDbEntity
  8
Fernwärmeleitung
 62
7
370
35
100
AcDbText
 10
3318832.059812
 20
5810080.247736
 30
0.000000
 40
0.800000
 41
1.000000
  1
KMR DN200/400
  7
3.5mm gerade
 50
357.106044158755
100
AcDbText
  0
LINE
  5
3bd
100
AcDbEntity
  8
Fernwärmeleitung
  6
CONTINUOUS
 62
7
370
35
100
AcDbLine
 10
3318831.724064
 20
5810079.944301
 30
0.000000
 11
3318831.796766
 21
5810081.382464
 31
0.000000
  0
LINE
  5
3be
100
AcDbEntity
  8
Fernwärmeleitung
  6
CONTINUOUS
 62
7
370
35
100
AcDbLine
 10
3318831.796766
 20
5810081.382464
 30
0.000000
 11
3318840.505646
 21
5810080.942212
 31
0.000000
  0
LINE
  5
3bf
100
AcDbEntity
  8
Fernwärmeleitung
  6
CONTINUOUS
 62
7
370
35
100
AcDbLine
 10
3318840.505646
 20
5810080.942212
 30
0.000000
 11
3318840.432943
 21
5810079.504049
 31
0.000000
  0
LINE
  5
3c0
100
AcDbEntity
  8
Fernwärmeleitung
  6
CONTINUOUS
 62
7
370
35
100
AcDbLine
 10
3318840.432943
 20
5810079.504049
 30
0.000000
 11
3318831.724064
 21
5810079.944301
 31
0.000000
  0
TEXT
  5
3c2
100
AcDbEntity
  8
Fernwärmeleitung
 62
7
370
35
100
AcDbText
 10
3318819.799883
 20
5810075.876687
 30
0.000000
 40
0.700000
 41
1.000000
  1
KH
  7
3.5mm gerade
 50
357.106044158755
100
AcDbText
  0
CIRCLE
  5
3c3
100
AcDbEntity
  8
Fernwärmeleitung
  6
CONTINUOUS
 62
7
370
35
100
AcDbCircle
 10
3318820.376840
 20
5810076.197968
 30
0.000000
 40
0.757166
  0
TEXT
  5
3c5
100
AcDbEntity
  8
Fernwärmeleitung
 62
7
370
35
100
AcDbText
 10
3318819.916245
 20
5810081.434001
 30
0.000000
 40
0.700000
 41
1.000000
  1
KH
  7
3.5mm gerade
 50
357.106044158755
100
AcDbText
  0
CIRCLE
  5
3c6
100
AcDbEntity
  8
Fernwärmeleitung
  6
CONTINUOUS
 62
7
370
35
100
AcDbCircle
 10
3318820.493202
 20
5810081.755281
 30
0.000000
 40
0.757166
  0
TEXT
  5
3c8
100
AcDbEntity
  8
Fernwärmeleitung
 62
7
370
35
100
AcDbText
 10
3318924.715597
 20
5810094.554478
 30
0.000000
 40
0.800000
 41
1.000000
  1
KMR DN40/140
  7
3.5mm gerade
 50
357.106044158755
100
AcDbText
  0
LINE
  5
3c9
100
AcDbEntity
  8
Fernwärmeleitung
  6
CONTINUOUS
 62
7
370
35
100
AcDbLine
 10
3318924.379849
 20
5810094.251042
 30
0.000000
 11
3318924.452551
 21
5810095.689205
 31
0.000000
  0
LINE
  5
3ca
100
AcDbEntity
  8
Fernwärmeleitung
  6
CONTINUOUS
 62
7
370
35
100
AcDbLine
 10
3318924.452551
 20
5810095.689205
 30
0.000000
 11
3318932.522247
 21
5810095.281266
 31
0.000000
  0
LINE
  5
3cb
100
AcDbEntity
  8
Fernwärmeleitung
  6
CONTINUOUS
 62
7
370
35
100
AcDbLine
 10
3318932.522247
 20
5810095.281266
 30
0.000000
 11
3318932.449544
 21
5810093.843102
 31
0.000000
  0
LINE
  5
3cc
100
AcDbEntity
  8
Fernwärmeleitung
  6
CONTINUOUS
 62
7
370
35
100
AcDbLine
 10
3318932.449544
 20
5810093.843102
 30
0.000000
 11
3318924.379849
 21
5810094.251042
 31
0.000000
  0
TEXT
  5
3ce
100
AcDbEntity
  8
Beschriftumg +Trassierung
 62
7
370
25
100
AcDbText
 10
3318942.980131
 20
5810090.897532
 30
0.000000
 40
0.500000
 41
1.000000
  1
PA(o, 45%%d) DN65/DN40
  7
2.5mm gerade
 50
357.106044158755
100
AcDbText
  0
TEXT
  5
3d0
100
AcDbEntity
  8
Beschriftumg +Trassierung
 62
7
370
25
100
AcDbText
 10
3318943.022397
 20
5810091.837414
 30
0.000000
 40
0.500000
 41
1.000000
  1
Red.:DN65/DN50
  7
2.5mm gerade
 50
357.106044157410
100
AcDbText
  0
TEXT
  5
3d2
100
AcDbEntity
  8
Rohroberkante
 62
212
370
25
100
AcDbText
 10
3318992.082820
 20
5810058.330980
 30
0.000000
 40
0.400000
 41
1.000000
  1
ROK:46.60
  7
2.0 mm rechts lila
 50
87.239221340796
 51
15.000035076525
100
AcDbText
  0
TEXT
  5
3d4
100
AcDbEntity
  8
Rohroberkante
 62
212
370
25
100
AcDbText
 10
3318993.081320
 20
5810058.502827
 30
0.000000
 40
0.400000
 41
1.000000
  1
ROK:46.30
  7
2.0 mm rechts lila
 50
87.239221338228
 51
15.000035076525
 72
0
 11
3318992.681784
 21
5810058.522093
 31
0.000000
100
AcDbText
 73
3
  0
TEXT
  5
3d6
100
AcDbEntity
  8
Rohroberkante
 62
212
370
25
100
AcDbText
 10
3318988.847681
 20
5810055.300310
 30
0.000000
 40
0.400000
 41
1.000000
  1
ROK:46.67
  7
2.0 mm rechts lila
 50
357.749551045910
 51
15.000035076525
 72
2
 11
3318991.325016
 21
5810055.603265
 31
0.000000
100
AcDbText
 73
3
  0
TEXT
  5
3d8
100
AcDbEntity
  8
Fernwärmeleitung
 62
7
370
25
100
AcDbText
 10
3318802.741976
 20
5810136.135735
 30
0.000000
 40
0.500000
 41
1.000000
  1
Steuerleitung
  7
2.5mm gerade
 50
357.857307342939
100
AcDbText
  0
LINE
  5
3d9
100
AcDbEntity
  8
Fernwärmeleitung
  6
CONTINUOUS
 62
7
370
25
100
AcDbLine
 10
3318805.661772
 20
5810135.926422
 30
0.000000
 11
3318809.218507
 21
5810134.043700
 31
0.000000
  0
TEXT
  5
3db
100
AcDbEntity
  8
Fernwärmeleitung
 62
7
370
35
100
AcDbText
 10
3318848.174230
 20
5810050.572921
 30
0.000000
 40
3.500000
 41
1.000000
  1
Landstra%%223e [1]
  7
3.5mm gerade
 50
357.106044157410
100
AcDbText
  0
TEXT
  5
3dd
100
AcDbEntity
  8
Rohroberkante
 62
212
370
25
100
AcDbText
 10
3318978.617056
 20
5810055.751039
 30
0.000000
 40
0.400000
 41
1.000000
  1
ROK:47.00
  7
2.0 mm rechts lila
 50
357.580998591644
 51
15.000035076525
 72
1
 11
3318979.864605
 21
5810056.098694
 31
0.000000
100
AcDbText
 73
3
  0
TEXT
  5
3df
100
AcDbEntity
  8
Rohroberkante
 62
212
370
25
100
AcDbText
 10
3318966.710184
 20
5810056.149404
 30
0.000000
 40
0.400000
 41
1.000000
  1
ROK:47.15
  7
2.0 mm rechts lila
 50
357.580998644907
 51
15.000035076525
 72
1
 11
3318967.937751
 21
5810056.497903
 31
0.000000
100
AcDbText
 73
3
  0
TEXT
  5
3e1
100
AcDbEntity
  8
Rohroberkante
 62
212
370
25
100
AcDbText
 10
3318954.908488
 20
5810056.850528
 30
0.000000
 40
0.400000
 41
1.000000
  1
ROK:47.19
  7
2.0 mm rechts lila
 50
357.580998643782
 51
15.000035076525
 72
1
 11
3318956.136055
 21
5810057.199027
 31
0.000000
100
AcDbText
 73
3
  0
TEXT
  5
3e3
100
AcDbEntity
  8
Rohroberkante
 62
212
370
25
100
AcDbText
 10
3318937.928212
 20
5810056.973523
 30
0.000000
 40
0.400000
 41
1.000000
  1
ROK:47.30
  7
2.0 mm rechts lila
 50
357.419713946430
 51
15.000035076525
 72
1
 11
3318939.176734
 21
5810057.317665
 31
0.000000
100
AcDbText
 73
3
  0
LINE
  5
3e4
100
AcDbEntity
  8
Rohroberkante
  6
CONTINUOUS
 62
212
370
25
100
AcDbLine
 10
3318939.234262
 20
5810057.395153
 30
0.000000
 11
3318939.489007
 21
5810058.456865
 31
0.000000
  0
TEXT
  5
3e6
100
AcDbEntity
  8
Rohroberkante
 62
212
370
25
100
AcDbText
 10
3318944.639852
 20
5810057.497842
 30
0.000000
 40
0.400000
 41
1.000000
  1
ROK:47.28
  7
2.0 mm rechts lila
 50
357.580998643782
 51
15.000035076525
 72
0
 11
3318944.656734
 21
5810057.897485
 31
0.000000
100
AcDbText
 73
3
  0
TEXT
  5
3e8
100
AcDbEntity
  8
Rohroberkante
 62
212
370
25
100
AcDbText
 10
3318936.661383
 20
5810059.215590
 30
0.000000
 40
0.400000
 41
1.000000
  1
ROK:47.44
  7
2.0 mm rechts lila
 50
357.580998644907
 51
15.000035076525
 72
2
 11
3318939.211086
 21
5810059.308057
 31
0.000000
100
AcDbText
 73
2
  0
LINE
  5
3e9
100
AcDbEntity
  8
Rohroberkante
  6
CONTINUOUS
 62
212
370
25
100
AcDbLine
 10
3318939.292762
 20
5810059.346049
 30
0.000000
 11
3318939.453150
 21
5810059.344188
 31
0.000000
  0
TEXT
  5
3eb
100
AcDbEntity
  8
Rohroberkante
 62
212
370
25
100
AcDbText
 10
3318934.824034
 20
5810060.117098
 30
0.000000
 40
0.400000
 41
1.000000
  1
ROK:47.11
  7
2.0 mm rechts lila
 50
357.580998644907
 51
15.000035076525
 72
2
 11
3318937.222320
 21
5810060.416140
 31
0.000000
100
AcDbText
 73
3
  0
TEXT
  5
3ed
100
AcDbEntity
  8
Rohroberkante
 62
212
370
25
100
AcDbText
 10
3318939.941114
 20
5810061.177750
 30
0.000000
 40
0.400000
 41
1.000000
  1
ROK:47.14
  7
2.0 mm rechts lila
 50
357.580998643782
 51
15.000035076525
100
AcDbText
  0
LINE
  5
3ee
100
AcDbEntity
  8
Rohroberkante
  6
CONTINUOUS
 62
212
370
25
100
AcDbLine
 10
3318939.866436
 20
5810061.305407
 30
0.000000
 11
3318939.343670
 21
5810061.297379
 31
0.000000
  0
TEXT
  5
3f0
100
AcDbEntity
  8
Rohroberkante
 62
212
370
25
100
AcDbText
 10
3318936.275968
 20
5810061.425933
 30
0.000000
 40
0.400000
 41
1.000000
  1
ROK:47.37
  7
2.0 mm rechts lila
 50
86.369910652190
 51
15.000035076525
100
AcDbText
  0
TEXT
  5
3f2
100
AcDbEntity
  8
Rohroberkante
 62
212
370
25
100
AcDbText
 10
3318923.432650
 20
5810062.178117
 30
0.000000
 40
0.400000
 41
1.000000
  1
ROK:47.14
  7
2.0 mm rechts lila
 50
357.990035230528
 51
15.000035076525
 72
2
 11
3318925.894662
 21
5810062.091713
 31
0.000000
100
AcDbText
 73
0
  0
TEXT
  5
3f4
100
AcDbEntity
  8
Rohroberkante
 62
212
370
25
100
AcDbText
 10
3318939.918049
 20
5810066.750979
 30
0.000000
 40
0.400000
 41
1.000000
  1
ROK:47.32
  7
2.0 mm rechts lila
 50
83.283401576210
 51
15.000035076525
100
AcDbText
  0
TEXT
  5
3f6
100
AcDbEntity
  8
Rohroberkante
 62
212
370
25
100
AcDbText
 10
3318940.822087
 20
5810082.671710
 30
0.000000
 40
0.400000
 41
1.000000
  1
ROK:47.36
  7
2.0 mm rechts lila
 50
86.257270739382
 51
15.000035076525
 72
1
 11
3318940.902492
 21
5810083.900847
 31
0.000000
100
AcDbText
 73
0
  0
TEXT
  5
3f8
100
AcDbEntity
  8
Rohroberkante
 62
212
370
25
100
AcDbText
 10
3318936.182303
 20
5810094.767525
 30
0.000000
 40
0.400000
 41
1.000000
  1
ROK:47.41
  7
2.0 mm rechts lila
 50
356.601257154220
 51
15.000035076525
100
AcDbText
  0
TEXT
  5
3fa
100
AcDbEntity
  8
Rohroberkante
 62
212
370
25
100
AcDbText
 10
3318941.034785
 20
5810091.047344
 30
0.000000
 40
0.400000
 41
1.000000
  1
ROK:47.53
  7
2.0 mm rechts lila
 50
86.347382625671
 51
15.000035076525
 72
1
 11
3318941.113257
 21
5810092.276606
 31
0.000000
100
AcDbText
 73
0
  0
TEXT
  5
3fc
100
AcDbEntity
  8
Rohroberkante
 62
212
370
25
100
AcDbText
 10
3318942.962703
 20
5810092.209400
 30
0.000000
 40
0.400000
 41
1.000000
  1
ROK:47.34
  7
2.0 mm rechts lila
 50
88.838857520743
 51
15.000035076525
 72
0
 11
3318942.562785
 21
5810092.217506
 31
0.000000
100
AcDbText
 73
3
  0
TEXT
  5
3fe
100
AcDbEntity
  8
Rohroberkante
 62
212
370
25
100
AcDbText
 10
3318940.442656
 20
5810071.995631
 30
0.000000
 40
0.400000
 41
1.000000
  1
ROK:47.35
  7
2.0 mm rechts lila
 50
88.838857520743
 51
15.000035076525
100
AcDbText
  0
TEXT
  5
400
100
AcDbEntity
  8
Rohroberkante
 62
212
370
25
100
AcDbText
 10
3318941.756991
 20
5810103.450662
 30
0.000000
 40
0.400000
 41
1.000000
  1
ROK:47.26
  7
2.0 mm rechts lila
 50
88.838857520743
 51
15.000035076525
100
AcDbText
  0
TEXT
  5
402
100
AcDbEntity
  8
Rohroberkante
 62
212
370
25
100
AcDbText
 10
3318910.944977
 20
5810062.681865
 30
0.000000
 40
0.400000
 41
1.000000
  1
ROK:47.16
  7
2.0 mm rechts lila
 50
358.510917947723
 51
15.000035076525
 72
2
 11
3318913.367686
 21
5810062.618886
 31
0.000000
100
AcDbText
 73
0
  0
TEXT
  5
404
100
AcDbEntity
  8
Rohroberkante
 62
212
370
25
100
AcDbText
 10
3318899.111304
 20
5810063.155372
 30
0.000000
 40
0.400000
 41
1.000000
  1
ROK:47.19
  7
2.0 mm rechts lila
 50
358.602688198912
 51
15.000035076525
 72
2
 11
3318901.534112
 21
5810063.096273
 31
0.000000
100
AcDbText
 73
0
  0
TEXT
  5
406
100
AcDbEntity
  8
Rohroberkante
 62
212
370
25
100
AcDbText
 10
3318887.523019
 20
5810063.749634
 30
0.000000
 40
0.400000
 41
1.000000
  1
ROK:47.20
  7
2.0 mm rechts lila
 50
358.602688198912
 51
15.000035076525
 72
2
 11
3318890.025802
 21
5810063.688585
 31
0.000000
100
AcDbText
 73
0
  0
TEXT
  5
408
100
AcDbEntity
  8
Rohroberkante
 62
212
370
25
100
AcDbText
 10
3318875.461205
 20
5810064.383544
 30
0.000000
 40
0.400000
 41
1.000000
  1
ROK:47.22
  7
2.0 mm rechts lila
 50
356.430339977459
 51
15.000035076525
 72
2
 11
3318877.999798
 21
5810064.225179
 31
0.000000
100
AcDbText
 73
0
  0
TEXT
  5
40a
100
AcDbEntity
  8
Rohroberkante
 62
212
370
25
100
AcDbText
 10
3318863.652325
 20
5810065.338223
 30
0.000000
 40
0.400000
 41
1.000000
  1
ROK:47.16
  7
2.0 mm rechts lila
 50
356.435743219598
 51
15.000035076525
 72
2
 11
3318866.071165
 21
5810065.187558
 31
0.000000
100
AcDbText
 73
0
  0
TEXT
  5
40c
100
AcDbEntity
  8
Rohroberkante
 62
212
370
25
100
AcDbText
 10
3318851.789461
 20
5810066.110351
 30
0.000000
 40
0.400000
 41
1.000000
  1
ROK:47.17
  7
2.0 mm rechts lila
 50
356.435743219598
 51
15.000035076525
100
AcDbText
  0
TEXT
  5
40e
100
AcDbEntity
  8
Rohroberkante
 62
212
370
25
100
AcDbText
 10
3318852.360992
 20
5810073.774521
 30
0.000000
 40
0.400000
 41
1.000000
  1
ROK:47.20
  7
2.0 mm rechts lila
 50
84.088785874253
 51
15.000035076525
 72
2
 11
3318852.220950
 21
5810076.305931
 31
0.000000
100
AcDbText
 73
3
  0
TEXT
  5
410
100
AcDbEntity
  8
Rohroberkante
 62
212
370
25
100
AcDbText
 10
3318847.300090
 20
5810076.790357
 30
0.000000
 40
0.400000
 41
1.000000
  1
ROK:47.13
  7
2.0 mm rechts lila
 50
356.131391692948
 51
15.000035076525
 72
2
 11
3318849.745083
 21
5810077.025933
 31
0.000000
100
AcDbText
 73
3
  0
TEXT
  5
412
100
AcDbEntity
  8
Rohroberkante
 62
212
370
25
100
AcDbText
 10
3318849.620629
 20
5810078.479902
 30
0.000000
 40
0.400000
 41
1.000000
  1
ROK:47.31
  7
2.0 mm rechts lila
 50
84.614740459934
 51
15.000035076525
 72
0
 11
3318849.222394
 21
5810078.517443
 31
0.000000
100
AcDbText
 73
3
  0
TEXT
  5
414
100
AcDbEntity
  8
Rohroberkante
 62
212
370
25
100
AcDbText
 10
3318835.256421
 20
5810079.039698
 30
0.000000
 40
0.400000
 41
1.000000
  1
ROK:47.08
  7
2.0 mm rechts lila
 50
357.381923302996
 51
15.000035076525
 72
2
 11
3318837.717378
 21
5810078.927168
 31
0.000000
100
AcDbText
 73
0
  0
TEXT
  5
416
100
AcDbEntity
  8
Rohroberkante
 62
212
370
25
100
AcDbText
 10
3318822.356411
 20
5810082.855311
 30
0.000000
 40
0.400000
 41
1.000000
  1
ROK:47.38
  7
2.0 mm rechts lila
 50
85.703966453980
 51
15.000035076525
100
AcDbText
  0
TEXT
  5
418
100
AcDbEntity
  8
Rohroberkante
 62
212
370
25
100
AcDbText
 10
3318823.360080
 20
5810080.062059
 30
0.000000
 40
0.400000
 41
1.000000
  1
ROK:47.34
  7
2.0 mm rechts lila
 50
358.230740435260
 51
15.000035076525
100
AcDbText
  0
TEXT
  5
41a
100
AcDbEntity
  8
Rohroberkante
 62
212
370
25
100
AcDbText
 10
3318822.889118
 20
5810077.462264
 30
0.000000
 40
0.400000
 41
1.000000
  1
ROK:47.13
  7
2.0 mm rechts lila
 50
358.230740435260
 51
15.000035076525
 72
2
 11
3318825.323840
 21
5810077.787248
 31
0.000000
100
AcDbText
 73
3
  0
TEXT
  5
41c
100
AcDbEntity
  8
Rohroberkante
 62
212
370
25
100
AcDbText
 10
3318819.088659
 20
5810077.554399
 30
0.000000
 40
0.400000
 41
1.000000
  1
ROK:47.16
  7
2.0 mm rechts lila
 50
357.707336760335
 51
15.000035076525
 72
2
 11
3318821.526249
 21
5810077.857128
 31
0.000000
100
AcDbText
 73
3
  0
TEXT
  5
41e
100
AcDbEntity
  8
Beschriftumg +Trassierung
 62
7
370
25
100
AcDbText
 10
3318926.276302
 20
5810059.629249
 30
0.000000
 40
0.480000
 41
1.000000
  1
5.5
  7
2.6 mm rechts
 50
87.434486519722
 51
15.000035076525
100
AcDbText
  0
TEXT
  5
420
100
AcDbEntity
  8
Beschriftumg +Trassierung
 62
7
370
25
100
AcDbText
 10
3318939.964495
 20
5810076.533044
 30
0.000000
 40
0.480000
 41
1.000000
  1
1.3
  7
2.6 mm rechts
 50
357.495007837075
 51
15.000035076525
 72
2
 11
3318940.759967
 21
5810076.498244
 31
0.000000
100
AcDbText
 73
0
  0
LINE
  5
421
100
AcDbEntity
  8
Beschriftumg +Trassierung
  6
CONTINUOUS
 62
7
370
25
100
AcDbLine
 10
3318940.501281
 20
5810076.413469
 30
0.000000
 11
3318940.587524
 21
5810076.184080
 31
0.000000
  0
MTEXT
  5
423
100
AcDbEntity
  8
Fernwärmeleitung
 62
7
370
25
100
AcDbMText
  7
Flurst}cksnummer
 10
3318747.020964
 20
5810133.281437
 30
0.000000
 40
0.900000
 41
0.000000
 71
7
 72
1
 44
0.690000
  1
Vorlauf mit Kugelhahn\P\PRücklauf mit Muffe\P\PReduzierstück mit Fließrichtung
 11
0.999301
 21
-0.037388
 31
0.000000
  0
TEXT
  5
425
100
AcDbEntity
  8
Fernwärmeleitung
 62
7
370
35
100
AcDbText
 10
3318934.722571
 20
5810093.844538
 30
0.000000
 40
0.700000
 41
1.000000
  1
RV
  7
3.5mm gerade
 50
88.198416076352
100
AcDbText
  0
TEXT
  5
427
100
AcDbEntity
  8
Lageplan sonstiges
 62
7
370
18
100
AcDbText
 10
3318933.984680
 20
5810063.967478
 30
0.000000
 40
0.360000
 41
1.000000
  1
48.29
  7
1.8mm gerade
 50
356.638914864186
 72
1
 11
3318934.541720
 21
5810063.934763
 31
0.000000
100
AcDbText
 73
0
  0
TEXT
  5
429
100
AcDbEntity
  8
Lageplan sonstiges
 62
7
370
18
100
AcDbText
 10
3318941.892017
 20
5810070.595945
 30
0.000000
 40
0.360000
 41
1.000000
  1
48.60
  7
1.8mm gerade
 50
356.638914810968
100
AcDbText
  0
TEXT
  5
42b
100
AcDbEntity
  8
Lageplan sonstiges
 62
7
370
18
100
AcDbText
 10
3318942.974428
 20
5810078.643602
 30
0.000000
 40
0.360000
 41
1.000000
  1
48.71
  7
1.8mm gerade
 50
356.638914864186
 72
2
 11
3318944.052570
 21
5810078.580283
 31
0.000000
100
AcDbText
 73
0
  0
TEXT
  5
42d
100
AcDbEntity
  8
Lageplan sonstiges
 62
7
370
18
100
AcDbText
 10
3318943.555745
 20
5810093.534557
 30
0.000000
 40
0.360000
 41
1.000000
  1
49.06
  7
1.8mm gerade
 50
356.638914864186
100
AcDbText
  0
TEXT
  5
42f
100
AcDbEntity
  8
Lageplan sonstiges
 62
7
370
35
100
AcDbText
 10
3318923.455264
 20
5810082.947306
 30
0.000000
 40
1.500000
 41
1.000000
  1
Baustelle
  7
4 mm gerade
 50
357.857307342939
100
AcDbText
  0
TEXT
  5
431
100
AcDbEntity
  8
Beschriftumg +Trassierung
 62
7
370
25
100
AcDbText
 10
3318821.183234
 20
5810072.048547
 30
0.000000
 40
0.480000
 41
1.000000
  1
%%U 133.2 %%U
  7
2.6 mm rechts
 50
85.922905315079
 51
15.000035076525
100
AcDbText
  0
LINE
  5
432
100
AcDbEntity
  8
Beschriftumg +Trassierung
  6
CONTINUOUS
 62
7
370
25
100
AcDbLine
 10
3318821.543979
 20
5810074.409106
 30
0.000000
 11
3318821.829351
 21
5810079.437548
 31
0.000000
  0
TEXT
  5
434
100
AcDbEntity
  8
Beschriftumg +Trassierung
 62
7
370
25
100
AcDbText
 10
3318825.591446
 20
5810071.719010
 30
0.000000
 40
0.480000
 41
1.000000
  1
%%U 129.5 %%U
  7
2.6 mm rechts
 50
84.277661251768
 51
15.000035076525
100
AcDbText
  0
LINE
  5
435
100
AcDbEntity
  8
Beschriftumg +Trassierung
  6
CONTINUOUS
 62
7
370
25
100
AcDbLine
 10
3318826.019817
 20
5810074.068238
 30
0.000000
 11
3318825.464389
 21
5810079.340210
 31
0.000000
  0
TEXT
  5
437
100
AcDbEntity
  8
Beschriftumg +Trassierung
 62
7
370
25
100
AcDbText
 10
3318848.467410
 20
5810071.343091
 30
0.000000
 40
0.480000
 41
1.000000
  1
%%U 104.4 %%U
  7
2.6 mm rechts
 50
85.183030472986
 51
15.000035076525
100
AcDbText
  0
LINE
  5
438
100
AcDbEntity
  8
Beschriftumg +Trassierung
  6
CONTINUOUS
 62
7
370
25
100
AcDbLine
 10
3318848.862638
 20
5810073.746625
 30
0.000000
 11
3318850.579735
 21
5810077.841152
 31
0.000000
  0
TEXT
  5
43a
100
AcDbEntity
  8
Beschriftumg +Trassierung
 62
7
370
25
100
AcDbText
 10
3318855.518236
 20
5810080.468752
 30
0.000000
 40
0.480000
 41
1.000000
  1
%%U 102.9 %%U
  7
2.6 mm rechts
 50
87.131790657165
 51
15.000035076525
100
AcDbText
  0
LINE
  5
43b
100
AcDbEntity
  8
Beschriftumg +Trassierung
  6
CONTINUOUS
 62
7
370
25
100
AcDbLine
 10
3318855.700388
 20
5810080.267385
 30
0.000000
 11
3318851.953307
 21
5810077.507309
 31
0.000000
  0
TEXT
  5
43d
100
AcDbEntity
  8
Beschriftumg +Trassierung
 62
7
370
25
100
AcDbText
 10
3318853.461030
 20
5810068.725895
 30
0.000000
 40
0.480000
 41
1.000000
  1
%%U 91.5 %%U
  7
2.6 mm rechts
 50
82.803994943936
 51
15.000035076525
100
AcDbText
  0
LINE
  5
43e
100
AcDbEntity
  8
Beschriftumg +Trassierung
  6
CONTINUOUS
 62
7
370
25
100
AcDbLine
 10
3318853.627467
 20
5810068.511357
 30
0.000000
 11
3318851.263826
 21
5810066.123751
 31
0.000000
  0
TEXT
  5
440
100
AcDbEntity
  8
Beschriftumg +Trassierung
 62
7
370
25
100
AcDbText
 10
3318880.889219
 20
5810068.298412
 30
0.000000
 40
0.480000
 41
1.000000
  1
%%U 60.7 %%U
  7
2.6 mm rechts
 50
86.805264614868
 51
15.000035076525
100
AcDbText
  0
LINE
  5
441
100
AcDbEntity
  8
Beschriftumg +Trassierung
  6
CONTINUOUS
 62
7
370
25
100
AcDbLine
 10
3318881.070220
 20
5810068.096011
 30
0.000000
 11
3318881.949197
 21
5810063.729705
 31
0.000000
  0
TEXT
  5
443
100
AcDbEntity
  8
Beschriftumg +Trassierung
 62
7
370
25
100
AcDbText
 10
3318926.705511
 20
5810067.011115
 30
0.000000
 40
0.480000
 41
1.000000
  1
%%U 15.9 %%U
  7
2.6 mm rechts
 50
87.434486599608
 51
15.000035076525
100
AcDbText
  0
LINE
  5
444
100
AcDbEntity
  8
Beschriftumg +Trassierung
  6
CONTINUOUS
 62
7
370
25
100
AcDbLine
 10
3318926.888724
 20
5810066.810714
 30
0.000000
 11
3318926.729827
 21
5810061.739766
 31
0.000000
  0
TEXT
  5
446
100
AcDbEntity
  8
Beschriftumg +Trassierung
 62
7
370
25
100
AcDbText
 10
3318933.481805
 20
5810050.997798
 30
0.000000
 40
0.480000
 41
1.000000
  1
%%U 2.4 %%U
  7
2.6 mm rechts
 50
87.230468668568
 51
15.000035076525
100
AcDbText
  0
LINE
  5
447
100
AcDbEntity
  8
Beschriftumg +Trassierung
  6
CONTINUOUS
 62
7
370
25
100
AcDbLine
 10
3318933.760759
 20
5810052.790647
 30
0.000000
 11
3318940.127664
 21
5810061.001569
 31
0.000000
  0
TEXT
  5
449
100
AcDbEntity
  8
Beschriftumg +Trassierung
 62
7
370
25
100
AcDbText
 10
3318938.276352
 20
5810050.733840
 30
0.000000
 40
0.480000
 41
1.000000
  1
%%U 0.0 %%U
  7
2.6 mm rechts
 50
87.230468641943
 51
15.000035076525
100
AcDbText
  0
LINE
  5
44a
100
AcDbEntity
  8
Beschriftumg +Trassierung
  6
CONTINUOUS
 62
7
370
25
100
AcDbLine
 10
3318938.550667
 20
5810052.430801
 30
0.000000
 11
3318940.159597
 21
5810058.601939
 31
0.000000
  0
TEXT
  5
44c
100
AcDbEntity
  8
Beschriftumg +Trassierung
 62
7
370
25
100
AcDbText
 10
3318877.762259
 20
5810102.648781
 30
0.000000
 40
0.500000
 41
1.000000
  1
Red.:DN50/DN40
  7
2.5mm gerade
 50
357.106044158755
100
AcDbText
  0
TEXT
  5
44e
100
AcDbEntity
  8
Beschriftumg +Trassierung
 62
7
370
25
100
AcDbText
 10
3318879.405276
 20
5810120.924468
 30
0.000000
 40
0.500000
 41
1.000000
  1
Anhebung senkr.ca.0,7m
  7
2.5mm gerade
 50
357.106044157410
100
AcDbText
  0
LINE
  5
44f
100
AcDbEntity
  8
Beschriftumg +Trassierung
  6
CONTINUOUS
 62
7
370
25
100
AcDbLine
 10
3318883.155630
 20
5810121.335646
 30
0.000000
 11
3318883.078441
 21
5810124.952939
 31
0.000000
  0
TEXT
  5
451
100
AcDbEntity
  8
Fernwärmeleitung
 62
7
370
35
100
AcDbText
 10
3318872.420254
 20
5810114.371140
 30
0.000000
 40
0.800000
 41
1.000000
  1
KMR DN40/140
  7
3.5mm gerade
 50
87.106044158756
100
AcDbText
  0
LINE
  5
452
100
AcDbEntity
  8
Fernwärmeleitung
  6
CONTINUOUS
 62
7
370
35
100
AcDbLine
 10
3318872.723690
 20
5810114.035392
 30
0.000000
 11
3318871.285526
 21
5810114.108094
 31
0.000000
  0
LINE
  5
453
100
AcDbEntity
  8
Fernwärmeleitung
  6
CONTINUOUS
 62
7
370
35
100
AcDbLine
 10
3318871.285526
 20
5810114.108094
 30
0.000000
 11
3318871.693466
 21
5810122.177789
 31
0.000000
  0
LINE
  5
454
100
AcDbEntity
  8
Fernwärmeleitung
  6
CONTINUOUS
 62
7
370
35
100
AcDbLine
 10
3318871.693466
 20
5810122.177789
 30
0.000000
 11
3318873.131629
 21
5810122.105087
 31
0.000000
  0
LINE
  5
455
100
AcDbEntity
  8
Fernwärmeleitung
  6
CONTINUOUS
 62
7
370
35
100
AcDbLine
 10
3318873.131629
 20
5810122.105087
 30
0.000000
 11
3318872.723690
 21
5810114.035392
 31
0.000000
  0
TEXT
  5
457
100
AcDbEntity
  8
Beschriftumg +Trassierung
 62
7
370
25
100
AcDbText
 10
3318866.585916
 20
5810104.281338
 30
0.000000
 40
0.500000
 41
1.000000
  1
PA(o) DN50/DN40
  7
2.5mm gerade
 50
357.106044158755
100
AcDbText
  0
LINE
  5
458
100
AcDbEntity
  8
Beschriftumg +Trassierung
  6
CONTINUOUS
 62
7
370
25
100
AcDbLine
 10
3318869.535270
 20
5810104.032114
 30
0.000000
 11
3318871.762382
 21
5810099.816881
 31
0.000000
  0
TEXT
  5
45a
100
AcDbEntity
  8
Fernwärmeleitung
 62
7
370
35
100
AcDbText
 10
3318876.919349
 20
5810085.982033
 30
0.000000
 40
0.800000
 41
1.000000
  1
KMR DN40/140
  7
3.5mm gerade
 50
87.106044158756
100
AcDbText
  0
LINE
  5
45b
100
AcDbEntity
  8
Fernwärmeleitung
  6
CONTINUOUS
 62
7
370
35
100
AcDbLine
 10
3318877.222785
 20
5810085.646285
 30
0.000000
 11
3318875.784622
 21
5810085.718987
 31
0.000000
  0
LINE
  5
45c
100
AcDbEntity
  8
Fernwärmeleitung
  6
CONTINUOUS
 62
7
370
35
100
AcDbLine
 10
3318875.784622
 20
5810085.718987
 30
0.000000
 11
3318876.192561
 21
5810093.788683
 31
0.000000
  0
LINE
  5
45d
100
AcDbEntity
  8
Fernwärmeleitung
  6
CONTINUOUS
 62
7
370
35
100
AcDbLine
 10
3318876.192561
 20
5810093.788683
 30
0.000000
 11
3318877.630725
 21
5810093.715981
 31
0.000000
  0
LINE
  5
45e
100
AcDbEntity
  8
Fernwärmeleitung
  6
CONTINUOUS
 62
7
370
35
100
AcDbLine
 10
3318877.630725
 20
5810093.715981
 30
0.000000
 11
3318877.222785
 21
5810085.646285
 31
0.000000
  0
TEXT
  5
460
100
AcDbEntity
  8
Fernwärmeleitung
 62
7
370
35
100
AcDbText
 10
3318863.861423
 20
5810108.514812
 30
0.000000
 40
0.800000
 41
1.000000
  1
KMR DN40/140
  7
3.5mm gerade
 50
87.106044158756
100
AcDbText
  0
LINE
  5
461
100
AcDbEntity
  8
Fernwärmeleitung
  6
CONTINUOUS
 62
7
370
35
100
AcDbLine
 10
3318864.164859
 20
5810108.179064
 30
0.000000
 11
3318862.726695
 21
5810108.251766
 31
0.000000
  0
LINE
  5
462
100
AcDbEntity
  8
Fernwärmeleitung
  6
CONTINUOUS
 62
7
370
35
100
AcDbLine
 10
3318862.726695
 20
5810108.251766
 30
0.000000
 11
3318863.134635
 21
5810116.321462
 31
0.000000
  0
LINE
  5
463
100
AcDbEntity
  8
Fernwärmeleitung
  6
CONTINUOUS
 62
7
370
35
100
AcDbLine
 10
3318863.134635
 20
5810116.321462
 30
0.000000
 11
3318864.572798
 21
5810116.248760
 31
0.000000
  0
LINE
  5
464
100
AcDbEntity
  8
Fernwärmeleitung
  6
CONTINUOUS
 62
7
370
35
100
AcDbLine
 10
3318864.572798
 20
5810116.248760
 30
0.000000
 11
3318864.164859
 21
5810108.179064
 31
0.000000
  0
TEXT
  5
466
100
AcDbEntity
  8
Fernwärmeleitung
 62
7
370
35
100
AcDbText
 10
3318883.670444
 20
5810133.211245
 30
0.000000
 40
0.800000
 41
1.000000
  1
KMR DN40/140
  7
3.5mm gerade
 50
87.106044132134
100
AcDbText
  0
LINE
  5
467
100
AcDbEntity
  8
Fernwärmeleitung
  6
CONTINUOUS
 62
7
370
35
100
AcDbLine
 10
3318883.973880
 20
5810132.875497
 30
0.000000
 11
3318882.535716
 21
5810132.948200
 31
0.000000
  0
LINE
  5
468
100
AcDbEntity
  8
Fernwärmeleitung
  6
CONTINUOUS
 62
7
370
35
100
AcDbLine
 10
3318882.535716
 20
5810132.948200
 30
0.000000
 11
3318882.943656
 21
5810141.017895
 31
0.000000
  0
LINE
  5
469
100
AcDbEntity
  8
Fernwärmeleitung
  6
CONTINUOUS
 62
7
370
35
100
AcDbLine
 10
3318882.943656
 20
5810141.017895
 30
0.000000
 11
3318884.381819
 21
5810140.945193
 31
0.000000
  0
LINE
  5
46a
100
AcDbEntity
  8
Fernwärmeleitung
  6
CONTINUOUS
 62
7
370
35
100
AcDbLine
 10
3318884.381819
 20
5810140.945193
 30
0.000000
 11
3318883.973880
 21
5810132.875497
 31
0.000000
  0
TEXT
  5
46c
100
AcDbEntity
  8
Fernwärmeleitung
 62
7
370
35
100
AcDbText
 10
3318864.118348
 20
5810101.606139
 30
0.000000
 40
0.700000
 41
1.000000
  1
KMR DN50/160
  7
3.5mm gerade
 50
358.413457213693
100
AcDbText
  0
LINE
  5
46d
100
AcDbEntity
  8
Fernwärmeleitung
  6
CONTINUOUS
 62
7
370
35
100
AcDbLine
 10
3318863.830703
 20
5810101.333999
 30
0.000000
 11
3318863.865588
 21
5810102.593516
 31
0.000000
  0
LINE
  5
46e
100
AcDbEntity
  8
Fernwärmeleitung
  6
CONTINUOUS
 62
7
370
35
100
AcDbLine
 10
3318863.865588
 20
5810102.593516
 30
0.000000
 11
3318870.792931
 21
5810102.401646
 31
0.000000
  0
LINE
  5
46f
100
AcDbEntity
  8
Fernwärmeleitung
  6
CONTINUOUS
 62
7
370
35
100
AcDbLine
 10
3318870.792931
 20
5810102.401646
 30
0.000000
 11
3318870.758046
 21
5810101.142129
 31
0.000000
  0
LINE
  5
470
100
AcDbEntity
  8
Fernwärmeleitung
  6
CONTINUOUS
 62
7
370
35
100
AcDbLine
 10
3318870.758046
 20
5810101.142129
 30
0.000000
 11
3318863.830703
 21
5810101.333999
 31
0.000000
  0
TEXT
  5
472
100
AcDbEntity
  8
Beschriftumg +Trassierung
 62
7
370
25
100
AcDbText
 10
3318854.872542
 20
5810103.366769
 30
0.000000
 40
0.500000
 41
1.000000
  1
PA(o) DN50/DN40
  7
2.5mm gerade
 50
357.106044158755
100
AcDbText
  0
LINE
  5
473
100
AcDbEntity
  8
Beschriftumg +Trassierung
  6
CONTINUOUS
 62
7
370
25
100
AcDbLine
 10
3318858.081580
 20
5810103.104418
 30
0.000000
 11
3318861.603650
 21
5810100.183016
 31
0.000000
  0
TEXT
  5
475
100
AcDbEntity
  8
Fernwärmeleitung
 62
7
370
35
100
AcDbText
 10
3318806.189243
 20
5810113.313168
 30
0.000000
 40
0.800000
 41
1.000000
  1
KMR DN40/140
  7
3.5mm gerade
 50
87.106044156064
100
AcDbText
  0
LINE
  5
476
100
AcDbEntity
  8
Fernwärmeleitung
  6
CONTINUOUS
 62
7
370
35
100
AcDbLine
 10
3318806.492679
 20
5810112.977420
 30
0.000000
 11
3318805.054516
 21
5810113.050122
 31
0.000000
  0
LINE
  5
477
100
AcDbEntity
  8
Fernwärmeleitung
  6
CONTINUOUS
 62
7
370
35
100
AcDbLine
 10
3318805.054516
 20
5810113.050122
 30
0.000000
 11
3318805.462455
 21
5810121.119818
 31
0.000000
  0
LINE
  5
478
100
AcDbEntity
  8
Fernwärmeleitung
  6
CONTINUOUS
 62
7
370
35
100
AcDbLine
 10
3318805.462455
 20
5810121.119818
 30
0.000000
 11
3318806.900619
 21
5810121.047116
 31
0.000000
  0
LINE
  5
479
100
AcDbEntity
  8
Fernwärmeleitung
  6
CONTINUOUS
 62
7
370
35
100
AcDbLine
 10
3318806.900619
 20
5810121.047116
 30
0.000000
 11
3318806.492679
 21
5810112.977420
 31
0.000000
  0
TEXT
  5
47b
100
AcDbEntity
  8
Fernwärmeleitung
 62
7
370
35
100
AcDbText
 10
3318810.331273
 20
5810088.932040
 30
0.000000
 40
0.800000
 41
1.000000
  1
KMR DN40/140
  7
3.5mm gerade
 50
87.106044158756
100
AcDbText
  0
LINE
  5
47c
100
AcDbEntity
  8
Fernwärmeleitung
  6
CONTINUOUS
 62
7
370
35
100
AcDbLine
 10
3318810.634709
 20
5810088.596292
 30
0.000000
 11
3318809.196546
 21
5810088.668994
 31
0.000000
  0
LINE
  5
47d
100
AcDbEntity
  8
Fernwärmeleitung
  6
CONTINUOUS
 62
7
370
35
100
AcDbLine
 10
3318809.196546
 20
5810088.668994
 30
0.000000
 11
3318809.604485
 21
5810096.738690
 31
0.000000
  0
LINE
  5
47e
100
AcDbEntity
  8
Fernwärmeleitung
  6
CONTINUOUS
 62
7
370
35
100
AcDbLine
 10
3318809.604485
 20
5810096.738690
 30
0.000000
 11
3318811.042649
 21
5810096.665988
 31
0.000000
  0
LINE
  5
47f
100
AcDbEntity
  8
Fernwärmeleitung
  6
CONTINUOUS
 62
7
370
35
100
AcDbLine
 10
3318811.042649
 20
5810096.665988
 30
0.000000
 11
3318810.634709
 21
5810088.596292
 31
0.000000
  0
TEXT
  5
481
100
AcDbEntity
  8
Beschriftumg +Trassierung
 62
7
370
25
100
AcDbText
 10
3318825.662726
 20
5810095.335562
 30
0.000000
 40
0.500000
 41
1.000000
  1
PA(45%%d,o) DN50/DN40
  7
2.5mm gerade
 50
357.106044157410
100
AcDbText
  0
TEXT
  5
483
100
AcDbEntity
  8
Fernwärmeleitung
 62
7
370
35
100
AcDbText
 10
3318825.712736
 20
5810102.590337
 30
0.000000
 40
0.750000
 41
1.000000
  1
DN40/140
  7
3.5mm gerade
 50
87.977218268527
100
AcDbText
  0
LINE
  5
484
100
AcDbEntity
  8
Fernwärmeleitung
  6
CONTINUOUS
 62
7
370
35
100
AcDbLine
 10
3318826.001960
 20
5810102.279935
 30
0.000000
 11
3318824.652801
 21
5810102.327586
 31
0.000000
  0
LINE
  5
485
100
AcDbEntity
  8
Fernwärmeleitung
  6
CONTINUOUS
 62
7
370
35
100
AcDbLine
 10
3318824.652801
 20
5810102.327586
 30
0.000000
 11
3318824.830168
 21
5810107.349455
 31
0.000000
  0
LINE
  5
486
100
AcDbEntity
  8
Fernwärmeleitung
  6
CONTINUOUS
 62
7
370
35
100
AcDbLine
 10
3318824.830168
 20
5810107.349455
 30
0.000000
 11
3318826.179327
 21
5810107.301804
 31
0.000000
  0
LINE
  5
487
100
AcDbEntity
  8
Fernwärmeleitung
  6
CONTINUOUS
 62
7
370
35
100
AcDbLine
 10
3318826.179327
 20
5810107.301804
 30
0.000000
 11
3318826.001960
 21
5810102.279935
 31
0.000000
  0
TEXT
  5
489
100
AcDbEntity
  8
Fernwärmeleitung
 62
7
370
35
100
AcDbText
 10
3318827.066870
 20
5810109.805878
 30
0.000000
 40
0.800000
 41
1.000000
  1
KMR DN40/140
  7
3.5mm gerade
 50
87.977218297048
100
AcDbText
  0
LINE
  5
48a
100
AcDbEntity
  8
Fernwärmeleitung
  6
CONTINUOUS
 62
7
370
35
100
AcDbLine
 10
3318827.375376
 20
5810109.474783
 30
0.000000
 11
3318825.936273
 21
5810109.525610
 31
0.000000
  0
LINE
  5
48b
100
AcDbEntity
  8
Fernwärmeleitung
  6
CONTINUOUS
 62
7
370
35
100
AcDbLine
 10
3318825.936273
 20
5810109.525610
 30
0.000000
 11
3318826.221472
 21
5810117.600575
 31
0.000000
  0
LINE
  5
48c
100
AcDbEntity
  8
Fernwärmeleitung
  6
CONTINUOUS
 62
7
370
35
100
AcDbLine
 10
3318826.221472
 20
5810117.600575
 30
0.000000
 11
3318827.660575
 21
5810117.549748
 31
0.000000
  0
LINE
  5
48d
100
AcDbEntity
  8
Fernwärmeleitung
  6
CONTINUOUS
 62
7
370
35
100
AcDbLine
 10
3318827.660575
 20
5810117.549748
 30
0.000000
 11
3318827.375376
 21
5810109.474783
 31
0.000000
  0
TEXT
  5
48f
100
AcDbEntity
  8
Fernwärmeleitung
 62
7
370
35
100
AcDbText
 10
3318814.416430
 20
5810102.541751
 30
0.000000
 40
0.800000
 41
1.000000
  1
KMR DN50/160
  7
3.5mm gerade
 50
358.343060662233
100
AcDbText
  0
LINE
  5
490
100
AcDbEntity
  8
Fernwärmeleitung
  6
CONTINUOUS
 62
7
370
35
100
AcDbLine
 10
3318814.087311
 20
5810102.231137
 30
0.000000
 11
3318814.128949
 21
5810103.670535
 31
0.000000
  0
LINE
  5
491
100
AcDbEntity
  8
Fernwärmeleitung
  6
CONTINUOUS
 62
7
370
35
100
AcDbLine
 10
3318814.128949
 20
5810103.670535
 30
0.000000
 11
3318822.045637
 21
5810103.441528
 31
0.000000
  0
LINE
  5
492
100
AcDbEntity
  8
Fernwärmeleitung
  6
CONTINUOUS
 62
7
370
35
100
AcDbLine
 10
3318822.045637
 20
5810103.441528
 30
0.000000
 11
3318822.004000
 21
5810102.002131
 31
0.000000
  0
LINE
  5
493
100
AcDbEntity
  8
Fernwärmeleitung
  6
CONTINUOUS
 62
7
370
35
100
AcDbLine
 10
3318822.004000
 20
5810102.002131
 30
0.000000
 11
3318814.087311
 21
5810102.231137
 31
0.000000
  0
TEXT
  5
495
100
AcDbEntity
  8
Beschriftumg +Trassierung
 62
7
370
25
100
AcDbText
 10
3318812.506287
 20
5810103.390617
 30
0.000000
 40
0.500000
 41
1.000000
  1
TA(45%%d,o) DN50/DN40
  7
2.5mm gerade
 50
86.897642612327
100
AcDbText
  0
TEXT
  5
497
100
AcDbEntity
  8
Beschriftumg +Trassierung
 62
7
370
25
100
AcDbText
 10
3318856.592884
 20
5810068.924166
 30
0.000000
 40
0.750000
 41
1.000000
  1
Kunststoffmantelrohr Innen%%c:200, Au%%223en%%c:400
  7
2.5mm gerade
 50
357.113688626229
100
AcDbText
  0
TEXT
  5
499
100
AcDbEntity
  8
Beschriftumg +Trassierung
 62
7
370
25
100
AcDbText
 10
3318937.890077
 20
5810048.902995
 30
0.000000
 40
0.700000
 41
1.000000
  1
Hosenst%%252ck
  7
2.5mm gerade
 50
357.221798366878
100
AcDbText
  0
TEXT
  5
49b
100
AcDbEntity
  8
Fernwärmeleitung
 62
7
370
35
100
AcDbText
 10
3318734.136371
 20
5810077.826252
 30
0.000000
 40
0.800000
 41
1.000000
  1
KMR-Flex DN20/75
  7
3.5mm gerade
 50
357.466841999046
100
AcDbText
  0
LINE
  5
49c
100
AcDbEntity
  8
Fernwärmeleitung
  6
CONTINUOUS
 62
7
370
35
100
AcDbLine
 10
3318733.802540
 20
5810077.520708
 30
0.000000
 11
3318733.866185
 21
5810078.959301
 31
0.000000
  0
LINE
  5
49d
100
AcDbEntity
  8
Fernwärmeleitung
  6
CONTINUOUS
 62
7
370
35
100
AcDbLine
 10
3318733.866185
 20
5810078.959301
 30
0.000000
 11
3318744.415866
 21
5810078.492575
 31
0.000000
  0
LINE
  5
49e
100
AcDbEntity
  8
Fernwärmeleitung
  6
CONTINUOUS
 62
7
370
35
100
AcDbLine
 10
3318744.415866
 20
5810078.492575
 30
0.000000
 11
3318744.352222
 21
5810077.053982
 31
0.000000
  0
LINE
  5
49f
100
AcDbEntity
  8
Fernwärmeleitung
  6
CONTINUOUS
 62
7
370
35
100
AcDbLine
 10
3318744.352222
 20
5810077.053982
 30
0.000000
 11
3318733.802540
 21
5810077.520708
 31
0.000000
  0
TEXT
  5
4a1
100
AcDbEntity
  8
Beschriftumg +Trassierung
 62
7
370
25
100
AcDbText
 10
3318815.979103
 20
5810099.373263
 30
0.000000
 40
0.480000
 41
1.000000
  1
3.0
  7
2.6 mm rechts
 50
87.618749807520
 51
15.000035076525
 72
1
 11
3318815.996641
 21
5810099.795015
 31
0.000000
100
AcDbText
 73
0
  0
TEXT
  5
4a3
100
AcDbEntity
  8
Beschriftumg +Trassierung
 62
7
370
25
100
AcDbText
 10
3318819.843157
 20
5810098.326061
 30
0.000000
 40
0.480000
 41
1.000000
  1
8.2
  7
2.6 mm rechts
 50
357.497984171882
 51
15.000035076525
 72
1
 11
3318820.288848
 21
5810098.306586
 31
0.000000
100
AcDbText
 73
0
  0
TEXT
  5
4a5
100
AcDbEntity
  8
Beschriftumg +Trassierung
 62
7
370
25
100
AcDbText
 10
3318827.158859
 20
5810107.842836
 30
0.000000
 40
0.480000
 41
1.000000
  1
1,8
  7
2.6 mm rechts
 50
357.106044157410
 51
15.000035076525
100
AcDbText
  0
TEXT
  5
4a7
100
AcDbEntity
  8
Beschriftumg +Trassierung
 62
7
370
25
100
AcDbText
 10
3318813.239478
 20
5810097.718178
 30
0.000000
 40
0.480000
 41
1.000000
  1
5,6
  7
2.6 mm rechts
 50
357.106044157410
 51
15.000035076525
100
AcDbText
  0
TEXT
  5
4a9
100
AcDbEntity
  8
Beschriftumg +Trassierung
 62
7
370
25
100
AcDbText
 10
3318883.557910
 20
5810130.713231
 30
0.000000
 40
0.480000
 41
1.000000
  1
1,7
  7
2.6 mm rechts
 50
357.106044158755
 51
15.000035076525
100
AcDbText
  0
TEXT
  5
4ab
100
AcDbEntity
  8
Beschriftumg +Trassierung
 62
7
370
25
100
AcDbText
 10
3318870.134764
 20
5810123.651648
 30
0.000000
 40
0.480000
 41
1.000000
  1
8.9
  7
2.6 mm rechts
 50
357.661070267595
 51
15.000035076525
 72
1
 11
3318870.556529
 21
5810123.634421
 31
0.000000
100
AcDbText
 73
0
  0
TEXT
  5
4ad
100
AcDbEntity
  8
Beschriftumg +Trassierung
 62
7
370
25
100
AcDbText
 10
3318864.202396
 20
5810106.345213
 30
0.000000
 40
0.480000
 41
1.000000
  1
1,9
  7
2.6 mm rechts
 50
357.106044157410
 51
15.000035076525
100
AcDbText
  0
TEXT
  5
4af
100
AcDbEntity
  8
Beschriftumg +Trassierung
 62
7
370
25
100
AcDbText
 10
3318879.417053
 20
5810094.856310
 30
0.000000
 40
0.480000
 41
1.000000
  1
5,6
  7
2.6 mm rechts
 50
357.106044104167
 51
15.000035076525
100
AcDbText
  0
TEXT
  5
4b1
100
AcDbEntity
  8
Beschriftumg +Trassierung
 62
7
370
25
100
AcDbText
 10
3318866.686435
 20
5810097.646649
 30
0.000000
 40
0.480000
 41
1.000000
  1
3.0
  7
2.6 mm rechts
 50
86.304556613003
 51
15.000035076525
 72
1
 11
3318866.713641
 21
5810098.067888
 31
0.000000
100
AcDbText
 73
0
  0
TEXT
  5
4b3
100
AcDbEntity
  8
Beschriftumg +Trassierung
 62
7
370
25
100
AcDbText
 10
3318853.792457
 20
5810096.919240
 30
0.000000
 40
0.480000
 41
1.000000
  1
7.2
  7
2.6 mm rechts
 50
357.716685529222
 51
15.000035076525
 72
1
 11
3318854.262200
 21
5810096.900510
 31
0.000000
100
AcDbText
 73
0
  0
TEXT
  5
4b5
100
AcDbEntity
  8
Beschriftumg +Trassierung
 62
7
370
25
100
AcDbText
 10
3318854.116873
 20
5810077.609929
 30
0.000000
 40
0.480000
 41
1.000000
  1
5.1
  7
2.6 mm rechts
 50
357.620543143991
 51
15.000035076525
 72
1
 11
3318854.514646
 21
5810077.593400
 31
0.000000
100
AcDbText
 73
0
  0
TEXT
  5
4b7
100
AcDbEntity
  8
Beschriftumg +Trassierung
 62
7
370
25
100
AcDbText
 10
3318856.924130
 20
5810080.290353
 30
0.000000
 40
0.480000
 41
1.000000
  1
6.8
  7
2.6 mm rechts
 50
87.620543092940
 51
15.000035076525
 72
1
 11
3318856.941655
 21
5810080.712106
 31
0.000000
100
AcDbText
 73
0
  0
TEXT
  5
4b9
100
AcDbEntity
  8
Lageplan sonstiges
 62
7
370
18
100
AcDbText
 10
3318867.511729
 20
5810095.859545
 30
0.000000
 40
0.360000
 41
1.000000
  1
48.60
  7
1.8mm gerade
 50
357.106044157410
 72
1
 11
3318868.069215
 21
5810096.191822
 31
0.000000
100
AcDbText
 73
3
  0
TEXT
  5
4bb
100
AcDbEntity
  8
Lageplan sonstiges
 62
7
370
18
100
AcDbText
 10
3318872.324359
 20
5810095.659925
 30
0.000000
 40
0.360000
 41
1.000000
  1
48.61
  7
1.8mm gerade
 50
357.106044157410
 72
1
 11
3318872.863869
 21
5810095.993111
 31
0.000000
100
AcDbText
 73
3
  0
TEXT
  5
4bd
100
AcDbEntity
  8
Lageplan sonstiges
 62
7
370
18
100
AcDbText
 10
3318861.960391
 20
5810082.611425
 30
0.000000
 40
0.360000
 41
1.000000
  1
49.48
  7
1.8mm gerade
 50
357.106044157410
 72
0
 11
3318861.969479
 21
5810082.791195
 31
0.000000
100
AcDbText
 73
2
  0
TEXT
  5
4bf
100
AcDbEntity
  8
Lageplan sonstiges
 62
7
370
18
100
AcDbText
 10
3318847.175393
 20
5810101.127013
 30
0.000000
 40
0.360000
 41
1.000000
  1
48.55
  7
1.8mm gerade
 50
357.106044158755
 72
2
 11
3318848.254016
 21
5810101.072487
 31
0.000000
100
AcDbText
 73
0
  0
TEXT
  5
4c1
100
AcDbEntity
  8
Lageplan sonstiges
 62
7
370
18
100
AcDbText
 10
3318865.199458
 20
5810103.707265
 30
0.000000
 40
0.360000
 41
1.000000
  1
48.53
  7
1.8mm gerade
 50
357.106044157410
 72
2
 11
3318866.278081
 21
5810103.652739
 31
0.000000
100
AcDbText
 73
0
  0
TEXT
  5
4c3
100
AcDbEntity
  8
Lageplan sonstiges
 62
7
370
18
100
AcDbText
 10
3318871.829087
 20
5810101.834654
 30
0.000000
 40
0.360000
 41
1.000000
  1
48.29
  7
1.8mm gerade
 50
357.106044157410
100
AcDbText
  0
TEXT
  5
4c5
100
AcDbEntity
  8
Lageplan sonstiges
 62
7
370
18
100
AcDbText
 10
3318871.459423
 20
5810126.261792
 30
0.000000
 40
0.360000
 41
1.000000
  1
48.80
  7
1.8mm gerade
 50
357.106044157410
 72
2
 11
3318872.538045
 21
5810126.207265
 31
0.000000
100
AcDbText
 73
0
  0
TEXT
  5
4c7
100
AcDbEntity
  8
Lageplan sonstiges
 62
7
370
18
100
AcDbText
 10
3318853.623542
 20
5810083.022174
 30
0.000000
 40
0.360000
 41
1.000000
  1
48.89
  7
1.8mm gerade
 50
357.106044157410
 72
1
 11
3318854.162853
 21
5810082.994911
 31
0.000000
100
AcDbText
 73
0
  0
TEXT
  5
4c9
100
AcDbEntity
  8
Lageplan sonstiges
 62
7
370
18
100
AcDbText
 10
3318854.695556
 20
5810068.424340
 30
0.000000
 40
0.360000
 41
1.000000
  1
48.23
  7
1.8mm gerade
 50
357.106044158755
 72
0
 11
3318854.704644
 21
5810068.604111
 31
0.000000
100
AcDbText
 73
2
  0
TEXT
  5
4cb
100
AcDbEntity
  8
Lageplan sonstiges
 62
7
370
18
100
AcDbText
 10
3318902.080041
 20
5810058.646216
 30
0.000000
 40
0.440000
 41
1.000000
  1
48.16
  7
1.8mm gerade
 50
357.106044158755
 72
2
 11
3318903.376628
 21
5810059.021233
 31
0.000000
100
AcDbText
 73
3
  0
TEXT
  5
4cd
100
AcDbEntity
  8
Lageplan sonstiges
 62
7
370
18
100
AcDbText
 10
3318884.637960
 20
5810059.436184
 30
0.000000
 40
0.360000
 41
1.000000
  1
48.18
  7
1.8mm gerade
 50
357.106044157410
 72
2
 11
3318885.698805
 21
5810059.743015
 31
0.000000
100
AcDbText
 73
3
  0
TEXT
  5
4cf
100
AcDbEntity
  8
Lageplan sonstiges
 62
7
370
18
100
AcDbText
 10
3318849.028519
 20
5810061.123607
 30
0.000000
 40
0.360000
 41
1.000000
  1
48.06
  7
1.8mm gerade
 50
357.106044105513
 72
2
 11
3318850.125317
 21
5810061.428621
 31
0.000000
100
AcDbText
 73
3
  0
TEXT
  5
4d1
100
AcDbEntity
  8
Lageplan sonstiges
 62
7
370
18
100
AcDbText
 10
3318868.210681
 20
5810059.577817
 30
0.000000
 40
0.360000
 41
1.000000
  1
48.11
  7
1.8mm gerade
 50
357.106044157410
 72
0
 11
3318868.228856
 21
5810059.937357
 31
0.000000
100
AcDbText
 73
3
  0
TEXT
  5
4d3
100
AcDbEntity
  8
Lageplan sonstiges
 62
7
370
18
100
AcDbText
 10
3318832.470044
 20
5810062.008780
 30
0.000000
 40
0.360000
 41
1.000000
  1
48.01
  7
1.8mm gerade
 50
357.106044157410
 72
0
 11
3318832.488219
 21
5810062.368321
 31
0.000000
100
AcDbText
 73
3
  0
TEXT
  5
4d5
100
AcDbEntity
  8
Lageplan sonstiges
 62
7
370
18
100
AcDbText
 10
3318809.566294
 20
5810063.115847
 30
0.000000
 40
0.360000
 41
1.000000
  1
47.90
  7
1.8mm gerade
 50
357.106044158755
 72
0
 11
3318809.584469
 21
5810063.475388
 31
0.000000
100
AcDbText
 73
3
  0
TEXT
  5
4d7
100
AcDbEntity
  8
Lageplan sonstiges
 62
7
370
18
100
AcDbText
 10
3318779.239862
 20
5810065.029793
 30
0.000000
 40
0.360000
 41
1.000000
  1
47.87
  7
1.8mm gerade
 50
357.106044158755
 72
2
 11
3318780.390392
 21
5810064.971632
 31
0.000000
100
AcDbText
 73
0
  0
TEXT
  5
4d9
100
AcDbEntity
  8
Lageplan sonstiges
 62
7
370
18
100
AcDbText
 10
3318797.318686
 20
5810063.603004
 30
0.000000
 40
0.360000
 41
1.000000
  1
47.90
  7
1.8mm gerade
 50
357.106044157410
 72
0
 11
3318797.336862
 21
5810063.962545
 31
0.000000
100
AcDbText
 73
3
  0
TEXT
  5
4db
100
AcDbEntity
  8
Lageplan sonstiges
 62
7
370
18
100
AcDbText
 10
3318842.067026
 20
5810073.845208
 30
0.000000
 40
0.360000
 41
1.000000
  1
48.02
  7
1.8mm gerade
 50
357.106044105513
 72
0
 11
3318842.085202
 21
5810074.204748
 31
0.000000
100
AcDbText
 73
3
  0
TEXT
  5
4dd
100
AcDbEntity
  8
Lageplan sonstiges
 62
7
370
18
100
AcDbText
 10
3318819.341456
 20
5810074.804431
 30
0.000000
 40
0.360000
 41
1.000000
  1
47.99
  7
1.8mm gerade
 50
357.106044158755
 72
2
 11
3318820.474208
 21
5810075.107628
 31
0.000000
100
AcDbText
 73
3
  0
TEXT
  5
4df
100
AcDbEntity
  8
Lageplan sonstiges
 62
7
370
18
100
AcDbText
 10
3318816.218802
 20
5810077.803652
 30
0.000000
 40
0.360000
 41
1.000000
  1
48.08
  7
1.8mm gerade
 50
357.106044157410
 72
2
 11
3318817.315600
 21
5810078.108666
 31
0.000000
100
AcDbText
 73
3
  0
TEXT
  5
4e1
100
AcDbEntity
  8
Lageplan sonstiges
 62
7
370
18
100
AcDbText
 10
3318806.960543
 20
5810077.561490
 30
0.000000
 40
0.360000
 41
1.000000
  1
47.90
  7
1.8mm gerade
 50
357.106044157410
 72
0
 11
3318806.969631
 21
5810077.741261
 31
0.000000
100
AcDbText
 73
2
  0
TEXT
  5
4e3
100
AcDbEntity
  8
Lageplan sonstiges
 62
7
370
18
100
AcDbText
 10
3318792.557412
 20
5810077.206587
 30
0.000000
 40
0.360000
 41
1.000000
  1
47.83
  7
1.8mm gerade
 50
357.106044157410
100
AcDbText
  0
TEXT
  5
4e5
100
AcDbEntity
  8
Lageplan sonstiges
 62
7
370
18
100
AcDbText
 10
3318781.511591
 20
5810079.873952
 30
0.000000
 40
0.360000
 41
1.000000
  1
47.85
  7
1.8mm gerade
 50
357.106044158755
 72
2
 11
3318782.644343
 21
5810080.177148
 31
0.000000
100
AcDbText
 73
3
  0
TEXT
  5
4e7
100
AcDbEntity
  8
Lageplan sonstiges
 62
7
370
18
100
AcDbText
 10
3318785.841420
 20
5810082.532626
 30
0.000000
 40
0.360000
 41
1.000000
  1
47.89
  7
1.8mm gerade
 50
357.106044158755
100
AcDbText
  0
TEXT
  5
4e9
100
AcDbEntity
  8
Lageplan sonstiges
 62
7
370
18
100
AcDbText
 10
3318817.405126
 20
5810083.474782
 30
0.000000
 40
0.360000
 41
1.000000
  1
48.80
  7
1.8mm gerade
 50
357.106044158755
 72
2
 11
3318818.501924
 21
5810083.779796
 31
0.000000
100
AcDbText
 73
3
  0
TEXT
  5
4eb
100
AcDbEntity
  8
Lageplan sonstiges
 62
7
370
18
100
AcDbText
 10
3318820.128538
 20
5810099.318442
 30
0.000000
 40
0.360000
 41
1.000000
  1
48.87
  7
1.8mm gerade
 50
357.106044105513
100
AcDbText
  0
TEXT
  5
4ed
100
AcDbEntity
  8
Lageplan sonstiges
 62
7
370
18
100
AcDbText
 10
3318816.838374
 20
5810099.322391
 30
0.000000
 40
0.360000
 41
1.000000
  1
48.87
  7
1.8mm gerade
 50
357.106044158755
100
AcDbText
  0
MTEXT
  5
4ef
100
AcDbEntity
  8
sonstige Leitungen TW_SW_RW_El
 62
7
370
25
100
AcDbMText
  7
2.5mm gerade
 10
3318789.637330
 20
5810101.036311
 30
0.000000
 40
0.400000
 41
0.000000
 71
1
 72
1
 44
0.690000
  1
SW-Schacht\PDeckeloberkante:48.84
 11
0.998725
 21
-0.050488
 31
0.000000
  0
TEXT
  5
4f1
100
AcDbEntity
  8
Lageplan sonstiges
 62
7
370
18
100
AcDbText
 10
3318805.613424
 20
5810098.536230
 30
0.000000
 40
0.360000
 41
1.000000
  1
48.67
  7
1.8mm gerade
 50
357.106044158755
 72
1
 11
3318806.188888
 21
5810098.867599
 31
0.000000
100
AcDbText
 73
3
  0
TEXT
  5
4f3
100
AcDbEntity
  8
Lageplan sonstiges
 62
7
370
18
100
AcDbText
 10
3318800.754419
 20
5810098.738649
 30
0.000000
 40
0.360000
 41
1.000000
  1
48.66
  7
1.8mm gerade
 50
357.106044158755
 72
1
 11
3318801.311906
 21
5810099.070927
 31
0.000000
100
AcDbText
 73
3
  0
TEXT
  5
4f5
100
AcDbEntity
  8
Lageplan sonstiges
 62
7
370
18
100
AcDbText
 10
3318814.654198
 20
5810096.051524
 30
0.000000
 40
0.360000
 41
1.000000
  1
49.50
  7
1.8mm gerade
 50
357.106044158755
 72
2
 11
3318815.741908
 21
5810096.176768
 31
0.000000
100
AcDbText
 73
2
  0
TEXT
  5
4f7
100
AcDbEntity
  8
Lageplan sonstiges
 62
7
370
18
100
AcDbText
 10
3318809.824929
 20
5810084.771713
 30
0.000000
 40
0.360000
 41
1.000000
  1
49.50
  7
1.8mm gerade
 50
357.106044104167
 72
2
 11
3318810.912639
 21
5810084.896956
 31
0.000000
100
AcDbText
 73
2
  0
TEXT
  5
4f9
100
AcDbEntity
  8
Beschriftumg +Trassierung
 62
7
370
25
100
AcDbText
 10
3318794.739563
 20
5810082.097903
 30
0.000000
 40
0.480000
 41
1.000000
  1
3.5
  7
2.6 mm rechts
 50
87.205500578057
 51
15.000035076525
 72
1
 11
3318794.760143
 21
5810082.519517
 31
0.000000
100
AcDbText
 73
0
  0
TEXT
  5
4fb
100
AcDbEntity
  8
Fernwärmeleitung
 62
7
370
35
100
AcDbText
 10
3318809.651460
 20
5810097.290500
 30
0.000000
 40
0.700000
 41
1.000000
  1
VR
  7
3.5mm gerade
 50
357.106044158755
100
AcDbText
  0
TEXT
  5
4fd
100
AcDbEntity
  8
Fernwärmeleitung
 62
7
370
35
100
AcDbText
 10
3318825.841705
 20
5810108.224239
 30
0.000000
 40
0.700000
 41
1.000000
  1
RV
  7
3.5mm gerade
 50
357.106044105513
100
AcDbText
  0
TEXT
  5
4ff
100
AcDbEntity
  8
Fernwärmeleitung
 62
7
370
35
100
AcDbText
 10
3318862.717828
 20
5810106.986626
 30
0.000000
 40
0.700000
 41
1.000000
  1
RV
  7
3.5mm gerade
 50
357.106044158755
100
AcDbText
  0
TEXT
  5
501
100
AcDbEntity
  8
Fernwärmeleitung
 62
7
370
35
100
AcDbText
 10
3318882.499439
 20
5810131.510574
 30
0.000000
 40
0.700000
 41
1.000000
  1
RV
  7
3.5mm gerade
 50
357.106044158755
100
AcDbText
  0
TEXT
  5
503
100
AcDbEntity
  8
Fernwärmeleitung
 62
7
370
35
100
AcDbText
 10
3318876.300793
 20
5810094.246346
 30
0.000000
 40
0.700000
 41
1.000000
  1
VR
  7
3.5mm gerade
 50
357.106044157410
100
AcDbText
  0
TEXT
  5
505
100
AcDbEntity
  8
Lageplan sonstiges
 62
7
370
18
100
AcDbText
 10
3318881.108066
 20
5810131.064450
 30
0.000000
 40
0.360000
 41
1.000000
  1
49.35
  7
1.8mm gerade
 50
357.106044158755
 72
2
 11
3318882.186689
 21
5810131.009923
 31
0.000000
100
AcDbText
 73
0
  0
TEXT
  5
507
100
AcDbEntity
  8
Lageplan sonstiges
 62
7
370
18
100
AcDbText
 10
3318876.563875
 20
5810131.250959
 30
0.000000
 40
0.360000
 41
1.000000
  1
49.34
  7
1.8mm gerade
 50
357.106044158755
 72
1
 11
3318877.121163
 21
5810131.222787
 31
0.000000
100
AcDbText
 73
0
  0
TEXT
  5
509
100
AcDbEntity
  8
Lageplan sonstiges
 62
7
370
18
100
AcDbText
 10
3318873.390563
 20
5810131.346332
 30
0.000000
 40
0.360000
 41
1.000000
  1
49.34
  7
1.8mm gerade
 50
357.106044158755
 72
1
 11
3318873.947852
 21
5810131.318160
 31
0.000000
100
AcDbText
 73
0
  0
TEXT
  5
50b
100
AcDbEntity
  8
Rohroberkante
 62
212
370
25
100
AcDbText
 10
3318882.841661
 20
5810127.903205
 30
0.000000
 40
0.400000
 41
1.000000
  1
ROK:47.74
  7
2.0 mm rechts lila
 50
87.126253310920
 51
15.000035076525
 72
2
 11
3318882.969182
 21
5810130.443534
 31
0.000000
100
AcDbText
 73
0
  0
TEXT
  5
50d
100
AcDbEntity
  8
Rohroberkante
 62
212
370
25
100
AcDbText
 10
3318880.449581
 20
5810124.586267
 30
0.000000
 40
0.400000
 41
1.000000
  1
ROK:47.00
  7
2.0 mm rechts lila
 50
358.243791026308
 51
15.000035076525
 72
2
 11
3318882.924210
 21
5810124.910580
 31
0.000000
100
AcDbText
 73
3
  0
TEXT
  5
50f
100
AcDbEntity
  8
Rohroberkante
 62
212
370
25
100
AcDbText
 10
3318883.294933
 20
5810125.488764
 30
0.000000
 40
0.400000
 41
1.000000
  1
ROK:47.70
  7
2.0 mm rechts lila
 50
358.243791027125
 51
15.000035076525
100
AcDbText
  0
TEXT
  5
511
100
AcDbEntity
  8
Rohroberkante
 62
212
370
25
100
AcDbText
 10
3318874.734385
 20
5810126.085572
 30
0.000000
 40
0.400000
 41
1.000000
  1
ROK:47.19
  7
2.0 mm rechts lila
 50
356.680059269452
 51
15.000035076525
100
AcDbText
  0
TEXT
  5
513
100
AcDbEntity
  8
Rohroberkante
 62
212
370
25
100
AcDbText
 10
3318863.135152
 20
5810103.497532
 30
0.000000
 40
0.400000
 41
1.000000
  1
ROK:47.97
  7
2.0 mm rechts lila
 50
88.334649622784
 51
15.000035076525
 72
2
 11
3318863.207909
 21
5810106.000002
 31
0.000000
100
AcDbText
 73
0
  0
TEXT
  5
515
100
AcDbEntity
  8
Rohroberkante
 62
212
370
25
100
AcDbText
 10
3318860.361934
 20
5810100.490596
 30
0.000000
 40
0.400000
 41
1.000000
  1
ROK:47.54
  7
2.0 mm rechts lila
 50
357.776201451616
 51
15.000035076525
 72
1
 11
3318861.612756
 21
5810100.442024
 31
0.000000
100
AcDbText
 73
0
  0
TEXT
  5
517
100
AcDbEntity
  8
Rohroberkante
 62
212
370
25
100
AcDbText
 10
3318850.380234
 20
5810100.785318
 30
0.000000
 40
0.400000
 41
1.000000
  1
ROK:47.32
  7
2.0 mm rechts lila
 50
357.776201398346
 51
15.000035076525
100
AcDbText
  0
TEXT
  5
519
100
AcDbEntity
  8
Rohroberkante
 62
212
370
25
100
AcDbText
 10
3318863.084216
 20
5810099.069694
 30
0.000000
 40
0.400000
 41
1.000000
  1
ROK:47.29
  7
2.0 mm rechts lila
 50
357.776201451616
 51
15.000035076525
 72
1
 11
3318864.350558
 21
5810099.420820
 31
0.000000
100
AcDbText
 73
3
  0
TEXT
  5
51b
100
AcDbEntity
  8
Rohroberkante
 62
212
370
25
100
AcDbText
 10
3318872.241360
 20
5810098.735279
 30
0.000000
 40
0.400000
 41
1.000000
  1
ROK:47.30
  7
2.0 mm rechts lila
 50
357.776201398346
 51
15.000035076525
 72
0
 11
3318872.256881
 21
5810099.134978
 31
0.000000
100
AcDbText
 73
3
  0
TEXT
  5
51d
100
AcDbEntity
  8
Rohroberkante
 62
212
370
25
100
AcDbText
 10
3318870.615848
 20
5810100.096031
 30
0.000000
 40
0.400000
 41
1.000000
  1
ROK:47.56
  7
2.0 mm rechts lila
 50
357.776201398346
 51
15.000035076525
 72
1
 11
3318871.846684
 21
5810100.048235
 31
0.000000
100
AcDbText
 73
0
  0
TEXT
  5
51f
100
AcDbEntity
  8
Rohroberkante
 62
212
370
25
100
AcDbText
 10
3318877.616087
 20
5810096.250312
 30
0.000000
 40
0.400000
 41
1.000000
  1
ROK:47.81
  7
2.0 mm rechts lila
 50
357.776201398346
 51
15.000035076525
100
AcDbText
  0
TEXT
  5
521
100
AcDbEntity
  8
Rohroberkante
 62
212
370
25
100
AcDbText
 10
3318876.556842
 20
5810099.820180
 30
0.000000
 40
0.400000
 41
1.000000
  1
ROK:47.70
  7
2.0 mm rechts lila
 50
357.776201451616
 51
15.000035076525
100
AcDbText
  0
TEXT
  5
523
100
AcDbEntity
  8
Rohroberkante
 62
212
370
25
100
AcDbText
 10
3318874.396840
 20
5810101.616633
 30
0.000000
 40
0.400000
 41
1.000000
  1
ROK:47.22
  7
2.0 mm rechts lila
 50
86.601371547223
 51
15.000035076525
 72
0
 11
3318873.997543
 21
5810101.640346
 31
0.000000
100
AcDbText
 73
3
  0
TEXT
  5
525
100
AcDbEntity
  8
Rohroberkante
 62
212
370
25
100
AcDbText
 10
3318873.780824
 20
5810113.202428
 30
0.000000
 40
0.400000
 41
1.000000
  1
ROK:47.17
  7
2.0 mm rechts lila
 50
86.601371573832
 51
15.000035076525
100
AcDbText
  0
TEXT
  5
527
100
AcDbEntity
  8
Beschriftumg +Trassierung
 62
7
370
25
100
AcDbText
 10
3318881.487714
 20
5810093.688830
 30
0.000000
 40
0.480000
 41
1.000000
  1
 8.3 
  7
2.6 mm rechts
 50
176.698797589256
 51
15.000035076525
100
AcDbText
  0
LINE
  5
528
100
AcDbEntity
  8
Beschriftumg +Trassierung
  6
CONTINUOUS
 62
7
370
25
100
AcDbLine
 10
3318881.685477
 20
5810093.783199
 30
0.000000
 11
3318879.788396
 21
5810093.892624
 31
0.000000
  0
LINE
  5
529
100
AcDbEntity
  8
Beschriftumg +Trassierung
  6
CONTINUOUS
 62
7
370
25
100
AcDbLine
 10
3318881.690452
 20
5810093.869455
 30
0.000000
 11
3318879.793372
 21
5810093.978880
 31
0.000000
  0
LINE
  5
52a
100
AcDbEntity
  8
Beschriftumg +Trassierung
  6
CONTINUOUS
 62
7
370
25
100
AcDbLine
 10
3318879.793372
 20
5810093.978880
 30
0.000000
 11
3318876.896871
 21
5810095.729604
 31
0.000000
  0
TEXT
  5
52c
100
AcDbEntity
  8
Beschriftumg +Trassierung
 62
7
370
25
100
AcDbText
 10
3318881.873227
 20
5810099.178406
 30
0.000000
 40
0.480000
 41
1.000000
  1
%%U 4.8 %%U
  7
2.6 mm rechts
 50
177.117161505945
 51
15.000035076525
100
AcDbText
  0
LINE
  5
52d
100
AcDbEntity
  8
Beschriftumg +Trassierung
  6
CONTINUOUS
 62
7
370
25
100
AcDbLine
 10
3318880.128873
 20
5810099.458491
 30
0.000000
 11
3318876.988846
 21
5810099.177154
 31
0.000000
  0
TEXT
  5
52f
100
AcDbEntity
  8
Beschriftumg +Trassierung
 62
7
370
25
100
AcDbText
 10
3318871.283306
 20
5810098.201394
 30
0.000000
 40
0.480000
 41
1.000000
  1
%%U 0.0 %%U
  7
2.6 mm rechts
 50
266.662719328025
 51
15.000035076525
100
AcDbText
  0
LINE
  5
530
100
AcDbEntity
  8
Beschriftumg +Trassierung
  6
CONTINUOUS
 62
7
370
25
100
AcDbLine
 10
3318871.102809
 20
5810098.404245
 30
0.000000
 11
3318872.151602
 21
5810099.395966
 31
0.000000
  0
TEXT
  5
532
100
AcDbEntity
  8
Beschriftumg +Trassierung
 62
7
370
25
100
AcDbText
 10
3318866.435888
 20
5810105.572295
 30
0.000000
 40
0.480000
 41
1.000000
  1
 8.2 
  7
2.6 mm rechts
 50
357.654949972929
 51
15.000035076525
100
AcDbText
  0
LINE
  5
533
100
AcDbEntity
  8
Beschriftumg +Trassierung
  6
CONTINUOUS
 62
7
370
25
100
AcDbLine
 10
3318866.239728
 20
5810105.474640
 30
0.000000
 11
3318868.186330
 21
5810105.394923
 31
0.000000
  0
LINE
  5
534
100
AcDbEntity
  8
Beschriftumg +Trassierung
  6
CONTINUOUS
 62
7
370
25
100
AcDbLine
 10
3318866.236193
 20
5810105.388312
 30
0.000000
 11
3318868.182795
 21
5810105.308595
 31
0.000000
  0
LINE
  5
535
100
AcDbEntity
  8
Beschriftumg +Trassierung
  6
CONTINUOUS
 62
7
370
25
100
AcDbLine
 10
3318866.236193
 20
5810105.388312
 30
0.000000
 11
3318863.721634
 21
5810106.156037
 31
0.000000
  0
TEXT
  5
537
100
AcDbEntity
  8
Beschriftumg +Trassierung
 62
7
370
25
100
AcDbText
 10
3318865.467744
 20
5810100.522618
 30
0.000000
 40
0.480000
 41
1.000000
  1
%%U 1.7 %%U
  7
2.6 mm rechts
 50
359.069848869376
 51
15.000035076525
100
AcDbText
  0
LINE
  5
538
100
AcDbEntity
  8
Beschriftumg +Trassierung
  6
CONTINUOUS
 62
7
370
25
100
AcDbLine
 10
3318865.272652
 20
5810100.333760
 30
0.000000
 11
3318863.571408
 21
5810099.704197
 31
0.000000
  0
TEXT
  5
53a
100
AcDbEntity
  8
Beschriftumg +Trassierung
 62
7
370
25
100
AcDbText
 10
3318863.336302
 20
5810096.828549
 30
0.000000
 40
0.480000
 41
1.000000
  1
%%U 0.0 %%U
  7
2.6 mm rechts
 50
357.290532497860
 51
15.000035076525
100
AcDbText
  0
LINE
  5
53b
100
AcDbEntity
  8
Beschriftumg +Trassierung
  6
CONTINUOUS
 62
7
370
25
100
AcDbLine
 10
3318863.135441
 20
5810096.645840
 30
0.000000
 11
3318861.894988
 21
5810099.694806
 31
0.000000
  0
TEXT
  5
53d
100
AcDbEntity
  8
Beschriftumg +Trassierung
 62
7
370
25
100
AcDbText
 10
3318886.471269
 20
5810129.451413
 30
0.000000
 40
0.480000
 41
1.000000
  1
 86.1 
  7
2.6 mm rechts
 50
357.566736628626
 51
15.000035076525
100
AcDbText
  0
LINE
  5
53e
100
AcDbEntity
  8
Beschriftumg +Trassierung
  6
CONTINUOUS
 62
7
370
25
100
AcDbLine
 10
3318886.274959
 20
5810129.354060
 30
0.000000
 11
3318888.461219
 21
5810129.261157
 31
0.000000
  0
LINE
  5
53f
100
AcDbEntity
  8
Beschriftumg +Trassierung
  6
CONTINUOUS
 62
7
370
25
100
AcDbLine
 10
3318886.271291
 20
5810129.267738
 30
0.000000
 11
3318888.457551
 21
5810129.174835
 31
0.000000
  0
LINE
  5
540
100
AcDbEntity
  8
Beschriftumg +Trassierung
  6
CONTINUOUS
 62
7
370
25
100
AcDbLine
 10
3318886.271291
 20
5810129.267738
 30
0.000000
 11
3318883.412316
 21
5810130.529745
 31
0.000000
  0
TEXT
  5
542
100
AcDbEntity
  8
Beschriftumg +Trassierung
 62
7
370
25
100
AcDbText
 10
3318886.173757
 20
5810123.561369
 30
0.000000
 40
0.480000
 41
1.000000
  1
%%U 80.7 %%U
  7
2.6 mm rechts
 50
357.952817981261
 51
15.000035076525
100
AcDbText
  0
LINE
  5
543
100
AcDbEntity
  8
Beschriftumg +Trassierung
  6
CONTINUOUS
 62
7
370
25
100
AcDbLine
 10
3318885.975020
 20
5810123.376350
 30
0.000000
 11
3318883.191549
 21
5810125.124692
 31
0.000000
  0
TEXT
  5
545
100
AcDbEntity
  8
Beschriftumg +Trassierung
 62
7
370
25
100
AcDbText
 10
3318830.206867
 20
5810106.722202
 30
0.000000
 40
0.480000
 41
1.000000
  1
 10.8 
  7
2.6 mm rechts
 50
357.106044158755
 51
15.000035076525
100
AcDbText
  0
LINE
  5
546
100
AcDbEntity
  8
Beschriftumg +Trassierung
  6
CONTINUOUS
 62
7
370
25
100
AcDbLine
 10
3318830.009780
 20
5810106.626430
 30
0.000000
 11
3318832.195223
 21
5810106.515952
 31
0.000000
  0
LINE
  5
547
100
AcDbEntity
  8
Beschriftumg +Trassierung
  6
CONTINUOUS
 62
7
370
25
100
AcDbLine
 10
3318830.005418
 20
5810106.540140
 30
0.000000
 11
3318832.190861
 21
5810106.429662
 31
0.000000
  0
LINE
  5
548
100
AcDbEntity
  8
Beschriftumg +Trassierung
  6
CONTINUOUS
 62
7
370
25
100
AcDbLine
 10
3318830.005418
 20
5810106.540140
 30
0.000000
 11
3318826.861128
 21
5810107.661897
 31
0.000000
  0
TEXT
  5
54a
100
AcDbEntity
  8
Beschriftumg +Trassierung
 62
7
370
25
100
AcDbText
 10
3318829.705991
 20
5810100.689349
 30
0.000000
 40
0.480000
 41
1.000000
  1
%%U 3.7 %%U
  7
2.6 mm rechts
 50
357.106044157410
 51
15.000035076525
100
AcDbText
  0
LINE
  5
54b
100
AcDbEntity
  8
Beschriftumg +Trassierung
  6
CONTINUOUS
 62
7
370
25
100
AcDbLine
 10
3318829.504542
 20
5810100.507287
 30
0.000000
 11
3318826.641116
 21
5810100.552054
 31
0.000000
  0
TEXT
  5
54d
100
AcDbEntity
  8
Beschriftumg +Trassierung
 62
7
370
25
100
AcDbText
 10
3318829.693457
 20
5810098.629562
 30
0.000000
 40
0.480000
 41
1.000000
  1
%%U 1.7 %%U
  7
2.6 mm rechts
 50
357.106044158755
 51
15.000035076525
100
AcDbText
  0
LINE
  5
54e
100
AcDbEntity
  8
Beschriftumg +Trassierung
  6
CONTINUOUS
 62
7
370
25
100
AcDbLine
 10
3318829.492008
 20
5810098.447501
 30
0.000000
 11
3318824.739461
 21
5810100.533988
 31
0.000000
  0
TEXT
  5
550
100
AcDbEntity
  8
Beschriftumg +Trassierung
 62
7
370
25
100
AcDbText
 10
3318874.267062
 20
5810129.633931
 30
0.000000
 40
0.480000
 41
1.000000
  1
%%U 72.7 %%U
  7
2.6 mm rechts
 50
265.459294866889
 51
15.000035076525
100
AcDbText
  0
LINE
  5
551
100
AcDbEntity
  8
Beschriftumg +Trassierung
  6
CONTINUOUS
 62
7
370
25
100
AcDbLine
 10
3318873.902428
 20
5810127.467766
 30
0.000000
 11
3318875.183124
 21
5810125.448258
 31
0.000000
  0
TEXT
  5
553
100
AcDbEntity
  8
Beschriftumg +Trassierung
 62
7
370
25
100
AcDbText
 10
3318876.400899
 20
5810122.843236
 30
0.000000
 40
0.480000
 41
1.000000
  1
%%U 70.5 %%U
  7
2.6 mm rechts
 50
357.123567217714
 51
15.000035076525
100
AcDbText
  0
LINE
  5
554
100
AcDbEntity
  8
Beschriftumg +Trassierung
  6
CONTINUOUS
 62
7
370
25
100
AcDbLine
 10
3318876.199506
 20
5810122.661113
 30
0.000000
 11
3318874.981524
 21
5810123.261408
 31
0.000000
  0
TEXT
  5
556
100
AcDbEntity
  8
Beschriftumg +Trassierung
 62
7
370
25
100
AcDbText
 10
3318878.047065
 20
5810103.729335
 30
0.000000
 40
0.480000
 41
1.000000
  1
%%U 47.6 %%U
  7
2.6 mm rechts
 50
356.782985661243
 51
15.000035076525
100
AcDbText
  0
LINE
  5
557
100
AcDbEntity
  8
Beschriftumg +Trassierung
  6
CONTINUOUS
 62
7
370
25
100
AcDbLine
 10
3318877.844593
 20
5810103.548412
 30
0.000000
 11
3318873.841131
 21
5810100.336289
 31
0.000000
  0
TEXT
  5
559
100
AcDbEntity
  8
Beschriftumg +Trassierung
 62
7
370
25
100
AcDbText
 10
3318878.042994
 20
5810101.367285
 30
0.000000
 40
0.480000
 41
1.000000
  1
%%U 46.5 %%U
  7
2.6 mm rechts
 50
357.119787325824
 51
15.000035076525
100
AcDbText
  0
LINE
  5
55a
100
AcDbEntity
  8
Beschriftumg +Trassierung
  6
CONTINUOUS
 62
7
370
25
100
AcDbLine
 10
3318877.841589
 20
5810101.185175
 30
0.000000
 11
3318873.695239
 21
5810099.332850
 31
0.000000
  0
TEXT
  5
55c
100
AcDbEntity
  8
Beschriftumg +Trassierung
 62
7
370
25
100
AcDbText
 10
3318872.137318
 20
5810094.109836
 30
0.000000
 40
0.480000
 41
1.000000
  1
%%U 45.0 %%U
  7
2.6 mm rechts
 50
267.633271925173
 51
15.000035076525
100
AcDbText
  0
LINE
  5
55d
100
AcDbEntity
  8
Beschriftumg +Trassierung
  6
CONTINUOUS
 62
7
370
25
100
AcDbLine
 10
3318871.953411
 20
5810094.309601
 30
0.000000
 11
3318872.151602
 21
5810099.395966
 31
0.000000
  0
TEXT
  5
55f
100
AcDbEntity
  8
Beschriftumg +Trassierung
 62
7
370
25
100
AcDbText
 10
3318867.401456
 20
5810094.499906
 30
0.000000
 40
0.480000
 41
1.000000
  1
%%U 39.8 %%U
  7
2.6 mm rechts
 50
268.389772979717
 51
15.000035076525
100
AcDbText
  0
LINE
  5
560
100
AcDbEntity
  8
Beschriftumg +Trassierung
  6
CONTINUOUS
 62
7
370
25
100
AcDbLine
 10
3318867.214927
 20
5810094.697226
 30
0.000000
 11
3318867.002277
 21
5810099.556994
 31
0.000000
  0
TEXT
  5
562
100
AcDbEntity
  8
Beschriftumg +Trassierung
 62
7
370
25
100
AcDbText
 10
3318861.362005
 20
5810094.768657
 30
0.000000
 40
0.480000
 41
1.000000
  1
%%U 34.7 %%U
  7
2.6 mm rechts
 50
267.619513445112
 51
15.000035076525
100
AcDbText
  0
LINE
  5
563
100
AcDbEntity
  8
Beschriftumg +Trassierung
  6
CONTINUOUS
 62
7
370
25
100
AcDbLine
 10
3318861.178146
 20
5810094.968466
 30
0.000000
 11
3318861.894988
 21
5810099.694806
 31
0.000000
  0
TEXT
  5
565
100
AcDbEntity
  8
Beschriftumg +Trassierung
 62
7
370
25
100
AcDbText
 10
3318829.691682
 20
5810097.625661
 30
0.000000
 40
0.480000
 41
1.000000
  1
%%U 0.0 %%U
  7
2.6 mm rechts
 50
357.106044158755
 51
15.000035076525
100
AcDbText
  0
LINE
  5
566
100
AcDbEntity
  8
Beschriftumg +Trassierung
  6
CONTINUOUS
 62
7
370
25
100
AcDbLine
 10
3318829.490233
 20
5810097.443600
 30
0.000000
 11
3318824.425792
 21
5810098.989642
 31
0.000000
  0
TEXT
  5
568
100
AcDbEntity
  8
Beschriftumg +Trassierung
 62
7
370
25
100
AcDbText
 10
3318845.635140
 20
5810097.379044
 30
0.000000
 40
0.480000
 41
1.000000
  1
%%U 20.5 %%U
  7
2.6 mm rechts
 50
357.434568726740
 51
15.000035076525
100
AcDbText
  0
LINE
  5
569
100
AcDbEntity
  8
Beschriftumg +Trassierung
  6
CONTINUOUS
 62
7
370
25
100
AcDbLine
 10
3318847.716682
 20
5810097.093587
 30
0.000000
 11
3318850.648288
 21
5810096.852303
 31
0.000000
  0
TEXT
  5
56b
100
AcDbEntity
  8
Beschriftumg +Trassierung
 62
7
370
25
100
AcDbText
 10
3318849.814189
 20
5810104.412543
 30
0.000000
 40
0.480000
 41
1.000000
  1
%%U 23.8 %%U
  7
2.6 mm rechts
 50
266.401229719845
 51
15.000035076525
100
AcDbText
  0
LINE
  5
56c
100
AcDbEntity
  8
Beschriftumg +Trassierung
  6
CONTINUOUS
 62
7
370
25
100
AcDbLine
 10
3318849.491240
 20
5810102.336487
 30
0.000000
 11
3318851.009438
 21
5810100.058363
 31
0.000000
  0
TEXT
  5
56e
100
AcDbEntity
  8
Beschriftumg +Trassierung
 62
7
370
25
100
AcDbText
 10
3318843.362938
 20
5810083.662780
 30
0.000000
 40
0.480000
 41
1.000000
  1
%%U 3.6 %%U
  7
2.6 mm rechts
 50
357.099875031407
 51
15.000035076525
100
AcDbText
  0
LINE
  5
56f
100
AcDbEntity
  8
Beschriftumg +Trassierung
  6
CONTINUOUS
 62
7
370
25
100
AcDbLine
 10
3318845.059269
 20
5810083.384597
 30
0.000000
 11
3318849.080622
 21
5810079.975600
 31
0.000000
  0
TEXT
  5
571
100
AcDbEntity
  8
Beschriftumg +Trassierung
 62
7
370
25
100
AcDbText
 10
3318843.359085
 20
5810082.301132
 30
0.000000
 40
0.480000
 41
1.000000
  1
%%U 1.7 %%U
  7
2.6 mm rechts
 50
357.125138015081
 51
15.000035076525
100
AcDbText
  0
LINE
  5
572
100
AcDbEntity
  8
Beschriftumg +Trassierung
  6
CONTINUOUS
 62
7
370
25
100
AcDbLine
 10
3318845.055539
 20
5810082.023698
 30
0.000000
 11
3318849.022793
 21
5810078.109161
 31
0.000000
  0
TEXT
  5
574
100
AcDbEntity
  8
Beschriftumg +Trassierung
 62
7
370
25
100
AcDbText
 10
3318851.117933
 20
5810080.482204
 30
0.000000
 40
0.480000
 41
1.000000
  1
%%U 0.0 %%U
  7
2.6 mm rechts
 50
82.863213735105
 51
15.000035076525
100
AcDbText
  0
LINE
  5
575
100
AcDbEntity
  8
Beschriftumg +Trassierung
  6
CONTINUOUS
 62
7
370
25
100
AcDbLine
 10
3318851.284591
 20
5810080.267837
 30
0.000000
 11
3318850.579222
 21
5810077.841178
 31
0.000000
  0
TEXT
  5
577
100
AcDbEntity
  8
Beschriftumg +Trassierung
 62
7
370
25
100
AcDbText
 10
3318809.840003
 20
5810099.131992
 30
0.000000
 40
0.480000
 41
1.000000
  1
2,8
  7
2.6 mm rechts
 50
87.609512274574
 51
15.000035076525
100
AcDbText
  0
TEXT
  5
579
100
AcDbEntity
  8
Beschriftumg +Trassierung
 62
7
370
25
100
AcDbText
 10
3318809.633964
 20
5810126.150338
 30
0.000000
 40
0.480000
 41
1.000000
  1
1,8
  7
2.6 mm rechts
 50
357.454622184832
 51
15.000035076525
 72
1
 11
3318810.031688
 21
5810126.132658
 31
0.000000
100
AcDbText
 73
0
  0
TEXT
  5
57b
100
AcDbEntity
  8
Beschriftumg +Trassierung
 62
7
370
25
100
AcDbText
 10
3318816.896212
 20
5810104.497035
 30
0.000000
 40
0.480000
 41
1.000000
  1
%%U 32.2 %%U
  7
2.6 mm rechts
 50
88.487030954251
 51
15.000035076525
100
AcDbText
  0
LINE
  5
57c
100
AcDbEntity
  8
Beschriftumg +Trassierung
  6
CONTINUOUS
 62
7
370
25
100
AcDbLine
 10
3318817.083075
 20
5810104.300032
 30
0.000000
 11
3318816.318980
 21
5810101.275640
 31
0.000000
  0
TEXT
  5
57e
100
AcDbEntity
  8
Beschriftumg +Trassierung
 62
7
370
25
100
AcDbText
 10
3318823.583211
 20
5810103.763889
 30
0.000000
 40
0.480000
 41
1.000000
  1
%%U 23.9 %%U
  7
2.6 mm rechts
 50
87.413503396035
 51
15.000035076525
100
AcDbText
  0
LINE
  5
57f
100
AcDbEntity
  8
Beschriftumg +Trassierung
  6
CONTINUOUS
 62
7
370
25
100
AcDbLine
 10
3318823.766350
 20
5810103.563420
 30
0.000000
 11
3318824.543959
 21
5810100.940481
 31
0.000000
  0
TEXT
  5
581
100
AcDbEntity
  8
Beschriftumg +Trassierung
 62
7
370
25
100
AcDbText
 10
3318826.878601
 20
5810096.598785
 30
0.000000
 40
0.480000
 41
1.000000
  1
%%U 22.0 %%U
  7
2.6 mm rechts
 50
357.106044158755
 51
15.000035076525
100
AcDbText
  0
LINE
  5
582
100
AcDbEntity
  8
Beschriftumg +Trassierung
  6
CONTINUOUS
 62
7
370
25
100
AcDbLine
 10
3318826.677152
 20
5810096.416723
 30
0.000000
 11
3318824.425792
 21
5810098.989642
 31
0.000000
  0
TEXT
  5
584
100
AcDbEntity
  8
Beschriftumg +Trassierung
 62
7
370
25
100
AcDbText
 10
3318819.603654
 20
5810096.246669
 30
0.000000
 40
0.480000
 41
1.000000
  1
%%U 20.9 %%U
  7
2.6 mm rechts
 50
357.106044157410
 51
15.000035076525
100
AcDbText
  0
LINE
  5
585
100
AcDbEntity
  8
Beschriftumg +Trassierung
  6
CONTINUOUS
 62
7
370
25
100
AcDbLine
 10
3318821.683525
 20
5810095.949282
 30
0.000000
 11
3318824.366358
 21
5810097.936050
 31
0.000000
  0
TEXT
  5
587
100
AcDbEntity
  8
Beschriftumg +Trassierung
 62
7
370
25
100
AcDbText
 10
3318817.466666
 20
5810084.398886
 30
0.000000
 40
0.480000
 41
1.000000
  1
%%U 4.2 %%U
  7
2.6 mm rechts
 50
357.106044158755
 51
15.000035076525
100
AcDbText
  0
LINE
  5
588
100
AcDbEntity
  8
Beschriftumg +Trassierung
  6
CONTINUOUS
 62
7
370
25
100
AcDbLine
 10
3318819.258904
 20
5810084.116039
 30
0.000000
 11
3318823.038911
 21
5810081.303379
 31
0.000000
  0
TEXT
  5
58a
100
AcDbEntity
  8
Beschriftumg +Trassierung
 62
7
370
25
100
AcDbText
 10
3318817.347955
 20
5810081.333553
 30
0.000000
 40
0.480000
 41
1.000000
  1
%%U 2.6 %%U
  7
2.6 mm rechts
 50
357.106044158755
 51
15.000035076525
100
AcDbText
  0
LINE
  5
58b
100
AcDbEntity
  8
Beschriftumg +Trassierung
  6
CONTINUOUS
 62
7
370
25
100
AcDbLine
 10
3318819.092255
 20
5810081.053130
 30
0.000000
 11
3318823.061307
 21
5810079.670541
 31
0.000000
  0
TEXT
  5
58d
100
AcDbEntity
  8
Beschriftumg +Trassierung
 62
7
370
25
100
AcDbText
 10
3318826.857899
 20
5810080.467584
 30
0.000000
 40
0.480000
 41
1.000000
  1
%%U 0.0 %%U
  7
2.6 mm rechts
 50
87.146424983304
 51
15.000035076525
100
AcDbText
  0
LINE
  5
58e
100
AcDbEntity
  8
Beschriftumg +Trassierung
  6
CONTINUOUS
 62
7
370
25
100
AcDbLine
 10
3318827.040103
 20
5810080.266264
 30
0.000000
 11
3318825.464415
 21
5810079.340724
 31
0.000000
  0
TEXT
  5
590
100
AcDbEntity
  8
Beschriftumg +Trassierung
 62
7
370
25
100
AcDbText
 10
3318794.098442
 20
5810073.344843
 30
0.000000
 40
0.480000
 41
1.000000
  1
%%U 160.2 %%U
  7
2.6 mm rechts
 50
87.205500607279
 51
15.000035076525
100
AcDbText
  0
LINE
  5
591
100
AcDbEntity
  8
Beschriftumg +Trassierung
  6
CONTINUOUS
 62
7
370
25
100
AcDbLine
 10
3318794.406259
 20
5810075.712885
 30
0.000000
 11
3318794.854566
 21
5810080.756426
 31
0.000000
  0
TEXT
  5
593
100
AcDbEntity
  8
Rohroberkante
 62
212
370
25
100
AcDbText
 10
3318782.906145
 20
5810081.869052
 30
0.000000
 40
0.400000
 41
1.000000
  1
ROK:47.13
  7
2.0 mm rechts lila
 50
357.106044157410
 51
15.000035076525
 72
2
 11
3318785.326582
 21
5810081.746694
 31
0.000000
100
AcDbText
 73
0
  0
TEXT
  5
595
100
AcDbEntity
  8
Rohroberkante
 62
212
370
25
100
AcDbText
 10
3318827.365629
 20
5810104.820372
 30
0.000000
 40
0.400000
 41
1.000000
  1
ROK:47.60
  7
2.0 mm rechts lila
 50
88.526519227029
 51
15.000035076525
 72
2
 11
3318827.029109
 21
5810107.293371
 31
0.000000
100
AcDbText
 73
3
  0
TEXT
  5
597
100
AcDbEntity
  8
Rohroberkante
 62
212
370
25
100
AcDbText
 10
3318824.921812
 20
5810095.842985
 30
0.000000
 40
0.400000
 41
1.000000
  1
ROK:47.50
  7
2.0 mm rechts lila
 50
88.526519227029
 51
15.000035076525
 72
2
 11
3318824.585292
 21
5810098.315984
 31
0.000000
100
AcDbText
 73
3
  0
TEXT
  5
599
100
AcDbEntity
  8
Rohroberkante
 62
212
370
25
100
AcDbText
 10
3318821.057767
 20
5810101.374301
 30
0.000000
 40
0.400000
 41
1.000000
  1
ROK:47.54
  7
2.0 mm rechts lila
 50
358.146429630212
 51
15.000035076525
 72
2
 11
3318823.559985
 21
5810101.293324
 31
0.000000
100
AcDbText
 73
0
  0
TEXT
  5
59b
100
AcDbEntity
  8
Rohroberkante
 62
212
370
25
100
AcDbText
 10
3318826.416848
 20
5810099.876054
 30
0.000000
 40
0.400000
 41
1.000000
  1
ROK:47.66
  7
2.0 mm rechts lila
 50
356.566366024271
 51
15.000035076525
 72
0
 11
3318826.440805
 21
5810100.275336
 31
0.000000
100
AcDbText
 73
3
  0
MTEXT
  5
59d
100
AcDbEntity
  8
Beschriftumg +Trassierung
 62
7
370
25
100
AcDbMText
  7
2.5mm gerade
 10
3318802.264498
 20
5810131.830434
 30
0.000000
 40
0.500000
 41
0.000000
 71
7
 72
1
 44
0.690000
  1
Anhebung\P(2x90%%d,50cm)
 11
0.998725
 21
-0.050488
 31
0.000000
  0
LINE
  5
59e
100
AcDbEntity
  8
Beschriftumg +Trassierung
  6
CONTINUOUS
 62
7
370
25
100
AcDbLine
 10
3318806.257885
 20
5810132.588909
 30
0.000000
 11
3318808.728847
 21
5810132.899425
 31
0.000000
  0
TEXT
  5
5a0
100
AcDbEntity
  8
Fernwärmeleitung
 62
7
370
35
100
AcDbText
 10
3318809.698155
 20
5810137.001623
 30
0.000000
 40
0.800000
 41
1.000000
  1
DN40/140
  7
3.5mm gerade
 50
87.106044132134
100
AcDbText
  0
LINE
  5
5a1
100
AcDbEntity
  8
Fernwärmeleitung
  6
CONTINUOUS
 62
7
370
35
100
AcDbLine
 10
3318810.001591
 20
5810136.665875
 30
0.000000
 11
3318808.563427
 21
5810136.738577
 31
0.000000
  0
LINE
  5
5a2
100
AcDbEntity
  8
Fernwärmeleitung
  6
CONTINUOUS
 62
7
370
35
100
AcDbLine
 10
3318808.563427
 20
5810136.738577
 30
0.000000
 11
3318808.834041
 21
5810142.091742
 31
0.000000
  0
LINE
  5
5a3
100
AcDbEntity
  8
Fernwärmeleitung
  6
CONTINUOUS
 62
7
370
35
100
AcDbLine
 10
3318808.834041
 20
5810142.091742
 30
0.000000
 11
3318810.272204
 21
5810142.019040
 31
0.000000
  0
LINE
  5
5a4
100
AcDbEntity
  8
Fernwärmeleitung
  6
CONTINUOUS
 62
7
370
35
100
AcDbLine
 10
3318810.272204
 20
5810142.019040
 30
0.000000
 11
3318810.001591
 21
5810136.665875
 31
0.000000
  0
TEXT
  5
5a6
100
AcDbEntity
  8
Beschriftumg +Trassierung
 62
7
370
25
100
AcDbText
 10
3318810.620646
 20
5810103.454048
 30
0.000000
 40
0.500000
 41
1.000000
  1
Red.:DN50/DN40
  7
2.5mm gerade
 50
86.408603092527
100
AcDbText
  0
TEXT
  5
5a8
100
AcDbEntity
  8
Kataster AMT+Grunddiestbarkeit
 62
7
370
25
100
AcDbText
 10
3318888.647891
 20
5810067.188471
 30
0.000000
 40
0.500000
 41
1.000000
  1
4,0m
  7
2.5mm gerade
 50
267.328847600751
100
AcDbText
  0
LINE
  5
5a9
100
AcDbEntity
  8
Kataster AMT+Grunddiestbarkeit
  6
CONTINUOUS
 62
7
370
25
100
AcDbLine
 10
3318888.495849
 20
5810066.075318
 30
0.000000
 11
3318886.821114
 21
5810063.930765
 31
0.000000
  0
TEXT
  5
5ab
100
AcDbEntity
  8
Beschriftumg +Trassierung
 62
7
370
25
100
AcDbText
 10
3318770.842430
 20
5810091.853039
 30
0.000000
 40
0.480000
 41
1.000000
  1
%%U 190.1 %%U
  7
2.6 mm rechts
 50
88.250830468235
 51
15.000035076525
100
AcDbText
  0
LINE
  5
5ac
100
AcDbEntity
  8
Beschriftumg +Trassierung
  6
CONTINUOUS
 62
7
370
25
100
AcDbLine
 10
3318771.028480
 20
5810091.655268
 30
0.000000
 11
3318770.721131
 21
5810087.733993
 31
0.000000
  0
TEXT
  5
5ae
100
AcDbEntity
  8
Beschriftumg +Trassierung
 62
7
370
25
100
AcDbText
 10
3318752.940449
 20
5810093.705634
 30
0.000000
 40
0.480000
 41
1.000000
  1
%%U 206.5 %%U
  7
2.6 mm rechts
 50
86.278650369441
 51
15.000035076525
100
AcDbText
  0
LINE
  5
5af
100
AcDbEntity
  8
Beschriftumg +Trassierung
  6
CONTINUOUS
 62
7
370
25
100
AcDbLine
 10
3318753.119582
 20
5810093.501577
 30
0.000000
 11
3318754.407911
 21
5810089.185229
 31
0.000000
  0
TEXT
  5
5b1
100
AcDbEntity
  8
Rohroberkante
 62
212
370
25
100
AcDbText
 10
3318771.042842
 20
5810082.485402
 30
0.000000
 40
0.400000
 41
1.000000
  1
ROK:47.07
  7
2.0 mm rechts lila
 50
357.106044157410
 51
15.000035076525
100
AcDbText
  0
TEXT
  5
5b3
100
AcDbEntity
  8
Rohroberkante
 62
212
370
25
100
AcDbText
 10
3318768.087173
 20
5810088.260569
 30
0.000000
 40
0.400000
 41
1.000000
  1
ROK:47.08
  7
2.0 mm rechts lila
 50
355.903276831020
 51
15.000035076525
 72
2
 11
3318770.544407
 21
5810088.084573
 31
0.000000
100
AcDbText
 73
0
  0
TEXT
  5
5b5
100
AcDbEntity
  8
Rohroberkante
 62
212
370
25
100
AcDbText
 10
3318810.898213
 20
5810098.808639
 30
0.000000
 40
0.400000
 41
1.000000
  1
ROK:47.82
  7
2.0 mm rechts lila
 50
357.739318981925
 51
15.000035076525
 72
0
 11
3318810.913992
 21
5810099.208327
 31
0.000000
100
AcDbText
 73
3
  0
TEXT
  5
5b7
100
AcDbEntity
  8
Rohroberkante
 62
212
370
25
100
AcDbText
 10
3318807.705569
 20
5810108.140584
 30
0.000000
 40
0.400000
 41
1.000000
  1
ROK:47.47
  7
2.0 mm rechts lila
 50
87.681602667587
 51
15.000035076525
100
AcDbText
  0
TEXT
  5
5b9
100
AcDbEntity
  8
Rohroberkante
 62
212
370
25
100
AcDbText
 10
3318808.196613
 20
5810119.696274
 30
0.000000
 40
0.400000
 41
1.000000
  1
ROK:47.57
  7
2.0 mm rechts lila
 50
87.681602640953
 51
15.000035076525
100
AcDbText
  0
TEXT
  5
5bb
100
AcDbEntity
  8
Rohroberkante
 62
212
370
25
100
AcDbText
 10
3318808.570137
 20
5810129.290657
 30
0.000000
 40
0.400000
 41
1.000000
  1
ROK:47.59
  7
2.0 mm rechts lila
 50
87.681602665430
 51
15.000035076525
 72
2
 11
3318808.669793
 21
5810131.752169
 31
0.000000
100
AcDbText
 73
0
  0
TEXT
  5
5bd
100
AcDbEntity
  8
Rohroberkante
 62
212
370
25
100
AcDbText
 10
3318806.382984
 20
5810133.838092
 30
0.000000
 40
0.400000
 41
1.000000
  1
ROK:48.12
  7
2.0 mm rechts lila
 50
357.648406809828
 51
15.000035076525
 72
2
 11
3318808.804471
 21
5810133.738651
 31
0.000000
100
AcDbText
 73
0
  0
TEXT
  5
5bf
100
AcDbEntity
  8
Beschriftumg +Trassierung
 62
7
370
25
100
AcDbText
 10
3318809.671219
 20
5810133.899318
 30
0.000000
 40
0.480000
 41
1.000000
  1
1,9
  7
2.6 mm rechts
 50
357.648406863094
 51
15.000035076525
100
AcDbText
  0
TEXT
  5
5c1
100
AcDbEntity
  8
Fernwärmeleitung
 62
7
370
35
100
AcDbText
 10
3318808.483236
 20
5810134.842902
 30
0.000000
 40
0.700000
 41
1.000000
  1
RV
  7
3.5mm gerade
 50
357.106044158755
100
AcDbText
  0
TEXT
  5
5c3
100
AcDbEntity
  8
Beschriftumg +Trassierung
 62
7
370
25
100
AcDbText
 10
3318812.006015
 20
5810132.317467
 30
0.000000
 40
0.480000
 41
1.000000
  1
 72.4 
  7
2.6 mm rechts
 50
357.106044157410
 51
15.000035076525
100
AcDbText
  0
LINE
  5
5c4
100
AcDbEntity
  8
Beschriftumg +Trassierung
  6
CONTINUOUS
 62
7
370
25
100
AcDbLine
 10
3318811.808928
 20
5810132.221695
 30
0.000000
 11
3318814.186126
 21
5810132.101523
 31
0.000000
  0
LINE
  5
5c5
100
AcDbEntity
  8
Beschriftumg +Trassierung
  6
CONTINUOUS
 62
7
370
25
100
AcDbLine
 10
3318811.804566
 20
5810132.135405
 30
0.000000
 11
3318814.181764
 21
5810132.015233
 31
0.000000
  0
LINE
  5
5c6
100
AcDbEntity
  8
Beschriftumg +Trassierung
  6
CONTINUOUS
 62
7
370
25
100
AcDbLine
 10
3318811.804566
 20
5810132.135405
 30
0.000000
 11
3318809.414815
 21
5810133.597233
 31
0.000000
  0
TEXT
  5
5c8
100
AcDbEntity
  8
Beschriftumg +Trassierung
 62
7
370
25
100
AcDbText
 10
3318811.895533
 20
5810130.548516
 30
0.000000
 40
0.480000
 41
1.000000
  1
%%U 71.7 %%U
  7
2.6 mm rechts
 50
357.106044158755
 51
15.000035076525
100
AcDbText
  0
LINE
  5
5c9
100
AcDbEntity
  8
Beschriftumg +Trassierung
  6
CONTINUOUS
 62
7
370
25
100
AcDbLine
 10
3318811.694085
 20
5810130.366454
 30
0.000000
 11
3318809.368494
 21
5810132.884660
 31
0.000000
  0
TEXT
  5
5cb
100
AcDbEntity
  8
Beschriftumg +Trassierung
 62
7
370
25
100
AcDbText
 10
3318803.821698
 20
5810126.344299
 30
0.000000
 40
0.480000
 41
1.000000
  1
%%U 64.8 %%U
  7
2.6 mm rechts
 50
357.106044158755
 51
15.000035076525
100
AcDbText
  0
LINE
  5
5cc
100
AcDbEntity
  8
Beschriftumg +Trassierung
  6
CONTINUOUS
 62
7
370
25
100
AcDbLine
 10
3318805.901569
 20
5810126.046912
 30
0.000000
 11
3318809.136979
 21
5810125.979870
 31
0.000000
  0
TEXT
  5
5ce
100
AcDbEntity
  8
Beschriftumg +Trassierung
 62
7
370
25
100
AcDbText
 10
3318803.971581
 20
5810102.393557
 30
0.000000
 40
0.480000
 41
1.000000
  1
%%U 40.3 %%U
  7
2.6 mm rechts
 50
357.106044158755
 51
15.000035076525
100
AcDbText
  0
LINE
  5
5cf
100
AcDbEntity
  8
Beschriftumg +Trassierung
  6
CONTINUOUS
 62
7
370
25
100
AcDbLine
 10
3318806.051452
 20
5810102.096170
 30
0.000000
 11
3318808.241643
 21
5810101.462828
 31
0.000000
  0
TEXT
  5
5d1
100
AcDbEntity
  8
Beschriftumg +Trassierung
 62
7
370
25
100
AcDbText
 10
3318811.568804
 20
5810104.541711
 30
0.000000
 40
0.480000
 41
1.000000
  1
%%U 38.1 %%U
  7
2.6 mm rechts
 50
87.102658035633
 51
15.000035076525
100
AcDbText
  0
LINE
  5
5d2
100
AcDbEntity
  8
Beschriftumg +Trassierung
  6
CONTINUOUS
 62
7
370
25
100
AcDbLine
 10
3318811.750853
 20
5810104.340252
 30
0.000000
 11
3318810.425601
 21
5810101.350151
 31
0.000000
  0
TEXT
  5
5d4
100
AcDbEntity
  8
Lageplan sonstiges
 62
7
370
18
100
AcDbText
 10
3318811.360505
 20
5810133.505824
 30
0.000000
 40
0.360000
 41
1.000000
  1
48.75
  7
1.8mm gerade
 50
357.106044157410
100
AcDbText
  0
TEXT
  5
5d6
100
AcDbEntity
  8
Lageplan sonstiges
 62
7
370
18
100
AcDbText
 10
3318811.932124
 20
5810126.058376
 30
0.000000
 40
0.360000
 41
1.000000
  1
48.68
  7
1.8mm gerade
 50
357.106044158755
 72
0
 11
3318811.950300
 21
5810126.417917
 31
0.000000
100
AcDbText
 73
3
  0
TEXT
  5
5d8
100
AcDbEntity
  8
Lageplan sonstiges
 62
7
370
18
100
AcDbText
 10
3318810.486634
 20
5810120.652584
 30
0.000000
 40
0.360000
 41
1.000000
  1
48.67
  7
1.8mm gerade
 50
87.106044156064
 72
0
 11
3318810.127093
 21
5810120.670760
 31
0.000000
100
AcDbText
 73
3
  0
TEXT
  5
5da
100
AcDbEntity
  8
Lageplan sonstiges
 62
7
370
18
100
AcDbText
 10
3318810.149248
 20
5810112.273346
 30
0.000000
 40
0.360000
 41
1.000000
  1
48.67
  7
1.8mm gerade
 50
87.106044185377
 72
0
 11
3318809.789707
 21
5810112.291522
 31
0.000000
100
AcDbText
 73
3
  0
TEXT
  5
5dc
100
AcDbEntity
  8
Lageplan sonstiges
 62
7
370
18
100
AcDbText
 10
3318818.135166
 20
5810126.503760
 30
0.000000
 40
0.360000
 41
1.000000
  1
48.86
  7
1.8mm gerade
 50
357.106044160101
 72
1
 11
3318818.692653
 21
5810126.836037
 31
0.000000
100
AcDbText
 73
3
  0
TEXT
  5
5de
100
AcDbEntity
  8
Lageplan sonstiges
 62
7
370
18
100
AcDbText
 10
3318826.007420
 20
5810129.515498
 30
0.000000
 40
0.360000
 41
1.000000
  1
48.77
  7
1.8mm gerade
 50
357.106044158755
 72
0
 11
3318826.016508
 21
5810129.695269
 31
0.000000
100
AcDbText
 73
2
  0
TEXT
  5
5e0
100
AcDbEntity
  8
Lageplan sonstiges
 62
7
370
18
100
AcDbText
 10
3318833.267559
 20
5810130.077751
 30
0.000000
 40
0.360000
 41
1.000000
  1
48.89
  7
1.8mm gerade
 50
357.106044158755
100
AcDbText
  0
TEXT
  5
5e2
100
AcDbEntity
  8
Lageplan sonstiges
 62
7
370
18
100
AcDbText
 10
3318798.867354
 20
5810123.710806
 30
0.000000
 40
0.360000
 41
1.000000
  1
48.65
  7
1.8mm gerade
 50
357.106044160101
 72
1
 11
3318799.406666
 21
5810123.683543
 31
0.000000
100
AcDbText
 73
0
  0
TEXT
  5
5e4
100
AcDbEntity
  8
Lageplan sonstiges
 62
7
370
18
100
AcDbText
 10
3318789.878697
 20
5810130.093120
 30
0.000000
 40
0.360000
 41
1.000000
  1
48.76
  7
1.8mm gerade
 50
357.106044160101
 72
0
 11
3318789.896872
 21
5810130.452661
 31
0.000000
100
AcDbText
 73
3
  0
TEXT
  5
5e6
100
AcDbEntity
  8
Lageplan sonstiges
 62
7
370
18
100
AcDbText
 10
3318791.626748
 20
5810119.115394
 30
0.000000
 40
0.360000
 41
1.000000
  1
48.63
  7
1.8mm gerade
 50
357.106044158755
 72
0
 11
3318791.644924
 21
5810119.474935
 31
0.000000
100
AcDbText
 73
3
  0
TEXT
  5
5e8
100
AcDbEntity
  8
Lageplan sonstiges
 62
7
370
18
100
AcDbText
 10
3318779.584241
 20
5810084.522066
 30
0.000000
 40
0.360000
 41
1.000000
  1
47.93
  7
1.8mm gerade
 50
357.106044160101
 72
2
 11
3318780.716993
 21
5810084.825263
 31
0.000000
100
AcDbText
 73
3
  0
TEXT
  5
5ea
100
AcDbEntity
  8
Lageplan sonstiges
 62
7
370
18
100
AcDbText
 10
3318755.962151
 20
5810083.680482
 30
0.000000
 40
0.360000
 41
1.000000
  1
47.86
  7
1.8mm gerade
 50
357.106044213344
 72
1
 11
3318756.537615
 21
5810084.011851
 31
0.000000
100
AcDbText
 73
3
  0
TEXT
  5
5ec
100
AcDbEntity
  8
Lageplan sonstiges
 62
7
370
18
100
AcDbText
 10
3318756.445288
 20
5810095.900000
 30
0.000000
 40
0.360000
 41
1.000000
  1
48.12
  7
1.8mm gerade
 50
357.106044160101
 72
1
 11
3318756.984600
 21
5810095.872737
 31
0.000000
100
AcDbText
 73
0
  0
TEXT
  5
5ee
100
AcDbEntity
  8
Lageplan sonstiges
 62
7
370
18
100
AcDbText
 10
3318886.482708
 20
5810154.598063
 30
0.000000
 40
0.360000
 41
1.000000
  1
49.48
  7
1.8mm gerade
 50
359.224210468146
100
AcDbText
  0
TEXT
  5
5f0
100
AcDbEntity
  8
Lageplan sonstiges
 62
7
370
18
100
AcDbText
 10
3318871.634729
 20
5810155.534858
 30
0.000000
 40
0.360000
 41
1.000000
  1
49.48
  7
1.8mm gerade
 50
359.229546258935
100
AcDbText
  0
TEXT
  5
5f2
100
AcDbEntity
  8
Lageplan sonstiges
 62
7
370
18
100
AcDbText
 10
3318812.357095
 20
5810158.088194
 30
0.000000
 40
0.360000
 41
1.000000
  1
49.20
  7
1.8mm gerade
 50
358.292656927942
100
AcDbText
  0
TEXT
  5
5f4
100
AcDbEntity
  8
Lageplan sonstiges
 62
7
370
18
100
AcDbText
 10
3318798.795627
 20
5810158.628381
 30
0.000000
 40
0.360000
 41
1.000000
  1
49.14
  7
1.8mm gerade
 50
358.292656927942
100
AcDbText
  0
TEXT
  5
5f6
100
AcDbEntity
  8
Lageplan sonstiges
 62
7
370
18
100
AcDbText
 10
3318833.652049
 20
5810157.228097
 30
0.000000
 40
0.360000
 41
1.000000
  1
49.35
  7
1.8mm gerade
 50
358.292656927942
100
AcDbText
  0
TEXT
  5
5f8
100
AcDbEntity
  8
Lageplan sonstiges
 62
7
370
18
100
AcDbText
 10
3318784.652328
 20
5810104.395281
 30
0.000000
 40
0.360000
 41
1.000000
  1
48.19
  7
1.8mm gerade
 50
358.292656927942
 72
1
 11
3318785.184822
 21
5810104.739568
 31
0.000000
100
AcDbText
 73
3
  0
TEXT
  5
5fa
100
AcDbEntity
  8
Lageplan sonstiges
 62
7
370
18
100
AcDbText
 10
3318758.537560
 20
5810065.499084
 30
0.000000
 40
0.360000
 41
1.000000
  1
47.79
  7
1.8mm gerade
 50
358.588365360253
 72
2
 11
3318759.698079
 21
5810065.830595
 31
0.000000
100
AcDbText
 73
3
  0
TEXT
  5
5fc
100
AcDbEntity
  8
Fernwärmeleitung
 62
7
370
25
100
AcDbText
 10
3318739.006206
 20
5810087.607058
 30
0.000000
 40
0.500000
 41
1.000000
  1
PA(o) DN200/DN65
  7
2.5mm gerade
 50
85.778008710972
100
AcDbText
  0
TEXT
  5
5fe
100
AcDbEntity
  8
Fernwärmeleitung
 62
7
370
35
100
AcDbText
 10
3318739.992803
 20
5810087.759341
 30
0.000000
 40
0.660000
 41
1.000000
  1
KMR DN65/180
  7
3.5mm gerade
 50
86.096953753144
100
AcDbText
  0
LINE
  5
5ff
100
AcDbEntity
  8
Fernwärmeleitung
  6
CONTINUOUS
 62
7
370
35
100
AcDbLine
 10
3318740.238221
 20
5810087.477983
 30
0.000000
 11
3318739.052976
 21
5810087.558848
 31
0.000000
  0
LINE
  5
600
100
AcDbEntity
  8
Fernwärmeleitung
  6
CONTINUOUS
 62
7
370
35
100
AcDbLine
 10
3318739.052976
 20
5810087.558848
 30
0.000000
 11
3318739.497735
 21
5810094.077694
 31
0.000000
  0
LINE
  5
601
100
AcDbEntity
  8
Fernwärmeleitung
  6
CONTINUOUS
 62
7
370
35
100
AcDbLine
 10
3318739.497735
 20
5810094.077694
 30
0.000000
 11
3318740.682979
 21
5810093.996829
 31
0.000000
  0
LINE
  5
602
100
AcDbEntity
  8
Fernwärmeleitung
  6
CONTINUOUS
 62
7
370
35
100
AcDbLine
 10
3318740.682979
 20
5810093.996829
 30
0.000000
 11
3318740.238221
 21
5810087.477983
 31
0.000000
  0
TEXT
  5
604
100
AcDbEntity
  8
Lageplan sonstiges
 62
7
370
18
100
AcDbText
 10
3318742.643695
 20
5810083.091754
 30
0.000000
 40
0.360000
 41
1.000000
  1
48.20
  7
1.8mm gerade
 50
356.408764940319
100
AcDbText
  0
TEXT
  5
606
100
AcDbEntity
  8
Lageplan sonstiges
 62
7
370
18
100
AcDbText
 10
3318719.080366
 20
5810083.440237
 30
0.000000
 40
0.360000
 41
1.000000
  1
48.13
  7
1.8mm gerade
 50
356.408764938650
 72
0
 11
3318719.102916
 21
5810083.799530
 31
0.000000
100
AcDbText
 73
3
  0
TEXT
  5
608
100
AcDbEntity
  8
Lageplan sonstiges
 62
7
370
18
100
AcDbText
 10
3318712.667656
 20
5810067.765006
 30
0.000000
 40
0.360000
 41
1.000000
  1
47.67
  7
1.8mm gerade
 50
356.408764991856
 72
0
 11
3318712.690206
 21
5810068.124299
 31
0.000000
100
AcDbText
 73
3
  0
TEXT
  5
60a
100
AcDbEntity
  8
Lageplan sonstiges
 62
7
370
18
100
AcDbText
 10
3318736.213882
 20
5810066.656488
 30
0.000000
 40
0.360000
 41
1.000000
  1
47.68
  7
1.8mm gerade
 50
356.408764940319
 72
0
 11
3318736.236432
 21
5810067.015781
 31
0.000000
100
AcDbText
 73
3
  0
TEXT
  5
60c
100
AcDbEntity
  8
Lageplan sonstiges
 62
7
370
18
100
AcDbText
 10
3318778.345733
 20
5810091.920745
 30
0.000000
 40
0.360000
 41
1.000000
  1
48.20
  7
1.8mm gerade
 50
356.408764993525
 72
0
 11
3318778.357008
 21
5810092.100391
 31
0.000000
100
AcDbText
 73
2
  0
TEXT
  5
60e
100
AcDbEntity
  8
Rohroberkante
 62
212
370
25
100
AcDbText
 10
3318745.030698
 20
5810084.365749
 30
0.000000
 40
0.400000
 41
1.000000
  1
ROK:46.54
  7
2.0 mm rechts lila
 50
357.100860082219
 51
15.000035076525
 72
2
 11
3318747.511304
 21
5810084.640637
 31
0.000000
100
AcDbText
 73
3
  0
TEXT
  5
610
100
AcDbEntity
  8
Rohroberkante
 62
212
370
25
100
AcDbText
 10
3318737.456752
 20
5810084.696006
 30
0.000000
 40
0.400000
 41
1.000000
  1
ROK:46.45
  7
2.0 mm rechts lila
 50
356.091347240442
 51
15.000035076525
 72
0
 11
3318737.484018
 21
5810085.095076
 31
0.000000
100
AcDbText
 73
3
  0
TEXT
  5
612
100
AcDbEntity
  8
Rohroberkante
 62
212
370
25
100
AcDbText
 10
3318725.951543
 20
5810087.062091
 30
0.000000
 40
0.400000
 41
1.000000
  1
ROK:46.51
  7
2.0 mm rechts lila
 50
357.100860027629
 51
15.000035076525
100
AcDbText
  0
TEXT
  5
614
100
AcDbEntity
  8
Rohroberkante
 62
212
370
25
100
AcDbText
 10
3318714.807509
 20
5810087.322076
 30
0.000000
 40
0.400000
 41
1.000000
  1
ROK:46.52
  7
2.0 mm rechts lila
 50
357.100859974386
 51
15.000035076525
100
AcDbText
  0
TEXT
  5
616
100
AcDbEntity
  8
Rohroberkante
 62
212
370
25
100
AcDbText
 10
3318736.067144
 20
5810086.873925
 30
0.000000
 40
0.400000
 41
1.000000
  1
ROK:46.68
  7
2.0 mm rechts lila
 50
357.106044158755
 51
15.000035076525
 72
2
 11
3318738.487581
 21
5810086.751566
 31
0.000000
100
AcDbText
 73
0
  0
INSERT
  5
67d
100
AcDbEntity
  8
Häuser
 62
255
370
18
100
AcDbBlockReference
  2
*X3
 10
0.000000
 20
0.000000
 30
0.000000
 50
0.000000000000
  0
INSERT
  5
6f1
100
AcDbEntity
  8
Häuser
 62
255
370
18
100
AcDbBlockReference
  2
*X134
 10
0.000000
 20
0.000000
 30
0.000000
 50
0.000000000000
  0
INSERT
  5
759
100
AcDbEntity
  8
Häuser
 62
255
370
18
100
AcDbBlockReference
  2
*X343
 10
0.000000
 20
0.000000
 30
0.000000
 50
0.000000000000
  0
INSERT
  5
7c5
100
AcDbEntity
  8
Häuser
 62
255
370
18
100
AcDbBlockReference
  2
*X547
 10
0.000000
 20
0.000000
 30
0.000000
 50
0.000000000000
  0
INSERT
  5
839
100
AcDbEntity
  8
Häuser
 62
255
370
18
100
AcDbBlockReference
  2
*X574
 10
0.000000
 20
0.000000
 30
0.000000
 50
0.000000000000
  0
INSERT
  5
8a5
100
AcDbEntity
  8
Häuser
 62
255
370
18
100
AcDbBlockReference
  2
*X575
 10
0.000000
 20
0.000000
 30
0.000000
 50
0.000000000000
  0
LINE
  5
8a7
100
AcDbEntity
  8
Kataster AMT+Grunddiestbarkeit
  6
9020
 62
2
370
70
100
AcDbLine
 10
3318941.788433
 20
5810062.811439
 30
0.000000
 11
3318886.761108
 21
5810065.475811
 31
0.000000
  0
LINE
  5
8a9
100
AcDbEntity
  8
Kataster AMT+Grunddiestbarkeit
  6
4
 62
7
370
70
100
AcDbLine
 10
3318706.590950
 20
5810070.220708
 30
0.000000
 11
3318759.943083
 21
5810067.629079
 31
0.000000
  0
LINE
  5
8ab
100
AcDbEntity
  8
sonstige Leitungen TW_SW_RW_El
  6
9023
 62
131
370
70
100
AcDbLine
 10
3318926.492607
 20
5810056.273564
 30
0.000000
 11
3318860.241505
 21
5810059.256462
 31
0.000000
  0
LINE
  5
8ad
100
AcDbEntity
  8
Fernwärmeleitung
  6
60
 62
1
370
50
100
AcDbLine
 10
3318997.893600
 20
5810055.528705
 30
0.000000
 11
3318993.037897
 21
5810055.669144
 31
0.000000
  0
LINE
  5
8ae
100
AcDbEntity
  8
Kataster AMT+Grunddiestbarkeit
  6
4
 62
7
370
70
100
AcDbLine
 10
3318890.330089
 20
5810154.290832
 30
0.000000
 11
3318830.091776
 21
5810156.743462
 31
0.000000
  0
LINE
  5
8af
100
AcDbEntity
  8
Kataster AMT+Grunddiestbarkeit
  6
4
 62
7
370
70
100
AcDbLine
 10
3318705.873326
 20
5810051.040324
 30
0.000000
 11
3318997.221759
 21
5810037.571993
 31
0.000000
  0
LINE
  5
8b0
100
AcDbEntity
  8
Kataster AMT+Grunddiestbarkeit
  6
4
 62
7
370
70
100
AcDbLine
 10
3318785.478186
 20
5810079.525276
 30
0.000000
 11
3318760.469125
 21
5810080.546038
 31
0.000000
  0
LINE
  5
8b1
100
AcDbEntity
  8
Kataster AMT+Grunddiestbarkeit
  6
4
 62
7
370
70
100
AcDbLine
 10
3318788.702685
 20
5810158.428588
 30
0.000000
 11
3318785.478186
 21
5810079.525276
 31
0.000000
  0
LINE
  5
8b2
100
AcDbEntity
  8
Kataster AMT+Grunddiestbarkeit
  6
4
 62
7
370
70
100
AcDbLine
 10
3318805.090945
 20
5810157.761689
 30
0.000000
 11
3318788.702685
 21
5810158.428588
 31
0.000000
  0
LINE
  5
8b3
100
AcDbEntity
  8
Kataster AMT+Grunddiestbarkeit
  6
4
 62
7
370
70
100
AcDbLine
 10
3318830.091776
 20
5810156.743462
 30
0.000000
 11
3318805.090945
 21
5810157.761689
 31
0.000000
  0
LINE
  5
8b4
100
AcDbEntity
  8
Kataster AMT+Grunddiestbarkeit
  6
4
 62
7
370
70
100
AcDbLine
 10
3318849.834530
 20
5810063.261699
 30
0.000000
 11
3318843.250154
 21
5810077.167239
 31
0.000000
  0
LINE
  5
8b5
100
AcDbEntity
  8
Kataster AMT+Grunddiestbarkeit
  6
4
 62
7
370
70
100
AcDbLine
 10
3318872.986489
 20
5810062.137478
 30
0.000000
 11
3318849.834530
 21
5810063.261699
 31
0.000000
  0
LINE
  5
8b6
100
AcDbEntity
  8
Kataster AMT+Grunddiestbarkeit
  6
4
 62
7
370
70
100
AcDbLine
 10
3318843.250154
 20
5810077.167239
 30
0.000000
 11
3318785.478186
 21
5810079.525276
 31
0.000000
  0
LINE
  5
8b7
100
AcDbEntity
  8
Kataster AMT+Grunddiestbarkeit
  6
4
 62
7
370
70
100
AcDbLine
 10
3318886.600392
 20
5810061.476341
 30
0.000000
 11
3318872.986489
 21
5810062.137478
 31
0.000000
  0
LINE
  5
8b8
100
AcDbEntity
  8
Kataster AMT+Grunddiestbarkeit
  6
4
 62
7
370
70
100
AcDbLine
 10
3318890.330089
 20
5810154.290832
 30
0.000000
 11
3318886.600392
 21
5810061.476341
 31
0.000000
  0
LINE
  5
8b9
100
AcDbEntity
  8
Kataster AMT+Grunddiestbarkeit
  6
4
 62
7
370
70
100
AcDbLine
 10
3318941.029730
 20
5810058.831486
 30
0.000000
 11
3318886.600392
 21
5810061.476341
 31
0.000000
  0
LINE
  5
8ba
100
AcDbEntity
  8
Kataster AMT+Grunddiestbarkeit
  6
9020
 62
2
370
70
100
AcDbLine
 10
3318941.675877
 20
5810058.810324
 30
0.000000
 11
3318941.788433
 21
5810062.811439
 31
0.000000
  0
LINE
  5
8bb
100
AcDbEntity
  8
Kataster AMT+Grunddiestbarkeit
  6
4
 62
7
370
70
100
AcDbLine
 10
3318760.469125
 20
5810080.546038
 30
0.000000
 11
3318759.943083
 21
5810067.629079
 31
0.000000
  0
LINE
  5
8bc
100
AcDbEntity
  8
Kataster AMT+Grunddiestbarkeit
  6
4
 62
7
370
70
100
AcDbLine
 10
3318849.834530
 20
5810063.261699
 30
0.000000
 11
3318759.943083
 21
5810067.629079
 31
0.000000
  0
LINE
  5
8be
100
AcDbEntity
  8
sonstige Leitungen TW_SW_RW_El
  6
14
 62
1
370
25
100
AcDbLine
 10
3318877.614585
 20
5810059.877739
 30
0.000000
 11
3318883.071754
 21
5810059.574058
 31
0.000000
  0
LINE
  5
8bf
100
AcDbEntity
  8
sonstige Leitungen TW_SW_RW_El
  6
9020
 62
2
370
70
100
AcDbLine
 10
3318796.721361
 20
5810063.035133
 30
0.000000
 11
3318783.512989
 21
5810063.589855
 31
0.000000
  0
LINE
  5
8c0
100
AcDbEntity
  8
sonstige Leitungen TW_SW_RW_El
  6
14
 62
1
370
25
100
AcDbLine
 10
3318878.085023
 20
5810062.774682
 30
0.000000
 11
3318877.614585
 21
5810059.877739
 31
0.000000
  0
LINE
  5
8c1
100
AcDbEntity
  8
sonstige Leitungen TW_SW_RW_El
  6
9020
 62
2
370
70
100
AcDbLine
 10
3318796.721361
 20
5810063.035133
 30
0.000000
 11
3318806.330910
 21
5810062.610885
 31
0.000000
  0
LINE
  5
8c2
100
AcDbEntity
  8
sonstige Leitungen TW_SW_RW_El
  6
9020
 62
2
370
70
100
AcDbLine
 10
3318796.721361
 20
5810063.035133
 30
0.000000
 11
3318797.660769
 21
5810084.148016
 31
0.000000
  0
LINE
  5
8c3
100
AcDbEntity
  8
sonstige Leitungen TW_SW_RW_El
  6
9023
 62
131
370
70
100
AcDbLine
 10
3318809.530525
 20
5810061.570351
 30
0.000000
 11
3318781.955641
 21
5810062.713622
 31
0.000000
  0
LINE
  5
8c5
100
AcDbEntity
  8
sonstige Leitungen TW_SW_RW_El
  6
9003
 62
171
370
70
100
AcDbLine
 10
3318786.801265
 20
5810060.608355
 30
0.000000
 11
3318798.683655
 21
5810060.135252
 31
0.000000
  0
LINE
  5
8c6
100
AcDbEntity
  8
sonstige Leitungen TW_SW_RW_El
  6
14
 62
1
370
25
100
AcDbLine
 10
3318878.764368
 20
5810065.501563
 30
0.000000
 11
3318882.040348
 21
5810065.334461
 31
0.000000
  0
LINE
  5
8c7
100
AcDbEntity
  8
sonstige Leitungen TW_SW_RW_El
  6
9003
 62
171
370
70
100
AcDbLine
 10
3318787.459377
 20
5810077.029159
 30
0.000000
 11
3318786.801265
 21
5810060.608355
 31
0.000000
  0
LINE
  5
8c8
100
AcDbEntity
  8
sonstige Leitungen TW_SW_RW_El
  6
9023
 62
131
370
70
100
AcDbLine
 10
3318860.241505
 20
5810059.256462
 30
0.000000
 11
3318860.346969
 21
5810061.368536
 31
0.000000
  0
LINE
  5
8c9
100
AcDbEntity
  8
sonstige Leitungen TW_SW_RW_El
  6
14
 62
1
370
25
100
AcDbLine
 10
3318878.567575
 20
5810065.318964
 30
0.000000
 11
3318878.764368
 21
5810065.501563
 31
0.000000
  0
LINE
  5
8ca
100
AcDbEntity
  8
sonstige Leitungen TW_SW_RW_El
  6
14
 62
1
370
25
100
AcDbLine
 10
3318878.449684
 20
5810064.566092
 30
0.000000
 11
3318878.567575
 21
5810065.318964
 31
0.000000
  0
LINE
  5
8cb
100
AcDbEntity
  8
sonstige Leitungen TW_SW_RW_El
  6
9023
 62
131
370
70
100
AcDbLine
 10
3318795.451074
 20
5810062.169035
 30
0.000000
 11
3318796.600455
 21
5810084.204034
 31
0.000000
  0
LINE
  5
8cc
100
AcDbEntity
  8
sonstige Leitungen TW_SW_RW_El
  6
9003
 62
171
370
70
100
AcDbLine
 10
3318786.801265
 20
5810060.608355
 30
0.000000
 11
3318770.441606
 21
5810061.408317
 31
0.000000
  0
LINE
  5
8cd
100
AcDbEntity
  8
sonstige Leitungen TW_SW_RW_El
  6
14
 62
1
370
25
100
AcDbLine
 10
3318877.614585
 20
5810059.877739
 30
0.000000
 11
3318873.068382
 21
5810060.166124
 31
0.000000
  0
LINE
  5
8cf
100
AcDbEntity
  8
Fernwärmeleitung
  6
49
 62
171
370
35
100
AcDbLine
 10
3318740.969357
 20
5810082.979070
 30
0.000000
 11
3318740.940164
 21
5810081.960891
 31
0.000000
  0
LINE
  5
8d0
100
AcDbEntity
  8
Fernwärmeleitung
  6
49
 62
171
370
35
100
AcDbLine
 10
3318740.940164
 20
5810081.960891
 30
0.000000
 11
3318742.037053
 21
5810080.846152
 31
0.000000
  0
LINE
  5
8d1
100
AcDbEntity
  8
Fernwärmeleitung
  6
49
 62
171
370
35
100
AcDbLine
 10
3318741.030404
 20
5810085.556388
 30
0.000000
 11
3318741.072035
 21
5810085.311862
 31
0.000000
  0
LINE
  5
8d3
100
AcDbEntity
  8
sonstige Leitungen TW_SW_RW_El
  6
7
 62
31
370
50
100
AcDbLine
 10
3318789.259748
 20
5810101.210427
 30
0.000000
 11
3318788.090520
 21
5810076.998680
 31
0.000000
  0
LINE
  5
8d4
100
AcDbEntity
  8
sonstige Leitungen TW_SW_RW_El
  6
7
 62
31
370
50
100
AcDbLine
 10
3318801.707607
 20
5810100.664299
 30
0.000000
 11
3318801.648545
 21
5810099.302938
 31
0.000000
  0
LINE
  5
8d5
100
AcDbEntity
  8
sonstige Leitungen TW_SW_RW_El
  6
7
 62
31
370
50
100
AcDbLine
 10
3318789.259748
 20
5810101.210427
 30
48.835000
 11
3318801.707607
 21
5810100.664299
 31
-49.123000
  0
LINE
  5
8d6
100
AcDbEntity
  8
sonstige Leitungen TW_SW_RW_El
  6
7
 62
31
370
50
100
AcDbLine
 10
3318801.707607
 20
5810100.664299
 30
-49.123000
 11
3318872.839349
 21
5810097.762016
 31
-48.913000
  0
LINE
  5
8d7
100
AcDbEntity
  8
sonstige Leitungen TW_SW_RW_El
  6
7
 62
31
370
50
100
AcDbLine
 10
3318872.839349
 20
5810097.762016
 30
0.000000
 11
3318872.783157
 21
5810096.320862
 31
0.000000
  0
LINE
  5
8d8
100
AcDbEntity
  8
Fernwärmeleitung
  6
60
 62
1
370
50
100
AcDbLine
 10
3318746.319397
 20
5810080.642575
 30
0.000000
 11
3318746.656076
 21
5810079.713084
 31
0.000000
  0
LINE
  5
8d9
100
AcDbEntity
  8
Fernwärmeleitung
  6
60
 62
1
370
50
100
AcDbLine
 10
3318746.656076
 20
5810079.713084
 30
0.000000
 11
3318746.582811
 21
5810076.918934
 31
0.000000
  0
LINE
  5
8da
100
AcDbEntity
  8
Fernwärmeleitung
  6
49
 62
171
370
35
100
AcDbLine
 10
3318745.988459
 20
5810079.604898
 30
0.000000
 11
3318745.918488
 21
5810076.936353
 31
0.000000
  0
LINE
  5
8db
100
AcDbEntity
  8
Fernwärmeleitung
  6
60
 62
1
370
50
100
AcDbLine
 10
3318745.365847
 20
5810080.893214
 30
0.000000
 11
3318746.319397
 21
5810080.642575
 31
0.000000
  0
LINE
  5
8dc
100
AcDbEntity
  8
Fernwärmeleitung
  6
49
 62
171
370
35
100
AcDbLine
 10
3318743.681544
 20
5810080.355278
 30
0.000000
 11
3318745.196910
 21
5810080.250494
 31
0.000000
  0
LINE
  5
8dd
100
AcDbEntity
  8
Fernwärmeleitung
  6
49
 62
171
370
35
100
AcDbLine
 10
3318745.813298
 20
5810080.088477
 30
0.000000
 11
3318745.988459
 21
5810079.604898
 31
0.000000
  0
LINE
  5
8de
100
AcDbEntity
  8
Fernwärmeleitung
  6
49
 62
171
370
35
100
AcDbLine
 10
3318738.961075
 20
5810085.636691
 30
0.000000
 11
3318740.753962
 21
5810085.644082
 31
0.000000
  0
LINE
  5
8df
100
AcDbEntity
  8
Fernwärmeleitung
  6
49
 62
171
370
35
100
AcDbLine
 10
3318742.037053
 20
5810080.846152
 30
0.000000
 11
3318743.681544
 21
5810080.355278
 31
0.000000
  0
LINE
  5
8e0
100
AcDbEntity
  8
Fernwärmeleitung
  6
60
 62
1
370
50
100
AcDbLine
 10
3318743.803100
 20
5810081.024959
 30
0.000000
 11
3318745.365847
 21
5810080.893214
 31
0.000000
  0
LINE
  5
8e1
100
AcDbEntity
  8
Fernwärmeleitung
  6
60
 62
1
370
50
100
AcDbLine
 10
3318741.645401
 20
5810082.954502
 30
0.000000
 11
3318741.624622
 21
5810082.229784
 31
0.000000
  0
LINE
  5
8e2
100
AcDbEntity
  8
Fernwärmeleitung
  6
60
 62
1
370
50
100
AcDbLine
 10
3318742.397228
 20
5810081.444606
 30
0.000000
 11
3318743.803100
 21
5810081.024959
 31
0.000000
  0
LINE
  5
8e3
100
AcDbEntity
  8
Fernwärmeleitung
  6
60
 62
1
370
50
100
AcDbLine
 10
3318741.644165
 20
5810085.981896
 30
0.000000
 11
3318741.751026
 21
5810085.354234
 31
0.000000
  0
LINE
  5
8e4
100
AcDbEntity
  8
Fernwärmeleitung
  6
60
 62
1
370
50
100
AcDbLine
 10
3318740.472338
 20
5810134.520180
 30
0.000000
 11
3318745.471539
 21
5810134.315881
 31
0.000000
  0
LINE
  5
8e5
100
AcDbEntity
  8
Fernwärmeleitung
  6
60
 62
1
370
50
100
AcDbLine
 10
3318738.709733
 20
5810086.448675
 30
0.000000
 11
3318741.005000
 21
5810086.353849
 31
0.000000
  0
LINE
  5
8e6
100
AcDbEntity
  8
Fernwärmeleitung
  6
49
 62
171
370
35
100
AcDbLine
 10
3318740.753962
 20
5810085.644082
 30
0.000000
 11
3318741.030404
 21
5810085.556388
 31
0.000000
  0
LINE
  5
8e7
100
AcDbEntity
  8
Fernwärmeleitung
  6
60
 62
1
370
50
100
AcDbLine
 10
3318741.624622
 20
5810082.229784
 30
0.000000
 11
3318742.397228
 21
5810081.444606
 31
0.000000
  0
LINE
  5
8e8
100
AcDbEntity
  8
Fernwärmeleitung
  6
60
 62
1
370
50
100
AcDbLine
 10
3318741.751026
 20
5810085.354234
 30
0.000000
 11
3318741.645401
 21
5810082.954502
 31
0.000000
  0
LINE
  5
8e9
100
AcDbEntity
  8
Fernwärmeleitung
  6
60
 62
1
370
50
100
AcDbLine
 10
3318741.005000
 20
5810086.353849
 30
0.000000
 11
3318741.644165
 21
5810085.981896
 31
0.000000
  0
LINE
  5
8ea
100
AcDbEntity
  8
Fernwärmeleitung
  6
49
 62
171
370
35
100
AcDbLine
 10
3318740.554058
 20
5810136.519861
 30
0.000000
 11
3318745.553259
 21
5810136.315561
 31
0.000000
  0
LINE
  5
8eb
100
AcDbEntity
  8
Fernwärmeleitung
  6
60
 62
1
370
50
100
AcDbLine
 10
3318740.635777
 20
5810138.519541
 30
0.000000
 11
3318745.634978
 21
5810138.315242
 31
0.000000
  0
LINE
  5
8ec
100
AcDbEntity
  8
Fernwärmeleitung
  6
60
 62
1
370
50
100
AcDbLine
 10
3318735.636577
 20
5810138.723841
 30
0.000000
 11
3318740.635777
 21
5810138.519541
 31
0.000000
  0
LINE
  5
8ed
100
AcDbEntity
  8
Fernwärmeleitung
  6
14
 62
1
370
25
100
AcDbLine
 10
3318808.096934
 20
5810101.199859
 30
0.000000
 11
3318809.373373
 21
5810101.167489
 31
0.000000
  0
LINE
  5
8ee
100
AcDbEntity
  8
Fernwärmeleitung
  6
14
 62
1
370
25
100
AcDbLine
 10
3318808.218102
 20
5810108.684266
 30
0.000000
 11
3318808.792794
 21
5810120.633211
 31
0.000000
  0
LINE
  5
8ef
100
AcDbEntity
  8
Fernwärmeleitung
  6
14
 62
1
370
25
100
AcDbLine
 10
3318808.792794
 20
5810120.633211
 30
0.000000
 11
3318809.227409
 21
5810134.124379
 31
0.000000
  0
LINE
  5
8f0
100
AcDbEntity
  8
Fernwärmeleitung
  6
14
 62
1
370
25
100
AcDbLine
 10
3318808.096934
 20
5810101.199859
 30
0.000000
 11
3318808.218102
 21
5810108.684266
 31
0.000000
  0
LINE
  5
8f1
100
AcDbEntity
  8
sonstige Leitungen TW_SW_RW_El
  6
14
 62
1
370
25
100
AcDbLine
 10
3318878.752695
 20
5810065.189572
 30
0.000000
 11
3318882.050469
 21
5810065.009825
 31
0.000000
  0
LINE
  5
8f2
100
AcDbEntity
  8
sonstige Leitungen TW_SW_RW_El
  6
9023
 62
131
370
70
100
AcDbLine
 10
3318860.241505
 20
5810059.256462
 30
0.000000
 11
3318809.530525
 21
5810061.570351
 31
0.000000
  0
LINE
  5
8f3
100
AcDbEntity
  8
Kataster AMT+Grunddiestbarkeit
  6
4
 62
7
370
70
100
AcDbLine
 10
3318886.600392
 20
5810061.476341
 30
0.000000
 11
3318941.029730
 21
5810058.831486
 31
0.000000
  0
LINE
  5
8f4
100
AcDbEntity
  8
Kataster AMT+Grunddiestbarkeit
  6
4
 62
7
370
70
100
AcDbLine
 10
3318872.986489
 20
5810062.137478
 30
0.000000
 11
3318886.600392
 21
5810061.476341
 31
0.000000
  0
LINE
  5
8f5
100
AcDbEntity
  8
Kataster AMT+Grunddiestbarkeit
  6
4
 62
7
370
70
100
AcDbLine
 10
3318849.834530
 20
5810063.261699
 30
0.000000
 11
3318872.986489
 21
5810062.137478
 31
0.000000
  0
LINE
  5
8f6
100
AcDbEntity
  8
Kataster AMT+Grunddiestbarkeit
  6
4
 62
7
370
70
100
AcDbLine
 10
3318759.943083
 20
5810067.629079
 30
0.000000
 11
3318849.834530
 21
5810063.261699
 31
0.000000
  0
LINE
  5
8f7
100
AcDbEntity
  8
Fernwärmeleitung
  6
60
 62
1
370
50
100
AcDbLine
 10
3318713.987882
 20
5810086.929970
 30
0.000000
 11
3318707.224693
 21
5810087.159134
 31
0.000000
  0
LINE
  5
8f8
100
AcDbEntity
  8
Fernwärmeleitung
  6
60
 62
1
370
50
100
AcDbLine
 10
3318851.708884
 20
5810077.655080
 30
47.142000
 11
3318851.120470
 21
5810077.682833
 31
47.171000
  0
LINE
  5
8f9
100
AcDbEntity
  8
Fernwärmeleitung
  6
60
 62
1
370
50
100
AcDbLine
 10
3318850.579267
 20
5810077.841295
 30
47.117000
 11
3318850.045258
 21
5810077.765840
 31
47.105000
  0
LINE
  5
8fa
100
AcDbEntity
  8
Fernwärmeleitung
  6
60
 62
1
370
50
100
AcDbLine
 10
3318851.120470
 20
5810077.682833
 30
47.171000
 11
3318850.579267
 21
5810077.841295
 31
47.117000
  0
LINE
  5
8fb
100
AcDbEntity
  8
Fernwärmeleitung
  6
60
 62
1
370
50
100
AcDbLine
 10
3318784.869183
 20
5810081.243607
 30
47.128000
 11
3318773.089214
 21
5810081.840135
 31
47.133000
  0
LINE
  5
8fc
100
AcDbEntity
  8
Fernwärmeleitung
  6
60
 62
1
370
50
100
AcDbLine
 10
3318850.045258
 20
5810077.765840
 30
47.105000
 11
3318838.050444
 21
5810078.570405
 31
47.079000
  0
LINE
  5
8fd
100
AcDbEntity
  8
Fernwärmeleitung
  6
49
 62
171
370
35
100
AcDbLine
 10
3318735.554857
 20
5810136.724160
 30
0.000000
 11
3318740.554058
 21
5810136.519861
 31
0.000000
  0
LINE
  5
8fe
100
AcDbEntity
  8
Fernwärmeleitung
  6
60
 62
1
370
50
100
AcDbLine
 10
3318735.473137
 20
5810134.724480
 30
0.000000
 11
3318740.472338
 21
5810134.520180
 31
0.000000
  0
LINE
  5
8ff
100
AcDbEntity
  8
sonstige Leitungen TW_SW_RW_El
  6
9023
 62
131
370
70
100
AcDbLine
 10
3318997.801691
 20
5810053.072185
 30
0.000000
 11
3318926.492607
 21
5810056.273564
 31
0.000000
  0
LINE
  5
900
100
AcDbEntity
  8
Fernwärmeleitung
  6
49
 62
171
370
35
100
AcDbLine
 10
3318993.056207
 20
5810055.545394
 30
0.000000
 11
3318997.889052
 21
5810055.407124
 31
0.000000
  0
LINE
  5
901
100
AcDbEntity
  8
Fernwärmeleitung
  6
60
 62
1
370
50
100
AcDbLine
 10
3318993.037897
 20
5810055.669144
 30
46.631000
 11
3318992.795561
 21
5810055.688414
 31
46.624000
  0
LINE
  5
902
100
AcDbEntity
  8
Fernwärmeleitung
  6
60
 62
1
370
50
100
AcDbLine
 10
3318940.764698
 20
5810058.562852
 30
0.000000
 11
3318940.014388
 21
5810058.611080
 31
0.000000
  0
LINE
  5
903
100
AcDbEntity
  8
Fernwärmeleitung
  6
60
 62
1
370
50
100
AcDbLine
 10
3318991.835307
 20
5810055.752415
 30
46.650000
 11
3318991.645527
 21
5810055.754739
 31
46.671000
  0
LINE
  5
904
100
AcDbEntity
  8
Fernwärmeleitung
  6
60
 62
1
370
50
100
AcDbLine
 10
3318991.645527
 20
5810055.754739
 30
46.671000
 11
3318979.635616
 21
5810056.326306
 31
47.000000
  0
LINE
  5
905
100
AcDbEntity
  8
Fernwärmeleitung
  6
60
 62
1
370
50
100
AcDbLine
 10
3318979.635616
 20
5810056.326306
 30
47.000000
 11
3318967.630280
 21
5810056.921651
 31
47.153000
  0
LINE
  5
906
100
AcDbEntity
  8
Fernwärmeleitung
  6
60
 62
1
370
50
100
AcDbLine
 10
3318967.630280
 20
5810056.921651
 30
47.153000
 11
3318955.612302
 21
5810057.570809
 31
47.187000
  0
LINE
  5
907
100
AcDbEntity
  8
Fernwärmeleitung
  6
60
 62
1
370
50
100
AcDbLine
 10
3318955.612302
 20
5810057.570809
 30
47.187000
 11
3318943.632676
 21
5810058.361442
 31
47.280000
  0
LINE
  5
908
100
AcDbEntity
  8
Fernwärmeleitung
  6
60
 62
1
370
50
100
AcDbLine
 10
3318943.632676
 20
5810058.361442
 30
47.280000
 11
3318941.012215
 21
5810058.541870
 31
47.248000
  0
LINE
  5
909
100
AcDbEntity
  8
Fernwärmeleitung
  6
60
 62
1
370
50
100
AcDbLine
 10
3318941.012215
 20
5810058.541870
 30
47.248000
 11
3318940.764698
 21
5810058.562852
 31
47.387000
  0
LINE
  5
90a
100
AcDbEntity
  8
Fernwärmeleitung
  6
60
 62
1
370
50
100
AcDbLine
 10
3318992.486505
 20
5810056.030404
 30
46.315000
 11
3318992.513561
 21
5810056.443462
 31
46.280000
  0
LINE
  5
90b
100
AcDbEntity
  8
Fernwärmeleitung
  6
60
 62
1
370
50
100
AcDbLine
 10
3318992.513561
 20
5810056.443462
 30
46.280000
 11
3318992.545807
 21
5810057.202165
 31
46.272000
  0
LINE
  5
90c
100
AcDbEntity
  8
Fernwärmeleitung
  6
60
 62
1
370
50
100
AcDbLine
 10
3318992.545807
 20
5810057.202165
 30
46.272000
 11
3318992.570775
 21
5810057.963720
 31
46.298000
  0
LINE
  5
90d
100
AcDbEntity
  8
Fernwärmeleitung
  6
49
 62
171
370
35
100
AcDbLine
 10
3318992.191460
 20
5810055.915296
 30
46.529000
 11
3318992.227415
 21
5810056.428373
 31
46.549000
  0
LINE
  5
90e
100
AcDbEntity
  8
Fernwärmeleitung
  6
49
 62
171
370
35
100
AcDbLine
 10
3318992.227415
 20
5810056.428373
 30
46.549000
 11
3318992.315331
 21
5810057.945139
 31
46.596000
  0
LINE
  5
90f
100
AcDbEntity
  8
Fernwärmeleitung
  6
49
 62
171
370
35
100
AcDbLine
 10
3318992.315331
 20
5810057.945139
 30
46.596000
 11
3318992.348511
 21
5810058.659845
 31
46.601000
  0
LINE
  5
910
100
AcDbEntity
  8
Fernwärmeleitung
  6
60
 62
1
370
50
100
AcDbLine
 10
3318992.486505
 20
5810056.030404
 30
0.000000
 11
3318992.461204
 21
5810055.703911
 31
0.000000
  0
LINE
  5
911
100
AcDbEntity
  8
Fernwärmeleitung
  6
60
 62
1
370
50
100
AcDbLine
 10
3318940.179567
 20
5810058.910296
 30
47.131000
 11
3318940.190182
 21
5810059.375903
 31
47.141000
  0
LINE
  5
912
100
AcDbEntity
  8
Fernwärmeleitung
  6
60
 62
1
370
50
100
AcDbLine
 10
3318940.190182
 20
5810059.375903
 30
47.141000
 11
3318940.229307
 21
5810060.766709
 31
47.143000
  0
LINE
  5
913
100
AcDbEntity
  8
Fernwärmeleitung
  6
60
 62
1
370
50
100
AcDbLine
 10
3318940.229307
 20
5810060.766709
 30
47.143000
 11
3318940.128104
 21
5810061.000976
 31
47.151000
  0
LINE
  5
914
100
AcDbEntity
  8
Fernwärmeleitung
  6
60
 62
1
370
50
100
AcDbLine
 10
3318940.128104
 20
5810061.000976
 30
47.151000
 11
3318939.891397
 21
5810061.151096
 31
47.141000
  0
LINE
  5
915
100
AcDbEntity
  8
Fernwärmeleitung
  6
60
 62
1
370
50
100
AcDbLine
 10
3318939.891397
 20
5810061.151096
 30
47.141000
 11
3318939.272911
 21
5810061.174112
 31
47.128000
  0
LINE
  5
916
100
AcDbEntity
  8
Fernwärmeleitung
  6
60
 62
1
370
50
100
AcDbLine
 10
3318939.272911
 20
5810061.174112
 30
47.128000
 11
3318938.698107
 21
5810061.199011
 31
47.129000
  0
LINE
  5
917
100
AcDbEntity
  8
Fernwärmeleitung
  6
60
 62
1
370
50
100
AcDbLine
 10
3318938.698107
 20
5810061.199011
 30
47.129000
 11
3318938.165403
 21
5810061.227377
 31
47.116000
  0
LINE
  5
918
100
AcDbEntity
  8
Fernwärmeleitung
  6
60
 62
1
370
50
100
AcDbLine
 10
3318926.178404
 20
5810061.764473
 30
47.138000
 11
3318914.109733
 21
5810062.280709
 31
47.165000
  0
LINE
  5
919
100
AcDbEntity
  8
Fernwärmeleitung
  6
60
 62
1
370
50
100
AcDbLine
 10
3318914.109733
 20
5810062.280709
 30
47.165000
 11
3318902.132220
 21
5810062.789315
 31
47.182000
  0
LINE
  5
91a
100
AcDbEntity
  8
Fernwärmeleitung
  6
60
 62
1
370
50
100
AcDbLine
 10
3318902.132220
 20
5810062.789315
 30
47.182000
 11
3318890.186033
 21
5810063.270372
 31
47.199000
  0
LINE
  5
91b
100
AcDbEntity
  8
Fernwärmeleitung
  6
60
 62
1
370
50
100
AcDbLine
 10
3318938.698107
 20
5810061.199011
 30
47.129000
 11
3318938.701334
 21
5810061.366769
 31
47.337000
  0
LINE
  5
91c
100
AcDbEntity
  8
Fernwärmeleitung
  6
60
 62
1
370
50
100
AcDbLine
 10
3318938.701334
 20
5810061.366769
 30
47.337000
 11
3318938.577585
 21
5810061.402582
 31
47.389000
  0
LINE
  5
91d
100
AcDbEntity
  8
Fernwärmeleitung
  6
60
 62
1
370
50
100
AcDbLine
 10
3318938.577585
 20
5810061.402582
 30
47.389000
 11
3318938.015136
 21
5810061.456914
 31
47.363000
  0
LINE
  5
91e
100
AcDbEntity
  8
Fernwärmeleitung
  6
49
 62
171
370
35
100
AcDbLine
 10
3318939.545459
 20
5810058.625337
 30
47.305000
 11
3318939.573270
 21
5810059.372014
 31
47.440000
  0
LINE
  5
91f
100
AcDbEntity
  8
Fernwärmeleitung
  6
49
 62
171
370
35
100
AcDbLine
 10
3318939.573270
 20
5810059.372014
 30
47.440000
 11
3318939.625107
 21
5810060.037018
 31
47.408000
  0
LINE
  5
921
100
AcDbEntity
  8
Fernwärmeleitung
  6
37
 62
7
370
25
100
AcDbLine
 10
3318939.625107
 20
5810060.037018
 30
47.408000
 11
3318939.484660
 21
5810060.287759
 31
47.340000
  0
LINE
  5
922
100
AcDbEntity
  8
Fernwärmeleitung
  6
37
 62
7
370
25
100
AcDbLine
 10
3318939.484660
 20
5810060.287759
 30
47.340000
 11
3318939.256812
 21
5810060.427114
 31
47.300000
  0
LINE
  5
923
100
AcDbEntity
  8
Fernwärmeleitung
  6
37
 62
7
370
25
100
AcDbLine
 10
3318939.256812
 20
5810060.427114
 30
47.300000
 11
3318938.634221
 21
5810060.475137
 31
47.108000
  0
LINE
  5
924
100
AcDbEntity
  8
Fernwärmeleitung
  6
49
 62
171
370
35
100
AcDbLine
 10
3318938.634221
 20
5810060.475137
 30
47.108000
 11
3318938.065429
 21
5810060.494653
 31
47.084000
  0
LINE
  5
925
100
AcDbEntity
  8
Fernwärmeleitung
  6
49
 62
171
370
35
100
AcDbLine
 10
3318938.065429
 20
5810060.494653
 30
47.084000
 11
3318937.497596
 21
5810060.539808
 31
47.112000
  0
LINE
  5
926
100
AcDbEntity
  8
Fernwärmeleitung
  6
49
 62
171
370
35
100
AcDbLine
 10
3318938.065429
 20
5810060.494653
 30
47.084000
 11
3318938.062321
 21
5810060.652918
 31
47.268000
  0
LINE
  5
927
100
AcDbEntity
  8
Fernwärmeleitung
  6
49
 62
171
370
35
100
AcDbLine
 10
3318938.062321
 20
5810060.652918
 30
47.268000
 11
3318937.937312
 21
5810060.705191
 31
47.346000
  0
LINE
  5
928
100
AcDbEntity
  8
Fernwärmeleitung
  6
49
 62
171
370
35
100
AcDbLine
 10
3318937.937312
 20
5810060.705191
 30
47.346000
 11
3318937.370741
 21
5810060.737050
 31
47.383000
  0
LINE
  5
929
100
AcDbEntity
  8
Fernwärmeleitung
  6
49
 62
171
370
35
100
AcDbLine
 10
3318937.497596
 20
5810060.539808
 30
47.112000
 11
3318925.502068
 21
5810061.124703
 31
47.122000
  0
LINE
  5
92a
100
AcDbEntity
  8
Fernwärmeleitung
  6
49
 62
171
370
35
100
AcDbLine
 10
3318925.502068
 20
5810061.124703
 30
47.122000
 11
3318913.512197
 21
5810061.597546
 31
47.160000
  0
LINE
  5
92b
100
AcDbEntity
  8
Fernwärmeleitung
  6
49
 62
171
370
35
100
AcDbLine
 10
3318913.512197
 20
5810061.597546
 30
47.160000
 11
3318901.441621
 21
5810062.097323
 31
47.190000
  0
LINE
  5
92c
100
AcDbEntity
  8
Fernwärmeleitung
  6
60
 62
1
370
50
100
AcDbLine
 10
3318940.179567
 20
5810058.910296
 30
0.000000
 11
3318940.159733
 21
5810058.601737
 31
0.000000
  0
LINE
  5
92e
100
AcDbEntity
  8
Häuser
  6
10
 62
7
370
50
100
AcDbLine
 10
3318882.081023
 20
5810066.424662
 30
0.000000
 11
3318884.895893
 21
5810066.326437
 31
0.000000
  0
LINE
  5
92f
100
AcDbEntity
  8
Häuser
  6
10
 62
7
370
50
100
AcDbLine
 10
3318884.895893
 20
5810066.326437
 30
0.000000
 11
3318884.857079
 21
5810064.645281
 31
0.000000
  0
LINE
  5
930
100
AcDbEntity
  8
Häuser
  6
10
 62
7
370
50
100
AcDbLine
 10
3318884.857079
 20
5810064.645281
 30
0.000000
 11
3318882.007343
 21
5810064.772356
 31
0.000000
  0
LINE
  5
931
100
AcDbEntity
  8
Häuser
  6
10
 62
7
370
50
100
AcDbLine
 10
3318882.081023
 20
5810066.424662
 30
0.000000
 11
3318882.007343
 21
5810064.772356
 31
0.000000
  0
LINE
  5
932
100
AcDbEntity
  8
Fernwärmeleitung
  6
49
 62
171
370
35
100
AcDbLine
 10
3318901.441621
 20
5810062.097323
 30
47.190000
 11
3318889.450194
 21
5810062.641385
 31
47.217000
  0
LINE
  5
933
100
AcDbEntity
  8
Fernwärmeleitung
  6
49
 62
171
370
35
100
AcDbLine
 10
3318889.450194
 20
5810062.641385
 30
47.217000
 11
3318877.416105
 21
5810063.376961
 31
47.228000
  0
LINE
  5
934
100
AcDbEntity
  8
Fernwärmeleitung
  6
49
 62
171
370
35
100
AcDbLine
 10
3318877.416105
 20
5810063.376961
 30
47.228000
 11
3318865.517547
 21
5810064.269485
 31
47.158000
  0
LINE
  5
935
100
AcDbEntity
  8
Fernwärmeleitung
  6
49
 62
171
370
35
100
AcDbLine
 10
3318865.517547
 20
5810064.269485
 30
47.158000
 11
3318853.502822
 21
5810065.156038
 31
47.161000
  0
LINE
  5
936
100
AcDbEntity
  8
Fernwärmeleitung
  6
49
 62
171
370
35
100
AcDbLine
 10
3318853.502822
 20
5810065.156038
 30
47.161000
 11
3318851.285277
 21
5810065.276496
 31
47.170000
  0
LINE
  5
937
100
AcDbEntity
  8
Fernwärmeleitung
  6
60
 62
1
370
50
100
AcDbLine
 10
3318852.187616
 20
5810065.925047
 30
47.220000
 11
3318851.468480
 21
5810065.962027
 31
47.201000
  0
LINE
  5
938
100
AcDbEntity
  8
Fernwärmeleitung
  6
60
 62
1
370
50
100
AcDbLine
 10
3318851.468480
 20
5810065.962027
 30
47.201000
 11
3318851.263747
 21
5810066.123847
 31
47.172000
  0
LINE
  5
939
100
AcDbEntity
  8
Fernwärmeleitung
  6
60
 62
1
370
50
100
AcDbLine
 10
3318851.263747
 20
5810066.123847
 30
47.172000
 11
3318851.141651
 21
5810066.354323
 31
47.180000
  0
LINE
  5
93a
100
AcDbEntity
  8
Fernwärmeleitung
  6
60
 62
1
370
50
100
AcDbLine
 10
3318851.141651
 20
5810066.354323
 30
47.180000
 11
3318851.178914
 21
5810066.980716
 31
47.190000
  0
LINE
  5
93b
100
AcDbEntity
  8
sonstige Leitungen TW_SW_RW_El
  6
9003
 62
171
370
70
100
AcDbLine
 10
3318787.459377
 20
5810077.029159
 30
0.000000
 11
3318788.658949
 21
5810101.869272
 31
0.000000
  0
LINE
  5
93c
100
AcDbEntity
  8
Fernwärmeleitung
  6
60
 62
1
370
50
100
AcDbLine
 10
3318878.210160
 20
5810063.938823
 30
47.224000
 11
3318866.205904
 21
5810064.892159
 31
47.157000
  0
LINE
  5
93d
100
AcDbEntity
  8
Fernwärmeleitung
  6
60
 62
1
370
50
100
AcDbLine
 10
3318866.205904
 20
5810064.892159
 30
47.157000
 11
3318854.236436
 21
5810065.760020
 31
47.189000
  0
LINE
  5
93e
100
AcDbEntity
  8
Fernwärmeleitung
  6
60
 62
1
370
50
100
AcDbLine
 10
3318854.236436
 20
5810065.760020
 30
47.189000
 11
3318852.187616
 21
5810065.925047
 31
47.220000
  0
LINE
  5
93f
100
AcDbEntity
  8
Fernwärmeleitung
  6
60
 62
1
370
50
100
AcDbLine
 10
3318851.178914
 20
5810066.980716
 30
47.190000
 11
3318852.049098
 21
5810076.645868
 31
47.141000
  0
LINE
  5
940
100
AcDbEntity
  8
Fernwärmeleitung
  6
60
 62
1
370
50
100
AcDbLine
 10
3318852.060724
 20
5810077.276385
 30
47.161000
 11
3318851.953189
 21
5810077.507489
 31
47.165000
  0
LINE
  5
941
100
AcDbEntity
  8
Fernwärmeleitung
  6
60
 62
1
370
50
100
AcDbLine
 10
3318852.049098
 20
5810076.645868
 30
47.141000
 11
3318852.060724
 21
5810077.276385
 31
47.161000
  0
LINE
  5
942
100
AcDbEntity
  8
Fernwärmeleitung
  6
60
 62
1
370
50
100
AcDbLine
 10
3318851.953189
 20
5810077.507489
 30
47.165000
 11
3318851.708884
 21
5810077.655080
 31
47.142000
  0
LINE
  5
943
100
AcDbEntity
  8
sonstige Leitungen TW_SW_RW_El
  6
14
 62
1
370
25
100
AcDbLine
 10
3318878.377188
 20
5810062.803379
 30
47.407000
 11
3318878.625022
 21
5810064.517916
 31
47.420000
  0
LINE
  5
944
100
AcDbEntity
  8
sonstige Leitungen TW_SW_RW_El
  6
14
 62
1
370
25
100
AcDbLine
 10
3318878.449684
 20
5810064.566092
 30
47.395000
 11
3318878.085023
 21
5810062.774682
 31
47.427000
  0
LINE
  5
945
100
AcDbEntity
  8
Fernwärmeleitung
  6
49
 62
171
370
35
100
AcDbLine
 10
3318991.631402
 20
5810055.637306
 30
0.000000
 11
3318979.641419
 21
5810056.217690
 31
0.000000
  0
LINE
  5
946
100
AcDbEntity
  8
Fernwärmeleitung
  6
49
 62
171
370
35
100
AcDbLine
 10
3318979.641419
 20
5810056.217690
 30
0.000000
 11
3318967.611871
 21
5810056.779018
 31
0.000000
  0
LINE
  5
947
100
AcDbEntity
  8
Fernwärmeleitung
  6
49
 62
171
370
35
100
AcDbLine
 10
3318967.611871
 20
5810056.779018
 30
0.000000
 11
3318955.612724
 21
5810057.455785
 31
0.000000
  0
LINE
  5
948
100
AcDbEntity
  8
Fernwärmeleitung
  6
49
 62
171
370
35
100
AcDbLine
 10
3318955.612724
 20
5810057.455785
 30
0.000000
 11
3318943.617803
 21
5810058.285578
 31
0.000000
  0
LINE
  5
949
100
AcDbEntity
  8
Fernwärmeleitung
  6
49
 62
171
370
35
100
AcDbLine
 10
3318943.617803
 20
5810058.285578
 30
0.000000
 11
3318941.016436
 21
5810058.474401
 31
0.000000
  0
LINE
  5
94a
100
AcDbEntity
  8
Fernwärmeleitung
  6
49
 62
171
370
35
100
AcDbLine
 10
3318941.016436
 20
5810058.474401
 30
0.000000
 11
3318940.762254
 21
5810058.490759
 31
0.000000
  0
LINE
  5
94b
100
AcDbEntity
  8
Fernwärmeleitung
  6
49
 62
171
370
35
100
AcDbLine
 10
3318940.762254
 20
5810058.490759
 30
0.000000
 11
3318939.262080
 21
5810058.595840
 31
0.000000
  0
LINE
  5
94c
100
AcDbEntity
  8
Fernwärmeleitung
  6
49
 62
171
370
35
100
AcDbLine
 10
3318991.631402
 20
5810055.637306
 30
0.000000
 11
3318993.056207
 21
5810055.545394
 31
0.000000
  0
LINE
  5
94d
100
AcDbEntity
  8
Fernwärmeleitung
  6
60
 62
1
370
50
100
AcDbLine
 10
3318838.050444
 20
5810078.570405
 30
47.079000
 11
3318826.013187
 21
5810079.296486
 31
47.126000
  0
LINE
  5
94e
100
AcDbEntity
  8
Fernwärmeleitung
  6
60
 62
1
370
50
100
AcDbLine
 10
3318822.980384
 20
5810079.733136
 30
47.292000
 11
3318823.048164
 21
5810080.717827
 31
47.332000
  0
LINE
  5
94f
100
AcDbEntity
  8
Fernwärmeleitung
  6
60
 62
1
370
50
100
AcDbLine
 10
3318825.464661
 20
5810079.340684
 30
47.157000
 11
3318824.888868
 21
5810079.257648
 31
47.162000
  0
LINE
  5
950
100
AcDbEntity
  8
Fernwärmeleitung
  6
60
 62
1
370
50
100
AcDbLine
 10
3318823.048164
 20
5810080.717827
 30
47.332000
 11
3318823.038883
 21
5810081.303406
 31
47.335000
  0
LINE
  5
951
100
AcDbEntity
  8
Fernwärmeleitung
  6
60
 62
1
370
50
100
AcDbLine
 10
3318823.038883
 20
5810081.303406
 30
47.335000
 11
3318823.097494
 21
5810082.315638
 31
47.376000
  0
LINE
  5
952
100
AcDbEntity
  8
Fernwärmeleitung
  6
60
 62
1
370
50
100
AcDbLine
 10
3318823.061392
 20
5810079.670434
 30
47.300000
 11
3318822.980384
 21
5810079.733136
 31
47.292000
  0
LINE
  5
953
100
AcDbEntity
  8
Fernwärmeleitung
  6
60
 62
1
370
50
100
AcDbLine
 10
3318850.579267
 20
5810077.841295
 30
47.117000
 11
3318850.578051
 21
5810077.978035
 31
47.262000
  0
LINE
  5
954
100
AcDbEntity
  8
Fernwärmeleitung
  6
60
 62
1
370
50
100
AcDbLine
 10
3318850.578051
 20
5810077.978035
 30
47.262000
 11
3318850.487237
 21
5810078.057516
 31
47.312000
  0
LINE
  5
955
100
AcDbEntity
  8
Fernwärmeleitung
  6
60
 62
1
370
50
100
AcDbLine
 10
3318850.487237
 20
5810078.057516
 30
47.312000
 11
3318849.948818
 21
5810078.039671
 31
47.337000
  0
LINE
  5
956
100
AcDbEntity
  8
Fernwärmeleitung
  6
60
 62
1
370
50
100
AcDbLine
 10
3318849.948818
 20
5810078.039671
 30
47.337000
 11
3318849.022685
 21
5810078.109012
 31
47.310000
  0
LINE
  5
957
100
AcDbEntity
  8
Fernwärmeleitung
  6
60
 62
1
370
50
100
AcDbLine
 10
3318849.022685
 20
5810078.109012
 30
47.310000
 11
3318848.968590
 21
5810078.195444
 31
47.284000
  0
LINE
  5
958
100
AcDbEntity
  8
Fernwärmeleitung
  6
60
 62
1
370
50
100
AcDbLine
 10
3318848.968590
 20
5810078.195444
 30
47.284000
 11
3318849.043644
 21
5810079.161457
 31
47.324000
  0
LINE
  5
959
100
AcDbEntity
  8
Fernwärmeleitung
  6
60
 62
1
370
50
100
AcDbLine
 10
3318849.043644
 20
5810079.161457
 30
47.324000
 11
3318849.080659
 21
5810079.975551
 31
47.341000
  0
LINE
  5
95a
100
AcDbEntity
  8
Fernwärmeleitung
  6
60
 62
1
370
50
100
AcDbLine
 10
3318849.080659
 20
5810079.975551
 30
47.341000
 11
3318849.135275
 21
5810080.451588
 31
47.302000
  0
LINE
  5
95b
100
AcDbEntity
  8
Fernwärmeleitung
  6
60
 62
1
370
50
100
AcDbLine
 10
3318938.015136
 20
5810061.456914
 30
47.363000
 11
3318937.271613
 21
5810061.453071
 31
47.341000
  0
LINE
  5
95c
100
AcDbEntity
  8
Fernwärmeleitung
  6
60
 62
1
370
50
100
AcDbLine
 10
3318937.271613
 20
5810061.453071
 30
47.341000
 11
3318937.163069
 21
5810061.522430
 31
47.368000
  0
LINE
  5
95d
100
AcDbEntity
  8
Fernwärmeleitung
  6
60
 62
1
370
50
100
AcDbLine
 10
3318937.163069
 20
5810061.522430
 30
47.368000
 11
3318937.123223
 21
5810061.619935
 31
47.379000
  0
LINE
  5
95e
100
AcDbEntity
  8
Fernwärmeleitung
  6
60
 62
1
370
50
100
AcDbLine
 10
3318937.123223
 20
5810061.619935
 30
47.379000
 11
3318937.175768
 21
5810062.491947
 31
47.373000
  0
LINE
  5
95f
100
AcDbEntity
  8
Fernwärmeleitung
  6
60
 62
1
370
50
100
AcDbLine
 10
3318937.175768
 20
5810062.491947
 30
47.373000
 11
3318937.238439
 21
5810063.352562
 31
47.336000
  0
LINE
  5
960
100
AcDbEntity
  8
Fernwärmeleitung
  6
60
 62
1
370
50
100
AcDbLine
 10
3318937.238439
 20
5810063.352562
 30
47.336000
 11
3318937.283738
 21
5810063.450985
 31
47.302000
  0
LINE
  5
961
100
AcDbEntity
  8
Fernwärmeleitung
  6
60
 62
1
370
50
100
AcDbLine
 10
3318937.283738
 20
5810063.450985
 30
47.302000
 11
3318937.376182
 21
5810063.499696
 31
47.297000
  0
LINE
  5
962
100
AcDbEntity
  8
Fernwärmeleitung
  6
60
 62
1
370
50
100
AcDbLine
 10
3318937.376182
 20
5810063.499696
 30
47.297000
 11
3318938.216863
 21
5810063.458873
 31
47.301000
  0
LINE
  5
963
100
AcDbEntity
  8
Fernwärmeleitung
  6
60
 62
1
370
50
100
AcDbLine
 10
3318938.216863
 20
5810063.458873
 30
47.301000
 11
3318939.260427
 21
5810063.388540
 31
47.285000
  0
LINE
  5
964
100
AcDbEntity
  8
Fernwärmeleitung
  6
60
 62
1
370
50
100
AcDbLine
 10
3318939.260427
 20
5810063.388540
 30
47.285000
 11
3318940.121356
 21
5810063.321754
 31
47.264000
  0
LINE
  5
965
100
AcDbEntity
  8
Fernwärmeleitung
  6
60
 62
1
370
50
100
AcDbLine
 10
3318940.121356
 20
5810063.321754
 30
47.264000
 11
3318940.191010
 21
5810063.372373
 31
47.244000
  0
LINE
  5
966
100
AcDbEntity
  8
Fernwärmeleitung
  6
60
 62
1
370
50
100
AcDbLine
 10
3318940.191010
 20
5810063.372373
 30
47.244000
 11
3318940.249917
 21
5810063.461612
 31
47.256000
  0
LINE
  5
967
100
AcDbEntity
  8
Fernwärmeleitung
  6
60
 62
1
370
50
100
AcDbLine
 10
3318940.249917
 20
5810063.461612
 30
47.256000
 11
3318940.311314
 21
5810064.303868
 31
47.274000
  0
LINE
  5
968
100
AcDbEntity
  8
Fernwärmeleitung
  6
60
 62
1
370
50
100
AcDbLine
 10
3318940.311314
 20
5810064.303868
 30
47.274000
 11
3318940.436312
 21
5810065.085011
 31
47.247000
  0
LINE
  5
969
100
AcDbEntity
  8
Fernwärmeleitung
  6
60
 62
1
370
50
100
AcDbLine
 10
3318940.436312
 20
5810065.085011
 30
47.247000
 11
3318940.477709
 21
5810065.765529
 31
47.295000
  0
LINE
  5
96a
100
AcDbEntity
  8
Fernwärmeleitung
  6
60
 62
1
370
50
100
AcDbLine
 10
3318940.477709
 20
5810065.765529
 30
47.295000
 11
3318941.169601
 21
5810071.729595
 31
47.349000
  0
LINE
  5
96b
100
AcDbEntity
  8
Fernwärmeleitung
  6
49
 62
171
370
35
100
AcDbLine
 10
3318851.285277
 20
5810065.276496
 30
47.170000
 11
3318850.669032
 21
5810065.365665
 31
47.136000
  0
LINE
  5
96c
100
AcDbEntity
  8
Fernwärmeleitung
  6
49
 62
171
370
35
100
AcDbLine
 10
3318850.669032
 20
5810065.365665
 30
47.136000
 11
3318850.438026
 21
5810065.527179
 31
47.112000
  0
LINE
  5
96d
100
AcDbEntity
  8
Fernwärmeleitung
  6
49
 62
171
370
35
100
AcDbLine
 10
3318850.438026
 20
5810065.527179
 30
47.112000
 11
3318850.333023
 21
5810065.757016
 31
47.166000
  0
LINE
  5
96e
100
AcDbEntity
  8
Fernwärmeleitung
  6
49
 62
171
370
35
100
AcDbLine
 10
3318850.333023
 20
5810065.757016
 30
47.166000
 11
3318850.360464
 21
5810066.359040
 31
47.174000
  0
LINE
  5
96f
100
AcDbEntity
  8
Fernwärmeleitung
  6
49
 62
171
370
35
100
AcDbLine
 10
3318850.360464
 20
5810066.359040
 30
47.174000
 11
3318851.322440
 21
5810076.020992
 31
47.230000
  0
LINE
  5
970
100
AcDbEntity
  8
Fernwärmeleitung
  6
49
 62
171
370
35
100
AcDbLine
 10
3318851.322440
 20
5810076.020992
 30
47.230000
 11
3318851.359077
 21
5810076.668277
 31
47.143000
  0
LINE
  5
971
100
AcDbEntity
  8
Fernwärmeleitung
  6
49
 62
171
370
35
100
AcDbLine
 10
3318851.359077
 20
5810076.668277
 30
47.143000
 11
3318851.273076
 21
5810076.926594
 31
47.198000
  0
LINE
  5
972
100
AcDbEntity
  8
Fernwärmeleitung
  6
49
 62
171
370
35
100
AcDbLine
 10
3318851.273076
 20
5810076.926594
 30
47.198000
 11
3318851.029717
 21
5810077.061840
 31
47.191000
  0
LINE
  5
973
100
AcDbEntity
  8
Fernwärmeleitung
  6
49
 62
171
370
35
100
AcDbLine
 10
3318851.029717
 20
5810077.061840
 30
47.191000
 11
3318850.406810
 21
5810077.113978
 31
47.186000
  0
LINE
  5
974
100
AcDbEntity
  8
Fernwärmeleitung
  6
49
 62
171
370
35
100
AcDbLine
 10
3318850.406810
 20
5810077.113978
 30
47.186000
 11
3318849.876024
 21
5810077.193621
 31
47.131000
  0
LINE
  5
975
100
AcDbEntity
  8
Fernwärmeleitung
  6
49
 62
171
370
35
100
AcDbLine
 10
3318849.876024
 20
5810077.193621
 30
47.131000
 11
3318849.335715
 21
5810077.200465
 31
47.127000
  0
LINE
  5
976
100
AcDbEntity
  8
Fernwärmeleitung
  6
49
 62
171
370
35
100
AcDbLine
 10
3318849.335715
 20
5810077.200465
 30
47.127000
 11
3318837.333319
 21
5810078.046815
 31
47.086000
  0
LINE
  5
977
100
AcDbEntity
  8
Fernwärmeleitung
  6
49
 62
171
370
35
100
AcDbLine
 10
3318848.354598
 20
5810077.520516
 30
47.316000
 11
3318848.277713
 21
5810077.605690
 31
47.312000
  0
LINE
  5
978
100
AcDbEntity
  8
Fernwärmeleitung
  6
49
 62
171
370
35
100
AcDbLine
 10
3318848.277713
 20
5810077.605690
 30
47.312000
 11
3318848.337556
 21
5810078.525496
 31
47.334000
  0
LINE
  5
979
100
AcDbEntity
  8
Fernwärmeleitung
  6
49
 62
171
370
35
100
AcDbLine
 10
3318848.337556
 20
5810078.525496
 30
47.334000
 11
3318848.417945
 21
5810079.367745
 31
47.348000
  0
LINE
  5
97a
100
AcDbEntity
  8
Fernwärmeleitung
  6
49
 62
171
370
35
100
AcDbLine
 10
3318848.417945
 20
5810079.367745
 30
47.348000
 11
3318848.375132
 21
5810080.009677
 31
47.334000
  0
LINE
  5
97b
100
AcDbEntity
  8
Fernwärmeleitung
  6
49
 62
171
370
35
100
AcDbLine
 10
3318849.876024
 20
5810077.193621
 30
47.131000
 11
3318849.861526
 21
5810077.363918
 31
47.312000
  0
LINE
  5
97c
100
AcDbEntity
  8
Fernwärmeleitung
  6
49
 62
171
370
35
100
AcDbLine
 10
3318849.861526
 20
5810077.363918
 30
47.312000
 11
3318849.746010
 21
5810077.409856
 31
47.349000
  0
LINE
  5
97d
100
AcDbEntity
  8
Fernwärmeleitung
  6
49
 62
171
370
35
100
AcDbLine
 10
3318849.746010
 20
5810077.409856
 30
47.349000
 11
3318849.280098
 21
5810077.453074
 31
47.328000
  0
LINE
  5
97e
100
AcDbEntity
  8
Fernwärmeleitung
  6
49
 62
171
370
35
100
AcDbLine
 10
3318849.280098
 20
5810077.453074
 30
47.328000
 11
3318848.354598
 21
5810077.520516
 31
47.316000
  0
LINE
  5
97f
100
AcDbEntity
  8
Fernwärmeleitung
  6
49
 62
171
370
35
100
AcDbLine
 10
3318837.333319
 20
5810078.046815
 30
47.086000
 11
3318825.319739
 21
5810078.603546
 31
47.159000
  0
LINE
  5
980
100
AcDbEntity
  8
Fernwärmeleitung
  6
60
 62
1
370
50
100
AcDbLine
 10
3318823.975830
 20
5810079.645727
 30
47.285000
 11
3318823.061392
 21
5810079.670434
 31
47.300000
  0
LINE
  5
981
100
AcDbEntity
  8
Fernwärmeleitung
  6
60
 62
1
370
50
100
AcDbLine
 10
3318826.013187
 20
5810079.296486
 30
47.126000
 11
3318825.464661
 21
5810079.340684
 31
47.157000
  0
LINE
  5
982
100
AcDbEntity
  8
Fernwärmeleitung
  6
60
 62
1
370
50
100
AcDbLine
 10
3318824.933301
 20
5810079.583655
 30
47.284000
 11
3318823.975830
 21
5810079.645727
 31
47.285000
  0
LINE
  5
983
100
AcDbEntity
  8
Fernwärmeleitung
  6
60
 62
1
370
50
100
AcDbLine
 10
3318825.375803
 20
5810079.575896
 30
47.299000
 11
3318824.933301
 21
5810079.583655
 31
47.284000
  0
LINE
  5
984
100
AcDbEntity
  8
Fernwärmeleitung
  6
60
 62
1
370
50
100
AcDbLine
 10
3318825.464661
 20
5810079.340684
 30
47.157000
 11
3318825.375803
 21
5810079.575896
 31
47.299000
  0
LINE
  5
985
100
AcDbEntity
  8
Fernwärmeleitung
  6
49
 62
171
370
35
100
AcDbLine
 10
3318937.370741
 20
5810060.737050
 30
47.383000
 11
3318936.617746
 21
5810060.799681
 31
47.359000
  0
LINE
  5
986
100
AcDbEntity
  8
Fernwärmeleitung
  6
49
 62
171
370
35
100
AcDbLine
 10
3318936.617746
 20
5810060.799681
 30
47.359000
 11
3318936.523440
 21
5810060.851626
 31
47.372000
  0
LINE
  5
987
100
AcDbEntity
  8
Fernwärmeleitung
  6
49
 62
171
370
35
100
AcDbLine
 10
3318936.523440
 20
5810060.851626
 30
47.372000
 11
3318936.472205
 21
5810060.967494
 31
47.370000
  0
LINE
  5
988
100
AcDbEntity
  8
Fernwärmeleitung
  6
49
 62
171
370
35
100
AcDbLine
 10
3318936.472205
 20
5810060.967494
 30
47.370000
 11
3318936.522836
 21
5810061.797726
 31
47.346000
  0
LINE
  5
989
100
AcDbEntity
  8
Fernwärmeleitung
  6
49
 62
171
370
35
100
AcDbLine
 10
3318936.522836
 20
5810061.797726
 30
47.346000
 11
3318936.622721
 21
5810063.154957
 31
47.336000
  0
LINE
  5
98a
100
AcDbEntity
  8
Fernwärmeleitung
  6
49
 62
171
370
35
100
AcDbLine
 10
3318936.622721
 20
5810063.154957
 30
47.336000
 11
3318936.701825
 21
5810063.944030
 31
47.349000
  0
LINE
  5
98b
100
AcDbEntity
  8
Fernwärmeleitung
  6
49
 62
171
370
35
100
AcDbLine
 10
3318936.701825
 20
5810063.944030
 30
47.349000
 11
3318936.753773
 21
5810064.047832
 31
47.343000
  0
LINE
  5
98c
100
AcDbEntity
  8
Fernwärmeleitung
  6
49
 62
171
370
35
100
AcDbLine
 10
3318936.753773
 20
5810064.047832
 30
47.343000
 11
3318936.845906
 21
5810064.110154
 31
47.333000
  0
LINE
  5
98d
100
AcDbEntity
  8
Fernwärmeleitung
  6
49
 62
171
370
35
100
AcDbLine
 10
3318936.845906
 20
5810064.110154
 30
47.333000
 11
3318937.665693
 21
5810064.062375
 31
47.292000
  0
LINE
  5
98e
100
AcDbEntity
  8
Fernwärmeleitung
  6
49
 62
171
370
35
100
AcDbLine
 10
3318937.665693
 20
5810064.062375
 30
47.292000
 11
3318938.724140
 21
5810064.007546
 31
47.311000
  0
LINE
  5
98f
100
AcDbEntity
  8
Fernwärmeleitung
  6
49
 62
171
370
35
100
AcDbLine
 10
3318938.724140
 20
5810064.007546
 30
47.311000
 11
3318939.568601
 21
5810063.917344
 31
47.260000
  0
LINE
  5
990
100
AcDbEntity
  8
Fernwärmeleitung
  6
49
 62
171
370
35
100
AcDbLine
 10
3318939.568601
 20
5810063.917344
 30
47.260000
 11
3318939.664850
 21
5810063.986311
 31
47.276000
  0
LINE
  5
991
100
AcDbEntity
  8
Fernwärmeleitung
  6
49
 62
171
370
35
100
AcDbLine
 10
3318939.664850
 20
5810063.986311
 30
47.276000
 11
3318939.706982
 21
5810064.078405
 31
47.261000
  0
LINE
  5
992
100
AcDbEntity
  8
Fernwärmeleitung
  6
49
 62
171
370
35
100
AcDbLine
 10
3318939.706982
 20
5810064.078405
 30
47.261000
 11
3318939.783580
 21
5810064.941546
 31
47.274000
  0
LINE
  5
993
100
AcDbEntity
  8
Fernwärmeleitung
  6
49
 62
171
370
35
100
AcDbLine
 10
3318939.783580
 20
5810064.941546
 30
47.274000
 11
3318939.958908
 21
5810065.729951
 31
47.302000
  0
LINE
  5
994
100
AcDbEntity
  8
Fernwärmeleitung
  6
49
 62
171
370
35
100
AcDbLine
 10
3318939.958908
 20
5810065.729951
 30
47.302000
 11
3318939.981936
 21
5810066.380089
 31
47.324000
  0
LINE
  5
995
100
AcDbEntity
  8
Fernwärmeleitung
  6
49
 62
171
370
35
100
AcDbLine
 10
3318939.981936
 20
5810066.380089
 30
47.324000
 11
3318940.695988
 21
5810072.353643
 31
47.347000
  0
LINE
  5
996
100
AcDbEntity
  8
Fernwärmeleitung
  6
60
 62
1
370
50
100
AcDbLine
 10
3318941.694995
 20
5810083.739072
 30
47.362000
 11
3318941.962218
 21
5810090.870961
 31
47.337000
  0
LINE
  5
997
100
AcDbEntity
  8
Fernwärmeleitung
  6
60
 62
1
370
50
100
AcDbLine
 10
3318941.962218
 20
5810090.870961
 30
47.337000
 11
3318942.012111
 21
5810091.411887
 31
47.343000
  0
LINE
  5
998
100
AcDbEntity
  8
Fernwärmeleitung
  6
60
 62
1
370
50
100
AcDbLine
 10
3318942.012111
 20
5810091.411887
 30
47.343000
 11
3318942.009495
 21
5810092.050323
 31
47.326000
  0
LINE
  5
999
100
AcDbEntity
  8
Fernwärmeleitung
  6
60
 62
1
370
50
100
AcDbLine
 10
3318942.526353
 20
5810104.088607
 30
47.260000
 11
3318943.090045
 21
5810116.093955
 31
47.267000
  0
LINE
  5
99a
100
AcDbEntity
  8
Fernwärmeleitung
  6
60
 62
1
370
50
100
AcDbLine
 10
3318936.160724
 20
5810094.690081
 30
0.000000
 11
3318935.894187
 21
5810094.700969
 31
0.000000
  0
LINE
  5
99b
100
AcDbEntity
  8
Fernwärmeleitung
  6
60
 62
1
370
50
100
AcDbLine
 10
3318942.012111
 20
5810091.411887
 30
47.343000
 11
3318941.853218
 21
5810091.423340
 31
47.471000
  0
LINE
  5
99c
100
AcDbEntity
  8
Fernwärmeleitung
  6
60
 62
1
370
50
100
AcDbLine
 10
3318941.853218
 20
5810091.423340
 30
47.471000
 11
3318941.804822
 21
5810091.511669
 31
47.507000
  0
LINE
  5
99d
100
AcDbEntity
  8
Fernwärmeleitung
  6
60
 62
1
370
50
100
AcDbLine
 10
3318941.804822
 20
5810091.511669
 30
47.507000
 11
3318941.818934
 21
5810092.017474
 31
47.502000
  0
LINE
  5
99e
100
AcDbEntity
  8
Fernwärmeleitung
  6
60
 62
1
370
50
100
AcDbLine
 10
3318941.818934
 20
5810092.017474
 30
47.502000
 11
3318941.885265
 21
5810093.367754
 31
47.487000
  0
LINE
  5
99f
100
AcDbEntity
  8
Fernwärmeleitung
  6
60
 62
1
370
50
100
AcDbLine
 10
3318941.885265
 20
5810093.367754
 30
47.487000
 11
3318941.914395
 21
5810094.259400
 31
47.468000
  0
LINE
  5
9a0
100
AcDbEntity
  8
Fernwärmeleitung
  6
60
 62
1
370
50
100
AcDbLine
 10
3318941.914395
 20
5810094.259400
 30
47.468000
 11
3318941.873912
 21
5810094.346143
 31
47.467000
  0
LINE
  5
9a1
100
AcDbEntity
  8
Fernwärmeleitung
  6
60
 62
1
370
50
100
AcDbLine
 10
3318941.873912
 20
5810094.346143
 30
47.467000
 11
3318941.817264
 21
5810094.376867
 31
47.464000
  0
LINE
  5
9a2
100
AcDbEntity
  8
Fernwärmeleitung
  6
60
 62
1
370
50
100
AcDbLine
 10
3318941.817264
 20
5810094.376867
 30
47.464000
 11
3318940.909479
 21
5810094.416449
 31
47.455000
  0
LINE
  5
9a3
100
AcDbEntity
  8
Fernwärmeleitung
  6
60
 62
1
370
50
100
AcDbLine
 10
3318940.909479
 20
5810094.416449
 30
47.455000
 11
3318937.428390
 21
5810094.621564
 31
47.416000
  0
LINE
  5
9a4
100
AcDbEntity
  8
Fernwärmeleitung
  6
60
 62
1
370
50
100
AcDbLine
 10
3318937.428390
 20
5810094.621564
 30
47.416000
 11
3318936.160724
 21
5810094.690081
 31
47.411000
  0
LINE
  5
9a5
100
AcDbEntity
  8
Fernwärmeleitung
  6
60
 62
1
370
50
100
AcDbLine
 10
3318824.888868
 20
5810079.257648
 30
47.162000
 11
3318822.708991
 21
5810079.379042
 31
47.210000
  0
LINE
  5
9a6
100
AcDbEntity
  8
Fernwärmeleitung
  6
60
 62
1
370
50
100
AcDbLine
 10
3318822.708991
 20
5810079.379042
 30
47.210000
 11
3318821.828751
 21
5810079.437288
 31
47.178000
  0
LINE
  5
9a8
100
AcDbEntity
  8
Beschriftumg +Trassierung
  6
36
 62
7
370
18
100
AcDbLine
 10
3318795.025740
 20
5810084.265260
 30
0.000000
 11
3318794.854457
 21
5810080.756207
 31
0.000000
  0
LINE
  5
9a9
100
AcDbEntity
  8
Fernwärmeleitung
  6
49
 62
171
370
35
100
AcDbLine
 10
3318940.695988
 20
5810072.353643
 30
47.347000
 11
3318941.230877
 21
5810084.359951
 31
47.356000
  0
LINE
  5
9aa
100
AcDbEntity
  8
Fernwärmeleitung
  6
49
 62
171
370
35
100
AcDbLine
 10
3318941.230877
 20
5810084.359951
 30
47.356000
 11
3318941.466652
 21
5810090.318802
 31
47.357000
  0
LINE
  5
9ab
100
AcDbEntity
  8
Fernwärmeleitung
  6
49
 62
171
370
35
100
AcDbLine
 10
3318941.466652
 20
5810090.318802
 30
47.357000
 11
3318941.496618
 21
5810090.900568
 31
47.360000
  0
LINE
  5
9ac
100
AcDbEntity
  8
Fernwärmeleitung
  6
49
 62
171
370
35
100
AcDbLine
 10
3318941.496618
 20
5810090.900568
 30
47.360000
 11
3318941.513923
 21
5810091.482339
 31
47.350000
  0
LINE
  5
9ad
100
AcDbEntity
  8
Fernwärmeleitung
  6
49
 62
171
370
35
100
AcDbLine
 10
3318941.513923
 20
5810091.482339
 30
47.350000
 11
3318942.056752
 21
5810103.563027
 31
47.257000
  0
LINE
  5
9ae
100
AcDbEntity
  8
Fernwärmeleitung
  6
49
 62
171
370
35
100
AcDbLine
 10
3318942.056752
 20
5810103.563027
 30
47.257000
 11
3318942.647982
 21
5810115.571214
 31
47.248000
  0
LINE
  5
9af
100
AcDbEntity
  8
Fernwärmeleitung
  6
49
 62
171
370
35
100
AcDbLine
 10
3318941.496618
 20
5810090.900568
 30
47.360000
 11
3318941.340258
 21
5810090.913919
 31
47.487000
  0
LINE
  5
9b0
100
AcDbEntity
  8
sonstige Leitungen TW_SW_RW_El
  6
7
 62
31
370
50
100
AcDbLine
 10
3318939.948178
 20
5810093.526726
 30
-50.122000
 11
3318939.989405
 21
5810094.607018
 31
-50.133000
  0
LINE
  5
9b1
100
AcDbEntity
  8
Fernwärmeleitung
  6
49
 62
171
370
35
100
AcDbLine
 10
3318941.340258
 20
5810090.913919
 30
47.487000
 11
3318941.298516
 21
5810091.020288
 31
47.523000
  0
LINE
  5
9b2
100
AcDbEntity
  8
Fernwärmeleitung
  6
49
 62
171
370
35
100
AcDbLine
 10
3318941.298516
 20
5810091.020288
 30
47.523000
 11
3318941.318955
 21
5810091.516595
 31
47.526000
  0
LINE
  5
9b3
100
AcDbEntity
  8
Fernwärmeleitung
  6
49
 62
171
370
35
100
AcDbLine
 10
3318941.318955
 20
5810091.516595
 30
47.526000
 11
3318941.394217
 21
5810093.052356
 31
47.504000
  0
LINE
  5
9b4
100
AcDbEntity
  8
Fernwärmeleitung
  6
49
 62
171
370
35
100
AcDbLine
 10
3318941.394217
 20
5810093.052356
 30
47.504000
 11
3318941.441072
 21
5810093.944629
 31
47.480000
  0
LINE
  5
9b5
100
AcDbEntity
  8
Fernwärmeleitung
  6
49
 62
171
370
35
100
AcDbLine
 10
3318941.441072
 20
5810093.944629
 30
47.480000
 11
3318941.390772
 21
5810094.019664
 31
47.477000
  0
LINE
  5
9b6
100
AcDbEntity
  8
Fernwärmeleitung
  6
49
 62
171
370
35
100
AcDbLine
 10
3318941.390772
 20
5810094.019664
 30
47.477000
 11
3318941.327795
 21
5810094.053556
 31
47.473000
  0
LINE
  5
9b7
100
AcDbEntity
  8
Fernwärmeleitung
  6
49
 62
171
370
35
100
AcDbLine
 10
3318941.327795
 20
5810094.053556
 30
47.473000
 11
3318940.437736
 21
5810094.093763
 31
47.450000
  0
LINE
  5
9b8
100
AcDbEntity
  8
Fernwärmeleitung
  6
49
 62
171
370
35
100
AcDbLine
 10
3318940.437736
 20
5810094.093763
 30
47.450000
 11
3318937.379826
 21
5810094.250929
 31
47.407000
  0
LINE
  5
9b9
100
AcDbEntity
  8
Fernwärmeleitung
  6
49
 62
171
370
35
100
AcDbLine
 10
3318937.379826
 20
5810094.250929
 30
47.407000
 11
3318936.083994
 21
5810094.331167
 31
47.406000
  0
LINE
  5
9ba
100
AcDbEntity
  8
Fernwärmeleitung
  6
49
 62
171
370
35
100
AcDbLine
 10
3318825.319739
 20
5810078.603546
 30
47.159000
 11
3318824.789585
 21
5810078.681289
 31
47.128000
  0
LINE
  5
9bb
100
AcDbEntity
  8
Fernwärmeleitung
  6
49
 62
171
370
35
100
AcDbLine
 10
3318824.789585
 20
5810078.681289
 30
47.128000
 11
3318824.273618
 21
5810078.605511
 31
47.195000
  0
LINE
  5
9bc
100
AcDbEntity
  8
Fernwärmeleitung
  6
49
 62
171
370
35
100
AcDbLine
 10
3318824.273618
 20
5810078.605511
 30
47.195000
 11
3318821.846526
 21
5810078.708953
 31
47.211000
  0
LINE
  5
9bd
100
AcDbEntity
  8
Fernwärmeleitung
  6
49
 62
171
370
35
100
AcDbLine
 10
3318821.846526
 20
5810078.708953
 30
47.211000
 11
3318821.078332
 21
5810078.753864
 31
47.164000
  0
LINE
  5
9be
100
AcDbEntity
  8
Fernwärmeleitung
  6
49
 62
171
370
35
100
AcDbLine
 10
3318821.078332
 20
5810078.753864
 30
47.164000
 11
3318820.400042
 21
5810078.829762
 31
47.241000
  0
LINE
  5
9bf
100
AcDbEntity
  8
Fernwärmeleitung
  6
49
 62
171
370
35
100
AcDbLine
 10
3318824.789585
 20
5810078.681289
 30
47.128000
 11
3318824.676353
 21
5810078.913661
 31
47.284000
  0
LINE
  5
9c0
100
AcDbEntity
  8
Fernwärmeleitung
  6
49
 62
171
370
35
100
AcDbLine
 10
3318824.676353
 20
5810078.913661
 30
47.284000
 11
3318824.153133
 21
5810078.910370
 31
47.338000
  0
LINE
  5
9c1
100
AcDbEntity
  8
Fernwärmeleitung
  6
49
 62
171
370
35
100
AcDbLine
 10
3318824.153133
 20
5810078.910370
 30
47.338000
 11
3318823.282698
 21
5810078.951837
 31
47.342000
  0
LINE
  5
9c2
100
AcDbEntity
  8
Fernwärmeleitung
  6
49
 62
171
370
35
100
AcDbLine
 10
3318823.282698
 20
5810078.951837
 30
47.342000
 11
3318822.346748
 21
5810079.006305
 31
47.344000
  0
LINE
  5
9c3
100
AcDbEntity
  8
Fernwärmeleitung
  6
49
 62
171
370
35
100
AcDbLine
 10
3318822.346748
 20
5810079.006305
 30
47.344000
 11
3318822.274288
 21
5810079.075018
 31
47.366000
  0
LINE
  5
9c4
100
AcDbEntity
  8
Fernwärmeleitung
  6
49
 62
171
370
35
100
AcDbLine
 10
3318822.274288
 20
5810079.075018
 30
47.366000
 11
3318822.291721
 21
5810080.004968
 31
47.362000
  0
LINE
  5
9c5
100
AcDbEntity
  8
Fernwärmeleitung
  6
49
 62
171
370
35
100
AcDbLine
 10
3318822.291721
 20
5810080.004968
 30
47.362000
 11
3318822.334432
 21
5810080.817794
 31
47.311000
  0
LINE
  5
9c6
100
AcDbEntity
  8
Fernwärmeleitung
  6
49
 62
171
370
35
100
AcDbLine
 10
3318822.334432
 20
5810080.817794
 30
47.311000
 11
3318822.367647
 21
5810081.627458
 31
47.355000
  0
LINE
  5
9c7
100
AcDbEntity
  8
sonstige Leitungen TW_SW_RW_El
  6
7
 62
31
370
50
100
AcDbLine
 10
3318788.090520
 20
5810076.998680
 30
0.000000
 11
3318787.477263
 21
5810059.297168
 31
0.000000
  0
LINE
  5
9c8
100
AcDbEntity
  8
Fernwärmeleitung
  6
49
 62
171
370
35
100
AcDbLine
 10
3318796.350691
 20
5810079.848274
 30
47.173000
 11
3318784.137703
 21
5810080.417739
 31
47.074000
  0
LINE
  5
9c9
100
AcDbEntity
  8
sonstige Leitungen TW_SW_RW_El
  6
9003
 62
171
370
70
100
AcDbLine
 10
3318788.658949
 20
5810101.869272
 30
0.000000
 11
3318803.900348
 21
5810101.182174
 31
0.000000
  0
LINE
  5
9cb
100
AcDbEntity
  8
Häuser
  6
1
 62
7
370
18
100
AcDbLine
 10
3318882.743624
 20
5810095.558849
 30
0.000000
 11
3318882.239777
 21
5810083.094539
 31
0.000000
  0
LINE
  5
9cc
100
AcDbEntity
  8
Fernwärmeleitung
  6
60
 62
1
370
50
100
AcDbLine
 10
3318942.009495
 20
5810092.050323
 30
47.326000
 11
3318942.526353
 21
5810104.088607
 31
47.260000
  0
LINE
  5
9cd
100
AcDbEntity
  8
sonstige Leitungen TW_SW_RW_El
  6
14
 62
1
370
25
100
AcDbLine
 10
3318878.625022
 20
5810064.517916
 30
0.000000
 11
3318878.752695
 21
5810065.189572
 31
0.000000
  0
LINE
  5
9ce
100
AcDbEntity
  8
sonstige Leitungen TW_SW_RW_El
  6
7
 62
31
370
50
100
AcDbLine
 10
3318787.477263
 20
5810059.297168
 30
0.000000
 11
3318813.645998
 21
5810058.068275
 31
0.000000
  0
LINE
  5
9cf
100
AcDbEntity
  8
sonstige Leitungen TW_SW_RW_El
  6
7
 62
31
370
50
100
AcDbLine
 10
3318787.477263
 20
5810059.297168
 30
0.000000
 11
3318770.059251
 21
5810060.115853
 31
0.000000
  0
LINE
  5
9d0
100
AcDbEntity
  8
Kataster AMT+Grunddiestbarkeit
  6
4
 62
7
370
70
100
AcDbLine
 10
3318886.600392
 20
5810061.476341
 30
0.000000
 11
3318941.029730
 21
5810058.831486
 31
0.000000
  0
LINE
  5
9d1
100
AcDbEntity
  8
Kataster AMT+Grunddiestbarkeit
  6
4
 62
7
370
70
100
AcDbLine
 10
3318872.986489
 20
5810062.137478
 30
0.000000
 11
3318886.600392
 21
5810061.476341
 31
0.000000
  0
LINE
  5
9d2
100
AcDbEntity
  8
Kataster AMT+Grunddiestbarkeit
  6
4
 62
7
370
70
100
AcDbLine
 10
3318849.834530
 20
5810063.261699
 30
0.000000
 11
3318872.986489
 21
5810062.137478
 31
0.000000
  0
LINE
  5
9d3
100
AcDbEntity
  8
Kataster AMT+Grunddiestbarkeit
  6
4
 62
7
370
70
100
AcDbLine
 10
3318759.943083
 20
5810067.629079
 30
0.000000
 11
3318849.834530
 21
5810063.261699
 31
0.000000
  0
LINE
  5
9d4
100
AcDbEntity
  8
Fernwärmeleitung
  6
60
 62
1
370
50
100
AcDbLine
 10
3318992.795561
 20
5810055.688414
 30
0.000000
 11
3318992.313408
 21
5810055.715365
 31
0.000000
  0
LINE
  5
9d5
100
AcDbEntity
  8
Fernwärmeleitung
  6
60
 62
1
370
50
100
AcDbLine
 10
3318992.313408
 20
5810055.715365
 30
0.000000
 11
3318991.835307
 21
5810055.752415
 31
0.000000
  0
LINE
  5
9d6
100
AcDbEntity
  8
Fernwärmeleitung
  6
60
 62
1
370
50
100
AcDbLine
 10
3318940.014388
 20
5810058.611080
 30
0.000000
 11
3318939.264079
 21
5810058.659308
 31
0.000000
  0
LINE
  5
9d7
100
AcDbEntity
  8
Beschriftumg +Trassierung
  6
36
 62
7
370
18
100
AcDbLine
 10
3318926.484692
 20
5810056.268819
 30
0.000000
 11
3318926.729827
 21
5810061.739766
 31
0.000000
  0
LINE
  5
9d8
100
AcDbEntity
  8
Beschriftumg +Trassierung
  6
36
 62
7
370
18
100
AcDbLine
 10
3318940.008546
 20
5810075.964835
 30
0.000000
 11
3318941.352314
 21
5810075.906047
 31
0.000000
  0
LINE
  5
9d9
100
AcDbEntity
  8
Kataster AMT+Grunddiestbarkeit
  6
4
 62
7
370
70
100
AcDbLine
 10
3318997.913789
 20
5810056.068297
 30
0.000000
 11
3318941.029730
 21
5810058.831486
 31
0.000000
  0
LINE
  5
9da
100
AcDbEntity
  8
Fernwärmeleitung
  6
60
 62
1
370
50
100
AcDbLine
 10
3318938.165403
 20
5810061.227377
 30
47.116000
 11
3318926.178404
 21
5810061.764473
 31
47.138000
  0
LINE
  5
9db
100
AcDbEntity
  8
Fernwärmeleitung
  6
60
 62
1
370
50
100
AcDbLine
 10
3318890.186033
 20
5810063.270372
 30
47.199000
 11
3318878.210160
 21
5810063.938823
 31
47.224000
  0
LINE
  5
9dc
100
AcDbEntity
  8
Fernwärmeleitung
  6
60
 62
1
370
50
100
AcDbLine
 10
3318824.070433
 20
5810094.261012
 30
47.515000
 11
3318824.411616
 21
5810098.499501
 31
47.483000
  0
LINE
  5
9dd
100
AcDbEntity
  8
Beschriftumg +Trassierung
  6
36
 62
7
370
18
100
AcDbLine
 10
3318882.007343
 20
5810064.772356
 30
0.000000
 11
3318881.949170
 21
5810063.730125
 31
0.000000
  0
LINE
  5
9de
100
AcDbEntity
  8
Fernwärmeleitung
  6
60
 62
1
370
50
100
AcDbLine
 10
3318941.169601
 20
5810071.729595
 30
47.349000
 11
3318941.694995
 21
5810083.739072
 31
47.362000
  0
LINE
  5
9df
100
AcDbEntity
  8
Häuser
  6
1
 62
7
370
18
100
AcDbLine
 10
3318866.115639
 20
5810123.623466
 30
-48.716000
 11
3318865.381217
 21
5810106.088137
 31
-49.459000
  0
LINE
  5
9e0
100
AcDbEntity
  8
Häuser
  6
1
 62
7
370
18
100
AcDbLine
 10
3318865.381217
 20
5810106.088137
 30
-49.459000
 11
3318847.046030
 21
5810106.838994
 31
-47.709000
  0
LINE
  5
9e1
100
AcDbEntity
  8
Häuser
  6
1
 62
7
370
18
100
AcDbLine
 10
3318847.046030
 20
5810106.838994
 30
0.000000
 11
3318847.813460
 21
5810125.807289
 31
0.000000
  0
LINE
  5
9e2
100
AcDbEntity
  8
Häuser
  6
1
 62
7
370
18
100
AcDbLine
 10
3318884.892952
 20
5810130.496317
 30
-49.405000
 11
3318866.573285
 21
5810131.273441
 31
-47.247000
  0
LINE
  5
9e3
100
AcDbEntity
  8
Häuser
  6
1
 62
7
370
18
100
AcDbLine
 10
3318811.806864
 20
5810151.109585
 30
0.000000
 11
3318811.083116
 21
5810133.511313
 31
0.000000
  0
LINE
  5
9e4
100
AcDbEntity
  8
Häuser
  6
1
 62
7
370
18
100
AcDbLine
 10
3318793.480225
 20
5810151.863288
 30
0.000000
 11
3318792.756477
 21
5810134.265016
 31
0.000000
  0
LINE
  5
9e5
100
AcDbEntity
  8
Häuser
  6
1
 62
7
370
18
100
AcDbLine
 10
3318811.083116
 20
5810133.511313
 30
-48.743000
 11
3318792.756477
 21
5810134.265016
 31
-48.632000
  0
LINE
  5
9e6
100
AcDbEntity
  8
Häuser
  6
1
 62
7
370
18
100
AcDbLine
 10
3318810.169132
 20
5810108.366898
 30
0.000000
 11
3318828.464587
 21
5810107.594373
 31
0.000000
  0
LINE
  5
9e7
100
AcDbEntity
  8
Häuser
  6
1
 62
7
370
18
100
AcDbLine
 10
3318828.464587
 20
5810107.594373
 30
0.000000
 11
3318829.258113
 21
5810126.589332
 31
0.000000
  0
LINE
  5
9e8
100
AcDbEntity
  8
Häuser
  6
1
 62
7
370
18
100
AcDbLine
 10
3318795.025740
 20
5810084.265260
 30
-48.515000
 11
3318811.243372
 21
5810083.543664
 31
-48.231000
  0
LINE
  5
9e9
100
AcDbEntity
  8
Häuser
  6
1
 62
7
370
18
100
AcDbLine
 10
3318811.243372
 20
5810083.543664
 30
-48.231000
 11
3318811.349348
 21
5810085.975819
 31
-48.772000
  0
LINE
  5
9ea
100
AcDbEntity
  8
Häuser
  6
1
 62
7
370
18
100
AcDbLine
 10
3318811.349348
 20
5810085.975819
 30
-48.772000
 11
3318815.675260
 21
5810085.802997
 31
-48.899000
  0
LINE
  5
9eb
100
AcDbEntity
  8
Häuser
  6
1
 62
7
370
18
100
AcDbLine
 10
3318815.675260
 20
5810085.802997
 30
0.000000
 11
3318816.194657
 21
5810098.293122
 31
0.000000
  0
LINE
  5
9ec
100
AcDbEntity
  8
Häuser
  6
1
 62
7
370
18
100
AcDbLine
 10
3318857.860852
 20
5810096.564689
 30
-48.683000
 11
3318857.343208
 21
5810084.107323
 31
-49.585000
  0
LINE
  5
9ed
100
AcDbEntity
  8
Häuser
  6
1
 62
7
370
18
100
AcDbLine
 10
3318857.343208
 20
5810084.107323
 30
-49.585000
 11
3318861.671965
 21
5810083.925954
 31
-48.006000
  0
LINE
  5
9ee
100
AcDbEntity
  8
Häuser
  6
1
 62
7
370
18
100
AcDbLine
 10
3318861.671965
 20
5810083.925954
 30
-48.006000
 11
3318861.555541
 21
5810081.487155
 31
-47.840000
  0
LINE
  5
9ef
100
AcDbEntity
  8
Häuser
  6
1
 62
7
370
18
100
AcDbLine
 10
3318857.860852
 20
5810096.564689
 30
-48.683000
 11
3318866.786151
 21
5810096.208815
 31
-48.646000
  0
LINE
  5
9f0
100
AcDbEntity
  8
Häuser
  6
1
 62
7
370
18
100
AcDbLine
 10
3318866.786151
 20
5810096.208815
 30
-48.646000
 11
3318866.808434
 21
5810096.553821
 31
-48.840000
  0
LINE
  5
9f1
100
AcDbEntity
  8
Häuser
  6
1
 62
7
370
18
100
AcDbLine
 10
3318866.808434
 20
5810096.553821
 30
-48.840000
 11
3318873.823206
 21
5810096.280310
 31
-49.125000
  0
LINE
  5
9f2
100
AcDbEntity
  8
Häuser
  6
1
 62
7
370
18
100
AcDbLine
 10
3318873.823206
 20
5810096.280310
 30
-49.125000
 11
3318873.809147
 21
5810095.920107
 31
-49.003000
  0
LINE
  5
9f3
100
AcDbEntity
  8
Häuser
  6
1
 62
7
370
18
100
AcDbLine
 10
3318873.809147
 20
5810095.920107
 30
-49.003000
 11
3318882.743624
 21
5810095.558849
 31
-47.724000
  0
LINE
  5
9f4
100
AcDbEntity
  8
Häuser
  6
1
 62
7
370
18
100
AcDbLine
 10
3318861.904827
 20
5810125.209223
 30
0.000000
 11
3318861.847178
 21
5810123.797810
 31
0.000000
  0
LINE
  5
9f5
100
AcDbEntity
  8
Fernwärmeleitung
  6
60
 62
1
370
50
100
AcDbLine
 10
3318797.015058
 20
5810080.650744
 30
47.185000
 11
3318809.021034
 21
5810080.075657
 31
47.180000
  0
LINE
  5
9f6
100
AcDbEntity
  8
Fernwärmeleitung
  6
49
 62
171
370
35
100
AcDbLine
 10
3318820.400042
 20
5810078.829762
 30
47.241000
 11
3318808.298768
 21
5810079.342528
 31
47.176000
  0
LINE
  5
9f7
100
AcDbEntity
  8
Fernwärmeleitung
  6
60
 62
1
370
50
100
AcDbLine
 10
3318849.135275
 20
5810080.451588
 30
47.302000
 11
3318849.783099
 21
5810087.086707
 31
47.200000
  0
LINE
  5
9f8
100
AcDbEntity
  8
Fernwärmeleitung
  6
60
 62
1
370
50
100
AcDbLine
 10
3318850.841819
 20
5810099.037431
 30
47.276000
 11
3318850.900727
 21
5810099.994904
 31
47.310000
  0
LINE
  5
9f9
100
AcDbEntity
  8
Fernwärmeleitung
  6
60
 62
1
370
50
100
AcDbLine
 10
3318850.900727
 20
5810099.994904
 30
47.310000
 11
3318851.009319
 21
5810100.058486
 31
47.311000
  0
LINE
  5
9fa
100
AcDbEntity
  8
Fernwärmeleitung
  6
60
 62
1
370
50
100
AcDbLine
 10
3318851.009319
 20
5810100.058486
 30
47.311000
 11
3318851.915203
 21
5810100.015107
 31
47.292000
  0
LINE
  5
9fb
100
AcDbEntity
  8
Fernwärmeleitung
  6
60
 62
1
370
50
100
AcDbLine
 10
3318851.915203
 20
5810100.015107
 30
47.292000
 11
3318861.461549
 21
5810099.714082
 31
47.258000
  0
LINE
  5
9fc
100
AcDbEntity
  8
Fernwärmeleitung
  6
60
 62
1
370
50
100
AcDbLine
 10
3318861.461549
 20
5810099.714082
 30
47.258000
 11
3318861.895184
 21
5810099.694932
 31
47.257000
  0
LINE
  5
9fd
100
AcDbEntity
  8
Fernwärmeleitung
  6
60
 62
1
370
50
100
AcDbLine
 10
3318861.895184
 20
5810099.694932
 30
47.257000
 11
3318862.484550
 21
5810099.676991
 31
47.219000
  0
LINE
  5
9fe
100
AcDbEntity
  8
Fernwärmeleitung
  6
60
 62
1
370
50
100
AcDbLine
 10
3318862.484550
 20
5810099.676991
 30
47.219000
 11
3318863.497417
 21
5810099.622811
 31
47.616000
  0
LINE
  5
9ff
100
AcDbEntity
  8
Fernwärmeleitung
  6
60
 62
1
370
50
100
AcDbLine
 10
3318863.497417
 20
5810099.622811
 30
47.616000
 11
3318863.571514
 21
5810099.704448
 31
47.626000
  0
LINE
  5
a00
100
AcDbEntity
  8
Fernwärmeleitung
  6
60
 62
1
370
50
100
AcDbLine
 10
3318863.571514
 20
5810099.704448
 30
47.626000
 11
3318863.585789
 21
5810100.656556
 31
47.737000
  0
LINE
  5
a01
100
AcDbEntity
  8
Fernwärmeleitung
  6
60
 62
1
370
50
100
AcDbLine
 10
3318863.585789
 20
5810100.656556
 30
47.737000
 11
3318863.626408
 21
5810102.670287
 31
47.877000
  0
LINE
  5
a02
100
AcDbEntity
  8
Fernwärmeleitung
  6
60
 62
1
370
50
100
AcDbLine
 10
3318863.626408
 20
5810102.670287
 30
47.877000
 11
3318863.681798
 21
5810105.260724
 31
47.970000
  0
LINE
  5
a03
100
AcDbEntity
  8
Fernwärmeleitung
  6
60
 62
1
370
50
100
AcDbLine
 10
3318863.681798
 20
5810105.260724
 30
47.970000
 11
3318863.715623
 21
5810106.008348
 31
47.988000
  0
LINE
  5
a04
100
AcDbEntity
  8
Fernwärmeleitung
  6
60
 62
1
370
50
100
AcDbLine
 10
3318863.715623
 20
5810106.008348
 30
0.000000
 11
3318863.721673
 21
5810106.156098
 31
0.000000
  0
LINE
  5
a05
100
AcDbEntity
  8
Fernwärmeleitung
  6
60
 62
1
370
50
100
AcDbLine
 10
3318861.895184
 20
5810099.694932
 30
47.257000
 11
3318862.057566
 21
5810099.704685
 31
47.532000
  0
LINE
  5
a06
100
AcDbEntity
  8
Fernwärmeleitung
  6
60
 62
1
370
50
100
AcDbLine
 10
3318862.057566
 20
5810099.704685
 30
47.532000
 11
3318862.577609
 21
5810099.676324
 31
47.573000
  0
LINE
  5
a07
100
AcDbEntity
  8
Fernwärmeleitung
  6
60
 62
1
370
50
100
AcDbLine
 10
3318862.577609
 20
5810099.676324
 30
47.573000
 11
3318863.804774
 21
5810099.647072
 31
47.291000
  0
LINE
  5
a08
100
AcDbEntity
  8
Fernwärmeleitung
  6
60
 62
1
370
50
100
AcDbLine
 10
3318871.665009
 20
5810099.426111
 30
47.313000
 11
3318872.151816
 21
5810099.396180
 31
47.296000
  0
LINE
  5
a09
100
AcDbEntity
  8
Fernwärmeleitung
  6
60
 62
1
370
50
100
AcDbLine
 10
3318872.834878
 20
5810099.385168
 30
47.571000
 11
3318876.111505
 21
5810099.220643
 31
47.576000
  0
LINE
  5
a0a
100
AcDbEntity
  8
Fernwärmeleitung
  6
60
 62
1
370
50
100
AcDbLine
 10
3318872.774420
 20
5810099.382975
 30
47.271000
 11
3318873.695179
 21
5810099.332943
 31
47.294000
  0
LINE
  5
a0b
100
AcDbEntity
  8
Fernwärmeleitung
  6
60
 62
1
370
50
100
AcDbLine
 10
3318876.111505
 20
5810099.220643
 30
47.576000
 11
3318876.988902
 21
5810099.177274
 31
47.574000
  0
LINE
  5
a0c
100
AcDbEntity
  8
Fernwärmeleitung
  6
60
 62
1
370
50
100
AcDbLine
 10
3318876.988902
 20
5810099.177274
 30
47.574000
 11
3318877.044902
 21
5810099.107301
 31
47.577000
  0
LINE
  5
a0d
100
AcDbEntity
  8
Fernwärmeleitung
  6
60
 62
1
370
50
100
AcDbLine
 10
3318877.044902
 20
5810099.107301
 30
47.577000
 11
3318877.000577
 21
5810098.210596
 31
47.653000
  0
LINE
  5
a0e
100
AcDbEntity
  8
Fernwärmeleitung
  6
60
 62
1
370
50
100
AcDbLine
 10
3318877.000577
 20
5810098.210596
 30
47.653000
 11
3318876.918458
 21
5810096.099708
 31
47.785000
  0
LINE
  5
a0f
100
AcDbEntity
  8
Fernwärmeleitung
  6
60
 62
1
370
50
100
AcDbLine
 10
3318876.918458
 20
5810096.099708
 30
47.785000
 11
3318876.897115
 21
5810095.729695
 31
47.814000
  0
LINE
  5
a10
100
AcDbEntity
  8
Fernwärmeleitung
  6
60
 62
1
370
50
100
AcDbLine
 10
3318872.151816
 20
5810099.396180
 30
47.296000
 11
3318872.312299
 21
5810099.405300
 31
47.561000
  0
LINE
  5
a11
100
AcDbEntity
  8
Fernwärmeleitung
  6
60
 62
1
370
50
100
AcDbLine
 10
3318872.312299
 20
5810099.405300
 30
47.561000
 11
3318872.834878
 21
5810099.385168
 31
47.571000
  0
LINE
  5
a12
100
AcDbEntity
  8
Fernwärmeleitung
  6
60
 62
1
370
50
100
AcDbLine
 10
3318873.782567
 20
5810099.406346
 30
47.288000
 11
3318873.784160
 21
5810099.433250
 31
47.253000
  0
LINE
  5
a13
100
AcDbEntity
  8
Fernwärmeleitung
  6
60
 62
1
370
50
100
AcDbLine
 10
3318873.784160
 20
5810099.433250
 30
47.253000
 11
3318873.841148
 21
5810100.336281
 31
47.216000
  0
LINE
  5
a14
100
AcDbEntity
  8
Fernwärmeleitung
  6
60
 62
1
370
50
100
AcDbLine
 10
3318873.841148
 20
5810100.336281
 30
47.216000
 11
3318874.436837
 21
5810112.416634
 31
47.138000
  0
LINE
  5
a15
100
AcDbEntity
  8
Fernwärmeleitung
  6
60
 62
1
370
50
100
AcDbLine
 10
3318875.041370
 20
5810124.448238
 30
47.236000
 11
3318875.114831
 21
5810125.387347
 31
47.220000
  0
LINE
  5
a16
100
AcDbEntity
  8
Fernwärmeleitung
  6
60
 62
1
370
50
100
AcDbLine
 10
3318875.114831
 20
5810125.387347
 30
47.220000
 11
3318875.183223
 21
5810125.448095
 31
47.216000
  0
LINE
  5
a17
100
AcDbEntity
  8
Fernwärmeleitung
  6
60
 62
1
370
50
100
AcDbLine
 10
3318875.183223
 20
5810125.448095
 30
47.216000
 11
3318876.098274
 21
5810125.370845
 31
47.212000
  0
LINE
  5
a18
100
AcDbEntity
  8
Fernwärmeleitung
  6
60
 62
1
370
50
100
AcDbLine
 10
3318876.098274
 20
5810125.370845
 30
47.212000
 11
3318882.152699
 21
5810125.085656
 31
47.026000
  0
LINE
  5
a19
100
AcDbEntity
  8
Fernwärmeleitung
  6
60
 62
1
370
50
100
AcDbLine
 10
3318882.152699
 20
5810125.085656
 30
47.026000
 11
3318883.016493
 21
5810125.064133
 31
46.998000
  0
LINE
  5
a1a
100
AcDbEntity
  8
Fernwärmeleitung
  6
60
 62
1
370
50
100
AcDbLine
 10
3318883.016493
 20
5810125.064133
 30
46.998000
 11
3318883.067768
 21
5810125.055885
 31
46.997000
  0
LINE
  5
a1b
100
AcDbEntity
  8
Fernwärmeleitung
  6
60
 62
1
370
50
100
AcDbLine
 10
3318883.067768
 20
5810125.055885
 30
46.997000
 11
3318883.191555
 21
5810125.124526
 31
47.699000
  0
LINE
  5
a1c
100
AcDbEntity
  8
Fernwärmeleitung
  6
60
 62
1
370
50
100
AcDbLine
 10
3318883.191555
 20
5810125.124526
 30
47.699000
 11
3318883.186205
 21
5810125.210307
 31
47.701000
  0
LINE
  5
a1d
100
AcDbEntity
  8
Fernwärmeleitung
  6
60
 62
1
370
50
100
AcDbLine
 10
3318883.186205
 20
5810125.210307
 30
47.701000
 11
3318883.412251
 21
5810130.529777
 31
47.573000
  0
LINE
  5
a1e
100
AcDbEntity
  8
Fernwärmeleitung
  6
60
 62
1
370
50
100
AcDbLine
 10
3318821.059948
 20
5810079.550569
 30
47.269000
 11
3318821.828751
 21
5810079.437288
 31
47.178000
  0
LINE
  5
a1f
100
AcDbEntity
  8
Fernwärmeleitung
  6
49
 62
171
370
35
100
AcDbLine
 10
3318848.375132
 20
5810080.009677
 30
47.334000
 11
3318849.165103
 21
5810087.580399
 31
47.203000
  0
LINE
  5
a20
100
AcDbEntity
  8
Fernwärmeleitung
  6
49
 62
171
370
35
100
AcDbLine
 10
3318849.165103
 20
5810087.580399
 30
47.203000
 11
3318850.491277
 21
5810099.500955
 31
47.291000
  0
LINE
  5
a21
100
AcDbEntity
  8
Fernwärmeleitung
  6
49
 62
171
370
35
100
AcDbLine
 10
3318850.491277
 20
5810099.500955
 30
47.291000
 11
3318850.546064
 21
5810100.442286
 31
47.319000
  0
LINE
  5
a22
100
AcDbEntity
  8
Fernwärmeleitung
  6
49
 62
171
370
35
100
AcDbLine
 10
3318850.546064
 20
5810100.442286
 30
47.319000
 11
3318850.627127
 21
5810100.531517
 31
47.320000
  0
LINE
  5
a23
100
AcDbEntity
  8
Fernwärmeleitung
  6
49
 62
171
370
35
100
AcDbLine
 10
3318850.627127
 20
5810100.531517
 30
47.320000
 11
3318851.527623
 21
5810100.466300
 31
47.298000
  0
LINE
  5
a24
100
AcDbEntity
  8
Fernwärmeleitung
  6
49
 62
171
370
35
100
AcDbLine
 10
3318851.527623
 20
5810100.466300
 30
47.298000
 11
3318861.067944
 21
5810100.139006
 31
47.297000
  0
LINE
  5
a25
100
AcDbEntity
  8
Fernwärmeleitung
  6
49
 62
171
370
35
100
AcDbLine
 10
3318861.067944
 20
5810100.139006
 30
47.297000
 11
3318861.513293
 21
5810100.125865
 31
47.284000
  0
LINE
  5
a26
100
AcDbEntity
  8
Fernwärmeleitung
  6
49
 62
171
370
35
100
AcDbLine
 10
3318861.513293
 20
5810100.125865
 30
47.284000
 11
3318862.204583
 21
5810100.112318
 31
47.233000
  0
LINE
  5
a27
100
AcDbEntity
  8
Fernwärmeleitung
  6
49
 62
171
370
35
100
AcDbLine
 10
3318862.204583
 20
5810100.112318
 30
47.233000
 11
3318863.726428
 21
5810100.066182
 31
47.298000
  0
LINE
  5
a28
100
AcDbEntity
  8
Fernwärmeleitung
  6
49
 62
171
370
35
100
AcDbLine
 10
3318863.726428
 20
5810100.066182
 30
47.298000
 11
3318871.328698
 21
5810099.856394
 31
47.313000
  0
LINE
  5
a29
100
AcDbEntity
  8
Fernwärmeleitung
  6
49
 62
171
370
35
100
AcDbLine
 10
3318871.328698
 20
5810099.856394
 30
47.313000
 11
3318871.760753
 21
5810099.845158
 31
47.291000
  0
LINE
  5
a2a
100
AcDbEntity
  8
Fernwärmeleitung
  6
49
 62
171
370
35
100
AcDbLine
 10
3318871.968715
 20
5810099.854261
 30
47.550000
 11
3318872.434640
 21
5810099.849027
 31
47.563000
  0
LINE
  5
a2b
100
AcDbEntity
  8
Fernwärmeleitung
  6
49
 62
171
370
35
100
AcDbLine
 10
3318872.434640
 20
5810099.849027
 30
47.563000
 11
3318876.529779
 21
5810099.608868
 31
47.704000
  0
LINE
  5
a2c
100
AcDbEntity
  8
Fernwärmeleitung
  6
49
 62
171
370
35
100
AcDbLine
 10
3318876.529779
 20
5810099.608868
 30
47.704000
 11
3318877.379965
 21
5810099.593364
 31
47.743000
  0
LINE
  5
a2d
100
AcDbEntity
  8
Fernwärmeleitung
  6
49
 62
171
370
35
100
AcDbLine
 10
3318877.379965
 20
5810099.593364
 30
47.743000
 11
3318877.439766
 21
5810099.530987
 31
47.747000
  0
LINE
  5
a2e
100
AcDbEntity
  8
Fernwärmeleitung
  6
49
 62
171
370
35
100
AcDbLine
 10
3318877.439766
 20
5810099.530987
 30
47.747000
 11
3318877.413812
 21
5810098.667827
 31
47.770000
  0
LINE
  5
a2f
100
AcDbEntity
  8
Fernwärmeleitung
  6
49
 62
171
370
35
100
AcDbLine
 10
3318877.413812
 20
5810098.667827
 30
47.770000
 11
3318877.304492
 21
5810095.748221
 31
47.815000
  0
LINE
  5
a30
100
AcDbEntity
  8
Fernwärmeleitung
  6
49
 62
171
370
35
100
AcDbLine
 10
3318871.760753
 20
5810099.845158
 30
47.291000
 11
3318871.968715
 21
5810099.854261
 31
47.550000
  0
LINE
  5
a31
100
AcDbEntity
  8
Fernwärmeleitung
  6
49
 62
171
370
35
100
AcDbLine
 10
3318871.760753
 20
5810099.845158
 30
47.291000
 11
3318872.398868
 21
5810099.836062
 31
47.262000
  0
LINE
  5
a32
100
AcDbEntity
  8
Fernwärmeleitung
  6
49
 62
171
370
35
100
AcDbLine
 10
3318872.398868
 20
5810099.836062
 30
47.262000
 11
3318873.318998
 21
5810099.797426
 31
47.279000
  0
LINE
  5
a33
100
AcDbEntity
  8
Fernwärmeleitung
  6
49
 62
171
370
35
100
AcDbLine
 10
3318873.318998
 20
5810099.797426
 30
47.279000
 11
3318873.406075
 21
5810099.884439
 31
47.240000
  0
LINE
  5
a34
100
AcDbEntity
  8
Fernwärmeleitung
  6
49
 62
171
370
35
100
AcDbLine
 10
3318873.406075
 20
5810099.884439
 30
47.240000
 11
3318873.442805
 21
5810100.784945
 31
47.205000
  0
LINE
  5
a35
100
AcDbEntity
  8
Fernwärmeleitung
  6
49
 62
171
370
35
100
AcDbLine
 10
3318873.442805
 20
5810100.784945
 30
47.205000
 11
3318874.045454
 21
5810112.857066
 31
47.170000
  0
LINE
  5
a36
100
AcDbEntity
  8
Fernwärmeleitung
  6
49
 62
171
370
35
100
AcDbLine
 10
3318874.045454
 20
5810112.857066
 30
47.170000
 11
3318874.709173
 21
5810124.875671
 31
47.208000
  0
LINE
  5
a37
100
AcDbEntity
  8
Fernwärmeleitung
  6
49
 62
171
370
35
100
AcDbLine
 10
3318874.709173
 20
5810124.875671
 30
47.208000
 11
3318874.759857
 21
5810125.851505
 31
47.197000
  0
LINE
  5
a38
100
AcDbEntity
  8
Fernwärmeleitung
  6
49
 62
171
370
35
100
AcDbLine
 10
3318874.759857
 20
5810125.851505
 30
47.197000
 11
3318874.838382
 21
5810125.923012
 31
47.191000
  0
LINE
  5
a39
100
AcDbEntity
  8
Fernwärmeleitung
  6
49
 62
171
370
35
100
AcDbLine
 10
3318874.838382
 20
5810125.923012
 30
47.191000
 11
3318875.783819
 21
5810125.843218
 31
47.188000
  0
LINE
  5
a3a
100
AcDbEntity
  8
Fernwärmeleitung
  6
49
 62
171
370
35
100
AcDbLine
 10
3318875.783819
 20
5810125.843218
 30
47.188000
 11
3318881.830319
 21
5810125.524797
 31
47.032000
  0
LINE
  5
a3b
100
AcDbEntity
  8
Fernwärmeleitung
  6
49
 62
171
370
35
100
AcDbLine
 10
3318881.830319
 20
5810125.524797
 30
47.032000
 11
3318882.633651
 21
5810125.488419
 31
46.997000
  0
LINE
  5
a3c
100
AcDbEntity
  8
Fernwärmeleitung
  6
49
 62
171
370
35
100
AcDbLine
 10
3318882.633651
 20
5810125.488419
 30
46.997000
 11
3318882.695377
 21
5810125.496310
 31
46.994000
  0
LINE
  5
a3d
100
AcDbEntity
  8
Fernwärmeleitung
  6
49
 62
171
370
35
100
AcDbLine
 10
3318882.695377
 20
5810125.496310
 30
46.994000
 11
3318882.805545
 21
5810125.542483
 31
47.727000
  0
LINE
  5
a3e
100
AcDbEntity
  8
Fernwärmeleitung
  6
49
 62
171
370
35
100
AcDbLine
 10
3318882.805545
 20
5810125.542483
 30
47.727000
 11
3318882.809069
 21
5810125.658647
 31
47.730000
  0
LINE
  5
a3f
100
AcDbEntity
  8
Fernwärmeleitung
  6
49
 62
171
370
35
100
AcDbLine
 10
3318882.809069
 20
5810125.658647
 30
47.730000
 11
3318883.019749
 21
5810130.507764
 31
47.577000
  0
LINE
  5
a40
100
AcDbEntity
  8
Fernwärmeleitung
  6
49
 62
171
370
35
100
AcDbLine
 10
3318861.513293
 20
5810100.125865
 30
47.284000
 11
3318861.681373
 21
5810100.137515
 31
47.543000
  0
LINE
  5
a41
100
AcDbEntity
  8
Fernwärmeleitung
  6
49
 62
171
370
35
100
AcDbLine
 10
3318861.681373
 20
5810100.137515
 30
47.543000
 11
3318862.191921
 21
5810100.109158
 31
47.583000
  0
LINE
  5
a42
100
AcDbEntity
  8
Fernwärmeleitung
  6
49
 62
171
370
35
100
AcDbLine
 10
3318862.191921
 20
5810100.109158
 30
47.583000
 11
3318863.131986
 21
5810100.055004
 31
47.616000
  0
LINE
  5
a43
100
AcDbEntity
  8
Fernwärmeleitung
  6
49
 62
171
370
35
100
AcDbLine
 10
3318863.131986
 20
5810100.055004
 30
47.616000
 11
3318863.204811
 21
5810100.118283
 31
47.631000
  0
LINE
  5
a44
100
AcDbEntity
  8
Fernwärmeleitung
  6
49
 62
171
370
35
100
AcDbLine
 10
3318863.204811
 20
5810100.118283
 30
47.631000
 11
3318863.224799
 21
5810101.113437
 31
47.764000
  0
LINE
  5
a45
100
AcDbEntity
  8
Fernwärmeleitung
  6
49
 62
171
370
35
100
AcDbLine
 10
3318863.224799
 20
5810101.113437
 30
47.764000
 11
3318863.313358
 21
5810106.120229
 31
47.989000
  0
LINE
  5
a46
100
AcDbEntity
  8
Häuser
  6
1
 62
7
370
18
100
AcDbLine
 10
3318810.909520
 20
5810125.901262
 30
0.000000
 11
3318810.169132
 21
5810108.366898
 31
0.000000
  0
LINE
  5
a47
100
AcDbEntity
  8
Häuser
  6
1
 62
7
370
18
100
AcDbLine
 10
3318791.325050
 20
5810099.379829
 30
0.000000
 11
3318790.778623
 21
5810086.874682
 31
0.000000
  0
LINE
  5
a48
100
AcDbEntity
  8
Häuser
  6
1
 62
7
370
18
100
AcDbLine
 10
3318807.269982
 20
5810099.059056
 30
0.000000
 11
3318807.253586
 21
5810098.683813
 31
0.000000
  0
LINE
  5
a49
100
AcDbEntity
  8
Häuser
  6
1
 62
7
370
18
100
AcDbLine
 10
3318795.025740
 20
5810084.265260
 30
0.000000
 11
3318795.131451
 21
5810086.684480
 31
0.000000
  0
LINE
  5
a4a
100
AcDbEntity
  8
Häuser
  6
1
 62
7
370
18
100
AcDbLine
 10
3318790.778623
 20
5810086.874682
 30
0.000000
 11
3318795.131451
 21
5810086.684480
 31
0.000000
  0
LINE
  5
a4b
100
AcDbEntity
  8
Häuser
  6
1
 62
7
370
18
100
AcDbLine
 10
3318800.272630
 20
5810099.362631
 30
-50.487000
 11
3318807.269982
 21
5810099.059056
 31
-49.202000
  0
LINE
  5
a4c
100
AcDbEntity
  8
Häuser
  6
1
 62
7
370
18
100
AcDbLine
 10
3318800.272630
 20
5810099.362631
 30
0.000000
 11
3318800.256329
 21
5810098.989566
 31
0.000000
  0
LINE
  5
a4d
100
AcDbEntity
  8
Häuser
  6
1
 62
7
370
18
100
AcDbLine
 10
3318816.194657
 20
5810098.293122
 30
0.000000
 11
3318807.253586
 21
5810098.683813
 31
0.000000
  0
LINE
  5
a4e
100
AcDbEntity
  8
Fernwärmeleitung
  6
49
 62
171
370
35
100
AcDbLine
 10
3318808.298768
 20
5810079.342528
 30
47.176000
 11
3318796.350691
 21
5810079.848274
 31
47.173000
  0
LINE
  5
a4f
100
AcDbEntity
  8
Häuser
  6
1
 62
7
370
18
100
AcDbLine
 10
3318800.256329
 20
5810098.989566
 30
0.000000
 11
3318791.325050
 21
5810099.379829
 31
0.000000
  0
LINE
  5
a50
100
AcDbEntity
  8
Häuser
  6
1
 62
7
370
18
100
AcDbLine
 10
3318861.555541
 20
5810081.487155
 30
-47.840000
 11
3318877.792811
 21
5810080.801637
 31
-48.587000
  0
LINE
  5
a51
100
AcDbEntity
  8
Häuser
  6
1
 62
7
370
18
100
AcDbLine
 10
3318877.792811
 20
5810080.801637
 30
0.000000
 11
3318877.892601
 21
5810083.270265
 31
0.000000
  0
LINE
  5
a52
100
AcDbEntity
  8
Häuser
  6
1
 62
7
370
18
100
AcDbLine
 10
3318882.239777
 20
5810083.094539
 30
0.000000
 11
3318877.892601
 21
5810083.270265
 31
0.000000
  0
LINE
  5
a53
100
AcDbEntity
  8
Fernwärmeleitung
  6
60
 62
1
370
50
100
AcDbLine
 10
3318823.097494
 20
5810082.315638
 30
47.376000
 11
3318824.070433
 21
5810094.261012
 31
47.515000
  0
LINE
  5
a54
100
AcDbEntity
  8
Fernwärmeleitung
  6
60
 62
1
370
50
100
AcDbLine
 10
3318824.411616
 20
5810098.499501
 30
47.483000
 11
3318824.425722
 21
5810098.989479
 31
47.479000
  0
LINE
  5
a55
100
AcDbEntity
  8
Fernwärmeleitung
  6
60
 62
1
370
50
100
AcDbLine
 10
3318824.425722
 20
5810098.989479
 30
47.479000
 11
3318824.454400
 21
5810099.511739
 31
47.501000
  0
LINE
  5
a56
100
AcDbEntity
  8
Fernwärmeleitung
  6
60
 62
1
370
50
100
AcDbLine
 10
3318824.454400
 20
5810099.511739
 30
47.501000
 11
3318824.552346
 21
5810100.757553
 31
47.520000
  0
LINE
  5
a57
100
AcDbEntity
  8
Fernwärmeleitung
  6
60
 62
1
370
50
100
AcDbLine
 10
3318824.552346
 20
5810100.757553
 30
47.520000
 11
3318824.544183
 21
5810100.940509
 31
47.534000
  0
LINE
  5
a58
100
AcDbEntity
  8
Fernwärmeleitung
  6
60
 62
1
370
50
100
AcDbLine
 10
3318824.544183
 20
5810100.940509
 30
47.534000
 11
3318824.417616
 21
5810101.060835
 31
47.526000
  0
LINE
  5
a59
100
AcDbEntity
  8
Fernwärmeleitung
  6
60
 62
1
370
50
100
AcDbLine
 10
3318824.417616
 20
5810101.060835
 30
47.526000
 11
3318824.134328
 21
5810101.068852
 31
47.537000
  0
LINE
  5
a5a
100
AcDbEntity
  8
Fernwärmeleitung
  6
60
 62
1
370
50
100
AcDbLine
 10
3318873.695179
 20
5810099.332943
 30
47.294000
 11
3318873.782567
 21
5810099.406346
 31
47.288000
  0
LINE
  5
a5b
100
AcDbEntity
  8
Fernwärmeleitung
  6
60
 62
1
370
50
100
AcDbLine
 10
3318812.528976
 20
5810101.375378
 30
47.572000
 11
3318810.886518
 21
5810101.378194
 31
47.583000
  0
LINE
  5
a5c
100
AcDbEntity
  8
Fernwärmeleitung
  6
60
 62
1
370
50
100
AcDbLine
 10
3318809.895456
 20
5810101.335192
 30
47.610000
 11
3318809.034831
 21
5810101.366209
 31
47.634000
  0
LINE
  5
a5d
100
AcDbEntity
  8
Fernwärmeleitung
  6
60
 62
1
370
50
100
AcDbLine
 10
3318809.034831
 20
5810101.366209
 30
47.634000
 11
3318808.302398
 21
5810101.395598
 31
47.661000
  0
LINE
  5
a5e
100
AcDbEntity
  8
Fernwärmeleitung
  6
60
 62
1
370
50
100
AcDbLine
 10
3318824.425722
 20
5810098.989479
 30
47.479000
 11
3318824.596338
 21
5810099.012524
 31
47.618000
  0
LINE
  5
a5f
100
AcDbEntity
  8
Fernwärmeleitung
  6
60
 62
1
370
50
100
AcDbLine
 10
3318824.596338
 20
5810099.012524
 30
47.618000
 11
3318824.645750
 21
5810099.104931
 31
47.659000
  0
LINE
  5
a60
100
AcDbEntity
  8
Fernwärmeleitung
  6
60
 62
1
370
50
100
AcDbLine
 10
3318824.645750
 20
5810099.104931
 30
47.659000
 11
3318824.675060
 21
5810099.622126
 31
47.690000
  0
LINE
  5
a61
100
AcDbEntity
  8
Fernwärmeleitung
  6
60
 62
1
370
50
100
AcDbLine
 10
3318824.675060
 20
5810099.622126
 30
47.690000
 11
3318824.739648
 21
5810100.534017
 31
47.703000
  0
LINE
  5
a62
100
AcDbEntity
  8
Fernwärmeleitung
  6
60
 62
1
370
50
100
AcDbLine
 10
3318824.739648
 20
5810100.534017
 30
47.703000
 11
3318824.808994
 21
5810100.604577
 31
47.701000
  0
LINE
  5
a63
100
AcDbEntity
  8
Fernwärmeleitung
  6
60
 62
1
370
50
100
AcDbLine
 10
3318824.808994
 20
5810100.604577
 30
47.701000
 11
3318825.689228
 21
5810100.530504
 31
47.657000
  0
LINE
  5
a64
100
AcDbEntity
  8
Fernwärmeleitung
  6
60
 62
1
370
50
100
AcDbLine
 10
3318825.689228
 20
5810100.530504
 30
47.657000
 11
3318826.571374
 21
5810100.488717
 31
47.604000
  0
LINE
  5
a65
100
AcDbEntity
  8
Fernwärmeleitung
  6
60
 62
1
370
50
100
AcDbLine
 10
3318826.571374
 20
5810100.488717
 30
47.604000
 11
3318826.641033
 21
5810100.551997
 31
47.602000
  0
LINE
  5
a66
100
AcDbEntity
  8
Fernwärmeleitung
  6
60
 62
1
370
50
100
AcDbLine
 10
3318826.641033
 20
5810100.551997
 30
47.602000
 11
3318826.678081
 21
5810101.457883
 31
47.600000
  0
LINE
  5
a67
100
AcDbEntity
  8
Fernwärmeleitung
  6
60
 62
1
370
50
100
AcDbLine
 10
3318826.678081
 20
5810101.457883
 30
47.600000
 11
3318826.825645
 21
5810106.822963
 31
47.595000
  0
LINE
  5
a68
100
AcDbEntity
  8
Fernwärmeleitung
  6
60
 62
1
370
50
100
AcDbLine
 10
3318826.825645
 20
5810106.822963
 30
0.000000
 11
3318826.861076
 21
5810107.662081
 31
0.000000
  0
LINE
  5
a69
100
AcDbEntity
  8
Fernwärmeleitung
  6
49
 62
171
370
35
100
AcDbLine
 10
3318822.367647
 20
5810081.627458
 30
47.355000
 11
3318823.454205
 21
5810093.532592
 31
47.530000
  0
LINE
  5
a6a
100
AcDbEntity
  8
Fernwärmeleitung
  6
49
 62
171
370
35
100
AcDbLine
 10
3318823.454205
 20
5810093.532592
 30
47.530000
 11
3318823.901225
 21
5810098.958335
 31
47.511000
  0
LINE
  5
a6b
100
AcDbEntity
  8
Fernwärmeleitung
  6
49
 62
171
370
35
100
AcDbLine
 10
3318823.901225
 20
5810098.958335
 30
47.511000
 11
3318823.925144
 21
5810099.447361
 31
47.498000
  0
LINE
  5
a6c
100
AcDbEntity
  8
Fernwärmeleitung
  6
49
 62
171
370
35
100
AcDbLine
 10
3318823.925144
 20
5810099.447361
 30
47.498000
 11
3318823.985790
 21
5810099.965493
 31
47.518000
  0
LINE
  5
a6d
100
AcDbEntity
  8
Fernwärmeleitung
  6
49
 62
171
370
35
100
AcDbLine
 10
3318823.985790
 20
5810099.965493
 30
47.518000
 11
3318824.004934
 21
5810100.383302
 31
47.521000
  0
LINE
  5
a6e
100
AcDbEntity
  8
Fernwärmeleitung
  6
49
 62
171
370
35
100
AcDbLine
 10
3318824.004934
 20
5810100.383302
 30
47.521000
 11
3318824.024004
 21
5810100.598533
 31
47.535000
  0
LINE
  5
a6f
100
AcDbEntity
  8
Fernwärmeleitung
  6
49
 62
171
370
35
100
AcDbLine
 10
3318824.024004
 20
5810100.598533
 30
47.535000
 11
3318823.918645
 21
5810100.718535
 31
47.545000
  0
LINE
  5
a70
100
AcDbEntity
  8
Fernwärmeleitung
  6
49
 62
171
370
35
100
AcDbLine
 10
3318823.918645
 20
5810100.718535
 30
47.545000
 11
3318823.652454
 21
5810100.741739
 31
47.550000
  0
LINE
  5
a71
100
AcDbEntity
  8
Fernwärmeleitung
  6
49
 62
171
370
35
100
AcDbLine
 10
3318823.652454
 20
5810100.741739
 30
47.550000
 11
3318812.005938
 21
5810101.003966
 31
47.621000
  0
LINE
  5
a72
100
AcDbEntity
  8
Fernwärmeleitung
  6
49
 62
171
370
35
100
AcDbLine
 10
3318812.005938
 20
5810101.003966
 30
47.621000
 11
3318811.289962
 21
5810101.028284
 31
47.612000
  0
LINE
  5
a73
100
AcDbEntity
  8
Fernwärmeleitung
  6
60
 62
1
370
50
100
AcDbLine
 10
3318810.886518
 20
5810101.378194
 30
47.583000
 11
3318810.425328
 21
5810101.350191
 31
47.577000
  0
LINE
  5
a74
100
AcDbEntity
  8
Fernwärmeleitung
  6
60
 62
1
370
50
100
AcDbLine
 10
3318810.425328
 20
5810101.350191
 30
47.577000
 11
3318809.895456
 21
5810101.335192
 31
47.610000
  0
LINE
  5
a75
100
AcDbEntity
  8
Fernwärmeleitung
  6
49
 62
171
370
35
100
AcDbLine
 10
3318810.826557
 20
5810101.000599
 30
47.598000
 11
3318810.735356
 21
5810100.887949
 31
47.770000
  0
LINE
  5
a76
100
AcDbEntity
  8
Fernwärmeleitung
  6
49
 62
171
370
35
100
AcDbLine
 10
3318810.735356
 20
5810100.887949
 30
47.770000
 11
3318810.734051
 21
5810100.780963
 31
47.811000
  0
LINE
  5
a77
100
AcDbEntity
  8
Fernwärmeleitung
  6
49
 62
171
370
35
100
AcDbLine
 10
3318810.734051
 20
5810100.780963
 30
47.811000
 11
3318810.744644
 21
5810098.588060
 31
47.836000
  0
LINE
  5
a78
100
AcDbEntity
  8
Fernwärmeleitung
  6
49
 62
171
370
35
100
AcDbLine
 10
3318810.744644
 20
5810098.588060
 30
0.000000
 11
3318810.742167
 21
5810098.531375
 31
0.000000
  0
LINE
  5
a79
100
AcDbEntity
  8
Fernwärmeleitung
  6
60
 62
1
370
50
100
AcDbLine
 10
3318810.425328
 20
5810101.350191
 30
47.577000
 11
3318810.391111
 21
5810101.262842
 31
47.744000
  0
LINE
  5
a7a
100
AcDbEntity
  8
Fernwärmeleitung
  6
60
 62
1
370
50
100
AcDbLine
 10
3318810.391111
 20
5810101.262842
 30
47.744000
 11
3318810.379042
 21
5810101.150163
 31
47.790000
  0
LINE
  5
a7b
100
AcDbEntity
  8
Fernwärmeleitung
  6
60
 62
1
370
50
100
AcDbLine
 10
3318810.379042
 20
5810101.150163
 30
47.790000
 11
3318810.352898
 21
5810100.632968
 31
47.809000
  0
LINE
  5
a7c
100
AcDbEntity
  8
Fernwärmeleitung
  6
60
 62
1
370
50
100
AcDbLine
 10
3318810.352898
 20
5810100.632968
 30
47.809000
 11
3318810.337918
 21
5810098.618278
 31
47.836000
  0
LINE
  5
a7d
100
AcDbEntity
  8
Fernwärmeleitung
  6
60
 62
1
370
50
100
AcDbLine
 10
3318810.337918
 20
5810098.618278
 30
0.000000
 11
3318810.334898
 21
5810098.549171
 31
0.000000
  0
LINE
  5
a7e
100
AcDbEntity
  8
Fernwärmeleitung
  6
49
 62
171
370
35
100
AcDbLine
 10
3318823.925144
 20
5810099.447361
 30
47.498000
 11
3318824.073909
 21
5810099.440976
 31
47.654000
  0
LINE
  5
a7f
100
AcDbEntity
  8
Fernwärmeleitung
  6
49
 62
171
370
35
100
AcDbLine
 10
3318824.073909
 20
5810099.440976
 30
47.654000
 11
3318824.117311
 21
5810099.545097
 31
47.703000
  0
LINE
  5
a80
100
AcDbEntity
  8
Fernwärmeleitung
  6
49
 62
171
370
35
100
AcDbLine
 10
3318824.117311
 20
5810099.545097
 30
47.703000
 11
3318824.162761
 21
5810100.055006
 31
47.729000
  0
LINE
  5
a81
100
AcDbEntity
  8
Fernwärmeleitung
  6
49
 62
171
370
35
100
AcDbLine
 10
3318824.162761
 20
5810100.055006
 30
47.729000
 11
3318824.229248
 21
5810100.964363
 31
47.735000
  0
LINE
  5
a82
100
AcDbEntity
  8
Fernwärmeleitung
  6
49
 62
171
370
35
100
AcDbLine
 10
3318824.229248
 20
5810100.964363
 30
47.735000
 11
3318824.302712
 21
5810101.047900
 31
47.734000
  0
LINE
  5
a83
100
AcDbEntity
  8
Fernwärmeleitung
  6
49
 62
171
370
35
100
AcDbLine
 10
3318824.302712
 20
5810101.047900
 30
47.734000
 11
3318825.210479
 21
5810100.957674
 31
47.694000
  0
LINE
  5
a84
100
AcDbEntity
  8
Fernwärmeleitung
  6
49
 62
171
370
35
100
AcDbLine
 10
3318825.210479
 20
5810100.957674
 30
47.694000
 11
3318826.167007
 21
5810100.911112
 31
47.614000
  0
LINE
  5
a85
100
AcDbEntity
  8
Fernwärmeleitung
  6
49
 62
171
370
35
100
AcDbLine
 10
3318826.167007
 20
5810100.911112
 30
47.614000
 11
3318826.232553
 21
5810100.980407
 31
47.604000
  0
LINE
  5
a86
100
AcDbEntity
  8
Fernwärmeleitung
  6
49
 62
171
370
35
100
AcDbLine
 10
3318826.232553
 20
5810100.980407
 30
47.604000
 11
3318826.281940
 21
5810101.871413
 31
47.577000
  0
LINE
  5
a87
100
AcDbEntity
  8
Fernwärmeleitung
  6
49
 62
171
370
35
100
AcDbLine
 10
3318826.281940
 20
5810101.871413
 30
47.577000
 11
3318826.416718
 21
5810106.894647
 31
47.579000
  0
LINE
  5
a88
100
AcDbEntity
  8
Fernwärmeleitung
  6
49
 62
171
370
35
100
AcDbLine
 10
3318826.416718
 20
5810106.894647
 30
0.000000
 11
3318826.437788
 21
5810107.679955
 31
0.000000
  0
LINE
  5
a89
100
AcDbEntity
  8
Beschriftumg +Trassierung
  6
36
 62
7
370
18
100
AcDbLine
 10
3318816.194657
 20
5810098.293122
 30
0.000000
 11
3318816.318669
 21
5810101.275283
 31
0.000000
  0
LINE
  5
a8a
100
AcDbEntity
  8
Beschriftumg +Trassierung
  6
36
 62
7
370
18
100
AcDbLine
 10
3318816.194657
 20
5810098.293122
 30
0.000000
 11
3318824.366260
 21
5810097.936054
 31
0.000000
  0
LINE
  5
a8b
100
AcDbEntity
  8
Fernwärmeleitung
  6
60
 62
1
370
50
100
AcDbLine
 10
3318809.021034
 20
5810080.075657
 30
47.180000
 11
3318821.059948
 21
5810079.550569
 31
47.269000
  0
LINE
  5
a8c
100
AcDbEntity
  8
Beschriftumg +Trassierung
  6
36
 62
7
370
18
100
AcDbLine
 10
3318866.115639
 20
5810123.623466
 30
0.000000
 11
3318874.981733
 21
5810123.261333
 31
0.000000
  0
LINE
  5
a8d
100
AcDbEntity
  8
Beschriftumg +Trassierung
  6
36
 62
7
370
18
100
AcDbLine
 10
3318866.808434
 20
5810096.553821
 30
0.000000
 11
3318867.002413
 21
5810099.557182
 31
0.000000
  0
LINE
  5
a8e
100
AcDbEntity
  8
Beschriftumg +Trassierung
  6
36
 62
7
370
18
100
AcDbLine
 10
3318857.860852
 20
5810096.564689
 30
0.000000
 11
3318850.648235
 21
5810096.852273
 31
0.000000
  0
LINE
  5
a8f
100
AcDbEntity
  8
Beschriftumg +Trassierung
  6
36
 62
7
370
18
100
AcDbLine
 10
3318851.953189
 20
5810077.507489
 30
0.000000
 11
3318857.060145
 21
5810077.295279
 31
0.000000
  0
LINE
  5
a90
100
AcDbEntity
  8
Beschriftumg +Trassierung
  6
36
 62
7
370
18
100
AcDbLine
 10
3318857.060145
 20
5810077.295279
 30
0.000000
 11
3318857.343208
 21
5810084.107323
 31
0.000000
  0
LINE
  5
a91
100
AcDbEntity
  8
Fernwärmeleitung
  6
60
 62
1
370
50
100
AcDbLine
 10
3318808.951071
 20
5810119.879273
 30
47.567000
 11
3318809.317579
 21
5810131.919194
 31
47.589000
  0
LINE
  5
a92
100
AcDbEntity
  8
Fernwärmeleitung
  6
60
 62
1
370
50
100
AcDbLine
 10
3318863.804774
 20
5810099.647072
 30
47.291000
 11
3318871.665009
 21
5810099.426111
 31
47.313000
  0
LINE
  5
a93
100
AcDbEntity
  8
Fernwärmeleitung
  6
60
 62
1
370
50
100
AcDbLine
 10
3318849.783099
 20
5810087.086707
 30
47.200000
 11
3318850.841819
 21
5810099.037431
 31
47.276000
  0
LINE
  5
a94
100
AcDbEntity
  8
Fernwärmeleitung
  6
60
 62
1
370
50
100
AcDbLine
 10
3318872.151816
 20
5810099.396180
 30
47.296000
 11
3318872.774420
 21
5810099.382975
 31
47.271000
  0
LINE
  5
a95
100
AcDbEntity
  8
Fernwärmeleitung
  6
60
 62
1
370
50
100
AcDbLine
 10
3318784.869183
 20
5810081.243607
 30
47.128000
 11
3318797.015058
 21
5810080.650744
 31
47.185000
  0
LINE
  5
a96
100
AcDbEntity
  8
Häuser
  6
1
 62
7
370
18
100
AcDbLine
 10
3318866.573285
 20
5810131.273441
 30
-47.247000
 11
3318867.274795
 21
5810148.828406
 31
-45.490000
  0
LINE
  5
a97
100
AcDbEntity
  8
Häuser
  6
1
 62
7
370
18
100
AcDbLine
 10
3318813.389675
 20
5810125.791008
 30
-48.281000
 11
3318813.448747
 21
5810127.197950
 31
-48.311000
  0
LINE
  5
a98
100
AcDbEntity
  8
Häuser
  6
1
 62
7
370
18
100
AcDbLine
 10
3318813.448747
 20
5810127.197950
 30
0.000000
 11
3318829.258113
 21
5810126.589332
 31
0.000000
  0
LINE
  5
a99
100
AcDbEntity
  8
Häuser
  6
1
 62
7
370
18
100
AcDbLine
 10
3318847.813460
 20
5810125.807289
 30
0.000000
 11
3318861.904827
 21
5810125.209223
 31
0.000000
  0
LINE
  5
a9a
100
AcDbEntity
  8
Häuser
  6
1
 62
7
370
18
100
AcDbLine
 10
3318885.637559
 20
5810148.049455
 30
0.000000
 11
3318884.892952
 21
5810130.496317
 31
0.000000
  0
LINE
  5
a9b
100
AcDbEntity
  8
Häuser
  6
1
 62
7
370
18
100
AcDbLine
 10
3318813.389675
 20
5810125.791008
 30
0.000000
 11
3318810.909520
 21
5810125.901262
 31
0.000000
  0
LINE
  5
a9c
100
AcDbEntity
  8
Fernwärmeleitung
  6
60
 62
1
370
50
100
AcDbLine
 10
3318808.302398
 20
5810101.395598
 30
47.661000
 11
3318808.241966
 21
5810101.463040
 31
47.664000
  0
LINE
  5
a9d
100
AcDbEntity
  8
Häuser
  6
1
 62
7
370
18
100
AcDbLine
 10
3318861.847178
 20
5810123.797810
 30
0.000000
 11
3318866.115639
 21
5810123.623466
 31
0.000000
  0
LINE
  5
a9e
100
AcDbEntity
  8
Häuser
  6
1
 62
7
370
18
100
AcDbLine
 10
3318867.274795
 20
5810148.828406
 30
0.000000
 11
3318885.637559
 21
5810148.049455
 31
0.000000
  0
LINE
  5
a9f
100
AcDbEntity
  8
Häuser
  6
1
 62
7
370
18
100
AcDbLine
 10
3318811.806864
 20
5810151.109585
 30
0.000000
 11
3318793.480225
 21
5810151.863288
 31
0.000000
  0
LINE
  5
aa0
100
AcDbEntity
  8
Häuser
  6
1
 62
7
370
18
100
AcDbLine
 10
3318881.388514
 20
5810148.229700
 30
0.000000
 11
3318885.637559
 21
5810148.049455
 31
0.000000
  0
LINE
  5
aa1
100
AcDbEntity
  8
Häuser
  6
1
 62
7
370
18
100
AcDbLine
 10
3318811.806864
 20
5810151.109585
 30
0.000000
 11
3318807.557589
 21
5810151.284341
 31
0.000000
  0
LINE
  5
aa2
100
AcDbEntity
  8
Fernwärmeleitung
  6
60
 62
1
370
50
100
AcDbLine
 10
3318808.241966
 20
5810101.463040
 30
47.664000
 11
3318808.269154
 21
5810102.236939
 31
47.646000
  0
LINE
  5
aa3
100
AcDbEntity
  8
Fernwärmeleitung
  6
60
 62
1
370
50
100
AcDbLine
 10
3318808.269154
 20
5810102.236939
 30
47.646000
 11
3318808.414916
 21
5810107.870433
 31
47.454000
  0
LINE
  5
aa4
100
AcDbEntity
  8
Fernwärmeleitung
  6
60
 62
1
370
50
100
AcDbLine
 10
3318808.414916
 20
5810107.870433
 30
47.454000
 11
3318808.951071
 21
5810119.879273
 31
47.567000
  0
LINE
  5
aa5
100
AcDbEntity
  8
Fernwärmeleitung
  6
60
 62
1
370
50
100
AcDbLine
 10
3318824.134328
 20
5810101.068852
 30
47.537000
 11
3318812.528976
 21
5810101.375378
 31
47.572000
  0
LINE
  5
aa6
100
AcDbEntity
  8
Fernwärmeleitung
  6
60
 62
1
370
50
100
AcDbLine
 10
3318809.317579
 20
5810131.919194
 30
47.589000
 11
3318809.369481
 21
5810132.761454
 31
47.624000
  0
LINE
  5
aa7
100
AcDbEntity
  8
Fernwärmeleitung
  6
60
 62
1
370
50
100
AcDbLine
 10
3318809.369481
 20
5810132.761454
 30
47.624000
 11
3318809.368577
 21
5810132.884583
 31
48.022000
  0
LINE
  5
aa8
100
AcDbEntity
  8
Fernwärmeleitung
  6
60
 62
1
370
50
100
AcDbLine
 10
3318809.368577
 20
5810132.884583
 30
48.022000
 11
3318809.373703
 21
5810133.052974
 31
48.111000
  0
LINE
  5
aa9
100
AcDbEntity
  8
Fernwärmeleitung
  6
60
 62
1
370
50
100
AcDbLine
 10
3318809.373703
 20
5810133.052974
 30
48.111000
 11
3318809.415050
 21
5810133.597385
 31
48.104000
  0
LINE
  5
aaa
100
AcDbEntity
  8
Fernwärmeleitung
  6
49
 62
171
370
35
100
AcDbLine
 10
3318810.200464
 20
5810100.995763
 30
47.613000
 11
3318808.776740
 21
5810101.035533
 31
47.643000
  0
LINE
  5
aab
100
AcDbEntity
  8
Fernwärmeleitung
  6
49
 62
171
370
35
100
AcDbLine
 10
3318808.776740
 20
5810101.035533
 30
47.643000
 11
3318807.904401
 21
5810101.060541
 31
47.692000
  0
LINE
  5
aac
100
AcDbEntity
  8
Fernwärmeleitung
  6
49
 62
171
370
35
100
AcDbLine
 10
3318807.904401
 20
5810101.060541
 30
47.692000
 11
3318807.837951
 21
5810101.117540
 31
47.696000
  0
LINE
  5
aad
100
AcDbEntity
  8
Fernwärmeleitung
  6
49
 62
171
370
35
100
AcDbLine
 10
3318807.837951
 20
5810101.117540
 30
47.696000
 11
3318807.863614
 21
5810102.048120
 31
47.668000
  0
LINE
  5
aae
100
AcDbEntity
  8
Fernwärmeleitung
  6
49
 62
171
370
35
100
AcDbLine
 10
3318807.863614
 20
5810102.048120
 30
47.668000
 11
3318808.008205
 21
5810107.941801
 31
47.474000
  0
LINE
  5
aaf
100
AcDbEntity
  8
Fernwärmeleitung
  6
49
 62
171
370
35
100
AcDbLine
 10
3318808.008205
 20
5810107.941801
 30
47.474000
 11
3318808.558921
 21
5810119.951268
 31
47.557000
  0
LINE
  5
ab0
100
AcDbEntity
  8
Fernwärmeleitung
  6
49
 62
171
370
35
100
AcDbLine
 10
3318808.558921
 20
5810119.951268
 30
47.557000
 11
3318808.972885
 21
5810131.927866
 31
47.590000
  0
LINE
  5
ab1
100
AcDbEntity
  8
Fernwärmeleitung
  6
49
 62
171
370
35
100
AcDbLine
 10
3318808.972885
 20
5810131.927866
 30
47.590000
 11
3318808.981110
 21
5810132.780904
 31
47.636000
  0
LINE
  5
ab2
100
AcDbEntity
  8
Fernwärmeleitung
  6
49
 62
171
370
35
100
AcDbLine
 10
3318808.981110
 20
5810132.780904
 30
47.636000
 11
3318808.971660
 21
5810132.907518
 31
48.023000
  0
LINE
  5
ab3
100
AcDbEntity
  8
Fernwärmeleitung
  6
49
 62
171
370
35
100
AcDbLine
 10
3318808.971660
 20
5810132.907518
 30
48.023000
 11
3318808.981533
 21
5810133.074324
 31
48.123000
  0
LINE
  5
ab4
100
AcDbEntity
  8
Fernwärmeleitung
  6
49
 62
171
370
35
100
AcDbLine
 10
3318808.981533
 20
5810133.074324
 30
48.123000
 11
3318809.008950
 21
5810133.609878
 31
48.111000
  0
LINE
  5
ab5
100
AcDbEntity
  8
Beschriftumg +Trassierung
  6
36
 62
7
370
18
100
AcDbLine
 10
3318810.909520
 20
5810125.901262
 30
0.000000
 11
3318809.136786
 21
5810125.980068
 31
0.000000
  0
LINE
  5
ab6
100
AcDbEntity
  8
Fernwärmeleitung
  6
60
 62
1
370
50
100
AcDbLine
 10
3318773.089214
 20
5810081.840135
 30
47.133000
 11
3318771.530347
 21
5810081.918254
 31
47.070000
  0
LINE
  5
ab7
100
AcDbEntity
  8
Fernwärmeleitung
  6
60
 62
1
370
50
100
AcDbLine
 10
3318771.530347
 20
5810081.918254
 30
47.070000
 11
3318770.874212
 21
5810081.987814
 31
47.035000
  0
LINE
  5
ab8
100
AcDbEntity
  8
Fernwärmeleitung
  6
60
 62
1
370
50
100
AcDbLine
 10
3318770.874212
 20
5810081.987814
 30
47.035000
 11
3318770.685924
 21
5810082.112911
 31
47.026000
  0
LINE
  5
ab9
100
AcDbEntity
  8
Fernwärmeleitung
  6
60
 62
1
370
50
100
AcDbLine
 10
3318770.685924
 20
5810082.112911
 30
47.026000
 11
3318770.608127
 21
5810082.299057
 31
47.045000
  0
LINE
  5
aba
100
AcDbEntity
  8
Fernwärmeleitung
  6
60
 62
1
370
50
100
AcDbLine
 10
3318770.608127
 20
5810082.299057
 30
47.045000
 11
3318770.581192
 21
5810083.083421
 31
47.070000
  0
LINE
  5
abb
100
AcDbEntity
  8
Fernwärmeleitung
  6
60
 62
1
370
50
100
AcDbLine
 10
3318770.581192
 20
5810083.083421
 30
47.070000
 11
3318770.771220
 21
5810086.853821
 31
47.026000
  0
LINE
  5
abc
100
AcDbEntity
  8
Fernwärmeleitung
  6
60
 62
1
370
50
100
AcDbLine
 10
3318770.771220
 20
5810086.853821
 30
47.026000
 11
3318770.865461
 21
5810087.489690
 31
47.047000
  0
LINE
  5
abd
100
AcDbEntity
  8
Fernwärmeleitung
  6
60
 62
1
370
50
100
AcDbLine
 10
3318770.865461
 20
5810087.489690
 30
47.047000
 11
3318770.720898
 21
5810087.733785
 31
46.985000
  0
LINE
  5
abe
100
AcDbEntity
  8
Fernwärmeleitung
  6
60
 62
1
370
50
100
AcDbLine
 10
3318770.720898
 20
5810087.733785
 30
46.985000
 11
3318770.538618
 21
5810087.844003
 31
47.067000
  0
LINE
  5
abf
100
AcDbEntity
  8
Fernwärmeleitung
  6
60
 62
1
370
50
100
AcDbLine
 10
3318757.902278
 20
5810088.851696
 30
46.918000
 11
3318754.315189
 21
5810089.156557
 31
46.902000
  0
LINE
  5
ac0
100
AcDbEntity
  8
Fernwärmeleitung
  6
49
 62
171
370
35
100
AcDbLine
 10
3318757.025606
 20
5810088.281318
 30
46.942000
 11
3318754.080732
 21
5810088.536250
 31
46.879000
  0
LINE
  5
ac1
100
AcDbEntity
  8
Fernwärmeleitung
  6
49
 62
171
370
35
100
AcDbLine
 10
3318784.137703
 20
5810080.417739
 30
47.074000
 11
3318772.350831
 21
5810081.177598
 31
47.062000
  0
LINE
  5
ac2
100
AcDbEntity
  8
Fernwärmeleitung
  6
49
 62
171
370
35
100
AcDbLine
 10
3318772.350831
 20
5810081.177598
 30
47.062000
 11
3318770.554600
 21
5810081.341266
 31
47.000000
  0
LINE
  5
ac3
100
AcDbEntity
  8
Fernwärmeleitung
  6
49
 62
171
370
35
100
AcDbLine
 10
3318770.554600
 20
5810081.341266
 30
47.000000
 11
3318769.949424
 21
5810081.406692
 31
47.044000
  0
LINE
  5
ac4
100
AcDbEntity
  8
Fernwärmeleitung
  6
49
 62
171
370
35
100
AcDbLine
 10
3318769.949424
 20
5810081.406692
 30
47.044000
 11
3318769.718079
 21
5810081.505849
 31
47.056000
  0
LINE
  5
ac5
100
AcDbEntity
  8
Fernwärmeleitung
  6
49
 62
171
370
35
100
AcDbLine
 10
3318769.718079
 20
5810081.505849
 30
47.056000
 11
3318769.596315
 21
5810081.776524
 31
47.039000
  0
LINE
  5
ac6
100
AcDbEntity
  8
Fernwärmeleitung
  6
49
 62
171
370
35
100
AcDbLine
 10
3318769.596315
 20
5810081.776524
 30
47.039000
 11
3318769.656995
 21
5810082.386450
 31
47.053000
  0
LINE
  5
ac7
100
AcDbEntity
  8
Fernwärmeleitung
  6
49
 62
171
370
35
100
AcDbLine
 10
3318769.656995
 20
5810082.386450
 30
47.053000
 11
3318769.960373
 21
5810086.247335
 31
47.049000
  0
LINE
  5
ac8
100
AcDbEntity
  8
Fernwärmeleitung
  6
49
 62
171
370
35
100
AcDbLine
 10
3318769.960373
 20
5810086.247335
 30
47.049000
 11
3318769.991942
 21
5810086.884493
 31
47.049000
  0
LINE
  5
ac9
100
AcDbEntity
  8
Fernwärmeleitung
  6
49
 62
171
370
35
100
AcDbLine
 10
3318769.991942
 20
5810086.884493
 30
47.049000
 11
3318769.889466
 21
5810087.100402
 31
47.079000
  0
LINE
  5
aca
100
AcDbEntity
  8
Fernwärmeleitung
  6
49
 62
171
370
35
100
AcDbLine
 10
3318769.889466
 20
5810087.100402
 30
47.079000
 11
3318769.649912
 21
5810087.255904
 31
47.090000
  0
LINE
  5
acb
100
AcDbEntity
  8
Fernwärmeleitung
  6
60
 62
1
370
50
100
AcDbLine
 10
3318770.538618
 20
5810087.844003
 30
47.067000
 11
3318769.899251
 21
5810087.891716
 31
47.059000
  0
LINE
  5
acc
100
AcDbEntity
  8
Fernwärmeleitung
  6
49
 62
171
370
35
100
AcDbLine
 10
3318769.649912
 20
5810087.255904
 30
47.090000
 11
3318769.097908
 21
5810087.307383
 31
47.067000
  0
LINE
  5
acd
100
AcDbEntity
  8
Fernwärmeleitung
  6
60
 62
1
370
50
100
AcDbLine
 10
3318769.899251
 20
5810087.891716
 30
47.059000
 11
3318757.902278
 21
5810088.851696
 31
46.918000
  0
LINE
  5
ace
100
AcDbEntity
  8
Fernwärmeleitung
  6
49
 62
171
370
35
100
AcDbLine
 10
3318769.097908
 20
5810087.307383
 30
47.067000
 11
3318757.025606
 21
5810088.281318
 31
46.942000
  0
LINE
  5
acf
100
AcDbEntity
  8
Fernwärmeleitung
  6
60
 62
1
370
50
100
AcDbLine
 10
3318874.436837
 20
5810112.416634
 30
47.138000
 11
3318875.041370
 21
5810124.448238
 31
47.236000
  0
LINE
  5
ad0
100
AcDbEntity
  8
Fernwärmeleitung
  6
60
 62
1
370
50
100
AcDbLine
 10
3318754.315189
 20
5810089.156557
 30
46.902000
 11
3318747.604069
 21
5810089.712616
 31
46.677000
  0
LINE
  5
ad1
100
AcDbEntity
  8
Fernwärmeleitung
  6
60
 62
1
370
50
100
AcDbLine
 10
3318747.604069
 20
5810089.712616
 30
46.677000
 11
3318746.862151
 21
5810089.770495
 31
46.621000
  0
LINE
  5
ad2
100
AcDbEntity
  8
Fernwärmeleitung
  6
60
 62
1
370
50
100
AcDbLine
 10
3318746.862151
 20
5810089.770495
 30
46.621000
 11
3318746.653520
 21
5810089.662002
 31
46.608000
  0
LINE
  5
ad3
100
AcDbEntity
  8
Fernwärmeleitung
  6
60
 62
1
370
50
100
AcDbLine
 10
3318746.653520
 20
5810089.662002
 30
46.608000
 11
3318746.526833
 21
5810089.453141
 31
46.593000
  0
LINE
  5
ad4
100
AcDbEntity
  8
Fernwärmeleitung
  6
60
 62
1
370
50
100
AcDbLine
 10
3318746.526833
 20
5810089.453141
 30
46.593000
 11
3318746.503497
 21
5810088.826109
 31
46.595000
  0
LINE
  5
ad5
100
AcDbEntity
  8
Fernwärmeleitung
  6
60
 62
1
370
50
100
AcDbLine
 10
3318746.503497
 20
5810088.826109
 30
46.595000
 11
3318746.297317
 21
5810086.761479
 31
46.529000
  0
LINE
  5
ad6
100
AcDbEntity
  8
Fernwärmeleitung
  6
60
 62
1
370
50
100
AcDbLine
 10
3318746.297317
 20
5810086.761479
 30
46.529000
 11
3318746.269568
 21
5810086.185726
 31
46.493000
  0
LINE
  5
ad7
100
AcDbEntity
  8
Fernwärmeleitung
  6
60
 62
1
370
50
100
AcDbLine
 10
3318746.269568
 20
5810086.185726
 30
46.493000
 11
3318746.106482
 21
5810085.981626
 31
46.505000
  0
LINE
  5
ad8
100
AcDbEntity
  8
Fernwärmeleitung
  6
60
 62
1
370
50
100
AcDbLine
 10
3318746.106482
 20
5810085.981626
 30
46.505000
 11
3318745.854164
 21
5810085.855424
 31
46.489000
  0
LINE
  5
ad9
100
AcDbEntity
  8
Fernwärmeleitung
  6
60
 62
1
370
50
100
AcDbLine
 10
3318745.854164
 20
5810085.855424
 30
46.489000
 11
3318745.247400
 21
5810085.906607
 31
46.498000
  0
LINE
  5
ada
100
AcDbEntity
  8
Fernwärmeleitung
  6
60
 62
1
370
50
100
AcDbLine
 10
3318745.247400
 20
5810085.906607
 30
46.498000
 11
3318739.164826
 21
5810086.250996
 31
46.396000
  0
LINE
  5
adb
100
AcDbEntity
  8
Fernwärmeleitung
  6
60
 62
1
370
50
100
AcDbLine
 10
3318739.164826
 20
5810086.250996
 30
46.396000
 11
3318738.589060
 21
5810086.240761
 31
46.374000
  0
LINE
  5
adc
100
AcDbEntity
  8
Fernwärmeleitung
  6
60
 62
1
370
50
100
AcDbLine
 10
3318738.589060
 20
5810086.240761
 30
46.374000
 11
3318737.995583
 21
5810086.271048
 31
46.404000
  0
LINE
  5
add
100
AcDbEntity
  8
Fernwärmeleitung
  6
60
 62
1
370
50
100
AcDbLine
 10
3318737.995583
 20
5810086.271048
 30
46.404000
 11
3318726.049032
 21
5810086.623278
 31
46.461000
  0
LINE
  5
ade
100
AcDbEntity
  8
Fernwärmeleitung
  6
60
 62
1
370
50
100
AcDbLine
 10
3318726.049032
 20
5810086.623278
 30
46.461000
 11
3318713.987882
 21
5810086.929970
 31
46.523000
  0
LINE
  5
adf
100
AcDbEntity
  8
Fernwärmeleitung
  6
49
 62
171
370
35
100
AcDbLine
 10
3318714.230718
 20
5810086.229091
 30
0.000000
 11
3318707.199038
 21
5810086.473457
 31
0.000000
  0
LINE
  5
ae0
100
AcDbEntity
  8
Fernwärmeleitung
  6
60
 62
1
370
50
100
AcDbLine
 10
3318738.589060
 20
5810086.240761
 30
46.374000
 11
3318738.597329
 21
5810086.349010
 31
46.573000
  0
LINE
  5
ae1
100
AcDbEntity
  8
Fernwärmeleitung
  6
60
 62
1
370
50
100
AcDbLine
 10
3318738.597329
 20
5810086.349010
 30
46.573000
 11
3318738.709733
 21
5810086.448675
 31
46.678000
  0
LINE
  5
ae2
100
AcDbEntity
  8
Fernwärmeleitung
  6
49
 62
171
370
35
100
AcDbLine
 10
3318741.072035
 20
5810085.311862
 30
0.000000
 11
3318740.969357
 21
5810082.979070
 31
0.000000
  0
LINE
  5
ae3
100
AcDbEntity
  8
Fernwärmeleitung
  6
49
 62
171
370
35
100
AcDbLine
 10
3318754.080732
 20
5810088.536250
 30
46.879000
 11
3318748.190625
 21
5810088.933112
 31
46.732000
  0
LINE
  5
ae4
100
AcDbEntity
  8
Fernwärmeleitung
  6
49
 62
171
370
35
100
AcDbLine
 10
3318748.190625
 20
5810088.933112
 30
46.732000
 11
3318747.595563
 21
5810088.955486
 31
46.671000
  0
LINE
  5
ae5
100
AcDbEntity
  8
Fernwärmeleitung
  6
49
 62
171
370
35
100
AcDbLine
 10
3318747.595563
 20
5810088.955486
 30
46.671000
 11
3318747.360347
 21
5810088.857132
 31
46.660000
  0
LINE
  5
ae6
100
AcDbEntity
  8
Fernwärmeleitung
  6
49
 62
171
370
35
100
AcDbLine
 10
3318747.360347
 20
5810088.857132
 30
46.660000
 11
3318747.220684
 21
5810088.652390
 31
46.672000
  0
LINE
  5
ae7
100
AcDbEntity
  8
Fernwärmeleitung
  6
49
 62
171
370
35
100
AcDbLine
 10
3318747.220684
 20
5810088.652390
 30
46.672000
 11
3318747.170724
 21
5810087.927878
 31
46.638000
  0
LINE
  5
ae8
100
AcDbEntity
  8
Fernwärmeleitung
  6
49
 62
171
370
35
100
AcDbLine
 10
3318747.170724
 20
5810087.927878
 30
46.638000
 11
3318747.054150
 21
5810085.942663
 31
46.548000
  0
LINE
  5
ae9
100
AcDbEntity
  8
Fernwärmeleitung
  6
49
 62
171
370
35
100
AcDbLine
 10
3318747.054150
 20
5810085.942663
 30
46.548000
 11
3318747.011519
 21
5810085.351406
 31
46.525000
  0
LINE
  5
aea
100
AcDbEntity
  8
Fernwärmeleitung
  6
49
 62
171
370
35
100
AcDbLine
 10
3318747.011519
 20
5810085.351406
 30
46.525000
 11
3318746.873746
 21
5810085.121975
 31
46.545000
  0
LINE
  5
aeb
100
AcDbEntity
  8
Fernwärmeleitung
  6
49
 62
171
370
35
100
AcDbLine
 10
3318746.873746
 20
5810085.121975
 30
46.545000
 11
3318746.645792
 21
5810084.973290
 31
46.549000
  0
LINE
  5
aec
100
AcDbEntity
  8
Fernwärmeleitung
  6
49
 62
171
370
35
100
AcDbLine
 10
3318746.645792
 20
5810084.973290
 30
46.549000
 11
3318746.043764
 21
5810084.991236
 31
46.550000
  0
LINE
  5
aed
100
AcDbEntity
  8
Fernwärmeleitung
  6
49
 62
171
370
35
100
AcDbLine
 10
3318746.043764
 20
5810084.991236
 30
46.550000
 11
3318739.433863
 21
5810085.354176
 31
46.464000
  0
LINE
  5
aee
100
AcDbEntity
  8
Fernwärmeleitung
  6
49
 62
171
370
35
100
AcDbLine
 10
3318739.433863
 20
5810085.354176
 30
46.464000
 11
3318738.826802
 21
5810085.456953
 31
46.385000
  0
LINE
  5
aef
100
AcDbEntity
  8
Fernwärmeleitung
  6
49
 62
171
370
35
100
AcDbLine
 10
3318738.826802
 20
5810085.456953
 30
46.385000
 11
3318738.272548
 21
5810085.416957
 31
46.453000
  0
LINE
  5
af0
100
AcDbEntity
  8
Fernwärmeleitung
  6
49
 62
171
370
35
100
AcDbLine
 10
3318738.826802
 20
5810085.456953
 30
46.385000
 11
3318738.834131
 21
5810085.590208
 31
46.603000
  0
LINE
  5
af1
100
AcDbEntity
  8
Fernwärmeleitung
  6
49
 62
171
370
35
100
AcDbLine
 10
3318738.834131
 20
5810085.590208
 30
46.603000
 11
3318738.961075
 21
5810085.636691
 31
46.640000
  0
LINE
  5
af2
100
AcDbEntity
  8
Fernwärmeleitung
  6
49
 62
171
370
35
100
AcDbLine
 10
3318745.196910
 20
5810080.250494
 30
0.000000
 11
3318745.813298
 21
5810080.088477
 31
0.000000
  0
LINE
  5
af3
100
AcDbEntity
  8
Fernwärmeleitung
  6
49
 62
171
370
35
100
AcDbLine
 10
3318738.272548
 20
5810085.416957
 30
46.453000
 11
3318726.292172
 21
5810085.886631
 31
46.513000
  0
LINE
  5
af4
100
AcDbEntity
  8
Fernwärmeleitung
  6
49
 62
171
370
35
100
AcDbLine
 10
3318726.292172
 20
5810085.886631
 30
46.513000
 11
3318714.230718
 21
5810086.229091
 31
46.457000
  0
ENDSEC
999
========================
  0
SECTION
  2
OBJECTS
999
----------------
999
- - - - - -
  0
DICTIONARY
  5
af5
100
AcDbDictionary
  3
ACAD_GROUP
350
af6
  3
ACAD_MLINESTYLE
350
af7
  3
ACAD_IMAGE_DICT
350
af8
999
- - - - - -
  0
DICTIONARY
  5
af6
102
{ACAD_REACTORS
330
af5
102
}
100
AcDbDictionary
  3
*A0
350
2b8
  3
*A1
350
2cd
  3
*A2
350
2d6
  3
*A3
350
2da
  3
*A4
350
2df
  3
*A5
350
2e6
  3
*A6
350
2ef
  3
*A7
350
2f9
  3
*A8
350
30c
  3
*A9
350
30f
  3
*A10
350
311
  3
*A11
350
315
  3
*A12
350
31d
  3
*A13
350
31f
  3
*A14
350
323
  3
*A15
350
325
  3
*A16
350
328
  3
*A17
350
32b
  3
*A18
350
32e
  3
*A19
350
331
  3
*A20
350
333
  3
*A21
350
33d
  3
*A22
350
348
  3
*A23
350
34a
  3
*A24
350
353
  3
*A25
350
355
  3
*A26
350
35f
  3
*A27
350
364
  3
*A28
350
36b
  3
*A29
350
36e
  3
*A30
350
374
  3
*A31
350
37a
  3
*A32
350
380
  3
*A33
350
383
  3
*A34
350
389
  3
*A35
350
38f
  3
*A36
350
392
  3
*A37
350
398
  3
*A38
350
39f
  3
*A39
350
3a5
  3
*A40
350
3ab
  3
*A41
350
3ae
  3
*A42
350
3b1
  3
*A43
350
3bb
  3
*A44
350
3c1
  3
*A45
350
3c4
  3
*A46
350
3c7
  3
*A47
350
3cd
  3
*A48
350
3d3
  3
*A49
350
3d5
  3
*A50
350
3d7
  3
*A51
350
3da
  3
*A52
350
3de
  3
*A53
350
3e0
  3
*A54
350
3e2
  3
*A55
350
3e5
  3
*A56
350
3e7
  3
*A57
350
3ea
  3
*A58
350
3ec
  3
*A59
350
3ef
  3
*A60
350
3f3
  3
*A61
350
3f5
  3
*A62
350
3f7
  3
*A63
350
3fb
  3
*A64
350
3fd
  3
*A65
350
3ff
  3
*A66
350
401
  3
*A67
350
403
  3
*A68
350
405
  3
*A69
350
407
  3
*A70
350
409
  3
*A71
350
40b
  3
*A72
350
411
  3
*A73
350
415
  3
*A74
350
417
  3
*A75
350
419
  3
*A76
350
41b
  3
*A77
350
41d
  3
*A78
350
41f
  3
*A79
350
422
  3
*A80
350
428
  3
*A81
350
42a
  3
*A82
350
42c
  3
*A83
350
42e
  3
*A84
350
433
  3
*A85
350
436
  3
*A86
350
439
  3
*A87
350
43c
  3
*A88
350
43f
  3
*A89
350
442
  3
*A90
350
445
  3
*A91
350
448
  3
*A92
350
44b
  3
*A93
350
450
  3
*A94
350
456
  3
*A95
350
459
  3
*A96
350
45f
  3
*A97
350
465
  3
*A98
350
46b
  3
*A99
350
471
  3
*A100
350
474
  3
*A101
350
47a
  3
*A102
350
480
  3
*A103
350
488
  3
*A104
350
48e
  3
*A105
350
494
  3
*A106
350
4a0
  3
*A107
350
4a2
  3
*A108
350
4a4
  3
*A109
350
4ac
  3
*A110
350
4b2
  3
*A111
350
4b4
  3
*A112
350
4b6
  3
*A113
350
4b8
  3
*A114
350
4ba
  3
*A115
350
4bc
  3
*A116
350
4be
  3
*A117
350
4c0
  3
*A118
350
4c2
  3
*A119
350
4c4
  3
*A120
350
4c6
  3
*A121
350
4c8
  3
*A122
350
4ca
  3
*A123
350
4cc
  3
*A124
350
4dc
  3
*A125
350
4de
  3
*A126
350
4e0
  3
*A127
350
4e2
  3
*A128
350
4e4
  3
*A129
350
4e6
  3
*A130
350
4e8
  3
*A131
350
4ea
  3
*A132
350
4ec
  3
*A133
350
4ee
  3
*A134
350
4f0
  3
*A135
350
4f2
  3
*A136
350
4f4
  3
*A137
350
4f6
  3
*A138
350
4f8
  3
*A139
350
4fa
  3
*A140
350
506
  3
*A141
350
508
  3
*A142
350
50a
  3
*A143
350
50c
  3
*A144
350
510
  3
*A145
350
51c
  3
*A146
350
51e
  3
*A147
350
520
  3
*A148
350
522
  3
*A149
350
524
  3
*A150
350
526
  3
*A151
350
52b
  3
*A152
350
52e
  3
*A153
350
531
  3
*A154
350
536
  3
*A155
350
539
  3
*A156
350
53c
  3
*A157
350
541
  3
*A158
350
544
  3
*A159
350
549
  3
*A160
350
54c
  3
*A161
350
54f
  3
*A162
350
552
  3
*A163
350
555
  3
*A164
350
558
  3
*A165
350
55b
  3
*A166
350
55e
  3
*A167
350
561
  3
*A168
350
564
  3
*A169
350
567
  3
*A170
350
56a
  3
*A171
350
56d
  3
*A172
350
570
  3
*A173
350
573
  3
*A174
350
576
  3
*A175
350
57a
  3
*A176
350
57d
  3
*A177
350
580
  3
*A178
350
583
  3
*A179
350
586
  3
*A180
350
589
  3
*A181
350
58c
  3
*A182
350
58f
  3
*A183
350
592
  3
*A184
350
594
  3
*A185
350
598
  3
*A186
350
59a
  3
*A187
350
59c
  3
*A188
350
59f
  3
*A189
350
5a5
  3
*A190
350
5aa
  3
*A191
350
5ad
  3
*A192
350
5b0
  3
*A193
350
5b2
  3
*A194
350
5b6
  3
*A195
350
5b8
  3
*A196
350
5ba
  3
*A197
350
5bc
  3
*A198
350
5c7
  3
*A199
350
5ca
  3
*A200
350
5cd
  3
*A201
350
5d0
  3
*A202
350
5d3
  3
*A203
350
5d5
  3
*A204
350
5d7
  3
*A205
350
5d9
  3
*A206
350
5db
  3
*A207
350
5dd
  3
*A208
350
5df
  3
*A209
350
5e1
  3
*A210
350
5e3
  3
*A211
350
5e5
  3
*A212
350
5e7
  3
*A213
350
5e9
  3
*A214
350
5eb
  3
*A215
350
5ed
  3
*A216
350
5f1
  3
*A217
350
5f3
  3
*A218
350
5f5
  3
*A219
350
5f7
  3
*A220
350
603
  3
*A221
350
605
  3
*A222
350
607
  3
*A223
350
611
  3
*A224
350
613
  3
*A225
350
615
999
- - - - - - - - -
  0
GROUP
  5
2b8
102
{ACAD_REACTORS
330
af6
102
}
100
AcDbGroup
300
TextFrame
 70
1
 71
1
340
2b2
340
2b4
340
2b5
340
2b6
340
2b7
  0
GROUP
  5
2cd
102
{ACAD_REACTORS
330
af6
102
}
100
AcDbGroup
300
TextFrame
 70
1
 71
1
340
2ca
340
2cc
  0
GROUP
  5
2d6
102
{ACAD_REACTORS
330
af6
102
}
100
AcDbGroup
300
TextFrame
 70
1
 71
1
340
2d4
340
2d5
  0
GROUP
  5
2da
102
{ACAD_REACTORS
330
af6
102
}
100
AcDbGroup
300
TextRelation
 70
1
 71
1
340
2d9
340
9dd
  0
GROUP
  5
2df
102
{ACAD_REACTORS
330
af6
102
}
100
AcDbGroup
300
TextFrame
 70
1
 71
1
340
2dd
340
2de
  0
GROUP
  5
2e6
102
{ACAD_REACTORS
330
af6
102
}
100
AcDbGroup
300
TextFrame
 70
1
 71
1
340
2e0
340
2e1
340
2e2
340
2e3
340
2e4
340
2e5
  0
GROUP
  5
2ef
102
{ACAD_REACTORS
330
af6
102
}
100
AcDbGroup
300
TextRelation
 70
1
 71
1
340
ff
340
2ee
  0
GROUP
  5
2f9
102
{ACAD_REACTORS
330
af6
102
}
100
AcDbGroup
300
TextFrame
 70
1
 71
1
340
2f4
340
2f5
340
2f6
340
2f7
340
2f8
  0
GROUP
  5
30c
102
{ACAD_REACTORS
330
af6
102
}
100
AcDbGroup
300
TextFrame
 70
1
 71
1
340
30a
340
30b
  0
GROUP
  5
30f
102
{ACAD_REACTORS
330
af6
102
}
100
AcDbGroup
300
TextFrame
 70
1
 71
1
340
30d
340
30e
  0
GROUP
  5
311
102
{ACAD_REACTORS
330
af6
102
}
100
AcDbGroup
300
TextRelation
 70
1
 71
1
340
29
340
310
  0
GROUP
  5
315
102
{ACAD_REACTORS
330
af6
102
}
100
AcDbGroup
300
TextRelation
 70
1
 71
1
340
26
340
314
  0
GROUP
  5
31d
102
{ACAD_REACTORS
330
af6
102
}
100
AcDbGroup
300
TextRelation
 70
1
 71
1
340
ca
340
31c
  0
GROUP
  5
31f
102
{ACAD_REACTORS
330
af6
102
}
100
AcDbGroup
300
TextRelation
 70
1
 71
1
340
cb
340
31e
  0
GROUP
  5
323
102
{ACAD_REACTORS
330
af6
102
}
100
AcDbGroup
300
TextRelation
 70
1
 71
1
340
cf
340
322
  0
GROUP
  5
325
102
{ACAD_REACTORS
330
af6
102
}
100
AcDbGroup
300
TextRelation
 70
1
 71
1
340
ce
340
324
  0
GROUP
  5
328
102
{ACAD_REACTORS
330
af6
102
}
100
AcDbGroup
300
TextFrame
 70
1
 71
1
340
326
340
327
  0
GROUP
  5
32b
102
{ACAD_REACTORS
330
af6
102
}
100
AcDbGroup
300
TextFrame
 70
1
 71
1
340
329
340
32a
  0
GROUP
  5
32e
102
{ACAD_REACTORS
330
af6
102
}
100
AcDbGroup
300
TextFrame
 70
1
 71
1
340
32c
340
32d
  0
GROUP
  5
331
102
{ACAD_REACTORS
330
af6
102
}
100
AcDbGroup
300
TextFrame
 70
1
 71
1
340
32f
340
330
  0
GROUP
  5
333
102
{ACAD_REACTORS
330
af6
102
}
100
AcDbGroup
300
TextRelation
 70
1
 71
1
340
d2
340
332
  0
GROUP
  5
33d
102
{ACAD_REACTORS
330
af6
102
}
100
AcDbGroup
300
TextFrame
 70
1
 71
1
340
338
340
339
340
33a
340
33b
340
33c
  0
GROUP
  5
348
102
{ACAD_REACTORS
330
af6
102
}
100
AcDbGroup
300
TextFrame
 70
1
 71
1
340
343
340
344
340
345
340
346
340
347
  0
GROUP
  5
34a
102
{ACAD_REACTORS
330
af6
102
}
100
AcDbGroup
300
TextRelation
 70
1
 71
1
340
cd
340
349
  0
GROUP
  5
353
102
{ACAD_REACTORS
330
af6
102
}
100
AcDbGroup
300
TextRelation
 70
1
 71
1
340
cc
340
352
  0
GROUP
  5
355
102
{ACAD_REACTORS
330
af6
102
}
100
AcDbGroup
300
TextRelation
 70
1
 71
1
340
c9
340
354
  0
GROUP
  5
35f
102
{ACAD_REACTORS
330
af6
102
}
100
AcDbGroup
300
TextRelation
 70
1
 71
1
340
c8
340
35e
  0
GROUP
  5
364
102
{ACAD_REACTORS
330
af6
102
}
100
AcDbGroup
300
TextRelation
 70
1
 71
1
340
362
340
363
  0
GROUP
  5
36b
102
{ACAD_REACTORS
330
af6
102
}
100
AcDbGroup
300
TextFrame
 70
1
 71
1
340
365
340
366
340
367
340
368
340
369
340
36a
  0
GROUP
  5
36e
102
{ACAD_REACTORS
330
af6
102
}
100
AcDbGroup
300
TextFrame
 70
1
 71
1
340
36c
340
36d
  0
GROUP
  5
374
102
{ACAD_REACTORS
330
af6
102
}
100
AcDbGroup
300
TextFrame
 70
1
 71
1
340
36f
340
370
340
371
340
372
340
373
  0
GROUP
  5
37a
102
{ACAD_REACTORS
330
af6
102
}
100
AcDbGroup
300
TextFrame
 70
1
 71
1
340
375
340
376
340
377
340
378
340
379
  0
GROUP
  5
380
102
{ACAD_REACTORS
330
af6
102
}
100
AcDbGroup
300
TextFrame
 70
1
 71
1
340
37b
340
37c
340
37d
340
37e
340
37f
  0
GROUP
  5
383
102
{ACAD_REACTORS
330
af6
102
}
100
AcDbGroup
300
TextFrame
 70
1
 71
1
340
381
340
382
  0
GROUP
  5
389
102
{ACAD_REACTORS
330
af6
102
}
100
AcDbGroup
300
TextFrame
 70
1
 71
1
340
384
340
385
340
386
340
387
340
388
  0
GROUP
  5
38f
102
{ACAD_REACTORS
330
af6
102
}
100
AcDbGroup
300
TextFrame
 70
1
 71
1
340
38a
340
38b
340
38c
340
38d
340
38e
  0
GROUP
  5
392
102
{ACAD_REACTORS
330
af6
102
}
100
AcDbGroup
300
TextFrame
 70
1
 71
1
340
390
340
391
  0
GROUP
  5
398
102
{ACAD_REACTORS
330
af6
102
}
100
AcDbGroup
300
TextFrame
 70
1
 71
1
340
393
340
394
340
395
340
396
340
397
  0
GROUP
  5
39f
102
{ACAD_REACTORS
330
af6
102
}
100
AcDbGroup
300
TextFrame
 70
1
 71
1
340
39d
340
39e
  0
GROUP
  5
3a5
102
{ACAD_REACTORS
330
af6
102
}
100
AcDbGroup
300
TextFrame
 70
1
 71
1
340
3a0
340
3a1
340
3a2
340
3a3
340
3a4
  0
GROUP
  5
3ab
102
{ACAD_REACTORS
330
af6
102
}
100
AcDbGroup
300
TextFrame
 70
1
 71
1
340
3a6
340
3a7
340
3a8
340
3a9
340
3aa
  0
GROUP
  5
3ae
102
{ACAD_REACTORS
330
af6
102
}
100
AcDbGroup
300
TextFrame
 70
1
 71
1
340
3ac
340
3ad
  0
GROUP
  5
3b1
102
{ACAD_REACTORS
330
af6
102
}
100
AcDbGroup
300
TextFrame
 70
1
 71
1
340
3af
340
3b0
  0
GROUP
  5
3bb
102
{ACAD_REACTORS
330
af6
102
}
100
AcDbGroup
300
TextFrame
 70
1
 71
1
340
3b6
340
3b7
340
3b8
340
3b9
340
3ba
  0
GROUP
  5
3c1
102
{ACAD_REACTORS
330
af6
102
}
100
AcDbGroup
300
TextFrame
 70
1
 71
1
340
3bc
340
3bd
340
3be
340
3bf
340
3c0
  0
GROUP
  5
3c4
102
{ACAD_REACTORS
330
af6
102
}
100
AcDbGroup
300
TextFrame
 70
1
 71
1
340
3c2
340
3c3
  0
GROUP
  5
3c7
102
{ACAD_REACTORS
330
af6
102
}
100
AcDbGroup
300
TextFrame
 70
1
 71
1
340
3c5
340
3c6
  0
GROUP
  5
3cd
102
{ACAD_REACTORS
330
af6
102
}
100
AcDbGroup
300
TextFrame
 70
1
 71
1
340
3c8
340
3c9
340
3ca
340
3cb
340
3cc
  0
GROUP
  5
3d3
102
{ACAD_REACTORS
330
af6
102
}
100
AcDbGroup
300
TextRelation
 70
1
 71
1
340
db
340
3d2
  0
GROUP
  5
3d5
102
{ACAD_REACTORS
330
af6
102
}
100
AcDbGroup
300
TextRelation
 70
1
 71
1
340
da
340
3d4
  0
GROUP
  5
3d7
102
{ACAD_REACTORS
330
af6
102
}
100
AcDbGroup
300
TextRelation
 70
1
 71
1
340
d5
340
3d6
  0
GROUP
  5
3da
102
{ACAD_REACTORS
330
af6
102
}
100
AcDbGroup
300
TextFrame
 70
1
 71
1
340
3d8
340
3d9
  0
GROUP
  5
3de
102
{ACAD_REACTORS
330
af6
102
}
100
AcDbGroup
300
TextRelation
 70
1
 71
1
340
de
340
3dd
  0
GROUP
  5
3e0
102
{ACAD_REACTORS
330
af6
102
}
100
AcDbGroup
300
TextRelation
 70
1
 71
1
340
df
340
3df
  0
GROUP
  5
3e2
102
{ACAD_REACTORS
330
af6
102
}
100
AcDbGroup
300
TextRelation
 70
1
 71
1
340
e0
340
3e1
  0
GROUP
  5
3e5
102
{ACAD_REACTORS
330
af6
102
}
100
AcDbGroup
300
TextRelation
 70
1
 71
1
340
e3
340
3e3
340
3e4
  0
GROUP
  5
3e7
102
{ACAD_REACTORS
330
af6
102
}
100
AcDbGroup
300
TextRelation
 70
1
 71
1
340
e1
340
3e6
  0
GROUP
  5
3ea
102
{ACAD_REACTORS
330
af6
102
}
100
AcDbGroup
300
TextRelation
 70
1
 71
1
340
e6
340
3e8
340
3e9
  0
GROUP
  5
3ec
102
{ACAD_REACTORS
330
af6
102
}
100
AcDbGroup
300
TextRelation
 70
1
 71
1
340
e9
340
3eb
  0
GROUP
  5
3ef
102
{ACAD_REACTORS
330
af6
102
}
100
AcDbGroup
300
TextRelation
 70
1
 71
1
340
3ed
340
3ee
  0
GROUP
  5
3f3
102
{ACAD_REACTORS
330
af6
102
}
100
AcDbGroup
300
TextRelation
 70
1
 71
1
340
ed
340
3f2
  0
GROUP
  5
3f5
102
{ACAD_REACTORS
330
af6
102
}
100
AcDbGroup
300
TextRelation
 70
1
 71
1
340
152
340
3f4
  0
GROUP
  5
3f7
102
{ACAD_REACTORS
330
af6
102
}
100
AcDbGroup
300
TextRelation
 70
1
 71
1
340
155
340
3f6
  0
GROUP
  5
3fb
102
{ACAD_REACTORS
330
af6
102
}
100
AcDbGroup
300
TextRelation
 70
1
 71
1
340
161
340
3fa
  0
GROUP
  5
3fd
102
{ACAD_REACTORS
330
af6
102
}
100
AcDbGroup
300
TextRelation
 70
1
 71
1
340
158
340
3fc
  0
GROUP
  5
3ff
102
{ACAD_REACTORS
330
af6
102
}
100
AcDbGroup
300
TextRelation
 70
1
 71
1
340
154
340
3fe
  0
GROUP
  5
401
102
{ACAD_REACTORS
330
af6
102
}
100
AcDbGroup
300
TextRelation
 70
1
 71
1
340
163
340
400
  0
GROUP
  5
403
102
{ACAD_REACTORS
330
af6
102
}
100
AcDbGroup
300
TextRelation
 70
1
 71
1
340
f4
340
402
  0
GROUP
  5
405
102
{ACAD_REACTORS
330
af6
102
}
100
AcDbGroup
300
TextRelation
 70
1
 71
1
340
ef
340
404
  0
GROUP
  5
407
102
{ACAD_REACTORS
330
af6
102
}
100
AcDbGroup
300
TextRelation
 70
1
 71
1
340
f5
340
406
  0
GROUP
  5
409
102
{ACAD_REACTORS
330
af6
102
}
100
AcDbGroup
300
TextRelation
 70
1
 71
1
340
f7
340
408
  0
GROUP
  5
40b
102
{ACAD_REACTORS
330
af6
102
}
100
AcDbGroup
300
TextRelation
 70
1
 71
1
340
110
340
40a
  0
GROUP
  5
411
102
{ACAD_REACTORS
330
af6
102
}
100
AcDbGroup
300
TextRelation
 70
1
 71
1
340
11d
340
410
  0
GROUP
  5
415
102
{ACAD_REACTORS
330
af6
102
}
100
AcDbGroup
300
TextRelation
 70
1
 71
1
340
127
340
414
  0
GROUP
  5
417
102
{ACAD_REACTORS
330
af6
102
}
100
AcDbGroup
300
TextRelation
 70
1
 71
1
340
14b
340
416
  0
GROUP
  5
419
102
{ACAD_REACTORS
330
af6
102
}
100
AcDbGroup
300
TextRelation
 70
1
 71
1
340
146
340
418
  0
GROUP
  5
41b
102
{ACAD_REACTORS
330
af6
102
}
100
AcDbGroup
300
TextRelation
 70
1
 71
1
340
150
340
41a
  0
GROUP
  5
41d
102
{ACAD_REACTORS
330
af6
102
}
100
AcDbGroup
300
TextRelation
 70
1
 71
1
340
143
340
41c
  0
GROUP
  5
41f
102
{ACAD_REACTORS
330
af6
102
}
100
AcDbGroup
300
TextRelation
 70
1
 71
1
340
41e
340
9d7
  0
GROUP
  5
422
102
{ACAD_REACTORS
330
af6
102
}
100
AcDbGroup
300
TextRelation
 70
1
 71
1
340
420
340
421
340
9d8
  0
GROUP
  5
428
102
{ACAD_REACTORS
330
af6
102
}
100
AcDbGroup
300
TextRelation
 70
1
 71
1
340
100
340
427
  0
GROUP
  5
42a
102
{ACAD_REACTORS
330
af6
102
}
100
AcDbGroup
300
TextRelation
 70
1
 71
1
340
d3
340
429
  0
GROUP
  5
42c
102
{ACAD_REACTORS
330
af6
102
}
100
AcDbGroup
300
TextRelation
 70
1
 71
1
340
168
340
42b
  0
GROUP
  5
42e
102
{ACAD_REACTORS
330
af6
102
}
100
AcDbGroup
300
TextRelation
 70
1
 71
1
340
169
340
42d
  0
GROUP
  5
433
102
{ACAD_REACTORS
330
af6
102
}
100
AcDbGroup
300
TextFrame
 70
1
 71
1
340
431
340
432
  0
GROUP
  5
436
102
{ACAD_REACTORS
330
af6
102
}
100
AcDbGroup
300
TextFrame
 70
1
 71
1
340
434
340
435
  0
GROUP
  5
439
102
{ACAD_REACTORS
330
af6
102
}
100
AcDbGroup
300
TextFrame
 70
1
 71
1
340
437
340
438
  0
GROUP
  5
43c
102
{ACAD_REACTORS
330
af6
102
}
100
AcDbGroup
300
TextFrame
 70
1
 71
1
340
43a
340
43b
  0
GROUP
  5
43f
102
{ACAD_REACTORS
330
af6
102
}
100
AcDbGroup
300
TextFrame
 70
1
 71
1
340
43d
340
43e
  0
GROUP
  5
442
102
{ACAD_REACTORS
330
af6
102
}
100
AcDbGroup
300
TextFrame
 70
1
 71
1
340
440
340
441
  0
GROUP
  5
445
102
{ACAD_REACTORS
330
af6
102
}
100
AcDbGroup
300
TextFrame
 70
1
 71
1
340
443
340
444
  0
GROUP
  5
448
102
{ACAD_REACTORS
330
af6
102
}
100
AcDbGroup
300
TextFrame
 70
1
 71
1
340
446
340
447
  0
GROUP
  5
44b
102
{ACAD_REACTORS
330
af6
102
}
100
AcDbGroup
300
TextFrame
 70
1
 71
1
340
449
340
44a
  0
GROUP
  5
450
102
{ACAD_REACTORS
330
af6
102
}
100
AcDbGroup
300
TextFrame
 70
1
 71
1
340
44e
340
44f
  0
GROUP
  5
456
102
{ACAD_REACTORS
330
af6
102
}
100
AcDbGroup
300
TextFrame
 70
1
 71
1
340
451
340
452
340
453
340
454
340
455
  0
GROUP
  5
459
102
{ACAD_REACTORS
330
af6
102
}
100
AcDbGroup
300
TextFrame
 70
1
 71
1
340
457
340
458
  0
GROUP
  5
45f
102
{ACAD_REACTORS
330
af6
102
}
100
AcDbGroup
300
TextFrame
 70
1
 71
1
340
45a
340
45b
340
45c
340
45d
340
45e
  0
GROUP
  5
465
102
{ACAD_REACTORS
330
af6
102
}
100
AcDbGroup
300
TextFrame
 70
1
 71
1
340
460
340
461
340
462
340
463
340
464
  0
GROUP
  5
46b
102
{ACAD_REACTORS
330
af6
102
}
100
AcDbGroup
300
TextFrame
 70
1
 71
1
340
466
340
467
340
468
340
469
340
46a
  0
GROUP
  5
471
102
{ACAD_REACTORS
330
af6
102
}
100
AcDbGroup
300
TextFrame
 70
1
 71
1
340
46c
340
46d
340
46e
340
46f
340
470
  0
GROUP
  5
474
102
{ACAD_REACTORS
330
af6
102
}
100
AcDbGroup
300
TextFrame
 70
1
 71
1
340
472
340
473
  0
GROUP
  5
47a
102
{ACAD_REACTORS
330
af6
102
}
100
AcDbGroup
300
TextFrame
 70
1
 71
1
340
475
340
476
340
477
340
478
340
479
  0
GROUP
  5
480
102
{ACAD_REACTORS
330
af6
102
}
100
AcDbGroup
300
TextFrame
 70
1
 71
1
340
47b
340
47c
340
47d
340
47e
340
47f
  0
GROUP
  5
488
102
{ACAD_REACTORS
330
af6
102
}
100
AcDbGroup
300
TextFrame
 70
1
 71
1
340
483
340
484
340
485
340
486
340
487
  0
GROUP
  5
48e
102
{ACAD_REACTORS
330
af6
102
}
100
AcDbGroup
300
TextFrame
 70
1
 71
1
340
489
340
48a
340
48b
340
48c
340
48d
  0
GROUP
  5
494
102
{ACAD_REACTORS
330
af6
102
}
100
AcDbGroup
300
TextFrame
 70
1
 71
1
340
48f
340
490
340
491
340
492
340
493
  0
GROUP
  5
4a0
102
{ACAD_REACTORS
330
af6
102
}
100
AcDbGroup
300
TextFrame
 70
1
 71
1
340
49b
340
49c
340
49d
340
49e
340
49f
  0
GROUP
  5
4a2
102
{ACAD_REACTORS
330
af6
102
}
100
AcDbGroup
300
TextRelation
 70
1
 71
1
340
4a1
340
a89
  0
GROUP
  5
4a4
102
{ACAD_REACTORS
330
af6
102
}
100
AcDbGroup
300
TextRelation
 70
1
 71
1
340
4a3
340
a8a
  0
GROUP
  5
4ac
102
{ACAD_REACTORS
330
af6
102
}
100
AcDbGroup
300
TextRelation
 70
1
 71
1
340
4ab
340
a8c
  0
GROUP
  5
4b2
102
{ACAD_REACTORS
330
af6
102
}
100
AcDbGroup
300
TextRelation
 70
1
 71
1
340
4b1
340
a8d
  0
GROUP
  5
4b4
102
{ACAD_REACTORS
330
af6
102
}
100
AcDbGroup
300
TextRelation
 70
1
 71
1
340
4b3
340
a8e
  0
GROUP
  5
4b6
102
{ACAD_REACTORS
330
af6
102
}
100
AcDbGroup
300
TextRelation
 70
1
 71
1
340
4b5
340
a8f
  0
GROUP
  5
4b8
102
{ACAD_REACTORS
330
af6
102
}
100
AcDbGroup
300
TextRelation
 70
1
 71
1
340
4b7
340
a90
  0
GROUP
  5
4ba
102
{ACAD_REACTORS
330
af6
102
}
100
AcDbGroup
300
TextRelation
 70
1
 71
1
340
1cf
340
4b9
  0
GROUP
  5
4bc
102
{ACAD_REACTORS
330
af6
102
}
100
AcDbGroup
300
TextRelation
 70
1
 71
1
340
1ce
340
4bb
  0
GROUP
  5
4be
102
{ACAD_REACTORS
330
af6
102
}
100
AcDbGroup
300
TextRelation
 70
1
 71
1
340
1ed
340
4bd
  0
GROUP
  5
4c0
102
{ACAD_REACTORS
330
af6
102
}
100
AcDbGroup
300
TextRelation
 70
1
 71
1
340
1c8
340
4bf
  0
GROUP
  5
4c2
102
{ACAD_REACTORS
330
af6
102
}
100
AcDbGroup
300
TextRelation
 70
1
 71
1
340
1c9
340
4c1
  0
GROUP
  5
4c4
102
{ACAD_REACTORS
330
af6
102
}
100
AcDbGroup
300
TextRelation
 70
1
 71
1
340
1ca
340
4c3
  0
GROUP
  5
4c6
102
{ACAD_REACTORS
330
af6
102
}
100
AcDbGroup
300
TextRelation
 70
1
 71
1
340
1e3
340
4c5
  0
GROUP
  5
4c8
102
{ACAD_REACTORS
330
af6
102
}
100
AcDbGroup
300
TextRelation
 70
1
 71
1
340
12e
340
4c7
  0
GROUP
  5
4ca
102
{ACAD_REACTORS
330
af6
102
}
100
AcDbGroup
300
TextRelation
 70
1
 71
1
340
12f
340
4c9
  0
GROUP
  5
4cc
102
{ACAD_REACTORS
330
af6
102
}
100
AcDbGroup
300
TextRelation
 70
1
 71
1
340
130
340
4cb
  0
GROUP
  5
4dc
102
{ACAD_REACTORS
330
af6
102
}
100
AcDbGroup
300
TextRelation
 70
1
 71
1
340
13c
340
4db
  0
GROUP
  5
4de
102
{ACAD_REACTORS
330
af6
102
}
100
AcDbGroup
300
TextRelation
 70
1
 71
1
340
13d
340
4dd
  0
GROUP
  5
4e0
102
{ACAD_REACTORS
330
af6
102
}
100
AcDbGroup
300
TextRelation
 70
1
 71
1
340
12d
340
4df
  0
GROUP
  5
4e2
102
{ACAD_REACTORS
330
af6
102
}
100
AcDbGroup
300
TextRelation
 70
1
 71
1
340
13e
340
4e1
  0
GROUP
  5
4e4
102
{ACAD_REACTORS
330
af6
102
}
100
AcDbGroup
300
TextRelation
 70
1
 71
1
340
13f
340
4e3
  0
GROUP
  5
4e6
102
{ACAD_REACTORS
330
af6
102
}
100
AcDbGroup
300
TextRelation
 70
1
 71
1
340
228
340
4e5
  0
GROUP
  5
4e8
102
{ACAD_REACTORS
330
af6
102
}
100
AcDbGroup
300
TextRelation
 70
1
 71
1
340
227
340
4e7
  0
GROUP
  5
4ea
102
{ACAD_REACTORS
330
af6
102
}
100
AcDbGroup
300
TextRelation
 70
1
 71
1
340
21a
340
4e9
  0
GROUP
  5
4ec
102
{ACAD_REACTORS
330
af6
102
}
100
AcDbGroup
300
TextRelation
 70
1
 71
1
340
219
340
4eb
  0
GROUP
  5
4ee
102
{ACAD_REACTORS
330
af6
102
}
100
AcDbGroup
300
TextRelation
 70
1
 71
1
340
218
340
4ed
  0
GROUP
  5
4f0
102
{ACAD_REACTORS
330
af6
102
}
100
AcDbGroup
300
TextRelation
 70
1
 71
1
340
216
340
4ef
  0
GROUP
  5
4f2
102
{ACAD_REACTORS
330
af6
102
}
100
AcDbGroup
300
TextRelation
 70
1
 71
1
340
213
340
4f1
  0
GROUP
  5
4f4
102
{ACAD_REACTORS
330
af6
102
}
100
AcDbGroup
300
TextRelation
 70
1
 71
1
340
214
340
4f3
  0
GROUP
  5
4f6
102
{ACAD_REACTORS
330
af6
102
}
100
AcDbGroup
300
TextRelation
 70
1
 71
1
340
1ec
340
4f5
  0
GROUP
  5
4f8
102
{ACAD_REACTORS
330
af6
102
}
100
AcDbGroup
300
TextRelation
 70
1
 71
1
340
1eb
340
4f7
  0
GROUP
  5
4fa
102
{ACAD_REACTORS
330
af6
102
}
100
AcDbGroup
300
TextRelation
 70
1
 71
1
340
4f9
340
9a8
  0
GROUP
  5
506
102
{ACAD_REACTORS
330
af6
102
}
100
AcDbGroup
300
TextRelation
 70
1
 71
1
340
1e1
340
505
  0
GROUP
  5
508
102
{ACAD_REACTORS
330
af6
102
}
100
AcDbGroup
300
TextRelation
 70
1
 71
1
340
1e0
340
507
  0
GROUP
  5
50a
102
{ACAD_REACTORS
330
af6
102
}
100
AcDbGroup
300
TextRelation
 70
1
 71
1
340
1e2
340
509
  0
GROUP
  5
50c
102
{ACAD_REACTORS
330
af6
102
}
100
AcDbGroup
300
TextRelation
 70
1
 71
1
340
1d9
340
50b
  0
GROUP
  5
510
102
{ACAD_REACTORS
330
af6
102
}
100
AcDbGroup
300
TextRelation
 70
1
 71
1
340
1db
340
50f
  0
GROUP
  5
51c
102
{ACAD_REACTORS
330
af6
102
}
100
AcDbGroup
300
TextRelation
 70
1
 71
1
340
1ba
340
51b
  0
GROUP
  5
51e
102
{ACAD_REACTORS
330
af6
102
}
100
AcDbGroup
300
TextRelation
 70
1
 71
1
340
1bd
340
51d
  0
GROUP
  5
520
102
{ACAD_REACTORS
330
af6
102
}
100
AcDbGroup
300
TextRelation
 70
1
 71
1
340
1c2
340
51f
  0
GROUP
  5
522
102
{ACAD_REACTORS
330
af6
102
}
100
AcDbGroup
300
TextRelation
 70
1
 71
1
340
1be
340
521
  0
GROUP
  5
524
102
{ACAD_REACTORS
330
af6
102
}
100
AcDbGroup
300
TextRelation
 70
1
 71
1
340
1d1
340
523
  0
GROUP
  5
526
102
{ACAD_REACTORS
330
af6
102
}
100
AcDbGroup
300
TextRelation
 70
1
 71
1
340
1d3
340
525
  0
GROUP
  5
52b
102
{ACAD_REACTORS
330
af6
102
}
100
AcDbGroup
300
TextFrame
 70
1
 71
1
340
527
340
528
340
529
340
52a
  0
GROUP
  5
52e
102
{ACAD_REACTORS
330
af6
102
}
100
AcDbGroup
300
TextFrame
 70
1
 71
1
340
52c
340
52d
  0
GROUP
  5
531
102
{ACAD_REACTORS
330
af6
102
}
100
AcDbGroup
300
TextFrame
 70
1
 71
1
340
52f
340
530
  0
GROUP
  5
536
102
{ACAD_REACTORS
330
af6
102
}
100
AcDbGroup
300
TextFrame
 70
1
 71
1
340
532
340
533
340
534
340
535
  0
GROUP
  5
539
102
{ACAD_REACTORS
330
af6
102
}
100
AcDbGroup
300
TextFrame
 70
1
 71
1
340
537
340
538
  0
GROUP
  5
53c
102
{ACAD_REACTORS
330
af6
102
}
100
AcDbGroup
300
TextFrame
 70
1
 71
1
340
53a
340
53b
  0
GROUP
  5
541
102
{ACAD_REACTORS
330
af6
102
}
100
AcDbGroup
300
TextFrame
 70
1
 71
1
340
53d
340
53e
340
53f
340
540
  0
GROUP
  5
544
102
{ACAD_REACTORS
330
af6
102
}
100
AcDbGroup
300
TextFrame
 70
1
 71
1
340
542
340
543
  0
GROUP
  5
549
102
{ACAD_REACTORS
330
af6
102
}
100
AcDbGroup
300
TextFrame
 70
1
 71
1
340
545
340
546
340
547
340
548
  0
GROUP
  5
54c
102
{ACAD_REACTORS
330
af6
102
}
100
AcDbGroup
300
TextFrame
 70
1
 71
1
340
54a
340
54b
  0
GROUP
  5
54f
102
{ACAD_REACTORS
330
af6
102
}
100
AcDbGroup
300
TextFrame
 70
1
 71
1
340
54d
340
54e
  0
GROUP
  5
552
102
{ACAD_REACTORS
330
af6
102
}
100
AcDbGroup
300
TextFrame
 70
1
 71
1
340
550
340
551
  0
GROUP
  5
555
102
{ACAD_REACTORS
330
af6
102
}
100
AcDbGroup
300
TextFrame
 70
1
 71
1
340
553
340
554
  0
GROUP
  5
558
102
{ACAD_REACTORS
330
af6
102
}
100
AcDbGroup
300
TextFrame
 70
1
 71
1
340
556
340
557
  0
GROUP
  5
55b
102
{ACAD_REACTORS
330
af6
102
}
100
AcDbGroup
300
TextFrame
 70
1
 71
1
340
559
340
55a
  0
GROUP
  5
55e
102
{ACAD_REACTORS
330
af6
102
}
100
AcDbGroup
300
TextFrame
 70
1
 71
1
340
55c
340
55d
  0
GROUP
  5
561
102
{ACAD_REACTORS
330
af6
102
}
100
AcDbGroup
300
TextFrame
 70
1
 71
1
340
55f
340
560
  0
GROUP
  5
564
102
{ACAD_REACTORS
330
af6
102
}
100
AcDbGroup
300
TextFrame
 70
1
 71
1
340
562
340
563
  0
GROUP
  5
567
102
{ACAD_REACTORS
330
af6
102
}
100
AcDbGroup
300
TextFrame
 70
1
 71
1
340
565
340
566
  0
GROUP
  5
56a
102
{ACAD_REACTORS
330
af6
102
}
100
AcDbGroup
300
TextFrame
 70
1
 71
1
340
568
340
569
  0
GROUP
  5
56d
102
{ACAD_REACTORS
330
af6
102
}
100
AcDbGroup
300
TextFrame
 70
1
 71
1
340
56b
340
56c
  0
GROUP
  5
570
102
{ACAD_REACTORS
330
af6
102
}
100
AcDbGroup
300
TextFrame
 70
1
 71
1
340
56e
340
56f
  0
GROUP
  5
573
102
{ACAD_REACTORS
330
af6
102
}
100
AcDbGroup
300
TextFrame
 70
1
 71
1
340
571
340
572
  0
GROUP
  5
576
102
{ACAD_REACTORS
330
af6
102
}
100
AcDbGroup
300
TextFrame
 70
1
 71
1
340
574
340
575
  0
GROUP
  5
57a
102
{ACAD_REACTORS
330
af6
102
}
100
AcDbGroup
300
TextRelation
 70
1
 71
1
340
579
340
ab5
  0
GROUP
  5
57d
102
{ACAD_REACTORS
330
af6
102
}
100
AcDbGroup
300
TextFrame
 70
1
 71
1
340
57b
340
57c
  0
GROUP
  5
580
102
{ACAD_REACTORS
330
af6
102
}
100
AcDbGroup
300
TextFrame
 70
1
 71
1
340
57e
340
57f
  0
GROUP
  5
583
102
{ACAD_REACTORS
330
af6
102
}
100
AcDbGroup
300
TextFrame
 70
1
 71
1
340
581
340
582
  0
GROUP
  5
586
102
{ACAD_REACTORS
330
af6
102
}
100
AcDbGroup
300
TextFrame
 70
1
 71
1
340
584
340
585
  0
GROUP
  5
589
102
{ACAD_REACTORS
330
af6
102
}
100
AcDbGroup
300
TextFrame
 70
1
 71
1
340
587
340
588
  0
GROUP
  5
58c
102
{ACAD_REACTORS
330
af6
102
}
100
AcDbGroup
300
TextFrame
 70
1
 71
1
340
58a
340
58b
  0
GROUP
  5
58f
102
{ACAD_REACTORS
330
af6
102
}
100
AcDbGroup
300
TextFrame
 70
1
 71
1
340
58d
340
58e
  0
GROUP
  5
592
102
{ACAD_REACTORS
330
af6
102
}
100
AcDbGroup
300
TextFrame
 70
1
 71
1
340
590
340
591
  0
GROUP
  5
594
102
{ACAD_REACTORS
330
af6
102
}
100
AcDbGroup
300
TextRelation
 70
1
 71
1
340
226
340
593
  0
GROUP
  5
598
102
{ACAD_REACTORS
330
af6
102
}
100
AcDbGroup
300
TextRelation
 70
1
 71
1
340
206
340
597
  0
GROUP
  5
59a
102
{ACAD_REACTORS
330
af6
102
}
100
AcDbGroup
300
TextRelation
 70
1
 71
1
340
1f8
340
599
  0
GROUP
  5
59c
102
{ACAD_REACTORS
330
af6
102
}
100
AcDbGroup
300
TextRelation
 70
1
 71
1
340
203
340
59b
  0
GROUP
  5
59f
102
{ACAD_REACTORS
330
af6
102
}
100
AcDbGroup
300
TextFrame
 70
1
 71
1
340
59d
340
59e
  0
GROUP
  5
5a5
102
{ACAD_REACTORS
330
af6
102
}
100
AcDbGroup
300
TextFrame
 70
1
 71
1
340
5a0
340
5a1
340
5a2
340
5a3
340
5a4
  0
GROUP
  5
5aa
102
{ACAD_REACTORS
330
af6
102
}
100
AcDbGroup
300
TextFrame
 70
1
 71
1
340
5a8
340
5a9
  0
GROUP
  5
5ad
102
{ACAD_REACTORS
330
af6
102
}
100
AcDbGroup
300
TextFrame
 70
1
 71
1
340
5ab
340
5ac
  0
GROUP
  5
5b0
102
{ACAD_REACTORS
330
af6
102
}
100
AcDbGroup
300
TextFrame
 70
1
 71
1
340
5ae
340
5af
  0
GROUP
  5
5b2
102
{ACAD_REACTORS
330
af6
102
}
100
AcDbGroup
300
TextRelation
 70
1
 71
1
340
259
340
5b1
  0
GROUP
  5
5b6
102
{ACAD_REACTORS
330
af6
102
}
100
AcDbGroup
300
TextRelation
 70
1
 71
1
340
200
340
5b5
  0
GROUP
  5
5b8
102
{ACAD_REACTORS
330
af6
102
}
100
AcDbGroup
300
TextRelation
 70
1
 71
1
340
23a
340
5b7
  0
GROUP
  5
5ba
102
{ACAD_REACTORS
330
af6
102
}
100
AcDbGroup
300
TextRelation
 70
1
 71
1
340
23d
340
5b9
  0
GROUP
  5
5bc
102
{ACAD_REACTORS
330
af6
102
}
100
AcDbGroup
300
TextRelation
 70
1
 71
1
340
23f
340
5bb
  0
GROUP
  5
5c7
102
{ACAD_REACTORS
330
af6
102
}
100
AcDbGroup
300
TextFrame
 70
1
 71
1
340
5c3
340
5c4
340
5c5
340
5c6
  0
GROUP
  5
5ca
102
{ACAD_REACTORS
330
af6
102
}
100
AcDbGroup
300
TextFrame
 70
1
 71
1
340
5c8
340
5c9
  0
GROUP
  5
5cd
102
{ACAD_REACTORS
330
af6
102
}
100
AcDbGroup
300
TextFrame
 70
1
 71
1
340
5cb
340
5cc
  0
GROUP
  5
5d0
102
{ACAD_REACTORS
330
af6
102
}
100
AcDbGroup
300
TextFrame
 70
1
 71
1
340
5ce
340
5cf
  0
GROUP
  5
5d3
102
{ACAD_REACTORS
330
af6
102
}
100
AcDbGroup
300
TextFrame
 70
1
 71
1
340
5d1
340
5d2
  0
GROUP
  5
5d5
102
{ACAD_REACTORS
330
af6
102
}
100
AcDbGroup
300
TextRelation
 70
1
 71
1
340
24b
340
5d4
  0
GROUP
  5
5d7
102
{ACAD_REACTORS
330
af6
102
}
100
AcDbGroup
300
TextRelation
 70
1
 71
1
340
252
340
5d6
  0
GROUP
  5
5d9
102
{ACAD_REACTORS
330
af6
102
}
100
AcDbGroup
300
TextRelation
 70
1
 71
1
340
253
340
5d8
  0
GROUP
  5
5db
102
{ACAD_REACTORS
330
af6
102
}
100
AcDbGroup
300
TextRelation
 70
1
 71
1
340
254
340
5da
  0
GROUP
  5
5dd
102
{ACAD_REACTORS
330
af6
102
}
100
AcDbGroup
300
TextRelation
 70
1
 71
1
340
24d
340
5dc
  0
GROUP
  5
5df
102
{ACAD_REACTORS
330
af6
102
}
100
AcDbGroup
300
TextRelation
 70
1
 71
1
340
250
340
5de
  0
GROUP
  5
5e1
102
{ACAD_REACTORS
330
af6
102
}
100
AcDbGroup
300
TextRelation
 70
1
 71
1
340
251
340
5e0
  0
GROUP
  5
5e3
102
{ACAD_REACTORS
330
af6
102
}
100
AcDbGroup
300
TextRelation
 70
1
 71
1
340
24a
340
5e2
  0
GROUP
  5
5e5
102
{ACAD_REACTORS
330
af6
102
}
100
AcDbGroup
300
TextRelation
 70
1
 71
1
340
249
340
5e4
  0
GROUP
  5
5e7
102
{ACAD_REACTORS
330
af6
102
}
100
AcDbGroup
300
TextRelation
 70
1
 71
1
340
248
340
5e6
  0
GROUP
  5
5e9
102
{ACAD_REACTORS
330
af6
102
}
100
AcDbGroup
300
TextRelation
 70
1
 71
1
340
2e
340
5e8
  0
GROUP
  5
5eb
102
{ACAD_REACTORS
330
af6
102
}
100
AcDbGroup
300
TextRelation
 70
1
 71
1
340
2b
340
5ea
  0
GROUP
  5
5ed
102
{ACAD_REACTORS
330
af6
102
}
100
AcDbGroup
300
TextRelation
 70
1
 71
1
340
2a
340
5ec
  0
GROUP
  5
5f1
102
{ACAD_REACTORS
330
af6
102
}
100
AcDbGroup
300
TextRelation
 70
1
 71
1
340
24
340
5f0
  0
GROUP
  5
5f3
102
{ACAD_REACTORS
330
af6
102
}
100
AcDbGroup
300
TextRelation
 70
1
 71
1
340
27
340
5f2
  0
GROUP
  5
5f5
102
{ACAD_REACTORS
330
af6
102
}
100
AcDbGroup
300
TextRelation
 70
1
 71
1
340
28
340
5f4
  0
GROUP
  5
5f7
102
{ACAD_REACTORS
330
af6
102
}
100
AcDbGroup
300
TextRelation
 70
1
 71
1
340
256
340
5f6
  0
GROUP
  5
603
102
{ACAD_REACTORS
330
af6
102
}
100
AcDbGroup
300
TextFrame
 70
1
 71
1
340
5fe
340
5ff
340
600
340
601
340
602
  0
GROUP
  5
605
102
{ACAD_REACTORS
330
af6
102
}
100
AcDbGroup
300
TextRelation
 70
1
 71
1
340
27a
340
604
  0
GROUP
  5
607
102
{ACAD_REACTORS
330
af6
102
}
100
AcDbGroup
300
TextRelation
 70
1
 71
1
340
279
340
606
  0
GROUP
  5
611
102
{ACAD_REACTORS
330
af6
102
}
100
AcDbGroup
300
TextRelation
 70
1
 71
1
340
267
340
610
  0
GROUP
  5
613
102
{ACAD_REACTORS
330
af6
102
}
100
AcDbGroup
300
TextRelation
 70
1
 71
1
340
265
340
612
  0
GROUP
  5
615
102
{ACAD_REACTORS
330
af6
102
}
100
AcDbGroup
300
TextRelation
 70
1
 71
1
340
264
340
614
999
- - - - - -
  0
DICTIONARY
  5
af7
102
{ACAD_REACTORS
330
af5
102
}
100
AcDbDictionary
  3
STANDARD
350
f
999
- - - - - - - - -
  0
MLINESTYLE
  5
f
102
{ACAD_REACTORS
330
af7
102
}
100
AcDbMlineStyle
  2
STANDARD
 70
0
  3

 51
90.000000
 52
90.000000
 71
2
 49
0.500000
 62
0
  6
CONTINUOUS
 49
-0.500000
 62
0
  6
CONTINUOUS
999
- - - - - -
  0
DICTIONARY
  5
af8
102
{ACAD_REACTORS
330
af5
102
}
100
AcDbDictionary
999
- - - - - - - - -
  0
ENDSEC
999
========================
  0
SECTION
  2
THUMBNAILIMAGE
  0
ENDSEC
  0
EOF
